Maximum,192.7,@,No.930,,,,,,
Minimum,-0.2,@,No.1,,,,,,
Average,53.21,,,,,,,,
Data Quantity,1927,,,,,,,,
Number of NG,0,,,,,,,,
No.,Force,Unit,Displacement,Unit,Judge,Position,Time,Date,
1,-0.2,gf,0.000,mm,OK,--,6:46:07 PM,1/26/2026,
2,-0.1,gf,0.000,mm,OK,--,6:46:07 PM,1/26/2026,
3,0.4,gf,0.000,mm,OK,--,6:46:07 PM,1/26/2026,
4,0.2,gf,0.005,mm,OK,--,6:46:07 PM,1/26/2026,
5,0.1,gf,0.005,mm,OK,--,6:46:08 PM,1/26/2026,
6,0.2,gf,0.005,mm,OK,--,6:46:08 PM,1/26/2026,
7,0.1,gf,0.010,mm,OK,--,6:46:08 PM,1/26/2026,
8,0.0,gf,0.010,mm,OK,--,6:46:08 PM,1/26/2026,
9,-0.1,gf,0.015,mm,OK,--,6:46:08 PM,1/26/2026,
10,-0.1,gf,0.015,mm,OK,--,6:46:08 PM,1/26/2026,
11,0.1,gf,0.020,mm,OK,--,6:46:08 PM,1/26/2026,
12,0.1,gf,0.020,mm,OK,--,6:46:08 PM,1/26/2026,
13,-0.1,gf,0.025,mm,OK,--,6:46:08 PM,1/26/2026,
14,0.0,gf,0.025,mm,OK,--,6:46:08 PM,1/26/2026,
15,0.1,gf,0.025,mm,OK,--,6:46:09 PM,1/26/2026,
16,0.0,gf,0.030,mm,OK,--,6:46:09 PM,1/26/2026,
17,0.0,gf,0.030,mm,OK,--,6:46:09 PM,1/26/2026,
18,0.1,gf,0.035,mm,OK,--,6:46:09 PM,1/26/2026,
19,0.0,gf,0.035,mm,OK,--,6:46:09 PM,1/26/2026,
20,-0.1,gf,0.035,mm,OK,--,6:46:09 PM,1/26/2026,
21,-0.1,gf,0.035,mm,OK,--,6:46:09 PM,1/26/2026,
22,0.2,gf,0.040,mm,OK,--,6:46:09 PM,1/26/2026,
23,0.0,gf,0.040,mm,OK,--,6:46:09 PM,1/26/2026,
24,-0.1,gf,0.045,mm,OK,--,6:46:09 PM,1/26/2026,
25,0.0,gf,0.045,mm,OK,--,6:46:10 PM,1/26/2026,
26,0.0,gf,0.050,mm,OK,--,6:46:10 PM,1/26/2026,
27,-0.1,gf,0.050,mm,OK,--,6:46:10 PM,1/26/2026,
28,-0.1,gf,0.050,mm,OK,--,6:46:10 PM,1/26/2026,
29,0.0,gf,0.050,mm,OK,--,6:46:10 PM,1/26/2026,
30,0.0,gf,0.055,mm,OK,--,6:46:10 PM,1/26/2026,
31,-0.1,gf,0.055,mm,OK,--,6:46:10 PM,1/26/2026,
32,-0.1,gf,0.060,mm,OK,--,6:46:10 PM,1/26/2026,
33,0.1,gf,0.060,mm,OK,--,6:46:10 PM,1/26/2026,
34,0.0,gf,0.065,mm,OK,--,6:46:10 PM,1/26/2026,
35,0.0,gf,0.070,mm,OK,--,6:46:11 PM,1/26/2026,
36,-0.1,gf,0.070,mm,OK,--,6:46:11 PM,1/26/2026,
37,0.1,gf,0.075,mm,OK,--,6:46:11 PM,1/26/2026,
38,0.0,gf,0.080,mm,OK,--,6:46:11 PM,1/26/2026,
39,3.6,gf,0.085,mm,OK,--,6:46:11 PM,1/26/2026,
40,6.9,gf,0.090,mm,OK,--,6:46:11 PM,1/26/2026,
41,10.7,gf,0.095,mm,OK,--,6:46:11 PM,1/26/2026,
42,12.9,gf,0.095,mm,OK,--,6:46:11 PM,1/26/2026,
43,14.0,gf,0.100,mm,OK,--,6:46:11 PM,1/26/2026,
44,15.6,gf,0.100,mm,OK,--,6:46:11 PM,1/26/2026,
45,18.4,gf,0.105,mm,OK,--,6:46:12 PM,1/26/2026,
46,22.1,gf,0.110,mm,OK,--,6:46:12 PM,1/26/2026,
47,25.8,gf,0.110,mm,OK,--,6:46:12 PM,1/26/2026,
48,28.1,gf,0.115,mm,OK,--,6:46:12 PM,1/26/2026,
49,29.3,gf,0.120,mm,OK,--,6:46:12 PM,1/26/2026,
50,31.1,gf,0.125,mm,OK,--,6:46:12 PM,1/26/2026,
51,33.0,gf,0.125,mm,OK,--,6:46:12 PM,1/26/2026,
52,34.5,gf,0.130,mm,OK,--,6:46:12 PM,1/26/2026,
53,35.8,gf,0.130,mm,OK,--,6:46:12 PM,1/26/2026,
54,36.5,gf,0.130,mm,OK,--,6:46:12 PM,1/26/2026,
55,37.0,gf,0.135,mm,OK,--,6:46:13 PM,1/26/2026,
56,37.1,gf,0.140,mm,OK,--,6:46:13 PM,1/26/2026,
57,36.9,gf,0.140,mm,OK,--,6:46:13 PM,1/26/2026,
58,36.9,gf,0.145,mm,OK,--,6:46:13 PM,1/26/2026,
59,36.9,gf,0.150,mm,OK,--,6:46:13 PM,1/26/2026,
60,36.8,gf,0.155,mm,OK,--,6:46:13 PM,1/26/2026,
61,36.9,gf,0.160,mm,OK,--,6:46:13 PM,1/26/2026,
62,36.9,gf,0.165,mm,OK,--,6:46:13 PM,1/26/2026,
63,36.8,gf,0.165,mm,OK,--,6:46:13 PM,1/26/2026,
64,37.0,gf,0.170,mm,OK,--,6:46:13 PM,1/26/2026,
65,37.0,gf,0.180,mm,OK,--,6:46:14 PM,1/26/2026,
66,36.8,gf,0.185,mm,OK,--,6:46:14 PM,1/26/2026,
67,36.8,gf,0.190,mm,OK,--,6:46:14 PM,1/26/2026,
68,36.6,gf,0.195,mm,OK,--,6:46:14 PM,1/26/2026,
69,36.6,gf,0.195,mm,OK,--,6:46:14 PM,1/26/2026,
70,36.6,gf,0.200,mm,OK,--,6:46:14 PM,1/26/2026,
71,36.5,gf,0.205,mm,OK,--,6:46:14 PM,1/26/2026,
72,36.5,gf,0.205,mm,OK,--,6:46:14 PM,1/26/2026,
73,36.5,gf,0.210,mm,OK,--,6:46:14 PM,1/26/2026,
74,36.5,gf,0.210,mm,OK,--,6:46:14 PM,1/26/2026,
75,36.4,gf,0.215,mm,OK,--,6:46:15 PM,1/26/2026,
76,36.4,gf,0.220,mm,OK,--,6:46:15 PM,1/26/2026,
77,36.4,gf,0.225,mm,OK,--,6:46:15 PM,1/26/2026,
78,36.4,gf,0.225,mm,OK,--,6:46:15 PM,1/26/2026,
79,36.4,gf,0.230,mm,OK,--,6:46:15 PM,1/26/2026,
80,36.5,gf,0.235,mm,OK,--,6:46:15 PM,1/26/2026,
81,36.5,gf,0.240,mm,OK,--,6:46:15 PM,1/26/2026,
82,36.6,gf,0.250,mm,OK,--,6:46:15 PM,1/26/2026,
83,36.6,gf,0.255,mm,OK,--,6:46:15 PM,1/26/2026,
84,36.5,gf,0.260,mm,OK,--,6:46:15 PM,1/26/2026,
85,36.6,gf,0.265,mm,OK,--,6:46:16 PM,1/26/2026,
86,36.7,gf,0.275,mm,OK,--,6:46:16 PM,1/26/2026,
87,36.7,gf,0.280,mm,OK,--,6:46:16 PM,1/26/2026,
88,36.7,gf,0.290,mm,OK,--,6:46:16 PM,1/26/2026,
89,36.6,gf,0.295,mm,OK,--,6:46:16 PM,1/26/2026,
90,36.8,gf,0.305,mm,OK,--,6:46:16 PM,1/26/2026,
91,36.7,gf,0.315,mm,OK,--,6:46:16 PM,1/26/2026,
92,36.8,gf,0.325,mm,OK,--,6:46:16 PM,1/26/2026,
93,36.7,gf,0.330,mm,OK,--,6:46:16 PM,1/26/2026,
94,36.8,gf,0.340,mm,OK,--,6:46:16 PM,1/26/2026,
95,36.8,gf,0.345,mm,OK,--,6:46:17 PM,1/26/2026,
96,36.8,gf,0.355,mm,OK,--,6:46:17 PM,1/26/2026,
97,36.8,gf,0.360,mm,OK,--,6:46:17 PM,1/26/2026,
98,36.7,gf,0.365,mm,OK,--,6:46:17 PM,1/26/2026,
99,36.8,gf,0.365,mm,OK,--,6:46:17 PM,1/26/2026,
100,36.9,gf,0.370,mm,OK,--,6:46:17 PM,1/26/2026,
101,37.0,gf,0.370,mm,OK,--,6:46:17 PM,1/26/2026,
102,37.0,gf,0.375,mm,OK,--,6:46:17 PM,1/26/2026,
103,36.9,gf,0.380,mm,OK,--,6:46:17 PM,1/26/2026,
104,36.9,gf,0.380,mm,OK,--,6:46:17 PM,1/26/2026,
105,37.0,gf,0.385,mm,OK,--,6:46:18 PM,1/26/2026,
106,37.1,gf,0.385,mm,OK,--,6:46:18 PM,1/26/2026,
107,36.9,gf,0.390,mm,OK,--,6:46:18 PM,1/26/2026,
108,36.8,gf,0.390,mm,OK,--,6:46:18 PM,1/26/2026,
109,36.8,gf,0.390,mm,OK,--,6:46:18 PM,1/26/2026,
110,36.8,gf,0.390,mm,OK,--,6:46:18 PM,1/26/2026,
111,36.9,gf,0.390,mm,OK,--,6:46:18 PM,1/26/2026,
112,37.1,gf,0.395,mm,OK,--,6:46:18 PM,1/26/2026,
113,37.1,gf,0.395,mm,OK,--,6:46:18 PM,1/26/2026,
114,37.1,gf,0.400,mm,OK,--,6:46:18 PM,1/26/2026,
115,37.1,gf,0.400,mm,OK,--,6:46:19 PM,1/26/2026,
116,37.1,gf,0.400,mm,OK,--,6:46:19 PM,1/26/2026,
117,37.1,gf,0.405,mm,OK,--,6:46:19 PM,1/26/2026,
118,37.1,gf,0.405,mm,OK,--,6:46:19 PM,1/26/2026,
119,37.0,gf,0.410,mm,OK,--,6:46:19 PM,1/26/2026,
120,37.1,gf,0.410,mm,OK,--,6:46:19 PM,1/26/2026,
121,37.1,gf,0.415,mm,OK,--,6:46:19 PM,1/26/2026,
122,37.1,gf,0.415,mm,OK,--,6:46:19 PM,1/26/2026,
123,37.1,gf,0.420,mm,OK,--,6:46:19 PM,1/26/2026,
124,37.1,gf,0.420,mm,OK,--,6:46:19 PM,1/26/2026,
125,37.2,gf,0.425,mm,OK,--,6:46:20 PM,1/26/2026,
126,37.2,gf,0.430,mm,OK,--,6:46:20 PM,1/26/2026,
127,37.2,gf,0.435,mm,OK,--,6:46:20 PM,1/26/2026,
128,37.3,gf,0.440,mm,OK,--,6:46:20 PM,1/26/2026,
129,37.2,gf,0.445,mm,OK,--,6:46:20 PM,1/26/2026,
130,37.3,gf,0.450,mm,OK,--,6:46:20 PM,1/26/2026,
131,37.2,gf,0.455,mm,OK,--,6:46:20 PM,1/26/2026,
132,37.3,gf,0.455,mm,OK,--,6:46:20 PM,1/26/2026,
133,37.3,gf,0.460,mm,OK,--,6:46:20 PM,1/26/2026,
134,37.3,gf,0.460,mm,OK,--,6:46:20 PM,1/26/2026,
135,37.2,gf,0.465,mm,OK,--,6:46:21 PM,1/26/2026,
136,37.4,gf,0.465,mm,OK,--,6:46:21 PM,1/26/2026,
137,37.5,gf,0.465,mm,OK,--,6:46:21 PM,1/26/2026,
138,37.5,gf,0.470,mm,OK,--,6:46:21 PM,1/26/2026,
139,37.5,gf,0.470,mm,OK,--,6:46:21 PM,1/26/2026,
140,37.6,gf,0.475,mm,OK,--,6:46:21 PM,1/26/2026,
141,37.5,gf,0.475,mm,OK,--,6:46:21 PM,1/26/2026,
142,37.7,gf,0.475,mm,OK,--,6:46:21 PM,1/26/2026,
143,37.6,gf,0.480,mm,OK,--,6:46:21 PM,1/26/2026,
144,37.7,gf,0.480,mm,OK,--,6:46:21 PM,1/26/2026,
145,37.5,gf,0.485,mm,OK,--,6:46:22 PM,1/26/2026,
146,37.7,gf,0.485,mm,OK,--,6:46:22 PM,1/26/2026,
147,37.7,gf,0.490,mm,OK,--,6:46:22 PM,1/26/2026,
148,37.6,gf,0.490,mm,OK,--,6:46:22 PM,1/26/2026,
149,37.6,gf,0.490,mm,OK,--,6:46:22 PM,1/26/2026,
150,37.7,gf,0.495,mm,OK,--,6:46:22 PM,1/26/2026,
151,37.7,gf,0.495,mm,OK,--,6:46:22 PM,1/26/2026,
152,37.6,gf,0.500,mm,OK,--,6:46:22 PM,1/26/2026,
153,37.6,gf,0.500,mm,OK,--,6:46:22 PM,1/26/2026,
154,37.6,gf,0.505,mm,OK,--,6:46:22 PM,1/26/2026,
155,37.7,gf,0.505,mm,OK,--,6:46:23 PM,1/26/2026,
156,37.7,gf,0.510,mm,OK,--,6:46:23 PM,1/26/2026,
157,37.6,gf,0.515,mm,OK,--,6:46:23 PM,1/26/2026,
158,37.6,gf,0.515,mm,OK,--,6:46:23 PM,1/26/2026,
159,37.6,gf,0.515,mm,OK,--,6:46:23 PM,1/26/2026,
160,37.8,gf,0.520,mm,OK,--,6:46:23 PM,1/26/2026,
161,37.8,gf,0.520,mm,OK,--,6:46:23 PM,1/26/2026,
162,37.8,gf,0.525,mm,OK,--,6:46:23 PM,1/26/2026,
163,37.8,gf,0.530,mm,OK,--,6:46:23 PM,1/26/2026,
164,37.9,gf,0.530,mm,OK,--,6:46:23 PM,1/26/2026,
165,37.9,gf,0.535,mm,OK,--,6:46:24 PM,1/26/2026,
166,37.9,gf,0.540,mm,OK,--,6:46:24 PM,1/26/2026,
167,37.9,gf,0.540,mm,OK,--,6:46:24 PM,1/26/2026,
168,38.0,gf,0.545,mm,OK,--,6:46:24 PM,1/26/2026,
169,38.0,gf,0.550,mm,OK,--,6:46:24 PM,1/26/2026,
170,38.0,gf,0.555,mm,OK,--,6:46:24 PM,1/26/2026,
171,38.0,gf,0.560,mm,OK,--,6:46:24 PM,1/26/2026,
172,37.9,gf,0.565,mm,OK,--,6:46:24 PM,1/26/2026,
173,38.0,gf,0.570,mm,OK,--,6:46:24 PM,1/26/2026,
174,38.0,gf,0.570,mm,OK,--,6:46:24 PM,1/26/2026,
175,38.2,gf,0.580,mm,OK,--,6:46:25 PM,1/26/2026,
176,38.2,gf,0.585,mm,OK,--,6:46:25 PM,1/26/2026,
177,38.2,gf,0.595,mm,OK,--,6:46:25 PM,1/26/2026,
178,38.2,gf,0.600,mm,OK,--,6:46:25 PM,1/26/2026,
179,38.3,gf,0.605,mm,OK,--,6:46:25 PM,1/26/2026,
180,38.2,gf,0.610,mm,OK,--,6:46:25 PM,1/26/2026,
181,38.3,gf,0.610,mm,OK,--,6:46:25 PM,1/26/2026,
182,38.4,gf,0.615,mm,OK,--,6:46:25 PM,1/26/2026,
183,38.4,gf,0.620,mm,OK,--,6:46:25 PM,1/26/2026,
184,38.5,gf,0.625,mm,OK,--,6:46:25 PM,1/26/2026,
185,38.5,gf,0.630,mm,OK,--,6:46:26 PM,1/26/2026,
186,38.5,gf,0.635,mm,OK,--,6:46:26 PM,1/26/2026,
187,38.5,gf,0.640,mm,OK,--,6:46:26 PM,1/26/2026,
188,38.6,gf,0.640,mm,OK,--,6:46:26 PM,1/26/2026,
189,38.7,gf,0.645,mm,OK,--,6:46:26 PM,1/26/2026,
190,38.7,gf,0.650,mm,OK,--,6:46:26 PM,1/26/2026,
191,38.6,gf,0.650,mm,OK,--,6:46:26 PM,1/26/2026,
192,38.6,gf,0.655,mm,OK,--,6:46:26 PM,1/26/2026,
193,38.7,gf,0.660,mm,OK,--,6:46:26 PM,1/26/2026,
194,38.6,gf,0.660,mm,OK,--,6:46:26 PM,1/26/2026,
195,38.6,gf,0.660,mm,OK,--,6:46:27 PM,1/26/2026,
196,38.7,gf,0.665,mm,OK,--,6:46:27 PM,1/26/2026,
197,38.7,gf,0.665,mm,OK,--,6:46:27 PM,1/26/2026,
198,38.8,gf,0.665,mm,OK,--,6:46:27 PM,1/26/2026,
199,39.0,gf,0.670,mm,OK,--,6:46:27 PM,1/26/2026,
200,39.0,gf,0.680,mm,OK,--,6:46:27 PM,1/26/2026,
201,38.9,gf,0.685,mm,OK,--,6:46:27 PM,1/26/2026,
202,38.9,gf,0.695,mm,OK,--,6:46:27 PM,1/26/2026,
203,38.9,gf,0.700,mm,OK,--,6:46:27 PM,1/26/2026,
204,39.0,gf,0.705,mm,OK,--,6:46:27 PM,1/26/2026,
205,39.0,gf,0.710,mm,OK,--,6:46:28 PM,1/26/2026,
206,39.0,gf,0.715,mm,OK,--,6:46:28 PM,1/26/2026,
207,39.1,gf,0.720,mm,OK,--,6:46:28 PM,1/26/2026,
208,39.2,gf,0.725,mm,OK,--,6:46:28 PM,1/26/2026,
209,39.2,gf,0.730,mm,OK,--,6:46:28 PM,1/26/2026,
210,39.3,gf,0.735,mm,OK,--,6:46:28 PM,1/26/2026,
211,39.3,gf,0.740,mm,OK,--,6:46:28 PM,1/26/2026,
212,39.4,gf,0.740,mm,OK,--,6:46:28 PM,1/26/2026,
213,39.5,gf,0.750,mm,OK,--,6:46:28 PM,1/26/2026,
214,39.5,gf,0.755,mm,OK,--,6:46:28 PM,1/26/2026,
215,39.5,gf,0.760,mm,OK,--,6:46:29 PM,1/26/2026,
216,39.5,gf,0.770,mm,OK,--,6:46:29 PM,1/26/2026,
217,39.4,gf,0.775,mm,OK,--,6:46:29 PM,1/26/2026,
218,39.5,gf,0.785,mm,OK,--,6:46:29 PM,1/26/2026,
219,39.6,gf,0.790,mm,OK,--,6:46:29 PM,1/26/2026,
220,39.6,gf,0.795,mm,OK,--,6:46:29 PM,1/26/2026,
221,39.6,gf,0.795,mm,OK,--,6:46:29 PM,1/26/2026,
222,39.6,gf,0.800,mm,OK,--,6:46:29 PM,1/26/2026,
223,39.7,gf,0.800,mm,OK,--,6:46:29 PM,1/26/2026,
224,39.8,gf,0.805,mm,OK,--,6:46:29 PM,1/26/2026,
225,39.8,gf,0.810,mm,OK,--,6:46:30 PM,1/26/2026,
226,39.8,gf,0.810,mm,OK,--,6:46:30 PM,1/26/2026,
227,39.8,gf,0.815,mm,OK,--,6:46:30 PM,1/26/2026,
228,39.9,gf,0.820,mm,OK,--,6:46:30 PM,1/26/2026,
229,39.9,gf,0.820,mm,OK,--,6:46:30 PM,1/26/2026,
230,39.9,gf,0.830,mm,OK,--,6:46:30 PM,1/26/2026,
231,40.0,gf,0.835,mm,OK,--,6:46:30 PM,1/26/2026,
232,40.0,gf,0.840,mm,OK,--,6:46:30 PM,1/26/2026,
233,40.1,gf,0.845,mm,OK,--,6:46:30 PM,1/26/2026,
234,40.0,gf,0.855,mm,OK,--,6:46:30 PM,1/26/2026,
235,40.1,gf,0.860,mm,OK,--,6:46:31 PM,1/26/2026,
236,40.1,gf,0.870,mm,OK,--,6:46:31 PM,1/26/2026,
237,40.2,gf,0.880,mm,OK,--,6:46:31 PM,1/26/2026,
238,40.1,gf,0.895,mm,OK,--,6:46:31 PM,1/26/2026,
239,40.2,gf,0.905,mm,OK,--,6:46:31 PM,1/26/2026,
240,40.3,gf,0.915,mm,OK,--,6:46:31 PM,1/26/2026,
241,40.4,gf,0.925,mm,OK,--,6:46:31 PM,1/26/2026,
242,40.6,gf,0.935,mm,OK,--,6:46:31 PM,1/26/2026,
243,40.7,gf,0.945,mm,OK,--,6:46:31 PM,1/26/2026,
244,40.5,gf,0.950,mm,OK,--,6:46:31 PM,1/26/2026,
245,40.6,gf,0.955,mm,OK,--,6:46:32 PM,1/26/2026,
246,40.6,gf,0.965,mm,OK,--,6:46:32 PM,1/26/2026,
247,40.7,gf,0.970,mm,OK,--,6:46:32 PM,1/26/2026,
248,40.7,gf,0.980,mm,OK,--,6:46:32 PM,1/26/2026,
249,40.6,gf,0.990,mm,OK,--,6:46:32 PM,1/26/2026,
250,40.7,gf,0.995,mm,OK,--,6:46:32 PM,1/26/2026,
251,40.7,gf,0.995,mm,OK,--,6:46:32 PM,1/26/2026,
252,40.8,gf,1.000,mm,OK,--,6:46:32 PM,1/26/2026,
253,40.8,gf,1.005,mm,OK,--,6:46:32 PM,1/26/2026,
254,40.8,gf,1.010,mm,OK,--,6:46:32 PM,1/26/2026,
255,40.9,gf,1.020,mm,OK,--,6:46:33 PM,1/26/2026,
256,40.9,gf,1.030,mm,OK,--,6:46:33 PM,1/26/2026,
257,40.8,gf,1.035,mm,OK,--,6:46:33 PM,1/26/2026,
258,40.9,gf,1.040,mm,OK,--,6:46:33 PM,1/26/2026,
259,41.0,gf,1.040,mm,OK,--,6:46:33 PM,1/26/2026,
260,41.0,gf,1.045,mm,OK,--,6:46:33 PM,1/26/2026,
261,41.0,gf,1.050,mm,OK,--,6:46:33 PM,1/26/2026,
262,41.1,gf,1.050,mm,OK,--,6:46:33 PM,1/26/2026,
263,41.3,gf,1.055,mm,OK,--,6:46:33 PM,1/26/2026,
264,41.2,gf,1.055,mm,OK,--,6:46:33 PM,1/26/2026,
265,41.1,gf,1.055,mm,OK,--,6:46:34 PM,1/26/2026,
266,41.2,gf,1.060,mm,OK,--,6:46:34 PM,1/26/2026,
267,41.2,gf,1.065,mm,OK,--,6:46:34 PM,1/26/2026,
268,41.2,gf,1.065,mm,OK,--,6:46:34 PM,1/26/2026,
269,41.1,gf,1.070,mm,OK,--,6:46:34 PM,1/26/2026,
270,41.2,gf,1.075,mm,OK,--,6:46:34 PM,1/26/2026,
271,41.5,gf,1.085,mm,OK,--,6:46:34 PM,1/26/2026,
272,41.6,gf,1.090,mm,OK,--,6:46:34 PM,1/26/2026,
273,41.6,gf,1.100,mm,OK,--,6:46:34 PM,1/26/2026,
274,41.5,gf,1.100,mm,OK,--,6:46:34 PM,1/26/2026,
275,41.5,gf,1.110,mm,OK,--,6:46:35 PM,1/26/2026,
276,41.5,gf,1.115,mm,OK,--,6:46:35 PM,1/26/2026,
277,41.6,gf,1.115,mm,OK,--,6:46:35 PM,1/26/2026,
278,41.7,gf,1.125,mm,OK,--,6:46:35 PM,1/26/2026,
279,41.7,gf,1.130,mm,OK,--,6:46:35 PM,1/26/2026,
280,41.8,gf,1.140,mm,OK,--,6:46:35 PM,1/26/2026,
281,41.8,gf,1.145,mm,OK,--,6:46:35 PM,1/26/2026,
282,41.7,gf,1.150,mm,OK,--,6:46:35 PM,1/26/2026,
283,41.8,gf,1.155,mm,OK,--,6:46:35 PM,1/26/2026,
284,41.7,gf,1.155,mm,OK,--,6:46:35 PM,1/26/2026,
285,41.8,gf,1.160,mm,OK,--,6:46:36 PM,1/26/2026,
286,41.9,gf,1.160,mm,OK,--,6:46:36 PM,1/26/2026,
287,41.9,gf,1.165,mm,OK,--,6:46:36 PM,1/26/2026,
288,41.9,gf,1.170,mm,OK,--,6:46:36 PM,1/26/2026,
289,41.9,gf,1.170,mm,OK,--,6:46:36 PM,1/26/2026,
290,41.9,gf,1.170,mm,OK,--,6:46:36 PM,1/26/2026,
291,42.0,gf,1.170,mm,OK,--,6:46:36 PM,1/26/2026,
292,42.0,gf,1.175,mm,OK,--,6:46:36 PM,1/26/2026,
293,42.1,gf,1.175,mm,OK,--,6:46:36 PM,1/26/2026,
294,42.1,gf,1.175,mm,OK,--,6:46:36 PM,1/26/2026,
295,42.1,gf,1.180,mm,OK,--,6:46:37 PM,1/26/2026,
296,42.0,gf,1.180,mm,OK,--,6:46:37 PM,1/26/2026,
297,42.0,gf,1.180,mm,OK,--,6:46:37 PM,1/26/2026,
298,42.2,gf,1.180,mm,OK,--,6:46:37 PM,1/26/2026,
299,42.2,gf,1.185,mm,OK,--,6:46:37 PM,1/26/2026,
300,42.2,gf,1.185,mm,OK,--,6:46:37 PM,1/26/2026,
301,42.2,gf,1.190,mm,OK,--,6:46:37 PM,1/26/2026,
302,42.2,gf,1.190,mm,OK,--,6:46:37 PM,1/26/2026,
303,42.3,gf,1.190,mm,OK,--,6:46:37 PM,1/26/2026,
304,42.3,gf,1.195,mm,OK,--,6:46:37 PM,1/26/2026,
305,42.3,gf,1.200,mm,OK,--,6:46:38 PM,1/26/2026,
306,42.2,gf,1.205,mm,OK,--,6:46:38 PM,1/26/2026,
307,42.2,gf,1.205,mm,OK,--,6:46:38 PM,1/26/2026,
308,42.3,gf,1.210,mm,OK,--,6:46:38 PM,1/26/2026,
309,42.2,gf,1.215,mm,OK,--,6:46:38 PM,1/26/2026,
310,42.2,gf,1.220,mm,OK,--,6:46:38 PM,1/26/2026,
311,42.3,gf,1.225,mm,OK,--,6:46:38 PM,1/26/2026,
312,42.6,gf,1.235,mm,OK,--,6:46:38 PM,1/26/2026,
313,42.8,gf,1.240,mm,OK,--,6:46:38 PM,1/26/2026,
314,42.9,gf,1.245,mm,OK,--,6:46:38 PM,1/26/2026,
315,42.7,gf,1.250,mm,OK,--,6:46:39 PM,1/26/2026,
316,42.8,gf,1.255,mm,OK,--,6:46:39 PM,1/26/2026,
317,42.7,gf,1.260,mm,OK,--,6:46:39 PM,1/26/2026,
318,42.8,gf,1.265,mm,OK,--,6:46:39 PM,1/26/2026,
319,42.9,gf,1.270,mm,OK,--,6:46:39 PM,1/26/2026,
320,43.0,gf,1.275,mm,OK,--,6:46:39 PM,1/26/2026,
321,43.0,gf,1.285,mm,OK,--,6:46:39 PM,1/26/2026,
322,43.1,gf,1.290,mm,OK,--,6:46:39 PM,1/26/2026,
323,43.2,gf,1.295,mm,OK,--,6:46:39 PM,1/26/2026,
324,43.2,gf,1.300,mm,OK,--,6:46:39 PM,1/26/2026,
325,43.3,gf,1.305,mm,OK,--,6:46:40 PM,1/26/2026,
326,43.3,gf,1.310,mm,OK,--,6:46:40 PM,1/26/2026,
327,43.4,gf,1.315,mm,OK,--,6:46:40 PM,1/26/2026,
328,43.4,gf,1.320,mm,OK,--,6:46:40 PM,1/26/2026,
329,43.5,gf,1.325,mm,OK,--,6:46:40 PM,1/26/2026,
330,43.5,gf,1.325,mm,OK,--,6:46:40 PM,1/26/2026,
331,43.6,gf,1.330,mm,OK,--,6:46:40 PM,1/26/2026,
332,43.6,gf,1.330,mm,OK,--,6:46:40 PM,1/26/2026,
333,43.6,gf,1.335,mm,OK,--,6:46:40 PM,1/26/2026,
334,43.6,gf,1.340,mm,OK,--,6:46:40 PM,1/26/2026,
335,43.6,gf,1.340,mm,OK,--,6:46:41 PM,1/26/2026,
336,43.6,gf,1.340,mm,OK,--,6:46:41 PM,1/26/2026,
337,43.6,gf,1.345,mm,OK,--,6:46:41 PM,1/26/2026,
338,43.6,gf,1.345,mm,OK,--,6:46:41 PM,1/26/2026,
339,43.7,gf,1.350,mm,OK,--,6:46:41 PM,1/26/2026,
340,43.8,gf,1.350,mm,OK,--,6:46:41 PM,1/26/2026,
341,43.9,gf,1.355,mm,OK,--,6:46:41 PM,1/26/2026,
342,43.9,gf,1.360,mm,OK,--,6:46:41 PM,1/26/2026,
343,43.9,gf,1.365,mm,OK,--,6:46:41 PM,1/26/2026,
344,44.0,gf,1.370,mm,OK,--,6:46:41 PM,1/26/2026,
345,44.0,gf,1.375,mm,OK,--,6:46:42 PM,1/26/2026,
346,44.1,gf,1.380,mm,OK,--,6:46:42 PM,1/26/2026,
347,44.0,gf,1.380,mm,OK,--,6:46:42 PM,1/26/2026,
348,44.1,gf,1.385,mm,OK,--,6:46:42 PM,1/26/2026,
349,44.1,gf,1.390,mm,OK,--,6:46:42 PM,1/26/2026,
350,44.2,gf,1.395,mm,OK,--,6:46:42 PM,1/26/2026,
351,44.3,gf,1.395,mm,OK,--,6:46:42 PM,1/26/2026,
352,44.3,gf,1.400,mm,OK,--,6:46:42 PM,1/26/2026,
353,44.4,gf,1.405,mm,OK,--,6:46:42 PM,1/26/2026,
354,44.4,gf,1.405,mm,OK,--,6:46:42 PM,1/26/2026,
355,44.4,gf,1.410,mm,OK,--,6:46:43 PM,1/26/2026,
356,44.5,gf,1.410,mm,OK,--,6:46:43 PM,1/26/2026,
357,44.4,gf,1.410,mm,OK,--,6:46:43 PM,1/26/2026,
358,44.5,gf,1.415,mm,OK,--,6:46:43 PM,1/26/2026,
359,44.5,gf,1.420,mm,OK,--,6:46:43 PM,1/26/2026,
360,44.6,gf,1.420,mm,OK,--,6:46:43 PM,1/26/2026,
361,44.6,gf,1.425,mm,OK,--,6:46:43 PM,1/26/2026,
362,44.6,gf,1.425,mm,OK,--,6:46:43 PM,1/26/2026,
363,44.6,gf,1.425,mm,OK,--,6:46:43 PM,1/26/2026,
364,44.6,gf,1.430,mm,OK,--,6:46:43 PM,1/26/2026,
365,44.6,gf,1.430,mm,OK,--,6:46:44 PM,1/26/2026,
366,44.7,gf,1.435,mm,OK,--,6:46:44 PM,1/26/2026,
367,44.7,gf,1.435,mm,OK,--,6:46:44 PM,1/26/2026,
368,44.7,gf,1.440,mm,OK,--,6:46:44 PM,1/26/2026,
369,44.7,gf,1.440,mm,OK,--,6:46:44 PM,1/26/2026,
370,44.7,gf,1.440,mm,OK,--,6:46:44 PM,1/26/2026,
371,44.7,gf,1.445,mm,OK,--,6:46:44 PM,1/26/2026,
372,44.8,gf,1.445,mm,OK,--,6:46:44 PM,1/26/2026,
373,44.8,gf,1.445,mm,OK,--,6:46:44 PM,1/26/2026,
374,44.7,gf,1.445,mm,OK,--,6:46:44 PM,1/26/2026,
375,44.7,gf,1.445,mm,OK,--,6:46:45 PM,1/26/2026,
376,44.7,gf,1.445,mm,OK,--,6:46:45 PM,1/26/2026,
377,44.7,gf,1.445,mm,OK,--,6:46:45 PM,1/26/2026,
378,44.8,gf,1.450,mm,OK,--,6:46:45 PM,1/26/2026,
379,44.8,gf,1.450,mm,OK,--,6:46:45 PM,1/26/2026,
380,44.8,gf,1.450,mm,OK,--,6:46:45 PM,1/26/2026,
381,44.8,gf,1.450,mm,OK,--,6:46:45 PM,1/26/2026,
382,44.8,gf,1.455,mm,OK,--,6:46:45 PM,1/26/2026,
383,44.8,gf,1.455,mm,OK,--,6:46:45 PM,1/26/2026,
384,44.9,gf,1.460,mm,OK,--,6:46:45 PM,1/26/2026,
385,44.9,gf,1.465,mm,OK,--,6:46:46 PM,1/26/2026,
386,45.0,gf,1.470,mm,OK,--,6:46:46 PM,1/26/2026,
387,45.0,gf,1.475,mm,OK,--,6:46:46 PM,1/26/2026,
388,45.0,gf,1.480,mm,OK,--,6:46:46 PM,1/26/2026,
389,45.1,gf,1.480,mm,OK,--,6:46:46 PM,1/26/2026,
390,45.1,gf,1.480,mm,OK,--,6:46:46 PM,1/26/2026,
391,45.1,gf,1.485,mm,OK,--,6:46:46 PM,1/26/2026,
392,45.2,gf,1.485,mm,OK,--,6:46:46 PM,1/26/2026,
393,45.2,gf,1.490,mm,OK,--,6:46:46 PM,1/26/2026,
394,45.2,gf,1.495,mm,OK,--,6:46:46 PM,1/26/2026,
395,45.2,gf,1.505,mm,OK,--,6:46:47 PM,1/26/2026,
396,45.3,gf,1.510,mm,OK,--,6:46:47 PM,1/26/2026,
397,45.4,gf,1.520,mm,OK,--,6:46:47 PM,1/26/2026,
398,45.5,gf,1.525,mm,OK,--,6:46:47 PM,1/26/2026,
399,45.5,gf,1.530,mm,OK,--,6:46:47 PM,1/26/2026,
400,45.5,gf,1.535,mm,OK,--,6:46:47 PM,1/26/2026,
401,45.5,gf,1.540,mm,OK,--,6:46:47 PM,1/26/2026,
402,45.6,gf,1.545,mm,OK,--,6:46:47 PM,1/26/2026,
403,45.5,gf,1.545,mm,OK,--,6:46:47 PM,1/26/2026,
404,45.6,gf,1.550,mm,OK,--,6:46:47 PM,1/26/2026,
405,45.6,gf,1.550,mm,OK,--,6:46:48 PM,1/26/2026,
406,45.7,gf,1.555,mm,OK,--,6:46:48 PM,1/26/2026,
407,45.6,gf,1.560,mm,OK,--,6:46:48 PM,1/26/2026,
408,45.7,gf,1.565,mm,OK,--,6:46:48 PM,1/26/2026,
409,45.7,gf,1.570,mm,OK,--,6:46:48 PM,1/26/2026,
410,45.8,gf,1.575,mm,OK,--,6:46:48 PM,1/26/2026,
411,45.7,gf,1.575,mm,OK,--,6:46:48 PM,1/26/2026,
412,45.8,gf,1.580,mm,OK,--,6:46:48 PM,1/26/2026,
413,45.8,gf,1.585,mm,OK,--,6:46:48 PM,1/26/2026,
414,45.8,gf,1.590,mm,OK,--,6:46:48 PM,1/26/2026,
415,45.8,gf,1.590,mm,OK,--,6:46:49 PM,1/26/2026,
416,45.9,gf,1.595,mm,OK,--,6:46:49 PM,1/26/2026,
417,45.9,gf,1.600,mm,OK,--,6:46:49 PM,1/26/2026,
418,45.9,gf,1.605,mm,OK,--,6:46:49 PM,1/26/2026,
419,45.9,gf,1.605,mm,OK,--,6:46:49 PM,1/26/2026,
420,46.0,gf,1.610,mm,OK,--,6:46:49 PM,1/26/2026,
421,46.0,gf,1.615,mm,OK,--,6:46:49 PM,1/26/2026,
422,46.1,gf,1.620,mm,OK,--,6:46:49 PM,1/26/2026,
423,46.0,gf,1.630,mm,OK,--,6:46:49 PM,1/26/2026,
424,46.2,gf,1.635,mm,OK,--,6:46:49 PM,1/26/2026,
425,46.2,gf,1.640,mm,OK,--,6:46:50 PM,1/26/2026,
426,46.3,gf,1.645,mm,OK,--,6:46:50 PM,1/26/2026,
427,46.5,gf,1.655,mm,OK,--,6:46:50 PM,1/26/2026,
428,46.8,gf,1.665,mm,OK,--,6:46:50 PM,1/26/2026,
429,47.1,gf,1.680,mm,OK,--,6:46:50 PM,1/26/2026,
430,47.2,gf,1.695,mm,OK,--,6:46:50 PM,1/26/2026,
431,47.2,gf,1.705,mm,OK,--,6:46:50 PM,1/26/2026,
432,47.2,gf,1.715,mm,OK,--,6:46:50 PM,1/26/2026,
433,47.3,gf,1.725,mm,OK,--,6:46:50 PM,1/26/2026,
434,47.3,gf,1.735,mm,OK,--,6:46:50 PM,1/26/2026,
435,47.4,gf,1.740,mm,OK,--,6:46:51 PM,1/26/2026,
436,47.4,gf,1.745,mm,OK,--,6:46:51 PM,1/26/2026,
437,47.4,gf,1.750,mm,OK,--,6:46:51 PM,1/26/2026,
438,47.5,gf,1.755,mm,OK,--,6:46:51 PM,1/26/2026,
439,47.5,gf,1.760,mm,OK,--,6:46:51 PM,1/26/2026,
440,47.6,gf,1.770,mm,OK,--,6:46:51 PM,1/26/2026,
441,47.6,gf,1.775,mm,OK,--,6:46:51 PM,1/26/2026,
442,47.7,gf,1.785,mm,OK,--,6:46:51 PM,1/26/2026,
443,47.8,gf,1.790,mm,OK,--,6:46:51 PM,1/26/2026,
444,47.8,gf,1.800,mm,OK,--,6:46:51 PM,1/26/2026,
445,47.8,gf,1.805,mm,OK,--,6:46:52 PM,1/26/2026,
446,47.8,gf,1.810,mm,OK,--,6:46:52 PM,1/26/2026,
447,47.9,gf,1.815,mm,OK,--,6:46:52 PM,1/26/2026,
448,47.9,gf,1.820,mm,OK,--,6:46:52 PM,1/26/2026,
449,47.9,gf,1.825,mm,OK,--,6:46:52 PM,1/26/2026,
450,47.9,gf,1.825,mm,OK,--,6:46:52 PM,1/26/2026,
451,48.0,gf,1.830,mm,OK,--,6:46:52 PM,1/26/2026,
452,48.0,gf,1.830,mm,OK,--,6:46:52 PM,1/26/2026,
453,48.0,gf,1.835,mm,OK,--,6:46:52 PM,1/26/2026,
454,48.0,gf,1.840,mm,OK,--,6:46:52 PM,1/26/2026,
455,48.1,gf,1.845,mm,OK,--,6:46:53 PM,1/26/2026,
456,48.1,gf,1.850,mm,OK,--,6:46:53 PM,1/26/2026,
457,48.2,gf,1.850,mm,OK,--,6:46:53 PM,1/26/2026,
458,48.2,gf,1.855,mm,OK,--,6:46:53 PM,1/26/2026,
459,48.2,gf,1.860,mm,OK,--,6:46:53 PM,1/26/2026,
460,48.2,gf,1.865,mm,OK,--,6:46:53 PM,1/26/2026,
461,48.2,gf,1.870,mm,OK,--,6:46:53 PM,1/26/2026,
462,48.3,gf,1.870,mm,OK,--,6:46:53 PM,1/26/2026,
463,48.3,gf,1.875,mm,OK,--,6:46:53 PM,1/26/2026,
464,48.3,gf,1.880,mm,OK,--,6:46:53 PM,1/26/2026,
465,48.3,gf,1.885,mm,OK,--,6:46:54 PM,1/26/2026,
466,48.4,gf,1.890,mm,OK,--,6:46:54 PM,1/26/2026,
467,48.4,gf,1.895,mm,OK,--,6:46:54 PM,1/26/2026,
468,48.4,gf,1.895,mm,OK,--,6:46:54 PM,1/26/2026,
469,48.4,gf,1.900,mm,OK,--,6:46:54 PM,1/26/2026,
470,48.5,gf,1.905,mm,OK,--,6:46:54 PM,1/26/2026,
471,48.5,gf,1.905,mm,OK,--,6:46:54 PM,1/26/2026,
472,48.5,gf,1.910,mm,OK,--,6:46:54 PM,1/26/2026,
473,48.6,gf,1.915,mm,OK,--,6:46:54 PM,1/26/2026,
474,48.6,gf,1.920,mm,OK,--,6:46:54 PM,1/26/2026,
475,48.6,gf,1.925,mm,OK,--,6:46:55 PM,1/26/2026,
476,48.7,gf,1.930,mm,OK,--,6:46:55 PM,1/26/2026,
477,48.7,gf,1.930,mm,OK,--,6:46:55 PM,1/26/2026,
478,48.8,gf,1.935,mm,OK,--,6:46:55 PM,1/26/2026,
479,48.8,gf,1.940,mm,OK,--,6:46:55 PM,1/26/2026,
480,48.9,gf,1.945,mm,OK,--,6:46:55 PM,1/26/2026,
481,48.9,gf,1.950,mm,OK,--,6:46:55 PM,1/26/2026,
482,48.9,gf,1.950,mm,OK,--,6:46:55 PM,1/26/2026,
483,49.0,gf,1.955,mm,OK,--,6:46:55 PM,1/26/2026,
484,49.0,gf,1.960,mm,OK,--,6:46:55 PM,1/26/2026,
485,49.0,gf,1.965,mm,OK,--,6:46:56 PM,1/26/2026,
486,49.1,gf,1.970,mm,OK,--,6:46:56 PM,1/26/2026,
487,49.1,gf,1.975,mm,OK,--,6:46:56 PM,1/26/2026,
488,49.1,gf,1.980,mm,OK,--,6:46:56 PM,1/26/2026,
489,49.1,gf,1.985,mm,OK,--,6:46:56 PM,1/26/2026,
490,49.2,gf,1.985,mm,OK,--,6:46:56 PM,1/26/2026,
491,49.2,gf,1.990,mm,OK,--,6:46:56 PM,1/26/2026,
492,49.2,gf,1.995,mm,OK,--,6:46:56 PM,1/26/2026,
493,49.2,gf,2.000,mm,OK,--,6:46:56 PM,1/26/2026,
494,49.3,gf,2.000,mm,OK,--,6:46:56 PM,1/26/2026,
495,49.3,gf,2.005,mm,OK,--,6:46:57 PM,1/26/2026,
496,49.4,gf,2.010,mm,OK,--,6:46:57 PM,1/26/2026,
497,49.4,gf,2.015,mm,OK,--,6:46:57 PM,1/26/2026,
498,49.4,gf,2.020,mm,OK,--,6:46:57 PM,1/26/2026,
499,49.4,gf,2.025,mm,OK,--,6:46:57 PM,1/26/2026,
500,49.5,gf,2.030,mm,OK,--,6:46:57 PM,1/26/2026,
501,49.5,gf,2.030,mm,OK,--,6:46:57 PM,1/26/2026,
502,49.5,gf,2.035,mm,OK,--,6:46:57 PM,1/26/2026,
503,49.5,gf,2.035,mm,OK,--,6:46:57 PM,1/26/2026,
504,49.6,gf,2.035,mm,OK,--,6:46:57 PM,1/26/2026,
505,49.6,gf,2.040,mm,OK,--,6:46:58 PM,1/26/2026,
506,49.6,gf,2.045,mm,OK,--,6:46:58 PM,1/26/2026,
507,49.6,gf,2.050,mm,OK,--,6:46:58 PM,1/26/2026,
508,49.7,gf,2.055,mm,OK,--,6:46:58 PM,1/26/2026,
509,49.7,gf,2.055,mm,OK,--,6:46:58 PM,1/26/2026,
510,49.7,gf,2.060,mm,OK,--,6:46:58 PM,1/26/2026,
511,49.8,gf,2.065,mm,OK,--,6:46:58 PM,1/26/2026,
512,49.8,gf,2.070,mm,OK,--,6:46:58 PM,1/26/2026,
513,49.8,gf,2.075,mm,OK,--,6:46:58 PM,1/26/2026,
514,49.9,gf,2.080,mm,OK,--,6:46:58 PM,1/26/2026,
515,49.9,gf,2.090,mm,OK,--,6:46:59 PM,1/26/2026,
516,49.9,gf,2.095,mm,OK,--,6:46:59 PM,1/26/2026,
517,50.0,gf,2.100,mm,OK,--,6:46:59 PM,1/26/2026,
518,50.0,gf,2.105,mm,OK,--,6:46:59 PM,1/26/2026,
519,50.0,gf,2.110,mm,OK,--,6:46:59 PM,1/26/2026,
520,50.0,gf,2.110,mm,OK,--,6:46:59 PM,1/26/2026,
521,50.1,gf,2.115,mm,OK,--,6:46:59 PM,1/26/2026,
522,50.2,gf,2.120,mm,OK,--,6:46:59 PM,1/26/2026,
523,50.1,gf,2.125,mm,OK,--,6:46:59 PM,1/26/2026,
524,50.1,gf,2.125,mm,OK,--,6:46:59 PM,1/26/2026,
525,50.2,gf,2.130,mm,OK,--,6:47:00 PM,1/26/2026,
526,50.2,gf,2.135,mm,OK,--,6:47:00 PM,1/26/2026,
527,50.3,gf,2.135,mm,OK,--,6:47:00 PM,1/26/2026,
528,50.3,gf,2.140,mm,OK,--,6:47:00 PM,1/26/2026,
529,50.3,gf,2.140,mm,OK,--,6:47:00 PM,1/26/2026,
530,50.3,gf,2.145,mm,OK,--,6:47:00 PM,1/26/2026,
531,50.3,gf,2.145,mm,OK,--,6:47:00 PM,1/26/2026,
532,50.3,gf,2.150,mm,OK,--,6:47:00 PM,1/26/2026,
533,50.3,gf,2.150,mm,OK,--,6:47:00 PM,1/26/2026,
534,50.3,gf,2.155,mm,OK,--,6:47:00 PM,1/26/2026,
535,50.3,gf,2.155,mm,OK,--,6:47:01 PM,1/26/2026,
536,50.3,gf,2.160,mm,OK,--,6:47:01 PM,1/26/2026,
537,50.4,gf,2.160,mm,OK,--,6:47:01 PM,1/26/2026,
538,50.5,gf,2.165,mm,OK,--,6:47:01 PM,1/26/2026,
539,50.4,gf,2.165,mm,OK,--,6:47:01 PM,1/26/2026,
540,50.5,gf,2.170,mm,OK,--,6:47:01 PM,1/26/2026,
541,50.5,gf,2.175,mm,OK,--,6:47:01 PM,1/26/2026,
542,50.5,gf,2.180,mm,OK,--,6:47:01 PM,1/26/2026,
543,50.6,gf,2.185,mm,OK,--,6:47:01 PM,1/26/2026,
544,50.6,gf,2.190,mm,OK,--,6:47:01 PM,1/26/2026,
545,50.6,gf,2.195,mm,OK,--,6:47:02 PM,1/26/2026,
546,50.7,gf,2.200,mm,OK,--,6:47:02 PM,1/26/2026,
547,50.7,gf,2.205,mm,OK,--,6:47:02 PM,1/26/2026,
548,50.7,gf,2.210,mm,OK,--,6:47:02 PM,1/26/2026,
549,50.8,gf,2.215,mm,OK,--,6:47:02 PM,1/26/2026,
550,50.8,gf,2.220,mm,OK,--,6:47:02 PM,1/26/2026,
551,50.9,gf,2.225,mm,OK,--,6:47:02 PM,1/26/2026,
552,51.0,gf,2.235,mm,OK,--,6:47:02 PM,1/26/2026,
553,51.0,gf,2.240,mm,OK,--,6:47:02 PM,1/26/2026,
554,51.1,gf,2.245,mm,OK,--,6:47:02 PM,1/26/2026,
555,51.1,gf,2.255,mm,OK,--,6:47:03 PM,1/26/2026,
556,51.1,gf,2.255,mm,OK,--,6:47:03 PM,1/26/2026,
557,51.2,gf,2.260,mm,OK,--,6:47:03 PM,1/26/2026,
558,51.1,gf,2.265,mm,OK,--,6:47:03 PM,1/26/2026,
559,51.2,gf,2.265,mm,OK,--,6:47:03 PM,1/26/2026,
560,51.2,gf,2.270,mm,OK,--,6:47:03 PM,1/26/2026,
561,51.2,gf,2.275,mm,OK,--,6:47:03 PM,1/26/2026,
562,51.3,gf,2.275,mm,OK,--,6:47:03 PM,1/26/2026,
563,51.3,gf,2.280,mm,OK,--,6:47:03 PM,1/26/2026,
564,51.4,gf,2.280,mm,OK,--,6:47:03 PM,1/26/2026,
565,51.4,gf,2.285,mm,OK,--,6:47:04 PM,1/26/2026,
566,51.4,gf,2.290,mm,OK,--,6:47:04 PM,1/26/2026,
567,51.4,gf,2.290,mm,OK,--,6:47:04 PM,1/26/2026,
568,51.4,gf,2.290,mm,OK,--,6:47:04 PM,1/26/2026,
569,51.5,gf,2.295,mm,OK,--,6:47:04 PM,1/26/2026,
570,51.4,gf,2.300,mm,OK,--,6:47:04 PM,1/26/2026,
571,51.4,gf,2.305,mm,OK,--,6:47:04 PM,1/26/2026,
572,51.4,gf,2.310,mm,OK,--,6:47:04 PM,1/26/2026,
573,51.6,gf,2.315,mm,OK,--,6:47:04 PM,1/26/2026,
574,51.6,gf,2.325,mm,OK,--,6:47:04 PM,1/26/2026,
575,51.7,gf,2.330,mm,OK,--,6:47:05 PM,1/26/2026,
576,51.8,gf,2.340,mm,OK,--,6:47:05 PM,1/26/2026,
577,51.8,gf,2.350,mm,OK,--,6:47:05 PM,1/26/2026,
578,51.9,gf,2.355,mm,OK,--,6:47:05 PM,1/26/2026,
579,51.9,gf,2.360,mm,OK,--,6:47:05 PM,1/26/2026,
580,51.9,gf,2.370,mm,OK,--,6:47:05 PM,1/26/2026,
581,51.9,gf,2.375,mm,OK,--,6:47:05 PM,1/26/2026,
582,52.1,gf,2.380,mm,OK,--,6:47:05 PM,1/26/2026,
583,52.0,gf,2.385,mm,OK,--,6:47:05 PM,1/26/2026,
584,52.1,gf,2.390,mm,OK,--,6:47:05 PM,1/26/2026,
585,52.2,gf,2.395,mm,OK,--,6:47:06 PM,1/26/2026,
586,52.2,gf,2.400,mm,OK,--,6:47:06 PM,1/26/2026,
587,52.2,gf,2.405,mm,OK,--,6:47:06 PM,1/26/2026,
588,52.2,gf,2.410,mm,OK,--,6:47:06 PM,1/26/2026,
589,52.2,gf,2.415,mm,OK,--,6:47:06 PM,1/26/2026,
590,52.3,gf,2.415,mm,OK,--,6:47:06 PM,1/26/2026,
591,52.3,gf,2.420,mm,OK,--,6:47:06 PM,1/26/2026,
592,52.3,gf,2.420,mm,OK,--,6:47:06 PM,1/26/2026,
593,52.3,gf,2.425,mm,OK,--,6:47:06 PM,1/26/2026,
594,52.3,gf,2.430,mm,OK,--,6:47:06 PM,1/26/2026,
595,52.4,gf,2.435,mm,OK,--,6:47:07 PM,1/26/2026,
596,52.4,gf,2.435,mm,OK,--,6:47:07 PM,1/26/2026,
597,52.4,gf,2.440,mm,OK,--,6:47:07 PM,1/26/2026,
598,52.5,gf,2.445,mm,OK,--,6:47:07 PM,1/26/2026,
599,52.5,gf,2.445,mm,OK,--,6:47:07 PM,1/26/2026,
600,52.5,gf,2.455,mm,OK,--,6:47:07 PM,1/26/2026,
601,52.5,gf,2.460,mm,OK,--,6:47:07 PM,1/26/2026,
602,52.6,gf,2.465,mm,OK,--,6:47:07 PM,1/26/2026,
603,52.6,gf,2.465,mm,OK,--,6:47:07 PM,1/26/2026,
604,52.6,gf,2.470,mm,OK,--,6:47:07 PM,1/26/2026,
605,52.7,gf,2.475,mm,OK,--,6:47:08 PM,1/26/2026,
606,52.7,gf,2.480,mm,OK,--,6:47:08 PM,1/26/2026,
607,52.7,gf,2.485,mm,OK,--,6:47:08 PM,1/26/2026,
608,52.7,gf,2.490,mm,OK,--,6:47:08 PM,1/26/2026,
609,52.8,gf,2.495,mm,OK,--,6:47:08 PM,1/26/2026,
610,52.8,gf,2.495,mm,OK,--,6:47:08 PM,1/26/2026,
611,52.8,gf,2.500,mm,OK,--,6:47:08 PM,1/26/2026,
612,52.9,gf,2.505,mm,OK,--,6:47:08 PM,1/26/2026,
613,53.0,gf,2.510,mm,OK,--,6:47:08 PM,1/26/2026,
614,53.0,gf,2.515,mm,OK,--,6:47:08 PM,1/26/2026,
615,53.0,gf,2.520,mm,OK,--,6:47:09 PM,1/26/2026,
616,53.0,gf,2.520,mm,OK,--,6:47:09 PM,1/26/2026,
617,53.0,gf,2.525,mm,OK,--,6:47:09 PM,1/26/2026,
618,53.0,gf,2.530,mm,OK,--,6:47:09 PM,1/26/2026,
619,53.1,gf,2.530,mm,OK,--,6:47:09 PM,1/26/2026,
620,53.1,gf,2.535,mm,OK,--,6:47:09 PM,1/26/2026,
621,53.2,gf,2.540,mm,OK,--,6:47:09 PM,1/26/2026,
622,53.2,gf,2.545,mm,OK,--,6:47:09 PM,1/26/2026,
623,53.2,gf,2.550,mm,OK,--,6:47:09 PM,1/26/2026,
624,53.2,gf,2.555,mm,OK,--,6:47:09 PM,1/26/2026,
625,53.2,gf,2.560,mm,OK,--,6:47:10 PM,1/26/2026,
626,53.2,gf,2.565,mm,OK,--,6:47:10 PM,1/26/2026,
627,53.2,gf,2.570,mm,OK,--,6:47:10 PM,1/26/2026,
628,53.1,gf,2.575,mm,OK,--,6:47:10 PM,1/26/2026,
629,53.1,gf,2.580,mm,OK,--,6:47:10 PM,1/26/2026,
630,53.1,gf,2.590,mm,OK,--,6:47:10 PM,1/26/2026,
631,53.3,gf,2.590,mm,OK,--,6:47:10 PM,1/26/2026,
632,53.3,gf,2.595,mm,OK,--,6:47:10 PM,1/26/2026,
633,53.3,gf,2.605,mm,OK,--,6:47:10 PM,1/26/2026,
634,53.3,gf,2.610,mm,OK,--,6:47:10 PM,1/26/2026,
635,53.4,gf,2.615,mm,OK,--,6:47:11 PM,1/26/2026,
636,53.5,gf,2.620,mm,OK,--,6:47:11 PM,1/26/2026,
637,53.5,gf,2.625,mm,OK,--,6:47:11 PM,1/26/2026,
638,53.5,gf,2.630,mm,OK,--,6:47:11 PM,1/26/2026,
639,53.5,gf,2.630,mm,OK,--,6:47:11 PM,1/26/2026,
640,53.6,gf,2.635,mm,OK,--,6:47:11 PM,1/26/2026,
641,53.6,gf,2.640,mm,OK,--,6:47:11 PM,1/26/2026,
642,53.6,gf,2.640,mm,OK,--,6:47:11 PM,1/26/2026,
643,53.7,gf,2.645,mm,OK,--,6:47:11 PM,1/26/2026,
644,53.7,gf,2.650,mm,OK,--,6:47:11 PM,1/26/2026,
645,53.7,gf,2.650,mm,OK,--,6:47:12 PM,1/26/2026,
646,53.7,gf,2.655,mm,OK,--,6:47:12 PM,1/26/2026,
647,53.7,gf,2.655,mm,OK,--,6:47:12 PM,1/26/2026,
648,53.7,gf,2.660,mm,OK,--,6:47:12 PM,1/26/2026,
649,53.7,gf,2.660,mm,OK,--,6:47:12 PM,1/26/2026,
650,53.7,gf,2.665,mm,OK,--,6:47:12 PM,1/26/2026,
651,53.8,gf,2.670,mm,OK,--,6:47:12 PM,1/26/2026,
652,53.8,gf,2.670,mm,OK,--,6:47:12 PM,1/26/2026,
653,53.8,gf,2.675,mm,OK,--,6:47:12 PM,1/26/2026,
654,53.9,gf,2.680,mm,OK,--,6:47:12 PM,1/26/2026,
655,53.9,gf,2.685,mm,OK,--,6:47:13 PM,1/26/2026,
656,53.9,gf,2.685,mm,OK,--,6:47:13 PM,1/26/2026,
657,53.9,gf,2.690,mm,OK,--,6:47:13 PM,1/26/2026,
658,53.9,gf,2.690,mm,OK,--,6:47:13 PM,1/26/2026,
659,53.9,gf,2.690,mm,OK,--,6:47:13 PM,1/26/2026,
660,53.9,gf,2.695,mm,OK,--,6:47:13 PM,1/26/2026,
661,53.9,gf,2.695,mm,OK,--,6:47:13 PM,1/26/2026,
662,54.0,gf,2.695,mm,OK,--,6:47:13 PM,1/26/2026,
663,54.0,gf,2.700,mm,OK,--,6:47:13 PM,1/26/2026,
664,54.0,gf,2.700,mm,OK,--,6:47:13 PM,1/26/2026,
665,54.1,gf,2.705,mm,OK,--,6:47:14 PM,1/26/2026,
666,54.1,gf,2.705,mm,OK,--,6:47:14 PM,1/26/2026,
667,54.1,gf,2.705,mm,OK,--,6:47:14 PM,1/26/2026,
668,54.1,gf,2.710,mm,OK,--,6:47:14 PM,1/26/2026,
669,54.1,gf,2.715,mm,OK,--,6:47:14 PM,1/26/2026,
670,54.1,gf,2.715,mm,OK,--,6:47:14 PM,1/26/2026,
671,54.2,gf,2.720,mm,OK,--,6:47:14 PM,1/26/2026,
672,54.2,gf,2.725,mm,OK,--,6:47:14 PM,1/26/2026,
673,54.2,gf,2.735,mm,OK,--,6:47:14 PM,1/26/2026,
674,54.3,gf,2.740,mm,OK,--,6:47:14 PM,1/26/2026,
675,54.3,gf,2.745,mm,OK,--,6:47:15 PM,1/26/2026,
676,54.4,gf,2.755,mm,OK,--,6:47:15 PM,1/26/2026,
677,54.4,gf,2.760,mm,OK,--,6:47:15 PM,1/26/2026,
678,54.5,gf,2.765,mm,OK,--,6:47:15 PM,1/26/2026,
679,54.5,gf,2.775,mm,OK,--,6:47:15 PM,1/26/2026,
680,54.5,gf,2.780,mm,OK,--,6:47:15 PM,1/26/2026,
681,54.6,gf,2.785,mm,OK,--,6:47:15 PM,1/26/2026,
682,54.6,gf,2.790,mm,OK,--,6:47:15 PM,1/26/2026,
683,54.7,gf,2.800,mm,OK,--,6:47:15 PM,1/26/2026,
684,54.7,gf,2.805,mm,OK,--,6:47:15 PM,1/26/2026,
685,54.7,gf,2.810,mm,OK,--,6:47:16 PM,1/26/2026,
686,54.7,gf,2.815,mm,OK,--,6:47:16 PM,1/26/2026,
687,54.7,gf,2.815,mm,OK,--,6:47:16 PM,1/26/2026,
688,54.8,gf,2.820,mm,OK,--,6:47:16 PM,1/26/2026,
689,54.8,gf,2.825,mm,OK,--,6:47:16 PM,1/26/2026,
690,54.8,gf,2.830,mm,OK,--,6:47:16 PM,1/26/2026,
691,55.0,gf,2.835,mm,OK,--,6:47:16 PM,1/26/2026,
692,54.9,gf,2.840,mm,OK,--,6:47:16 PM,1/26/2026,
693,55.0,gf,2.850,mm,OK,--,6:47:16 PM,1/26/2026,
694,55.1,gf,2.855,mm,OK,--,6:47:16 PM,1/26/2026,
695,55.1,gf,2.865,mm,OK,--,6:47:17 PM,1/26/2026,
696,55.2,gf,2.875,mm,OK,--,6:47:17 PM,1/26/2026,
697,55.2,gf,2.880,mm,OK,--,6:47:17 PM,1/26/2026,
698,55.3,gf,2.890,mm,OK,--,6:47:17 PM,1/26/2026,
699,55.4,gf,2.895,mm,OK,--,6:47:17 PM,1/26/2026,
700,55.3,gf,2.905,mm,OK,--,6:47:17 PM,1/26/2026,
701,55.4,gf,2.915,mm,OK,--,6:47:17 PM,1/26/2026,
702,55.4,gf,2.920,mm,OK,--,6:47:17 PM,1/26/2026,
703,55.4,gf,2.925,mm,OK,--,6:47:17 PM,1/26/2026,
704,55.5,gf,2.930,mm,OK,--,6:47:17 PM,1/26/2026,
705,55.6,gf,2.940,mm,OK,--,6:47:18 PM,1/26/2026,
706,55.6,gf,2.945,mm,OK,--,6:47:18 PM,1/26/2026,
707,55.6,gf,2.950,mm,OK,--,6:47:18 PM,1/26/2026,
708,55.6,gf,2.955,mm,OK,--,6:47:18 PM,1/26/2026,
709,55.7,gf,2.960,mm,OK,--,6:47:18 PM,1/26/2026,
710,55.7,gf,2.970,mm,OK,--,6:47:18 PM,1/26/2026,
711,55.8,gf,2.970,mm,OK,--,6:47:18 PM,1/26/2026,
712,55.8,gf,2.975,mm,OK,--,6:47:18 PM,1/26/2026,
713,55.8,gf,2.980,mm,OK,--,6:47:18 PM,1/26/2026,
714,55.8,gf,2.980,mm,OK,--,6:47:18 PM,1/26/2026,
715,55.9,gf,2.985,mm,OK,--,6:47:19 PM,1/26/2026,
716,55.9,gf,2.985,mm,OK,--,6:47:19 PM,1/26/2026,
717,55.9,gf,2.990,mm,OK,--,6:47:19 PM,1/26/2026,
718,55.9,gf,2.990,mm,OK,--,6:47:19 PM,1/26/2026,
719,55.9,gf,2.995,mm,OK,--,6:47:19 PM,1/26/2026,
720,55.9,gf,3.000,mm,OK,--,6:47:19 PM,1/26/2026,
721,55.9,gf,3.005,mm,OK,--,6:47:19 PM,1/26/2026,
722,56.0,gf,3.005,mm,OK,--,6:47:19 PM,1/26/2026,
723,56.0,gf,3.010,mm,OK,--,6:47:19 PM,1/26/2026,
724,56.0,gf,3.015,mm,OK,--,6:47:19 PM,1/26/2026,
725,56.0,gf,3.020,mm,OK,--,6:47:20 PM,1/26/2026,
726,56.0,gf,3.020,mm,OK,--,6:47:20 PM,1/26/2026,
727,56.1,gf,3.020,mm,OK,--,6:47:20 PM,1/26/2026,
728,56.1,gf,3.025,mm,OK,--,6:47:20 PM,1/26/2026,
729,56.2,gf,3.030,mm,OK,--,6:47:20 PM,1/26/2026,
730,56.2,gf,3.040,mm,OK,--,6:47:20 PM,1/26/2026,
731,56.3,gf,3.045,mm,OK,--,6:47:20 PM,1/26/2026,
732,56.3,gf,3.050,mm,OK,--,6:47:20 PM,1/26/2026,
733,56.4,gf,3.060,mm,OK,--,6:47:20 PM,1/26/2026,
734,56.4,gf,3.065,mm,OK,--,6:47:20 PM,1/26/2026,
735,56.4,gf,3.075,mm,OK,--,6:47:21 PM,1/26/2026,
736,56.5,gf,3.080,mm,OK,--,6:47:21 PM,1/26/2026,
737,56.5,gf,3.085,mm,OK,--,6:47:21 PM,1/26/2026,
738,56.6,gf,3.090,mm,OK,--,6:47:21 PM,1/26/2026,
739,56.6,gf,3.090,mm,OK,--,6:47:21 PM,1/26/2026,
740,56.6,gf,3.095,mm,OK,--,6:47:21 PM,1/26/2026,
741,56.6,gf,3.095,mm,OK,--,6:47:21 PM,1/26/2026,
742,56.6,gf,3.100,mm,OK,--,6:47:21 PM,1/26/2026,
743,56.6,gf,3.100,mm,OK,--,6:47:21 PM,1/26/2026,
744,56.6,gf,3.100,mm,OK,--,6:47:21 PM,1/26/2026,
745,56.7,gf,3.100,mm,OK,--,6:47:22 PM,1/26/2026,
746,56.6,gf,3.105,mm,OK,--,6:47:22 PM,1/26/2026,
747,56.6,gf,3.105,mm,OK,--,6:47:22 PM,1/26/2026,
748,56.7,gf,3.110,mm,OK,--,6:47:22 PM,1/26/2026,
749,56.7,gf,3.110,mm,OK,--,6:47:22 PM,1/26/2026,
750,56.7,gf,3.115,mm,OK,--,6:47:22 PM,1/26/2026,
751,56.8,gf,3.120,mm,OK,--,6:47:22 PM,1/26/2026,
752,56.7,gf,3.125,mm,OK,--,6:47:22 PM,1/26/2026,
753,56.8,gf,3.125,mm,OK,--,6:47:22 PM,1/26/2026,
754,56.8,gf,3.130,mm,OK,--,6:47:22 PM,1/26/2026,
755,56.9,gf,3.135,mm,OK,--,6:47:23 PM,1/26/2026,
756,56.9,gf,3.135,mm,OK,--,6:47:23 PM,1/26/2026,
757,56.9,gf,3.140,mm,OK,--,6:47:23 PM,1/26/2026,
758,56.9,gf,3.140,mm,OK,--,6:47:23 PM,1/26/2026,
759,56.9,gf,3.145,mm,OK,--,6:47:23 PM,1/26/2026,
760,57.0,gf,3.150,mm,OK,--,6:47:23 PM,1/26/2026,
761,57.0,gf,3.150,mm,OK,--,6:47:23 PM,1/26/2026,
762,57.0,gf,3.155,mm,OK,--,6:47:23 PM,1/26/2026,
763,57.0,gf,3.155,mm,OK,--,6:47:23 PM,1/26/2026,
764,57.0,gf,3.160,mm,OK,--,6:47:23 PM,1/26/2026,
765,57.1,gf,3.160,mm,OK,--,6:47:24 PM,1/26/2026,
766,57.1,gf,3.160,mm,OK,--,6:47:24 PM,1/26/2026,
767,57.1,gf,3.165,mm,OK,--,6:47:24 PM,1/26/2026,
768,57.1,gf,3.165,mm,OK,--,6:47:24 PM,1/26/2026,
769,57.1,gf,3.170,mm,OK,--,6:47:24 PM,1/26/2026,
770,57.1,gf,3.170,mm,OK,--,6:47:24 PM,1/26/2026,
771,57.2,gf,3.175,mm,OK,--,6:47:24 PM,1/26/2026,
772,57.2,gf,3.175,mm,OK,--,6:47:24 PM,1/26/2026,
773,57.2,gf,3.175,mm,OK,--,6:47:24 PM,1/26/2026,
774,57.2,gf,3.180,mm,OK,--,6:47:24 PM,1/26/2026,
775,57.2,gf,3.180,mm,OK,--,6:47:25 PM,1/26/2026,
776,57.2,gf,3.180,mm,OK,--,6:47:25 PM,1/26/2026,
777,57.2,gf,3.185,mm,OK,--,6:47:25 PM,1/26/2026,
778,57.2,gf,3.185,mm,OK,--,6:47:25 PM,1/26/2026,
779,57.2,gf,3.185,mm,OK,--,6:47:25 PM,1/26/2026,
780,57.2,gf,3.190,mm,OK,--,6:47:25 PM,1/26/2026,
781,57.2,gf,3.195,mm,OK,--,6:47:25 PM,1/26/2026,
782,57.3,gf,3.195,mm,OK,--,6:47:25 PM,1/26/2026,
783,57.3,gf,3.195,mm,OK,--,6:47:25 PM,1/26/2026,
784,57.3,gf,3.200,mm,OK,--,6:47:25 PM,1/26/2026,
785,57.3,gf,3.200,mm,OK,--,6:47:26 PM,1/26/2026,
786,57.3,gf,3.200,mm,OK,--,6:47:26 PM,1/26/2026,
787,57.3,gf,3.205,mm,OK,--,6:47:26 PM,1/26/2026,
788,57.3,gf,3.205,mm,OK,--,6:47:26 PM,1/26/2026,
789,57.3,gf,3.205,mm,OK,--,6:47:26 PM,1/26/2026,
790,57.3,gf,3.210,mm,OK,--,6:47:26 PM,1/26/2026,
791,57.4,gf,3.210,mm,OK,--,6:47:26 PM,1/26/2026,
792,57.4,gf,3.215,mm,OK,--,6:47:26 PM,1/26/2026,
793,57.5,gf,3.220,mm,OK,--,6:47:26 PM,1/26/2026,
794,57.5,gf,3.225,mm,OK,--,6:47:26 PM,1/26/2026,
795,57.4,gf,3.230,mm,OK,--,6:47:27 PM,1/26/2026,
796,57.5,gf,3.230,mm,OK,--,6:47:27 PM,1/26/2026,
797,57.5,gf,3.230,mm,OK,--,6:47:27 PM,1/26/2026,
798,57.5,gf,3.235,mm,OK,--,6:47:27 PM,1/26/2026,
799,57.5,gf,3.235,mm,OK,--,6:47:27 PM,1/26/2026,
800,57.5,gf,3.235,mm,OK,--,6:47:27 PM,1/26/2026,
801,57.5,gf,3.235,mm,OK,--,6:47:27 PM,1/26/2026,
802,57.5,gf,3.240,mm,OK,--,6:47:27 PM,1/26/2026,
803,57.6,gf,3.240,mm,OK,--,6:47:27 PM,1/26/2026,
804,57.6,gf,3.250,mm,OK,--,6:47:27 PM,1/26/2026,
805,57.6,gf,3.250,mm,OK,--,6:47:28 PM,1/26/2026,
806,57.6,gf,3.255,mm,OK,--,6:47:28 PM,1/26/2026,
807,57.6,gf,3.255,mm,OK,--,6:47:28 PM,1/26/2026,
808,57.6,gf,3.260,mm,OK,--,6:47:28 PM,1/26/2026,
809,57.7,gf,3.260,mm,OK,--,6:47:28 PM,1/26/2026,
810,57.7,gf,3.260,mm,OK,--,6:47:28 PM,1/26/2026,
811,57.7,gf,3.265,mm,OK,--,6:47:28 PM,1/26/2026,
812,57.7,gf,3.265,mm,OK,--,6:47:28 PM,1/26/2026,
813,57.7,gf,3.270,mm,OK,--,6:47:28 PM,1/26/2026,
814,57.7,gf,3.270,mm,OK,--,6:47:28 PM,1/26/2026,
815,57.7,gf,3.275,mm,OK,--,6:47:29 PM,1/26/2026,
816,57.8,gf,3.275,mm,OK,--,6:47:29 PM,1/26/2026,
817,57.8,gf,3.275,mm,OK,--,6:47:29 PM,1/26/2026,
818,57.8,gf,3.280,mm,OK,--,6:47:29 PM,1/26/2026,
819,57.8,gf,3.280,mm,OK,--,6:47:29 PM,1/26/2026,
820,57.8,gf,3.285,mm,OK,--,6:47:29 PM,1/26/2026,
821,57.8,gf,3.290,mm,OK,--,6:47:29 PM,1/26/2026,
822,57.9,gf,3.290,mm,OK,--,6:47:29 PM,1/26/2026,
823,58.0,gf,3.300,mm,OK,--,6:47:29 PM,1/26/2026,
824,58.0,gf,3.305,mm,OK,--,6:47:29 PM,1/26/2026,
825,58.0,gf,3.310,mm,OK,--,6:47:30 PM,1/26/2026,
826,58.1,gf,3.320,mm,OK,--,6:47:30 PM,1/26/2026,
827,58.1,gf,3.325,mm,OK,--,6:47:30 PM,1/26/2026,
828,58.1,gf,3.335,mm,OK,--,6:47:30 PM,1/26/2026,
829,58.3,gf,3.340,mm,OK,--,6:47:30 PM,1/26/2026,
830,58.3,gf,3.350,mm,OK,--,6:47:30 PM,1/26/2026,
831,58.3,gf,3.355,mm,OK,--,6:47:30 PM,1/26/2026,
832,58.4,gf,3.360,mm,OK,--,6:47:30 PM,1/26/2026,
833,58.4,gf,3.365,mm,OK,--,6:47:30 PM,1/26/2026,
834,58.5,gf,3.370,mm,OK,--,6:47:30 PM,1/26/2026,
835,58.5,gf,3.380,mm,OK,--,6:47:31 PM,1/26/2026,
836,58.5,gf,3.385,mm,OK,--,6:47:31 PM,1/26/2026,
837,58.6,gf,3.395,mm,OK,--,6:47:31 PM,1/26/2026,
838,58.6,gf,3.405,mm,OK,--,6:47:31 PM,1/26/2026,
839,58.7,gf,3.415,mm,OK,--,6:47:31 PM,1/26/2026,
840,58.8,gf,3.420,mm,OK,--,6:47:31 PM,1/26/2026,
841,58.9,gf,3.430,mm,OK,--,6:47:31 PM,1/26/2026,
842,58.9,gf,3.440,mm,OK,--,6:47:31 PM,1/26/2026,
843,59.0,gf,3.450,mm,OK,--,6:47:31 PM,1/26/2026,
844,59.1,gf,3.460,mm,OK,--,6:47:31 PM,1/26/2026,
845,59.1,gf,3.470,mm,OK,--,6:47:32 PM,1/26/2026,
846,59.2,gf,3.480,mm,OK,--,6:47:32 PM,1/26/2026,
847,59.3,gf,3.490,mm,OK,--,6:47:32 PM,1/26/2026,
848,59.3,gf,3.500,mm,OK,--,6:47:32 PM,1/26/2026,
849,59.4,gf,3.505,mm,OK,--,6:47:32 PM,1/26/2026,
850,59.4,gf,3.515,mm,OK,--,6:47:32 PM,1/26/2026,
851,59.4,gf,3.520,mm,OK,--,6:47:32 PM,1/26/2026,
852,59.5,gf,3.525,mm,OK,--,6:47:32 PM,1/26/2026,
853,59.5,gf,3.530,mm,OK,--,6:47:32 PM,1/26/2026,
854,59.5,gf,3.535,mm,OK,--,6:47:32 PM,1/26/2026,
855,59.6,gf,3.540,mm,OK,--,6:47:33 PM,1/26/2026,
856,59.6,gf,3.545,mm,OK,--,6:47:33 PM,1/26/2026,
857,59.7,gf,3.550,mm,OK,--,6:47:33 PM,1/26/2026,
858,59.7,gf,3.555,mm,OK,--,6:47:33 PM,1/26/2026,
859,59.7,gf,3.560,mm,OK,--,6:47:33 PM,1/26/2026,
860,59.7,gf,3.560,mm,OK,--,6:47:33 PM,1/26/2026,
861,59.8,gf,3.565,mm,OK,--,6:47:33 PM,1/26/2026,
862,59.7,gf,3.565,mm,OK,--,6:47:33 PM,1/26/2026,
863,59.8,gf,3.565,mm,OK,--,6:47:33 PM,1/26/2026,
864,59.8,gf,3.570,mm,OK,--,6:47:33 PM,1/26/2026,
865,59.8,gf,3.570,mm,OK,--,6:47:34 PM,1/26/2026,
866,59.8,gf,3.570,mm,OK,--,6:47:34 PM,1/26/2026,
867,59.9,gf,3.575,mm,OK,--,6:47:34 PM,1/26/2026,
868,59.9,gf,3.575,mm,OK,--,6:47:34 PM,1/26/2026,
869,59.9,gf,3.580,mm,OK,--,6:47:34 PM,1/26/2026,
870,59.8,gf,3.585,mm,OK,--,6:47:34 PM,1/26/2026,
871,59.8,gf,3.585,mm,OK,--,6:47:34 PM,1/26/2026,
872,59.9,gf,3.590,mm,OK,--,6:47:34 PM,1/26/2026,
873,59.9,gf,3.590,mm,OK,--,6:47:34 PM,1/26/2026,
874,60.0,gf,3.595,mm,OK,--,6:47:34 PM,1/26/2026,
875,60.1,gf,3.600,mm,OK,--,6:47:35 PM,1/26/2026,
876,60.0,gf,3.610,mm,OK,--,6:47:35 PM,1/26/2026,
877,60.0,gf,3.615,mm,OK,--,6:47:35 PM,1/26/2026,
878,60.2,gf,3.625,mm,OK,--,6:47:35 PM,1/26/2026,
879,60.2,gf,3.630,mm,OK,--,6:47:35 PM,1/26/2026,
880,60.2,gf,3.630,mm,OK,--,6:47:35 PM,1/26/2026,
881,60.2,gf,3.635,mm,OK,--,6:47:35 PM,1/26/2026,
882,60.3,gf,3.640,mm,OK,--,6:47:35 PM,1/26/2026,
883,60.4,gf,3.645,mm,OK,--,6:47:35 PM,1/26/2026,
884,60.4,gf,3.645,mm,OK,--,6:47:35 PM,1/26/2026,
885,60.4,gf,3.645,mm,OK,--,6:47:36 PM,1/26/2026,
886,60.4,gf,3.650,mm,OK,--,6:47:36 PM,1/26/2026,
887,61.3,gf,3.655,mm,OK,--,6:47:36 PM,1/26/2026,
888,67.6,gf,3.660,mm,OK,--,6:47:36 PM,1/26/2026,
889,72.0,gf,3.665,mm,OK,--,6:47:36 PM,1/26/2026,
890,74.6,gf,3.670,mm,OK,--,6:47:36 PM,1/26/2026,
891,77.3,gf,3.670,mm,OK,--,6:47:36 PM,1/26/2026,
892,80.2,gf,3.675,mm,OK,--,6:47:36 PM,1/26/2026,
893,82.5,gf,3.675,mm,OK,--,6:47:36 PM,1/26/2026,
894,86.0,gf,3.680,mm,OK,--,6:47:36 PM,1/26/2026,
895,91.2,gf,3.685,mm,OK,--,6:47:37 PM,1/26/2026,
896,96.8,gf,3.690,mm,OK,--,6:47:37 PM,1/26/2026,
897,103.6,gf,3.695,mm,OK,--,6:47:37 PM,1/26/2026,
898,111.4,gf,3.705,mm,OK,--,6:47:37 PM,1/26/2026,
899,119.2,gf,3.715,mm,OK,--,6:47:37 PM,1/26/2026,
900,125.8,gf,3.720,mm,OK,--,6:47:37 PM,1/26/2026,
901,131.3,gf,3.725,mm,OK,--,6:47:37 PM,1/26/2026,
902,135.9,gf,3.730,mm,OK,--,6:47:37 PM,1/26/2026,
903,139.3,gf,3.730,mm,OK,--,6:47:37 PM,1/26/2026,
904,141.6,gf,3.735,mm,OK,--,6:47:37 PM,1/26/2026,
905,143.6,gf,3.735,mm,OK,--,6:47:38 PM,1/26/2026,
906,145.6,gf,3.740,mm,OK,--,6:47:38 PM,1/26/2026,
907,147.3,gf,3.740,mm,OK,--,6:47:38 PM,1/26/2026,
908,149.4,gf,3.740,mm,OK,--,6:47:38 PM,1/26/2026,
909,151.9,gf,3.745,mm,OK,--,6:47:38 PM,1/26/2026,
910,154.6,gf,3.745,mm,OK,--,6:47:38 PM,1/26/2026,
911,157.6,gf,3.750,mm,OK,--,6:47:38 PM,1/26/2026,
912,161.0,gf,3.755,mm,OK,--,6:47:38 PM,1/26/2026,
913,164.1,gf,3.755,mm,OK,--,6:47:38 PM,1/26/2026,
914,166.3,gf,3.760,mm,OK,--,6:47:38 PM,1/26/2026,
915,168.4,gf,3.760,mm,OK,--,6:47:39 PM,1/26/2026,
916,170.3,gf,3.760,mm,OK,--,6:47:39 PM,1/26/2026,
917,172.0,gf,3.765,mm,OK,--,6:47:39 PM,1/26/2026,
918,173.4,gf,3.765,mm,OK,--,6:47:39 PM,1/26/2026,
919,174.9,gf,3.765,mm,OK,--,6:47:39 PM,1/26/2026,
920,176.3,gf,3.770,mm,OK,--,6:47:39 PM,1/26/2026,
921,178.0,gf,3.770,mm,OK,--,6:47:39 PM,1/26/2026,
922,180.1,gf,3.770,mm,OK,--,6:47:39 PM,1/26/2026,
923,182.5,gf,3.775,mm,OK,--,6:47:39 PM,1/26/2026,
924,184.3,gf,3.775,mm,OK,--,6:47:39 PM,1/26/2026,
925,186.0,gf,3.780,mm,OK,--,6:47:40 PM,1/26/2026,
926,187.7,gf,3.780,mm,OK,--,6:47:40 PM,1/26/2026,
927,189.8,gf,3.780,mm,OK,--,6:47:40 PM,1/26/2026,
928,191.4,gf,3.785,mm,OK,--,6:47:40 PM,1/26/2026,
929,192.3,gf,3.785,mm,OK,--,6:47:40 PM,1/26/2026,
930,192.7,gf,3.785,mm,OK,--,6:47:40 PM,1/26/2026,
931,192.7,gf,3.785,mm,OK,--,6:47:40 PM,1/26/2026,
932,192.7,gf,3.785,mm,OK,--,6:47:40 PM,1/26/2026,
933,192.7,gf,3.785,mm,OK,--,6:47:40 PM,1/26/2026,
934,192.6,gf,3.785,mm,OK,--,6:47:40 PM,1/26/2026,
935,192.4,gf,3.785,mm,OK,--,6:47:41 PM,1/26/2026,
936,192.4,gf,3.785,mm,OK,--,6:47:41 PM,1/26/2026,
937,192.3,gf,3.785,mm,OK,--,6:47:41 PM,1/26/2026,
938,192.3,gf,3.785,mm,OK,--,6:47:41 PM,1/26/2026,
939,192.3,gf,3.785,mm,OK,--,6:47:41 PM,1/26/2026,
940,192.3,gf,3.785,mm,OK,--,6:47:41 PM,1/26/2026,
941,192.3,gf,3.785,mm,OK,--,6:47:41 PM,1/26/2026,
942,192.3,gf,3.785,mm,OK,--,6:47:41 PM,1/26/2026,
943,192.3,gf,3.785,mm,OK,--,6:47:41 PM,1/26/2026,
944,192.3,gf,3.785,mm,OK,--,6:47:41 PM,1/26/2026,
945,192.3,gf,3.785,mm,OK,--,6:47:42 PM,1/26/2026,
946,192.3,gf,3.785,mm,OK,--,6:47:42 PM,1/26/2026,
947,192.1,gf,3.785,mm,OK,--,6:47:42 PM,1/26/2026,
948,191.7,gf,3.785,mm,OK,--,6:47:42 PM,1/26/2026,
949,191.6,gf,3.785,mm,OK,--,6:47:42 PM,1/26/2026,
950,191.2,gf,3.785,mm,OK,--,6:47:42 PM,1/26/2026,
951,191.0,gf,3.785,mm,OK,--,6:47:42 PM,1/26/2026,
952,190.6,gf,3.785,mm,OK,--,6:47:42 PM,1/26/2026,
953,189.7,gf,3.785,mm,OK,--,6:47:42 PM,1/26/2026,
954,188.7,gf,3.785,mm,OK,--,6:47:42 PM,1/26/2026,
955,187.3,gf,3.780,mm,OK,--,6:47:43 PM,1/26/2026,
956,186.1,gf,3.780,mm,OK,--,6:47:43 PM,1/26/2026,
957,185.2,gf,3.780,mm,OK,--,6:47:43 PM,1/26/2026,
958,184.4,gf,3.780,mm,OK,--,6:47:43 PM,1/26/2026,
959,183.4,gf,3.780,mm,OK,--,6:47:43 PM,1/26/2026,
960,181.9,gf,3.775,mm,OK,--,6:47:43 PM,1/26/2026,
961,180.9,gf,3.775,mm,OK,--,6:47:43 PM,1/26/2026,
962,180.8,gf,3.775,mm,OK,--,6:47:43 PM,1/26/2026,
963,180.7,gf,3.775,mm,OK,--,6:47:43 PM,1/26/2026,
964,180.2,gf,3.775,mm,OK,--,6:47:43 PM,1/26/2026,
965,179.8,gf,3.775,mm,OK,--,6:47:44 PM,1/26/2026,
966,179.1,gf,3.775,mm,OK,--,6:47:44 PM,1/26/2026,
967,178.1,gf,3.775,mm,OK,--,6:47:44 PM,1/26/2026,
968,176.8,gf,3.770,mm,OK,--,6:47:44 PM,1/26/2026,
969,175.8,gf,3.770,mm,OK,--,6:47:44 PM,1/26/2026,
970,175.4,gf,3.770,mm,OK,--,6:47:44 PM,1/26/2026,
971,175.2,gf,3.770,mm,OK,--,6:47:44 PM,1/26/2026,
972,174.8,gf,3.770,mm,OK,--,6:47:44 PM,1/26/2026,
973,174.3,gf,3.770,mm,OK,--,6:47:44 PM,1/26/2026,
974,173.8,gf,3.770,mm,OK,--,6:47:44 PM,1/26/2026,
975,173.6,gf,3.770,mm,OK,--,6:47:45 PM,1/26/2026,
976,173.1,gf,3.770,mm,OK,--,6:47:45 PM,1/26/2026,
977,172.6,gf,3.770,mm,OK,--,6:47:45 PM,1/26/2026,
978,172.3,gf,3.770,mm,OK,--,6:47:45 PM,1/26/2026,
979,171.9,gf,3.770,mm,OK,--,6:47:45 PM,1/26/2026,
980,171.5,gf,3.765,mm,OK,--,6:47:45 PM,1/26/2026,
981,170.9,gf,3.765,mm,OK,--,6:47:45 PM,1/26/2026,
982,170.4,gf,3.765,mm,OK,--,6:47:45 PM,1/26/2026,
983,169.9,gf,3.765,mm,OK,--,6:47:45 PM,1/26/2026,
984,169.6,gf,3.765,mm,OK,--,6:47:45 PM,1/26/2026,
985,169.3,gf,3.765,mm,OK,--,6:47:46 PM,1/26/2026,
986,168.9,gf,3.765,mm,OK,--,6:47:46 PM,1/26/2026,
987,168.6,gf,3.765,mm,OK,--,6:47:46 PM,1/26/2026,
988,168.4,gf,3.765,mm,OK,--,6:47:46 PM,1/26/2026,
989,168.0,gf,3.765,mm,OK,--,6:47:46 PM,1/26/2026,
990,167.6,gf,3.765,mm,OK,--,6:47:46 PM,1/26/2026,
991,167.2,gf,3.765,mm,OK,--,6:47:46 PM,1/26/2026,
992,166.9,gf,3.760,mm,OK,--,6:47:46 PM,1/26/2026,
993,166.4,gf,3.760,mm,OK,--,6:47:46 PM,1/26/2026,
994,166.0,gf,3.760,mm,OK,--,6:47:46 PM,1/26/2026,
995,165.4,gf,3.760,mm,OK,--,6:47:47 PM,1/26/2026,
996,164.9,gf,3.760,mm,OK,--,6:47:47 PM,1/26/2026,
997,164.4,gf,3.760,mm,OK,--,6:47:47 PM,1/26/2026,
998,163.2,gf,3.760,mm,OK,--,6:47:47 PM,1/26/2026,
999,162.2,gf,3.760,mm,OK,--,6:47:47 PM,1/26/2026,
1000,161.6,gf,3.755,mm,OK,--,6:47:47 PM,1/26/2026,
1001,161.1,gf,3.755,mm,OK,--,6:47:47 PM,1/26/2026,
1002,160.5,gf,3.755,mm,OK,--,6:47:47 PM,1/26/2026,
1003,160.1,gf,3.755,mm,OK,--,6:47:47 PM,1/26/2026,
1004,159.5,gf,3.755,mm,OK,--,6:47:47 PM,1/26/2026,
1005,158.7,gf,3.755,mm,OK,--,6:47:48 PM,1/26/2026,
1006,157.8,gf,3.755,mm,OK,--,6:47:48 PM,1/26/2026,
1007,156.1,gf,3.750,mm,OK,--,6:47:48 PM,1/26/2026,
1008,154.1,gf,3.750,mm,OK,--,6:47:48 PM,1/26/2026,
1009,152.2,gf,3.750,mm,OK,--,6:47:48 PM,1/26/2026,
1010,150.7,gf,3.745,mm,OK,--,6:47:48 PM,1/26/2026,
1011,149.3,gf,3.745,mm,OK,--,6:47:48 PM,1/26/2026,
1012,147.6,gf,3.745,mm,OK,--,6:47:48 PM,1/26/2026,
1013,145.0,gf,3.740,mm,OK,--,6:47:48 PM,1/26/2026,
1014,142.2,gf,3.740,mm,OK,--,6:47:48 PM,1/26/2026,
1015,139.6,gf,3.735,mm,OK,--,6:47:49 PM,1/26/2026,
1016,137.2,gf,3.735,mm,OK,--,6:47:49 PM,1/26/2026,
1017,135.1,gf,3.735,mm,OK,--,6:47:49 PM,1/26/2026,
1018,133.8,gf,3.730,mm,OK,--,6:47:49 PM,1/26/2026,
1019,132.6,gf,3.730,mm,OK,--,6:47:49 PM,1/26/2026,
1020,131.1,gf,3.730,mm,OK,--,6:47:49 PM,1/26/2026,
1021,129.0,gf,3.725,mm,OK,--,6:47:49 PM,1/26/2026,
1022,126.9,gf,3.725,mm,OK,--,6:47:49 PM,1/26/2026,
1023,125.2,gf,3.725,mm,OK,--,6:47:49 PM,1/26/2026,
1024,123.8,gf,3.720,mm,OK,--,6:47:49 PM,1/26/2026,
1025,122.7,gf,3.720,mm,OK,--,6:47:50 PM,1/26/2026,
1026,121.1,gf,3.720,mm,OK,--,6:47:50 PM,1/26/2026,
1027,119.6,gf,3.720,mm,OK,--,6:47:50 PM,1/26/2026,
1028,118.3,gf,3.715,mm,OK,--,6:47:50 PM,1/26/2026,
1029,117.0,gf,3.715,mm,OK,--,6:47:50 PM,1/26/2026,
1030,115.8,gf,3.715,mm,OK,--,6:47:50 PM,1/26/2026,
1031,114.8,gf,3.715,mm,OK,--,6:47:50 PM,1/26/2026,
1032,113.6,gf,3.710,mm,OK,--,6:47:50 PM,1/26/2026,
1033,111.7,gf,3.710,mm,OK,--,6:47:50 PM,1/26/2026,
1034,110.4,gf,3.710,mm,OK,--,6:47:50 PM,1/26/2026,
1035,109.5,gf,3.710,mm,OK,--,6:47:51 PM,1/26/2026,
1036,108.7,gf,3.705,mm,OK,--,6:47:51 PM,1/26/2026,
1037,107.1,gf,3.705,mm,OK,--,6:47:51 PM,1/26/2026,
1038,104.4,gf,3.705,mm,OK,--,6:47:51 PM,1/26/2026,
1039,101.7,gf,3.700,mm,OK,--,6:47:51 PM,1/26/2026,
1040,99.4,gf,3.700,mm,OK,--,6:47:51 PM,1/26/2026,
1041,97.4,gf,3.695,mm,OK,--,6:47:51 PM,1/26/2026,
1042,95.2,gf,3.695,mm,OK,--,6:47:51 PM,1/26/2026,
1043,92.7,gf,3.690,mm,OK,--,6:47:51 PM,1/26/2026,
1044,90.5,gf,3.690,mm,OK,--,6:47:51 PM,1/26/2026,
1045,88.0,gf,3.685,mm,OK,--,6:47:52 PM,1/26/2026,
1046,85.1,gf,3.685,mm,OK,--,6:47:52 PM,1/26/2026,
1047,81.6,gf,3.680,mm,OK,--,6:47:52 PM,1/26/2026,
1048,77.2,gf,3.675,mm,OK,--,6:47:52 PM,1/26/2026,
1049,72.3,gf,3.670,mm,OK,--,6:47:52 PM,1/26/2026,
1050,67.5,gf,3.665,mm,OK,--,6:47:52 PM,1/26/2026,
1051,63.2,gf,3.660,mm,OK,--,6:47:52 PM,1/26/2026,
1052,59.8,gf,3.655,mm,OK,--,6:47:52 PM,1/26/2026,
1053,59.3,gf,3.650,mm,OK,--,6:47:52 PM,1/26/2026,
1054,59.3,gf,3.650,mm,OK,--,6:47:52 PM,1/26/2026,
1055,59.2,gf,3.645,mm,OK,--,6:47:53 PM,1/26/2026,
1056,59.2,gf,3.640,mm,OK,--,6:47:53 PM,1/26/2026,
1057,59.1,gf,3.635,mm,OK,--,6:47:53 PM,1/26/2026,
1058,59.2,gf,3.630,mm,OK,--,6:47:53 PM,1/26/2026,
1059,59.2,gf,3.625,mm,OK,--,6:47:53 PM,1/26/2026,
1060,59.1,gf,3.625,mm,OK,--,6:47:53 PM,1/26/2026,
1061,59.1,gf,3.620,mm,OK,--,6:47:53 PM,1/26/2026,
1062,59.1,gf,3.615,mm,OK,--,6:47:53 PM,1/26/2026,
1063,59.1,gf,3.615,mm,OK,--,6:47:53 PM,1/26/2026,
1064,59.1,gf,3.610,mm,OK,--,6:47:53 PM,1/26/2026,
1065,59.1,gf,3.605,mm,OK,--,6:47:54 PM,1/26/2026,
1066,59.0,gf,3.600,mm,OK,--,6:47:54 PM,1/26/2026,
1067,58.9,gf,3.595,mm,OK,--,6:47:54 PM,1/26/2026,
1068,58.9,gf,3.595,mm,OK,--,6:47:54 PM,1/26/2026,
1069,58.9,gf,3.590,mm,OK,--,6:47:54 PM,1/26/2026,
1070,58.9,gf,3.585,mm,OK,--,6:47:54 PM,1/26/2026,
1071,58.9,gf,3.580,mm,OK,--,6:47:54 PM,1/26/2026,
1072,58.9,gf,3.580,mm,OK,--,6:47:54 PM,1/26/2026,
1073,58.8,gf,3.575,mm,OK,--,6:47:54 PM,1/26/2026,
1074,58.8,gf,3.570,mm,OK,--,6:47:54 PM,1/26/2026,
1075,58.7,gf,3.560,mm,OK,--,6:47:55 PM,1/26/2026,
1076,58.8,gf,3.555,mm,OK,--,6:47:55 PM,1/26/2026,
1077,58.7,gf,3.545,mm,OK,--,6:47:55 PM,1/26/2026,
1078,58.6,gf,3.540,mm,OK,--,6:47:55 PM,1/26/2026,
1079,58.6,gf,3.540,mm,OK,--,6:47:55 PM,1/26/2026,
1080,58.6,gf,3.535,mm,OK,--,6:47:55 PM,1/26/2026,
1081,58.6,gf,3.530,mm,OK,--,6:47:55 PM,1/26/2026,
1082,58.5,gf,3.525,mm,OK,--,6:47:55 PM,1/26/2026,
1083,58.5,gf,3.520,mm,OK,--,6:47:55 PM,1/26/2026,
1084,58.4,gf,3.515,mm,OK,--,6:47:55 PM,1/26/2026,
1085,58.4,gf,3.505,mm,OK,--,6:47:56 PM,1/26/2026,
1086,58.4,gf,3.500,mm,OK,--,6:47:56 PM,1/26/2026,
1087,58.3,gf,3.495,mm,OK,--,6:47:56 PM,1/26/2026,
1088,58.3,gf,3.490,mm,OK,--,6:47:56 PM,1/26/2026,
1089,58.3,gf,3.480,mm,OK,--,6:47:56 PM,1/26/2026,
1090,58.2,gf,3.475,mm,OK,--,6:47:56 PM,1/26/2026,
1091,58.2,gf,3.470,mm,OK,--,6:47:56 PM,1/26/2026,
1092,58.1,gf,3.470,mm,OK,--,6:47:56 PM,1/26/2026,
1093,58.1,gf,3.465,mm,OK,--,6:47:56 PM,1/26/2026,
1094,58.1,gf,3.460,mm,OK,--,6:47:56 PM,1/26/2026,
1095,58.1,gf,3.455,mm,OK,--,6:47:57 PM,1/26/2026,
1096,58.1,gf,3.455,mm,OK,--,6:47:57 PM,1/26/2026,
1097,58.0,gf,3.450,mm,OK,--,6:47:57 PM,1/26/2026,
1098,58.0,gf,3.450,mm,OK,--,6:47:57 PM,1/26/2026,
1099,57.9,gf,3.445,mm,OK,--,6:47:57 PM,1/26/2026,
1100,57.9,gf,3.435,mm,OK,--,6:47:57 PM,1/26/2026,
1101,57.9,gf,3.430,mm,OK,--,6:47:57 PM,1/26/2026,
1102,57.9,gf,3.430,mm,OK,--,6:47:57 PM,1/26/2026,
1103,57.9,gf,3.425,mm,OK,--,6:47:57 PM,1/26/2026,
1104,57.8,gf,3.425,mm,OK,--,6:47:57 PM,1/26/2026,
1105,57.8,gf,3.420,mm,OK,--,6:47:58 PM,1/26/2026,
1106,57.8,gf,3.415,mm,OK,--,6:47:58 PM,1/26/2026,
1107,57.8,gf,3.410,mm,OK,--,6:47:58 PM,1/26/2026,
1108,57.7,gf,3.400,mm,OK,--,6:47:58 PM,1/26/2026,
1109,57.7,gf,3.395,mm,OK,--,6:47:58 PM,1/26/2026,
1110,57.7,gf,3.390,mm,OK,--,6:47:58 PM,1/26/2026,
1111,57.6,gf,3.385,mm,OK,--,6:47:58 PM,1/26/2026,
1112,57.6,gf,3.380,mm,OK,--,6:47:58 PM,1/26/2026,
1113,57.6,gf,3.375,mm,OK,--,6:47:58 PM,1/26/2026,
1114,57.5,gf,3.370,mm,OK,--,6:47:58 PM,1/26/2026,
1115,57.5,gf,3.365,mm,OK,--,6:47:59 PM,1/26/2026,
1116,57.4,gf,3.360,mm,OK,--,6:47:59 PM,1/26/2026,
1117,57.5,gf,3.355,mm,OK,--,6:47:59 PM,1/26/2026,
1118,57.4,gf,3.350,mm,OK,--,6:47:59 PM,1/26/2026,
1119,57.4,gf,3.345,mm,OK,--,6:47:59 PM,1/26/2026,
1120,57.3,gf,3.335,mm,OK,--,6:47:59 PM,1/26/2026,
1121,57.2,gf,3.330,mm,OK,--,6:47:59 PM,1/26/2026,
1122,57.2,gf,3.320,mm,OK,--,6:47:59 PM,1/26/2026,
1123,57.0,gf,3.300,mm,OK,--,6:47:59 PM,1/26/2026,
1124,57.0,gf,3.290,mm,OK,--,6:47:59 PM,1/26/2026,
1125,57.0,gf,3.285,mm,OK,--,6:48:00 PM,1/26/2026,
1126,57.0,gf,3.285,mm,OK,--,6:48:00 PM,1/26/2026,
1127,56.9,gf,3.280,mm,OK,--,6:48:00 PM,1/26/2026,
1128,56.9,gf,3.275,mm,OK,--,6:48:00 PM,1/26/2026,
1129,56.9,gf,3.270,mm,OK,--,6:48:00 PM,1/26/2026,
1130,56.9,gf,3.265,mm,OK,--,6:48:00 PM,1/26/2026,
1131,56.8,gf,3.260,mm,OK,--,6:48:00 PM,1/26/2026,
1132,56.8,gf,3.260,mm,OK,--,6:48:00 PM,1/26/2026,
1133,56.8,gf,3.255,mm,OK,--,6:48:00 PM,1/26/2026,
1134,56.7,gf,3.250,mm,OK,--,6:48:00 PM,1/26/2026,
1135,56.7,gf,3.245,mm,OK,--,6:48:01 PM,1/26/2026,
1136,56.6,gf,3.240,mm,OK,--,6:48:01 PM,1/26/2026,
1137,56.6,gf,3.235,mm,OK,--,6:48:01 PM,1/26/2026,
1138,56.6,gf,3.230,mm,OK,--,6:48:01 PM,1/26/2026,
1139,56.6,gf,3.225,mm,OK,--,6:48:01 PM,1/26/2026,
1140,56.6,gf,3.220,mm,OK,--,6:48:01 PM,1/26/2026,
1141,56.5,gf,3.210,mm,OK,--,6:48:01 PM,1/26/2026,
1142,56.4,gf,3.200,mm,OK,--,6:48:01 PM,1/26/2026,
1143,56.4,gf,3.195,mm,OK,--,6:48:01 PM,1/26/2026,
1144,56.4,gf,3.190,mm,OK,--,6:48:01 PM,1/26/2026,
1145,56.4,gf,3.185,mm,OK,--,6:48:02 PM,1/26/2026,
1146,56.3,gf,3.180,mm,OK,--,6:48:02 PM,1/26/2026,
1147,56.3,gf,3.175,mm,OK,--,6:48:02 PM,1/26/2026,
1148,56.3,gf,3.165,mm,OK,--,6:48:02 PM,1/26/2026,
1149,56.2,gf,3.160,mm,OK,--,6:48:02 PM,1/26/2026,
1150,56.1,gf,3.155,mm,OK,--,6:48:02 PM,1/26/2026,
1151,56.1,gf,3.150,mm,OK,--,6:48:02 PM,1/26/2026,
1152,56.0,gf,3.145,mm,OK,--,6:48:02 PM,1/26/2026,
1153,56.1,gf,3.140,mm,OK,--,6:48:02 PM,1/26/2026,
1154,56.0,gf,3.135,mm,OK,--,6:48:02 PM,1/26/2026,
1155,56.0,gf,3.135,mm,OK,--,6:48:03 PM,1/26/2026,
1156,56.1,gf,3.130,mm,OK,--,6:48:03 PM,1/26/2026,
1157,56.0,gf,3.130,mm,OK,--,6:48:03 PM,1/26/2026,
1158,56.0,gf,3.125,mm,OK,--,6:48:03 PM,1/26/2026,
1159,56.0,gf,3.125,mm,OK,--,6:48:03 PM,1/26/2026,
1160,56.0,gf,3.120,mm,OK,--,6:48:03 PM,1/26/2026,
1161,55.9,gf,3.115,mm,OK,--,6:48:03 PM,1/26/2026,
1162,55.9,gf,3.110,mm,OK,--,6:48:03 PM,1/26/2026,
1163,55.8,gf,3.105,mm,OK,--,6:48:03 PM,1/26/2026,
1164,55.8,gf,3.100,mm,OK,--,6:48:03 PM,1/26/2026,
1165,55.8,gf,3.100,mm,OK,--,6:48:04 PM,1/26/2026,
1166,55.8,gf,3.095,mm,OK,--,6:48:04 PM,1/26/2026,
1167,55.9,gf,3.090,mm,OK,--,6:48:04 PM,1/26/2026,
1168,55.7,gf,3.085,mm,OK,--,6:48:04 PM,1/26/2026,
1169,55.7,gf,3.080,mm,OK,--,6:48:04 PM,1/26/2026,
1170,55.6,gf,3.080,mm,OK,--,6:48:04 PM,1/26/2026,
1171,55.7,gf,3.075,mm,OK,--,6:48:04 PM,1/26/2026,
1172,55.6,gf,3.075,mm,OK,--,6:48:04 PM,1/26/2026,
1173,55.6,gf,3.070,mm,OK,--,6:48:04 PM,1/26/2026,
1174,55.6,gf,3.070,mm,OK,--,6:48:04 PM,1/26/2026,
1175,55.6,gf,3.065,mm,OK,--,6:48:05 PM,1/26/2026,
1176,55.6,gf,3.060,mm,OK,--,6:48:05 PM,1/26/2026,
1177,55.6,gf,3.060,mm,OK,--,6:48:05 PM,1/26/2026,
1178,55.5,gf,3.055,mm,OK,--,6:48:05 PM,1/26/2026,
1179,55.5,gf,3.050,mm,OK,--,6:48:05 PM,1/26/2026,
1180,55.4,gf,3.045,mm,OK,--,6:48:05 PM,1/26/2026,
1181,55.4,gf,3.040,mm,OK,--,6:48:05 PM,1/26/2026,
1182,55.3,gf,3.030,mm,OK,--,6:48:05 PM,1/26/2026,
1183,55.3,gf,3.020,mm,OK,--,6:48:05 PM,1/26/2026,
1184,55.2,gf,3.005,mm,OK,--,6:48:05 PM,1/26/2026,
1185,55.1,gf,2.995,mm,OK,--,6:48:06 PM,1/26/2026,
1186,55.0,gf,2.985,mm,OK,--,6:48:06 PM,1/26/2026,
1187,55.0,gf,2.980,mm,OK,--,6:48:06 PM,1/26/2026,
1188,55.0,gf,2.970,mm,OK,--,6:48:06 PM,1/26/2026,
1189,54.8,gf,2.960,mm,OK,--,6:48:06 PM,1/26/2026,
1190,54.8,gf,2.955,mm,OK,--,6:48:06 PM,1/26/2026,
1191,54.8,gf,2.945,mm,OK,--,6:48:06 PM,1/26/2026,
1192,54.8,gf,2.940,mm,OK,--,6:48:06 PM,1/26/2026,
1193,54.7,gf,2.935,mm,OK,--,6:48:06 PM,1/26/2026,
1194,54.7,gf,2.930,mm,OK,--,6:48:06 PM,1/26/2026,
1195,54.7,gf,2.925,mm,OK,--,6:48:07 PM,1/26/2026,
1196,54.7,gf,2.915,mm,OK,--,6:48:07 PM,1/26/2026,
1197,54.6,gf,2.910,mm,OK,--,6:48:07 PM,1/26/2026,
1198,54.5,gf,2.900,mm,OK,--,6:48:07 PM,1/26/2026,
1199,54.5,gf,2.890,mm,OK,--,6:48:07 PM,1/26/2026,
1200,54.4,gf,2.885,mm,OK,--,6:48:07 PM,1/26/2026,
1201,54.4,gf,2.880,mm,OK,--,6:48:07 PM,1/26/2026,
1202,54.4,gf,2.875,mm,OK,--,6:48:07 PM,1/26/2026,
1203,54.3,gf,2.865,mm,OK,--,6:48:07 PM,1/26/2026,
1204,54.3,gf,2.860,mm,OK,--,6:48:07 PM,1/26/2026,
1205,54.2,gf,2.855,mm,OK,--,6:48:08 PM,1/26/2026,
1206,54.2,gf,2.855,mm,OK,--,6:48:08 PM,1/26/2026,
1207,54.2,gf,2.850,mm,OK,--,6:48:08 PM,1/26/2026,
1208,54.2,gf,2.845,mm,OK,--,6:48:08 PM,1/26/2026,
1209,54.1,gf,2.845,mm,OK,--,6:48:08 PM,1/26/2026,
1210,54.2,gf,2.840,mm,OK,--,6:48:08 PM,1/26/2026,
1211,54.1,gf,2.830,mm,OK,--,6:48:08 PM,1/26/2026,
1212,53.9,gf,2.825,mm,OK,--,6:48:08 PM,1/26/2026,
1213,54.0,gf,2.820,mm,OK,--,6:48:08 PM,1/26/2026,
1214,53.9,gf,2.815,mm,OK,--,6:48:08 PM,1/26/2026,
1215,53.9,gf,2.805,mm,OK,--,6:48:09 PM,1/26/2026,
1216,53.8,gf,2.795,mm,OK,--,6:48:09 PM,1/26/2026,
1217,53.8,gf,2.790,mm,OK,--,6:48:09 PM,1/26/2026,
1218,53.7,gf,2.785,mm,OK,--,6:48:09 PM,1/26/2026,
1219,53.7,gf,2.780,mm,OK,--,6:48:09 PM,1/26/2026,
1220,53.6,gf,2.775,mm,OK,--,6:48:09 PM,1/26/2026,
1221,53.6,gf,2.770,mm,OK,--,6:48:09 PM,1/26/2026,
1222,53.6,gf,2.765,mm,OK,--,6:48:09 PM,1/26/2026,
1223,53.5,gf,2.760,mm,OK,--,6:48:09 PM,1/26/2026,
1224,53.5,gf,2.755,mm,OK,--,6:48:09 PM,1/26/2026,
1225,53.6,gf,2.755,mm,OK,--,6:48:10 PM,1/26/2026,
1226,53.5,gf,2.750,mm,OK,--,6:48:10 PM,1/26/2026,
1227,53.4,gf,2.745,mm,OK,--,6:48:10 PM,1/26/2026,
1228,53.4,gf,2.745,mm,OK,--,6:48:10 PM,1/26/2026,
1229,53.4,gf,2.740,mm,OK,--,6:48:10 PM,1/26/2026,
1230,53.4,gf,2.735,mm,OK,--,6:48:10 PM,1/26/2026,
1231,53.4,gf,2.730,mm,OK,--,6:48:10 PM,1/26/2026,
1232,53.4,gf,2.730,mm,OK,--,6:48:10 PM,1/26/2026,
1233,53.3,gf,2.725,mm,OK,--,6:48:10 PM,1/26/2026,
1234,53.3,gf,2.720,mm,OK,--,6:48:10 PM,1/26/2026,
1235,53.3,gf,2.720,mm,OK,--,6:48:11 PM,1/26/2026,
1236,53.3,gf,2.715,mm,OK,--,6:48:11 PM,1/26/2026,
1237,53.2,gf,2.710,mm,OK,--,6:48:11 PM,1/26/2026,
1238,53.2,gf,2.705,mm,OK,--,6:48:11 PM,1/26/2026,
1239,53.2,gf,2.705,mm,OK,--,6:48:11 PM,1/26/2026,
1240,53.1,gf,2.700,mm,OK,--,6:48:11 PM,1/26/2026,
1241,53.1,gf,2.695,mm,OK,--,6:48:11 PM,1/26/2026,
1242,53.1,gf,2.695,mm,OK,--,6:48:11 PM,1/26/2026,
1243,53.2,gf,2.690,mm,OK,--,6:48:11 PM,1/26/2026,
1244,53.1,gf,2.690,mm,OK,--,6:48:11 PM,1/26/2026,
1245,53.1,gf,2.685,mm,OK,--,6:48:12 PM,1/26/2026,
1246,53.0,gf,2.680,mm,OK,--,6:48:12 PM,1/26/2026,
1247,53.1,gf,2.675,mm,OK,--,6:48:12 PM,1/26/2026,
1248,52.9,gf,2.670,mm,OK,--,6:48:12 PM,1/26/2026,
1249,52.9,gf,2.660,mm,OK,--,6:48:12 PM,1/26/2026,
1250,52.8,gf,2.655,mm,OK,--,6:48:12 PM,1/26/2026,
1251,52.9,gf,2.655,mm,OK,--,6:48:12 PM,1/26/2026,
1252,52.8,gf,2.650,mm,OK,--,6:48:12 PM,1/26/2026,
1253,52.8,gf,2.645,mm,OK,--,6:48:12 PM,1/26/2026,
1254,52.8,gf,2.645,mm,OK,--,6:48:12 PM,1/26/2026,
1255,52.7,gf,2.640,mm,OK,--,6:48:13 PM,1/26/2026,
1256,52.7,gf,2.635,mm,OK,--,6:48:13 PM,1/26/2026,
1257,52.7,gf,2.630,mm,OK,--,6:48:13 PM,1/26/2026,
1258,52.7,gf,2.630,mm,OK,--,6:48:13 PM,1/26/2026,
1259,52.7,gf,2.630,mm,OK,--,6:48:13 PM,1/26/2026,
1260,52.7,gf,2.625,mm,OK,--,6:48:13 PM,1/26/2026,
1261,52.6,gf,2.625,mm,OK,--,6:48:13 PM,1/26/2026,
1262,52.7,gf,2.620,mm,OK,--,6:48:13 PM,1/26/2026,
1263,52.6,gf,2.620,mm,OK,--,6:48:13 PM,1/26/2026,
1264,52.6,gf,2.615,mm,OK,--,6:48:13 PM,1/26/2026,
1265,52.6,gf,2.610,mm,OK,--,6:48:14 PM,1/26/2026,
1266,52.5,gf,2.605,mm,OK,--,6:48:14 PM,1/26/2026,
1267,52.5,gf,2.605,mm,OK,--,6:48:14 PM,1/26/2026,
1268,52.5,gf,2.605,mm,OK,--,6:48:14 PM,1/26/2026,
1269,52.5,gf,2.600,mm,OK,--,6:48:14 PM,1/26/2026,
1270,52.5,gf,2.600,mm,OK,--,6:48:14 PM,1/26/2026,
1271,52.5,gf,2.595,mm,OK,--,6:48:14 PM,1/26/2026,
1272,52.4,gf,2.590,mm,OK,--,6:48:14 PM,1/26/2026,
1273,52.4,gf,2.585,mm,OK,--,6:48:14 PM,1/26/2026,
1274,52.3,gf,2.575,mm,OK,--,6:48:14 PM,1/26/2026,
1275,52.3,gf,2.570,mm,OK,--,6:48:15 PM,1/26/2026,
1276,52.2,gf,2.560,mm,OK,--,6:48:15 PM,1/26/2026,
1277,52.3,gf,2.555,mm,OK,--,6:48:15 PM,1/26/2026,
1278,52.2,gf,2.555,mm,OK,--,6:48:15 PM,1/26/2026,
1279,52.1,gf,2.550,mm,OK,--,6:48:15 PM,1/26/2026,
1280,52.2,gf,2.545,mm,OK,--,6:48:15 PM,1/26/2026,
1281,52.1,gf,2.545,mm,OK,--,6:48:15 PM,1/26/2026,
1282,52.1,gf,2.540,mm,OK,--,6:48:15 PM,1/26/2026,
1283,52.1,gf,2.540,mm,OK,--,6:48:15 PM,1/26/2026,
1284,52.1,gf,2.535,mm,OK,--,6:48:15 PM,1/26/2026,
1285,52.1,gf,2.530,mm,OK,--,6:48:16 PM,1/26/2026,
1286,52.0,gf,2.525,mm,OK,--,6:48:16 PM,1/26/2026,
1287,52.0,gf,2.525,mm,OK,--,6:48:16 PM,1/26/2026,
1288,52.0,gf,2.520,mm,OK,--,6:48:16 PM,1/26/2026,
1289,51.9,gf,2.515,mm,OK,--,6:48:16 PM,1/26/2026,
1290,51.9,gf,2.510,mm,OK,--,6:48:16 PM,1/26/2026,
1291,51.8,gf,2.510,mm,OK,--,6:48:16 PM,1/26/2026,
1292,51.9,gf,2.505,mm,OK,--,6:48:16 PM,1/26/2026,
1293,51.8,gf,2.500,mm,OK,--,6:48:16 PM,1/26/2026,
1294,51.8,gf,2.495,mm,OK,--,6:48:16 PM,1/26/2026,
1295,51.8,gf,2.490,mm,OK,--,6:48:17 PM,1/26/2026,
1296,51.7,gf,2.485,mm,OK,--,6:48:17 PM,1/26/2026,
1297,51.7,gf,2.480,mm,OK,--,6:48:17 PM,1/26/2026,
1298,51.6,gf,2.470,mm,OK,--,6:48:17 PM,1/26/2026,
1299,51.6,gf,2.465,mm,OK,--,6:48:17 PM,1/26/2026,
1300,51.5,gf,2.460,mm,OK,--,6:48:17 PM,1/26/2026,
1301,51.5,gf,2.455,mm,OK,--,6:48:17 PM,1/26/2026,
1302,51.4,gf,2.445,mm,OK,--,6:48:17 PM,1/26/2026,
1303,51.4,gf,2.430,mm,OK,--,6:48:17 PM,1/26/2026,
1304,51.2,gf,2.415,mm,OK,--,6:48:17 PM,1/26/2026,
1305,51.2,gf,2.410,mm,OK,--,6:48:18 PM,1/26/2026,
1306,51.2,gf,2.400,mm,OK,--,6:48:18 PM,1/26/2026,
1307,51.2,gf,2.395,mm,OK,--,6:48:18 PM,1/26/2026,
1308,51.1,gf,2.395,mm,OK,--,6:48:18 PM,1/26/2026,
1309,51.1,gf,2.390,mm,OK,--,6:48:18 PM,1/26/2026,
1310,51.1,gf,2.390,mm,OK,--,6:48:18 PM,1/26/2026,
1311,51.0,gf,2.385,mm,OK,--,6:48:18 PM,1/26/2026,
1312,51.0,gf,2.380,mm,OK,--,6:48:18 PM,1/26/2026,
1313,51.0,gf,2.375,mm,OK,--,6:48:18 PM,1/26/2026,
1314,51.0,gf,2.375,mm,OK,--,6:48:18 PM,1/26/2026,
1315,50.9,gf,2.370,mm,OK,--,6:48:19 PM,1/26/2026,
1316,50.8,gf,2.365,mm,OK,--,6:48:19 PM,1/26/2026,
1317,51.0,gf,2.355,mm,OK,--,6:48:19 PM,1/26/2026,
1318,50.8,gf,2.350,mm,OK,--,6:48:19 PM,1/26/2026,
1319,50.7,gf,2.340,mm,OK,--,6:48:19 PM,1/26/2026,
1320,50.7,gf,2.330,mm,OK,--,6:48:19 PM,1/26/2026,
1321,50.7,gf,2.325,mm,OK,--,6:48:19 PM,1/26/2026,
1322,50.6,gf,2.320,mm,OK,--,6:48:19 PM,1/26/2026,
1323,50.6,gf,2.320,mm,OK,--,6:48:19 PM,1/26/2026,
1324,50.6,gf,2.315,mm,OK,--,6:48:19 PM,1/26/2026,
1325,50.5,gf,2.315,mm,OK,--,6:48:20 PM,1/26/2026,
1326,50.6,gf,2.315,mm,OK,--,6:48:20 PM,1/26/2026,
1327,50.6,gf,2.310,mm,OK,--,6:48:20 PM,1/26/2026,
1328,50.6,gf,2.305,mm,OK,--,6:48:20 PM,1/26/2026,
1329,50.5,gf,2.300,mm,OK,--,6:48:20 PM,1/26/2026,
1330,50.5,gf,2.290,mm,OK,--,6:48:20 PM,1/26/2026,
1331,50.4,gf,2.285,mm,OK,--,6:48:20 PM,1/26/2026,
1332,50.4,gf,2.285,mm,OK,--,6:48:20 PM,1/26/2026,
1333,50.4,gf,2.280,mm,OK,--,6:48:20 PM,1/26/2026,
1334,50.3,gf,2.280,mm,OK,--,6:48:20 PM,1/26/2026,
1335,50.4,gf,2.280,mm,OK,--,6:48:21 PM,1/26/2026,
1336,50.3,gf,2.275,mm,OK,--,6:48:21 PM,1/26/2026,
1337,50.3,gf,2.275,mm,OK,--,6:48:21 PM,1/26/2026,
1338,50.3,gf,2.275,mm,OK,--,6:48:21 PM,1/26/2026,
1339,50.3,gf,2.275,mm,OK,--,6:48:21 PM,1/26/2026,
1340,50.3,gf,2.270,mm,OK,--,6:48:21 PM,1/26/2026,
1341,50.3,gf,2.270,mm,OK,--,6:48:21 PM,1/26/2026,
1342,50.3,gf,2.270,mm,OK,--,6:48:21 PM,1/26/2026,
1343,50.3,gf,2.265,mm,OK,--,6:48:21 PM,1/26/2026,
1344,50.3,gf,2.260,mm,OK,--,6:48:21 PM,1/26/2026,
1345,50.2,gf,2.255,mm,OK,--,6:48:22 PM,1/26/2026,
1346,50.1,gf,2.250,mm,OK,--,6:48:22 PM,1/26/2026,
1347,50.1,gf,2.245,mm,OK,--,6:48:22 PM,1/26/2026,
1348,50.1,gf,2.245,mm,OK,--,6:48:22 PM,1/26/2026,
1349,50.1,gf,2.240,mm,OK,--,6:48:22 PM,1/26/2026,
1350,50.1,gf,2.235,mm,OK,--,6:48:22 PM,1/26/2026,
1351,50.1,gf,2.235,mm,OK,--,6:48:22 PM,1/26/2026,
1352,50.0,gf,2.225,mm,OK,--,6:48:22 PM,1/26/2026,
1353,49.9,gf,2.220,mm,OK,--,6:48:22 PM,1/26/2026,
1354,49.9,gf,2.215,mm,OK,--,6:48:22 PM,1/26/2026,
1355,49.9,gf,2.205,mm,OK,--,6:48:23 PM,1/26/2026,
1356,49.8,gf,2.200,mm,OK,--,6:48:23 PM,1/26/2026,
1357,49.7,gf,2.190,mm,OK,--,6:48:23 PM,1/26/2026,
1358,49.7,gf,2.180,mm,OK,--,6:48:23 PM,1/26/2026,
1359,49.7,gf,2.175,mm,OK,--,6:48:23 PM,1/26/2026,
1360,49.6,gf,2.170,mm,OK,--,6:48:23 PM,1/26/2026,
1361,49.5,gf,2.160,mm,OK,--,6:48:23 PM,1/26/2026,
1362,49.5,gf,2.155,mm,OK,--,6:48:23 PM,1/26/2026,
1363,49.5,gf,2.150,mm,OK,--,6:48:23 PM,1/26/2026,
1364,49.4,gf,2.145,mm,OK,--,6:48:23 PM,1/26/2026,
1365,49.4,gf,2.145,mm,OK,--,6:48:24 PM,1/26/2026,
1366,49.4,gf,2.140,mm,OK,--,6:48:24 PM,1/26/2026,
1367,49.4,gf,2.135,mm,OK,--,6:48:24 PM,1/26/2026,
1368,49.4,gf,2.130,mm,OK,--,6:48:24 PM,1/26/2026,
1369,49.4,gf,2.130,mm,OK,--,6:48:24 PM,1/26/2026,
1370,49.3,gf,2.125,mm,OK,--,6:48:24 PM,1/26/2026,
1371,49.3,gf,2.125,mm,OK,--,6:48:24 PM,1/26/2026,
1372,49.3,gf,2.120,mm,OK,--,6:48:24 PM,1/26/2026,
1373,49.3,gf,2.115,mm,OK,--,6:48:24 PM,1/26/2026,
1374,49.3,gf,2.115,mm,OK,--,6:48:24 PM,1/26/2026,
1375,49.2,gf,2.110,mm,OK,--,6:48:25 PM,1/26/2026,
1376,49.1,gf,2.100,mm,OK,--,6:48:25 PM,1/26/2026,
1377,49.1,gf,2.095,mm,OK,--,6:48:25 PM,1/26/2026,
1378,49.1,gf,2.085,mm,OK,--,6:48:25 PM,1/26/2026,
1379,49.0,gf,2.075,mm,OK,--,6:48:25 PM,1/26/2026,
1380,49.0,gf,2.070,mm,OK,--,6:48:25 PM,1/26/2026,
1381,49.0,gf,2.065,mm,OK,--,6:48:25 PM,1/26/2026,
1382,48.9,gf,2.065,mm,OK,--,6:48:25 PM,1/26/2026,
1383,48.8,gf,2.060,mm,OK,--,6:48:25 PM,1/26/2026,
1384,48.8,gf,2.055,mm,OK,--,6:48:25 PM,1/26/2026,
1385,48.8,gf,2.050,mm,OK,--,6:48:26 PM,1/26/2026,
1386,48.7,gf,2.045,mm,OK,--,6:48:26 PM,1/26/2026,
1387,48.7,gf,2.040,mm,OK,--,6:48:26 PM,1/26/2026,
1388,48.7,gf,2.040,mm,OK,--,6:48:26 PM,1/26/2026,
1389,48.7,gf,2.035,mm,OK,--,6:48:26 PM,1/26/2026,
1390,48.6,gf,2.030,mm,OK,--,6:48:26 PM,1/26/2026,
1391,48.6,gf,2.025,mm,OK,--,6:48:26 PM,1/26/2026,
1392,48.7,gf,2.025,mm,OK,--,6:48:26 PM,1/26/2026,
1393,48.6,gf,2.020,mm,OK,--,6:48:26 PM,1/26/2026,
1394,48.5,gf,2.020,mm,OK,--,6:48:26 PM,1/26/2026,
1395,48.5,gf,2.015,mm,OK,--,6:48:27 PM,1/26/2026,
1396,48.5,gf,2.010,mm,OK,--,6:48:27 PM,1/26/2026,
1397,48.5,gf,2.010,mm,OK,--,6:48:27 PM,1/26/2026,
1398,48.5,gf,2.010,mm,OK,--,6:48:27 PM,1/26/2026,
1399,48.5,gf,2.005,mm,OK,--,6:48:27 PM,1/26/2026,
1400,48.5,gf,2.005,mm,OK,--,6:48:27 PM,1/26/2026,
1401,48.5,gf,2.005,mm,OK,--,6:48:27 PM,1/26/2026,
1402,48.5,gf,2.000,mm,OK,--,6:48:27 PM,1/26/2026,
1403,48.5,gf,2.000,mm,OK,--,6:48:27 PM,1/26/2026,
1404,48.4,gf,1.995,mm,OK,--,6:48:27 PM,1/26/2026,
1405,48.4,gf,1.995,mm,OK,--,6:48:28 PM,1/26/2026,
1406,48.4,gf,1.985,mm,OK,--,6:48:28 PM,1/26/2026,
1407,48.3,gf,1.980,mm,OK,--,6:48:28 PM,1/26/2026,
1408,48.2,gf,1.970,mm,OK,--,6:48:28 PM,1/26/2026,
1409,48.1,gf,1.965,mm,OK,--,6:48:28 PM,1/26/2026,
1410,48.1,gf,1.955,mm,OK,--,6:48:28 PM,1/26/2026,
1411,48.1,gf,1.950,mm,OK,--,6:48:28 PM,1/26/2026,
1412,48.0,gf,1.950,mm,OK,--,6:48:28 PM,1/26/2026,
1413,48.1,gf,1.945,mm,OK,--,6:48:28 PM,1/26/2026,
1414,48.0,gf,1.940,mm,OK,--,6:48:28 PM,1/26/2026,
1415,48.0,gf,1.940,mm,OK,--,6:48:29 PM,1/26/2026,
1416,48.0,gf,1.935,mm,OK,--,6:48:29 PM,1/26/2026,
1417,47.9,gf,1.930,mm,OK,--,6:48:29 PM,1/26/2026,
1418,47.9,gf,1.930,mm,OK,--,6:48:29 PM,1/26/2026,
1419,47.9,gf,1.925,mm,OK,--,6:48:29 PM,1/26/2026,
1420,47.8,gf,1.920,mm,OK,--,6:48:29 PM,1/26/2026,
1421,47.8,gf,1.915,mm,OK,--,6:48:29 PM,1/26/2026,
1422,47.7,gf,1.910,mm,OK,--,6:48:29 PM,1/26/2026,
1423,47.7,gf,1.905,mm,OK,--,6:48:29 PM,1/26/2026,
1424,47.6,gf,1.895,mm,OK,--,6:48:29 PM,1/26/2026,
1425,47.6,gf,1.895,mm,OK,--,6:48:30 PM,1/26/2026,
1426,47.6,gf,1.890,mm,OK,--,6:48:30 PM,1/26/2026,
1427,47.4,gf,1.880,mm,OK,--,6:48:30 PM,1/26/2026,
1428,47.4,gf,1.870,mm,OK,--,6:48:30 PM,1/26/2026,
1429,47.4,gf,1.860,mm,OK,--,6:48:30 PM,1/26/2026,
1430,47.3,gf,1.855,mm,OK,--,6:48:30 PM,1/26/2026,
1431,47.3,gf,1.850,mm,OK,--,6:48:30 PM,1/26/2026,
1432,47.3,gf,1.845,mm,OK,--,6:48:30 PM,1/26/2026,
1433,47.3,gf,1.845,mm,OK,--,6:48:30 PM,1/26/2026,
1434,47.2,gf,1.840,mm,OK,--,6:48:30 PM,1/26/2026,
1435,47.2,gf,1.835,mm,OK,--,6:48:31 PM,1/26/2026,
1436,47.2,gf,1.835,mm,OK,--,6:48:31 PM,1/26/2026,
1437,47.2,gf,1.835,mm,OK,--,6:48:31 PM,1/26/2026,
1438,47.1,gf,1.830,mm,OK,--,6:48:31 PM,1/26/2026,
1439,47.1,gf,1.830,mm,OK,--,6:48:31 PM,1/26/2026,
1440,47.1,gf,1.830,mm,OK,--,6:48:31 PM,1/26/2026,
1441,47.1,gf,1.825,mm,OK,--,6:48:31 PM,1/26/2026,
1442,47.1,gf,1.820,mm,OK,--,6:48:31 PM,1/26/2026,
1443,47.1,gf,1.820,mm,OK,--,6:48:31 PM,1/26/2026,
1444,47.0,gf,1.815,mm,OK,--,6:48:31 PM,1/26/2026,
1445,47.0,gf,1.810,mm,OK,--,6:48:32 PM,1/26/2026,
1446,47.0,gf,1.805,mm,OK,--,6:48:32 PM,1/26/2026,
1447,46.9,gf,1.800,mm,OK,--,6:48:32 PM,1/26/2026,
1448,46.9,gf,1.790,mm,OK,--,6:48:32 PM,1/26/2026,
1449,46.8,gf,1.785,mm,OK,--,6:48:32 PM,1/26/2026,
1450,46.7,gf,1.775,mm,OK,--,6:48:32 PM,1/26/2026,
1451,46.7,gf,1.770,mm,OK,--,6:48:32 PM,1/26/2026,
1452,46.7,gf,1.765,mm,OK,--,6:48:32 PM,1/26/2026,
1453,46.6,gf,1.760,mm,OK,--,6:48:32 PM,1/26/2026,
1454,46.6,gf,1.755,mm,OK,--,6:48:32 PM,1/26/2026,
1455,46.6,gf,1.755,mm,OK,--,6:48:33 PM,1/26/2026,
1456,46.5,gf,1.750,mm,OK,--,6:48:33 PM,1/26/2026,
1457,46.5,gf,1.750,mm,OK,--,6:48:33 PM,1/26/2026,
1458,46.5,gf,1.745,mm,OK,--,6:48:33 PM,1/26/2026,
1459,46.5,gf,1.740,mm,OK,--,6:48:33 PM,1/26/2026,
1460,46.5,gf,1.740,mm,OK,--,6:48:33 PM,1/26/2026,
1461,46.4,gf,1.735,mm,OK,--,6:48:33 PM,1/26/2026,
1462,46.4,gf,1.730,mm,OK,--,6:48:33 PM,1/26/2026,
1463,46.3,gf,1.730,mm,OK,--,6:48:33 PM,1/26/2026,
1464,46.4,gf,1.730,mm,OK,--,6:48:33 PM,1/26/2026,
1465,46.4,gf,1.725,mm,OK,--,6:48:34 PM,1/26/2026,
1466,46.4,gf,1.725,mm,OK,--,6:48:34 PM,1/26/2026,
1467,46.4,gf,1.725,mm,OK,--,6:48:34 PM,1/26/2026,
1468,46.4,gf,1.720,mm,OK,--,6:48:34 PM,1/26/2026,
1469,46.4,gf,1.720,mm,OK,--,6:48:34 PM,1/26/2026,
1470,46.3,gf,1.720,mm,OK,--,6:48:34 PM,1/26/2026,
1471,46.3,gf,1.715,mm,OK,--,6:48:34 PM,1/26/2026,
1472,46.3,gf,1.715,mm,OK,--,6:48:34 PM,1/26/2026,
1473,46.3,gf,1.710,mm,OK,--,6:48:34 PM,1/26/2026,
1474,46.2,gf,1.705,mm,OK,--,6:48:34 PM,1/26/2026,
1475,46.2,gf,1.700,mm,OK,--,6:48:35 PM,1/26/2026,
1476,46.2,gf,1.695,mm,OK,--,6:48:35 PM,1/26/2026,
1477,46.2,gf,1.690,mm,OK,--,6:48:35 PM,1/26/2026,
1478,46.1,gf,1.690,mm,OK,--,6:48:35 PM,1/26/2026,
1479,46.1,gf,1.685,mm,OK,--,6:48:35 PM,1/26/2026,
1480,46.1,gf,1.680,mm,OK,--,6:48:35 PM,1/26/2026,
1481,46.0,gf,1.680,mm,OK,--,6:48:35 PM,1/26/2026,
1482,46.0,gf,1.675,mm,OK,--,6:48:35 PM,1/26/2026,
1483,46.0,gf,1.675,mm,OK,--,6:48:35 PM,1/26/2026,
1484,46.0,gf,1.670,mm,OK,--,6:48:35 PM,1/26/2026,
1485,46.0,gf,1.670,mm,OK,--,6:48:36 PM,1/26/2026,
1486,46.0,gf,1.665,mm,OK,--,6:48:36 PM,1/26/2026,
1487,45.9,gf,1.665,mm,OK,--,6:48:36 PM,1/26/2026,
1488,45.9,gf,1.660,mm,OK,--,6:48:36 PM,1/26/2026,
1489,45.9,gf,1.660,mm,OK,--,6:48:36 PM,1/26/2026,
1490,45.9,gf,1.655,mm,OK,--,6:48:36 PM,1/26/2026,
1491,45.9,gf,1.655,mm,OK,--,6:48:36 PM,1/26/2026,
1492,45.8,gf,1.650,mm,OK,--,6:48:36 PM,1/26/2026,
1493,45.8,gf,1.645,mm,OK,--,6:48:36 PM,1/26/2026,
1494,45.8,gf,1.640,mm,OK,--,6:48:36 PM,1/26/2026,
1495,45.7,gf,1.640,mm,OK,--,6:48:37 PM,1/26/2026,
1496,45.7,gf,1.635,mm,OK,--,6:48:37 PM,1/26/2026,
1497,45.7,gf,1.630,mm,OK,--,6:48:37 PM,1/26/2026,
1498,45.7,gf,1.630,mm,OK,--,6:48:37 PM,1/26/2026,
1499,45.7,gf,1.625,mm,OK,--,6:48:37 PM,1/26/2026,
1500,45.7,gf,1.620,mm,OK,--,6:48:37 PM,1/26/2026,
1501,45.6,gf,1.620,mm,OK,--,6:48:37 PM,1/26/2026,
1502,45.6,gf,1.615,mm,OK,--,6:48:37 PM,1/26/2026,
1503,45.6,gf,1.610,mm,OK,--,6:48:37 PM,1/26/2026,
1504,45.6,gf,1.610,mm,OK,--,6:48:37 PM,1/26/2026,
1505,45.6,gf,1.610,mm,OK,--,6:48:38 PM,1/26/2026,
1506,45.5,gf,1.605,mm,OK,--,6:48:38 PM,1/26/2026,
1507,45.6,gf,1.605,mm,OK,--,6:48:38 PM,1/26/2026,
1508,45.6,gf,1.605,mm,OK,--,6:48:38 PM,1/26/2026,
1509,45.5,gf,1.600,mm,OK,--,6:48:38 PM,1/26/2026,
1510,45.5,gf,1.595,mm,OK,--,6:48:38 PM,1/26/2026,
1511,45.5,gf,1.595,mm,OK,--,6:48:38 PM,1/26/2026,
1512,45.5,gf,1.590,mm,OK,--,6:48:38 PM,1/26/2026,
1513,45.4,gf,1.585,mm,OK,--,6:48:38 PM,1/26/2026,
1514,45.4,gf,1.585,mm,OK,--,6:48:38 PM,1/26/2026,
1515,45.4,gf,1.580,mm,OK,--,6:48:39 PM,1/26/2026,
1516,45.3,gf,1.575,mm,OK,--,6:48:39 PM,1/26/2026,
1517,45.2,gf,1.565,mm,OK,--,6:48:39 PM,1/26/2026,
1518,45.2,gf,1.560,mm,OK,--,6:48:39 PM,1/26/2026,
1519,45.2,gf,1.555,mm,OK,--,6:48:39 PM,1/26/2026,
1520,45.2,gf,1.550,mm,OK,--,6:48:39 PM,1/26/2026,
1521,45.2,gf,1.550,mm,OK,--,6:48:39 PM,1/26/2026,
1522,45.2,gf,1.545,mm,OK,--,6:48:39 PM,1/26/2026,
1523,45.2,gf,1.545,mm,OK,--,6:48:39 PM,1/26/2026,
1524,45.2,gf,1.540,mm,OK,--,6:48:39 PM,1/26/2026,
1525,45.1,gf,1.540,mm,OK,--,6:48:40 PM,1/26/2026,
1526,45.1,gf,1.535,mm,OK,--,6:48:40 PM,1/26/2026,
1527,45.1,gf,1.535,mm,OK,--,6:48:40 PM,1/26/2026,
1528,45.1,gf,1.530,mm,OK,--,6:48:40 PM,1/26/2026,
1529,45.1,gf,1.530,mm,OK,--,6:48:40 PM,1/26/2026,
1530,45.0,gf,1.525,mm,OK,--,6:48:40 PM,1/26/2026,
1531,45.0,gf,1.520,mm,OK,--,6:48:40 PM,1/26/2026,
1532,45.0,gf,1.520,mm,OK,--,6:48:40 PM,1/26/2026,
1533,45.0,gf,1.515,mm,OK,--,6:48:40 PM,1/26/2026,
1534,45.0,gf,1.510,mm,OK,--,6:48:40 PM,1/26/2026,
1535,44.9,gf,1.510,mm,OK,--,6:48:41 PM,1/26/2026,
1536,44.9,gf,1.505,mm,OK,--,6:48:41 PM,1/26/2026,
1537,44.9,gf,1.505,mm,OK,--,6:48:41 PM,1/26/2026,
1538,44.9,gf,1.505,mm,OK,--,6:48:41 PM,1/26/2026,
1539,44.9,gf,1.500,mm,OK,--,6:48:41 PM,1/26/2026,
1540,44.9,gf,1.500,mm,OK,--,6:48:41 PM,1/26/2026,
1541,44.9,gf,1.500,mm,OK,--,6:48:41 PM,1/26/2026,
1542,44.9,gf,1.495,mm,OK,--,6:48:41 PM,1/26/2026,
1543,44.8,gf,1.495,mm,OK,--,6:48:41 PM,1/26/2026,
1544,44.8,gf,1.490,mm,OK,--,6:48:41 PM,1/26/2026,
1545,44.8,gf,1.490,mm,OK,--,6:48:42 PM,1/26/2026,
1546,44.7,gf,1.485,mm,OK,--,6:48:42 PM,1/26/2026,
1547,44.7,gf,1.485,mm,OK,--,6:48:42 PM,1/26/2026,
1548,44.7,gf,1.485,mm,OK,--,6:48:42 PM,1/26/2026,
1549,44.7,gf,1.480,mm,OK,--,6:48:42 PM,1/26/2026,
1550,44.7,gf,1.480,mm,OK,--,6:48:42 PM,1/26/2026,
1551,44.7,gf,1.475,mm,OK,--,6:48:42 PM,1/26/2026,
1552,44.5,gf,1.470,mm,OK,--,6:48:42 PM,1/26/2026,
1553,44.4,gf,1.465,mm,OK,--,6:48:42 PM,1/26/2026,
1554,44.4,gf,1.460,mm,OK,--,6:48:42 PM,1/26/2026,
1555,44.3,gf,1.455,mm,OK,--,6:48:43 PM,1/26/2026,
1556,44.3,gf,1.450,mm,OK,--,6:48:43 PM,1/26/2026,
1557,44.1,gf,1.445,mm,OK,--,6:48:43 PM,1/26/2026,
1558,44.0,gf,1.440,mm,OK,--,6:48:43 PM,1/26/2026,
1559,43.8,gf,1.435,mm,OK,--,6:48:43 PM,1/26/2026,
1560,43.7,gf,1.435,mm,OK,--,6:48:43 PM,1/26/2026,
1561,43.6,gf,1.430,mm,OK,--,6:48:43 PM,1/26/2026,
1562,43.6,gf,1.425,mm,OK,--,6:48:43 PM,1/26/2026,
1563,43.5,gf,1.420,mm,OK,--,6:48:43 PM,1/26/2026,
1564,43.3,gf,1.420,mm,OK,--,6:48:43 PM,1/26/2026,
1565,43.2,gf,1.415,mm,OK,--,6:48:44 PM,1/26/2026,
1566,43.1,gf,1.410,mm,OK,--,6:48:44 PM,1/26/2026,
1567,43.0,gf,1.405,mm,OK,--,6:48:44 PM,1/26/2026,
1568,43.0,gf,1.405,mm,OK,--,6:48:44 PM,1/26/2026,
1569,42.9,gf,1.400,mm,OK,--,6:48:44 PM,1/26/2026,
1570,42.7,gf,1.395,mm,OK,--,6:48:44 PM,1/26/2026,
1571,42.6,gf,1.390,mm,OK,--,6:48:44 PM,1/26/2026,
1572,42.5,gf,1.390,mm,OK,--,6:48:44 PM,1/26/2026,
1573,42.4,gf,1.380,mm,OK,--,6:48:44 PM,1/26/2026,
1574,42.2,gf,1.375,mm,OK,--,6:48:44 PM,1/26/2026,
1575,42.1,gf,1.375,mm,OK,--,6:48:45 PM,1/26/2026,
1576,41.9,gf,1.365,mm,OK,--,6:48:45 PM,1/26/2026,
1577,41.7,gf,1.360,mm,OK,--,6:48:45 PM,1/26/2026,
1578,41.5,gf,1.350,mm,OK,--,6:48:45 PM,1/26/2026,
1579,41.4,gf,1.345,mm,OK,--,6:48:45 PM,1/26/2026,
1580,41.2,gf,1.340,mm,OK,--,6:48:45 PM,1/26/2026,
1581,41.1,gf,1.335,mm,OK,--,6:48:45 PM,1/26/2026,
1582,40.9,gf,1.330,mm,OK,--,6:48:45 PM,1/26/2026,
1583,40.8,gf,1.325,mm,OK,--,6:48:45 PM,1/26/2026,
1584,40.7,gf,1.325,mm,OK,--,6:48:45 PM,1/26/2026,
1585,40.7,gf,1.320,mm,OK,--,6:48:46 PM,1/26/2026,
1586,40.5,gf,1.315,mm,OK,--,6:48:46 PM,1/26/2026,
1587,40.4,gf,1.310,mm,OK,--,6:48:46 PM,1/26/2026,
1588,40.0,gf,1.305,mm,OK,--,6:48:46 PM,1/26/2026,
1589,39.8,gf,1.300,mm,OK,--,6:48:46 PM,1/26/2026,
1590,39.6,gf,1.290,mm,OK,--,6:48:46 PM,1/26/2026,
1591,39.5,gf,1.280,mm,OK,--,6:48:46 PM,1/26/2026,
1592,39.4,gf,1.275,mm,OK,--,6:48:46 PM,1/26/2026,
1593,39.3,gf,1.275,mm,OK,--,6:48:46 PM,1/26/2026,
1594,39.2,gf,1.270,mm,OK,--,6:48:46 PM,1/26/2026,
1595,39.2,gf,1.270,mm,OK,--,6:48:47 PM,1/26/2026,
1596,39.2,gf,1.265,mm,OK,--,6:48:47 PM,1/26/2026,
1597,39.1,gf,1.265,mm,OK,--,6:48:47 PM,1/26/2026,
1598,38.9,gf,1.260,mm,OK,--,6:48:47 PM,1/26/2026,
1599,38.9,gf,1.255,mm,OK,--,6:48:47 PM,1/26/2026,
1600,38.9,gf,1.255,mm,OK,--,6:48:47 PM,1/26/2026,
1601,38.9,gf,1.255,mm,OK,--,6:48:47 PM,1/26/2026,
1602,38.9,gf,1.250,mm,OK,--,6:48:47 PM,1/26/2026,
1603,38.8,gf,1.250,mm,OK,--,6:48:47 PM,1/26/2026,
1604,38.8,gf,1.250,mm,OK,--,6:48:47 PM,1/26/2026,
1605,38.6,gf,1.250,mm,OK,--,6:48:48 PM,1/26/2026,
1606,38.5,gf,1.245,mm,OK,--,6:48:48 PM,1/26/2026,
1607,38.2,gf,1.240,mm,OK,--,6:48:48 PM,1/26/2026,
1608,38.1,gf,1.240,mm,OK,--,6:48:48 PM,1/26/2026,
1609,38.1,gf,1.235,mm,OK,--,6:48:48 PM,1/26/2026,
1610,37.9,gf,1.235,mm,OK,--,6:48:48 PM,1/26/2026,
1611,37.9,gf,1.235,mm,OK,--,6:48:48 PM,1/26/2026,
1612,37.7,gf,1.230,mm,OK,--,6:48:48 PM,1/26/2026,
1613,37.7,gf,1.230,mm,OK,--,6:48:48 PM,1/26/2026,
1614,37.4,gf,1.225,mm,OK,--,6:48:48 PM,1/26/2026,
1615,37.3,gf,1.220,mm,OK,--,6:48:49 PM,1/26/2026,
1616,37.2,gf,1.215,mm,OK,--,6:48:49 PM,1/26/2026,
1617,37.2,gf,1.205,mm,OK,--,6:48:49 PM,1/26/2026,
1618,37.2,gf,1.200,mm,OK,--,6:48:49 PM,1/26/2026,
1619,37.3,gf,1.195,mm,OK,--,6:48:49 PM,1/26/2026,
1620,37.3,gf,1.195,mm,OK,--,6:48:49 PM,1/26/2026,
1621,37.2,gf,1.190,mm,OK,--,6:48:49 PM,1/26/2026,
1622,37.1,gf,1.190,mm,OK,--,6:48:49 PM,1/26/2026,
1623,37.0,gf,1.185,mm,OK,--,6:48:49 PM,1/26/2026,
1624,37.1,gf,1.185,mm,OK,--,6:48:49 PM,1/26/2026,
1625,37.0,gf,1.180,mm,OK,--,6:48:50 PM,1/26/2026,
1626,36.9,gf,1.180,mm,OK,--,6:48:50 PM,1/26/2026,
1627,36.9,gf,1.180,mm,OK,--,6:48:50 PM,1/26/2026,
1628,36.8,gf,1.175,mm,OK,--,6:48:50 PM,1/26/2026,
1629,36.7,gf,1.175,mm,OK,--,6:48:50 PM,1/26/2026,
1630,36.6,gf,1.175,mm,OK,--,6:48:50 PM,1/26/2026,
1631,36.5,gf,1.170,mm,OK,--,6:48:50 PM,1/26/2026,
1632,36.3,gf,1.170,mm,OK,--,6:48:50 PM,1/26/2026,
1633,36.3,gf,1.165,mm,OK,--,6:48:50 PM,1/26/2026,
1634,36.1,gf,1.160,mm,OK,--,6:48:50 PM,1/26/2026,
1635,36.1,gf,1.160,mm,OK,--,6:48:51 PM,1/26/2026,
1636,36.1,gf,1.160,mm,OK,--,6:48:51 PM,1/26/2026,
1637,36.0,gf,1.155,mm,OK,--,6:48:51 PM,1/26/2026,
1638,35.9,gf,1.155,mm,OK,--,6:48:51 PM,1/26/2026,
1639,35.6,gf,1.150,mm,OK,--,6:48:51 PM,1/26/2026,
1640,35.6,gf,1.140,mm,OK,--,6:48:51 PM,1/26/2026,
1641,35.8,gf,1.135,mm,OK,--,6:48:51 PM,1/26/2026,
1642,35.9,gf,1.130,mm,OK,--,6:48:51 PM,1/26/2026,
1643,35.7,gf,1.130,mm,OK,--,6:48:51 PM,1/26/2026,
1644,35.7,gf,1.125,mm,OK,--,6:48:51 PM,1/26/2026,
1645,35.7,gf,1.125,mm,OK,--,6:48:52 PM,1/26/2026,
1646,35.8,gf,1.120,mm,OK,--,6:48:52 PM,1/26/2026,
1647,35.7,gf,1.120,mm,OK,--,6:48:52 PM,1/26/2026,
1648,35.6,gf,1.120,mm,OK,--,6:48:52 PM,1/26/2026,
1649,35.6,gf,1.115,mm,OK,--,6:48:52 PM,1/26/2026,
1650,35.7,gf,1.115,mm,OK,--,6:48:52 PM,1/26/2026,
1651,35.8,gf,1.115,mm,OK,--,6:48:52 PM,1/26/2026,
1652,35.8,gf,1.110,mm,OK,--,6:48:52 PM,1/26/2026,
1653,35.9,gf,1.110,mm,OK,--,6:48:52 PM,1/26/2026,
1654,35.8,gf,1.110,mm,OK,--,6:48:52 PM,1/26/2026,
1655,35.7,gf,1.110,mm,OK,--,6:48:53 PM,1/26/2026,
1656,35.4,gf,1.105,mm,OK,--,6:48:53 PM,1/26/2026,
1657,35.5,gf,1.105,mm,OK,--,6:48:53 PM,1/26/2026,
1658,35.6,gf,1.100,mm,OK,--,6:48:53 PM,1/26/2026,
1659,35.5,gf,1.095,mm,OK,--,6:48:53 PM,1/26/2026,
1660,35.6,gf,1.095,mm,OK,--,6:48:53 PM,1/26/2026,
1661,35.5,gf,1.095,mm,OK,--,6:48:53 PM,1/26/2026,
1662,35.5,gf,1.090,mm,OK,--,6:48:53 PM,1/26/2026,
1663,35.4,gf,1.090,mm,OK,--,6:48:53 PM,1/26/2026,
1664,35.2,gf,1.090,mm,OK,--,6:48:53 PM,1/26/2026,
1665,35.1,gf,1.085,mm,OK,--,6:48:54 PM,1/26/2026,
1666,35.1,gf,1.085,mm,OK,--,6:48:54 PM,1/26/2026,
1667,35.0,gf,1.080,mm,OK,--,6:48:54 PM,1/26/2026,
1668,35.0,gf,1.080,mm,OK,--,6:48:54 PM,1/26/2026,
1669,34.9,gf,1.080,mm,OK,--,6:48:54 PM,1/26/2026,
1670,34.8,gf,1.075,mm,OK,--,6:48:54 PM,1/26/2026,
1671,34.7,gf,1.075,mm,OK,--,6:48:54 PM,1/26/2026,
1672,34.8,gf,1.070,mm,OK,--,6:48:54 PM,1/26/2026,
1673,34.8,gf,1.065,mm,OK,--,6:48:54 PM,1/26/2026,
1674,34.8,gf,1.060,mm,OK,--,6:48:54 PM,1/26/2026,
1675,34.8,gf,1.055,mm,OK,--,6:48:55 PM,1/26/2026,
1676,34.8,gf,1.050,mm,OK,--,6:48:55 PM,1/26/2026,
1677,34.7,gf,1.045,mm,OK,--,6:48:55 PM,1/26/2026,
1678,34.7,gf,1.040,mm,OK,--,6:48:55 PM,1/26/2026,
1679,34.5,gf,1.035,mm,OK,--,6:48:55 PM,1/26/2026,
1680,34.4,gf,1.030,mm,OK,--,6:48:55 PM,1/26/2026,
1681,34.5,gf,1.025,mm,OK,--,6:48:55 PM,1/26/2026,
1682,34.5,gf,1.020,mm,OK,--,6:48:55 PM,1/26/2026,
1683,34.6,gf,1.020,mm,OK,--,6:48:55 PM,1/26/2026,
1684,34.6,gf,1.020,mm,OK,--,6:48:55 PM,1/26/2026,
1685,34.5,gf,1.015,mm,OK,--,6:48:56 PM,1/26/2026,
1686,34.4,gf,1.015,mm,OK,--,6:48:56 PM,1/26/2026,
1687,34.4,gf,1.010,mm,OK,--,6:48:56 PM,1/26/2026,
1688,34.4,gf,1.010,mm,OK,--,6:48:56 PM,1/26/2026,
1689,34.4,gf,1.005,mm,OK,--,6:48:56 PM,1/26/2026,
1690,34.6,gf,1.005,mm,OK,--,6:48:56 PM,1/26/2026,
1691,34.5,gf,1.005,mm,OK,--,6:48:56 PM,1/26/2026,
1692,34.4,gf,1.000,mm,OK,--,6:48:56 PM,1/26/2026,
1693,34.1,gf,0.995,mm,OK,--,6:48:56 PM,1/26/2026,
1694,34.3,gf,0.990,mm,OK,--,6:48:56 PM,1/26/2026,
1695,34.3,gf,0.990,mm,OK,--,6:48:57 PM,1/26/2026,
1696,34.2,gf,0.985,mm,OK,--,6:48:57 PM,1/26/2026,
1697,34.3,gf,0.985,mm,OK,--,6:48:57 PM,1/26/2026,
1698,34.2,gf,0.980,mm,OK,--,6:48:57 PM,1/26/2026,
1699,34.0,gf,0.975,mm,OK,--,6:48:57 PM,1/26/2026,
1700,34.0,gf,0.970,mm,OK,--,6:48:57 PM,1/26/2026,
1701,34.1,gf,0.970,mm,OK,--,6:48:57 PM,1/26/2026,
1702,34.0,gf,0.965,mm,OK,--,6:48:57 PM,1/26/2026,
1703,33.9,gf,0.960,mm,OK,--,6:48:57 PM,1/26/2026,
1704,34.0,gf,0.955,mm,OK,--,6:48:57 PM,1/26/2026,
1705,34.2,gf,0.950,mm,OK,--,6:48:58 PM,1/26/2026,
1706,34.1,gf,0.950,mm,OK,--,6:48:58 PM,1/26/2026,
1707,34.0,gf,0.950,mm,OK,--,6:48:58 PM,1/26/2026,
1708,34.0,gf,0.945,mm,OK,--,6:48:58 PM,1/26/2026,
1709,33.9,gf,0.940,mm,OK,--,6:48:58 PM,1/26/2026,
1710,33.9,gf,0.940,mm,OK,--,6:48:58 PM,1/26/2026,
1711,34.0,gf,0.935,mm,OK,--,6:48:58 PM,1/26/2026,
1712,34.1,gf,0.935,mm,OK,--,6:48:58 PM,1/26/2026,
1713,33.8,gf,0.935,mm,OK,--,6:48:58 PM,1/26/2026,
1714,33.7,gf,0.930,mm,OK,--,6:48:58 PM,1/26/2026,
1715,33.7,gf,0.925,mm,OK,--,6:48:59 PM,1/26/2026,
1716,33.7,gf,0.925,mm,OK,--,6:48:59 PM,1/26/2026,
1717,33.6,gf,0.920,mm,OK,--,6:48:59 PM,1/26/2026,
1718,33.7,gf,0.920,mm,OK,--,6:48:59 PM,1/26/2026,
1719,33.8,gf,0.915,mm,OK,--,6:48:59 PM,1/26/2026,
1720,33.4,gf,0.915,mm,OK,--,6:48:59 PM,1/26/2026,
1721,33.5,gf,0.910,mm,OK,--,6:48:59 PM,1/26/2026,
1722,33.5,gf,0.905,mm,OK,--,6:48:59 PM,1/26/2026,
1723,33.1,gf,0.900,mm,OK,--,6:48:59 PM,1/26/2026,
1724,33.3,gf,0.890,mm,OK,--,6:48:59 PM,1/26/2026,
1725,33.2,gf,0.880,mm,OK,--,6:49:00 PM,1/26/2026,
1726,33.2,gf,0.875,mm,OK,--,6:49:00 PM,1/26/2026,
1727,33.2,gf,0.870,mm,OK,--,6:49:00 PM,1/26/2026,
1728,33.0,gf,0.865,mm,OK,--,6:49:00 PM,1/26/2026,
1729,33.1,gf,0.855,mm,OK,--,6:49:00 PM,1/26/2026,
1730,33.2,gf,0.850,mm,OK,--,6:49:00 PM,1/26/2026,
1731,33.2,gf,0.850,mm,OK,--,6:49:00 PM,1/26/2026,
1732,33.1,gf,0.845,mm,OK,--,6:49:00 PM,1/26/2026,
1733,33.2,gf,0.845,mm,OK,--,6:49:00 PM,1/26/2026,
1734,33.2,gf,0.840,mm,OK,--,6:49:00 PM,1/26/2026,
1735,33.1,gf,0.840,mm,OK,--,6:49:01 PM,1/26/2026,
1736,33.0,gf,0.835,mm,OK,--,6:49:01 PM,1/26/2026,
1737,34.0,gf,0.830,mm,OK,--,6:49:01 PM,1/26/2026,
1738,33.0,gf,0.825,mm,OK,--,6:49:01 PM,1/26/2026,
1739,32.8,gf,0.820,mm,OK,--,6:49:01 PM,1/26/2026,
1740,33.0,gf,0.820,mm,OK,--,6:49:01 PM,1/26/2026,
1741,33.0,gf,0.815,mm,OK,--,6:49:01 PM,1/26/2026,
1742,33.1,gf,0.810,mm,OK,--,6:49:01 PM,1/26/2026,
1743,33.0,gf,0.805,mm,OK,--,6:49:01 PM,1/26/2026,
1744,33.1,gf,0.805,mm,OK,--,6:49:01 PM,1/26/2026,
1745,33.2,gf,0.800,mm,OK,--,6:49:02 PM,1/26/2026,
1746,32.9,gf,0.800,mm,OK,--,6:49:02 PM,1/26/2026,
1747,32.6,gf,0.795,mm,OK,--,6:49:02 PM,1/26/2026,
1748,32.5,gf,0.790,mm,OK,--,6:49:02 PM,1/26/2026,
1749,32.6,gf,0.785,mm,OK,--,6:49:02 PM,1/26/2026,
1750,32.5,gf,0.780,mm,OK,--,6:49:02 PM,1/26/2026,
1751,32.5,gf,0.775,mm,OK,--,6:49:02 PM,1/26/2026,
1752,32.6,gf,0.770,mm,OK,--,6:49:02 PM,1/26/2026,
1753,32.6,gf,0.770,mm,OK,--,6:49:02 PM,1/26/2026,
1754,32.7,gf,0.765,mm,OK,--,6:49:02 PM,1/26/2026,
1755,32.4,gf,0.765,mm,OK,--,6:49:03 PM,1/26/2026,
1756,32.4,gf,0.760,mm,OK,--,6:49:03 PM,1/26/2026,
1757,32.5,gf,0.755,mm,OK,--,6:49:03 PM,1/26/2026,
1758,32.3,gf,0.745,mm,OK,--,6:49:03 PM,1/26/2026,
1759,32.2,gf,0.740,mm,OK,--,6:49:03 PM,1/26/2026,
1760,32.0,gf,0.735,mm,OK,--,6:49:03 PM,1/26/2026,
1761,31.9,gf,0.725,mm,OK,--,6:49:03 PM,1/26/2026,
1762,32.0,gf,0.720,mm,OK,--,6:49:03 PM,1/26/2026,
1763,31.8,gf,0.710,mm,OK,--,6:49:03 PM,1/26/2026,
1764,31.8,gf,0.705,mm,OK,--,6:49:03 PM,1/26/2026,
1765,32.1,gf,0.700,mm,OK,--,6:49:04 PM,1/26/2026,
1766,32.1,gf,0.695,mm,OK,--,6:49:04 PM,1/26/2026,
1767,32.1,gf,0.695,mm,OK,--,6:49:04 PM,1/26/2026,
1768,32.3,gf,0.695,mm,OK,--,6:49:04 PM,1/26/2026,
1769,32.4,gf,0.695,mm,OK,--,6:49:04 PM,1/26/2026,
1770,32.2,gf,0.695,mm,OK,--,6:49:04 PM,1/26/2026,
1771,32.1,gf,0.695,mm,OK,--,6:49:04 PM,1/26/2026,
1772,31.7,gf,0.690,mm,OK,--,6:49:04 PM,1/26/2026,
1773,31.8,gf,0.690,mm,OK,--,6:49:04 PM,1/26/2026,
1774,31.8,gf,0.685,mm,OK,--,6:49:04 PM,1/26/2026,
1775,31.7,gf,0.680,mm,OK,--,6:49:05 PM,1/26/2026,
1776,31.6,gf,0.675,mm,OK,--,6:49:05 PM,1/26/2026,
1777,31.6,gf,0.665,mm,OK,--,6:49:05 PM,1/26/2026,
1778,31.5,gf,0.655,mm,OK,--,6:49:05 PM,1/26/2026,
1779,31.5,gf,0.650,mm,OK,--,6:49:05 PM,1/26/2026,
1780,31.4,gf,0.645,mm,OK,--,6:49:05 PM,1/26/2026,
1781,31.4,gf,0.635,mm,OK,--,6:49:05 PM,1/26/2026,
1782,31.4,gf,0.630,mm,OK,--,6:49:05 PM,1/26/2026,
1783,31.4,gf,0.630,mm,OK,--,6:49:05 PM,1/26/2026,
1784,31.4,gf,0.625,mm,OK,--,6:49:05 PM,1/26/2026,
1785,31.2,gf,0.620,mm,OK,--,6:49:06 PM,1/26/2026,
1786,31.1,gf,0.615,mm,OK,--,6:49:06 PM,1/26/2026,
1787,31.2,gf,0.610,mm,OK,--,6:49:06 PM,1/26/2026,
1788,31.2,gf,0.610,mm,OK,--,6:49:06 PM,1/26/2026,
1789,31.1,gf,0.605,mm,OK,--,6:49:06 PM,1/26/2026,
1790,31.0,gf,0.600,mm,OK,--,6:49:06 PM,1/26/2026,
1791,31.0,gf,0.595,mm,OK,--,6:49:06 PM,1/26/2026,
1792,31.0,gf,0.590,mm,OK,--,6:49:06 PM,1/26/2026,
1793,30.9,gf,0.585,mm,OK,--,6:49:06 PM,1/26/2026,
1794,30.9,gf,0.580,mm,OK,--,6:49:06 PM,1/26/2026,
1795,30.8,gf,0.575,mm,OK,--,6:49:07 PM,1/26/2026,
1796,30.9,gf,0.570,mm,OK,--,6:49:07 PM,1/26/2026,
1797,31.1,gf,0.570,mm,OK,--,6:49:07 PM,1/26/2026,
1798,30.8,gf,0.565,mm,OK,--,6:49:07 PM,1/26/2026,
1799,30.8,gf,0.560,mm,OK,--,6:49:07 PM,1/26/2026,
1800,30.8,gf,0.555,mm,OK,--,6:49:07 PM,1/26/2026,
1801,30.6,gf,0.550,mm,OK,--,6:49:07 PM,1/26/2026,
1802,30.9,gf,0.545,mm,OK,--,6:49:07 PM,1/26/2026,
1803,31.1,gf,0.545,mm,OK,--,6:49:07 PM,1/26/2026,
1804,30.8,gf,0.545,mm,OK,--,6:49:07 PM,1/26/2026,
1805,30.9,gf,0.540,mm,OK,--,6:49:08 PM,1/26/2026,
1806,31.0,gf,0.540,mm,OK,--,6:49:08 PM,1/26/2026,
1807,30.8,gf,0.540,mm,OK,--,6:49:08 PM,1/26/2026,
1808,30.4,gf,0.535,mm,OK,--,6:49:08 PM,1/26/2026,
1809,30.4,gf,0.530,mm,OK,--,6:49:08 PM,1/26/2026,
1810,30.6,gf,0.530,mm,OK,--,6:49:08 PM,1/26/2026,
1811,30.9,gf,0.525,mm,OK,--,6:49:08 PM,1/26/2026,
1812,30.8,gf,0.525,mm,OK,--,6:49:08 PM,1/26/2026,
1813,30.6,gf,0.525,mm,OK,--,6:49:08 PM,1/26/2026,
1814,30.4,gf,0.525,mm,OK,--,6:49:08 PM,1/26/2026,
1815,30.3,gf,0.520,mm,OK,--,6:49:09 PM,1/26/2026,
1816,30.2,gf,0.510,mm,OK,--,6:49:09 PM,1/26/2026,
1817,30.5,gf,0.500,mm,OK,--,6:49:09 PM,1/26/2026,
1818,30.5,gf,0.495,mm,OK,--,6:49:09 PM,1/26/2026,
1819,30.4,gf,0.490,mm,OK,--,6:49:09 PM,1/26/2026,
1820,30.4,gf,0.485,mm,OK,--,6:49:09 PM,1/26/2026,
1821,30.3,gf,0.480,mm,OK,--,6:49:09 PM,1/26/2026,
1822,30.3,gf,0.475,mm,OK,--,6:49:09 PM,1/26/2026,
1823,30.4,gf,0.470,mm,OK,--,6:49:09 PM,1/26/2026,
1824,30.4,gf,0.465,mm,OK,--,6:49:09 PM,1/26/2026,
1825,30.4,gf,0.465,mm,OK,--,6:49:10 PM,1/26/2026,
1826,30.3,gf,0.460,mm,OK,--,6:49:10 PM,1/26/2026,
1827,30.3,gf,0.460,mm,OK,--,6:49:10 PM,1/26/2026,
1828,30.2,gf,0.455,mm,OK,--,6:49:10 PM,1/26/2026,
1829,30.1,gf,0.455,mm,OK,--,6:49:10 PM,1/26/2026,
1830,30.0,gf,0.450,mm,OK,--,6:49:10 PM,1/26/2026,
1831,30.2,gf,0.445,mm,OK,--,6:49:10 PM,1/26/2026,
1832,30.1,gf,0.445,mm,OK,--,6:49:10 PM,1/26/2026,
1833,30.1,gf,0.445,mm,OK,--,6:49:10 PM,1/26/2026,
1834,30.1,gf,0.440,mm,OK,--,6:49:10 PM,1/26/2026,
1835,30.1,gf,0.440,mm,OK,--,6:49:11 PM,1/26/2026,
1836,29.9,gf,0.435,mm,OK,--,6:49:11 PM,1/26/2026,
1837,29.8,gf,0.430,mm,OK,--,6:49:11 PM,1/26/2026,
1838,29.9,gf,0.425,mm,OK,--,6:49:11 PM,1/26/2026,
1839,29.9,gf,0.420,mm,OK,--,6:49:11 PM,1/26/2026,
1840,29.7,gf,0.410,mm,OK,--,6:49:11 PM,1/26/2026,
1841,29.8,gf,0.405,mm,OK,--,6:49:11 PM,1/26/2026,
1842,29.8,gf,0.400,mm,OK,--,6:49:11 PM,1/26/2026,
1843,29.7,gf,0.390,mm,OK,--,6:49:11 PM,1/26/2026,
1844,29.6,gf,0.380,mm,OK,--,6:49:11 PM,1/26/2026,
1845,29.5,gf,0.370,mm,OK,--,6:49:12 PM,1/26/2026,
1846,29.4,gf,0.365,mm,OK,--,6:49:12 PM,1/26/2026,
1847,29.5,gf,0.355,mm,OK,--,6:49:12 PM,1/26/2026,
1848,29.4,gf,0.350,mm,OK,--,6:49:12 PM,1/26/2026,
1849,29.4,gf,0.345,mm,OK,--,6:49:12 PM,1/26/2026,
1850,29.4,gf,0.345,mm,OK,--,6:49:12 PM,1/26/2026,
1851,29.4,gf,0.340,mm,OK,--,6:49:12 PM,1/26/2026,
1852,29.4,gf,0.335,mm,OK,--,6:49:12 PM,1/26/2026,
1853,29.4,gf,0.330,mm,OK,--,6:49:12 PM,1/26/2026,
1854,29.4,gf,0.325,mm,OK,--,6:49:12 PM,1/26/2026,
1855,29.5,gf,0.325,mm,OK,--,6:49:13 PM,1/26/2026,
1856,29.6,gf,0.320,mm,OK,--,6:49:13 PM,1/26/2026,
1857,29.7,gf,0.320,mm,OK,--,6:49:13 PM,1/26/2026,
1858,29.5,gf,0.315,mm,OK,--,6:49:13 PM,1/26/2026,
1859,29.4,gf,0.315,mm,OK,--,6:49:13 PM,1/26/2026,
1860,29.3,gf,0.310,mm,OK,--,6:49:13 PM,1/26/2026,
1861,29.5,gf,0.305,mm,OK,--,6:49:13 PM,1/26/2026,
1862,29.5,gf,0.300,mm,OK,--,6:49:13 PM,1/26/2026,
1863,29.5,gf,0.300,mm,OK,--,6:49:13 PM,1/26/2026,
1864,29.5,gf,0.295,mm,OK,--,6:49:13 PM,1/26/2026,
1865,29.5,gf,0.295,mm,OK,--,6:49:14 PM,1/26/2026,
1866,29.4,gf,0.295,mm,OK,--,6:49:14 PM,1/26/2026,
1867,29.2,gf,0.290,mm,OK,--,6:49:14 PM,1/26/2026,
1868,28.9,gf,0.285,mm,OK,--,6:49:14 PM,1/26/2026,
1869,29.0,gf,0.285,mm,OK,--,6:49:14 PM,1/26/2026,
1870,28.8,gf,0.275,mm,OK,--,6:49:14 PM,1/26/2026,
1871,28.6,gf,0.270,mm,OK,--,6:49:14 PM,1/26/2026,
1872,28.7,gf,0.260,mm,OK,--,6:49:14 PM,1/26/2026,
1873,28.8,gf,0.250,mm,OK,--,6:49:14 PM,1/26/2026,
1874,28.6,gf,0.240,mm,OK,--,6:49:14 PM,1/26/2026,
1875,28.6,gf,0.230,mm,OK,--,6:49:15 PM,1/26/2026,
1876,28.7,gf,0.220,mm,OK,--,6:49:15 PM,1/26/2026,
1877,28.7,gf,0.215,mm,OK,--,6:49:15 PM,1/26/2026,
1878,28.6,gf,0.210,mm,OK,--,6:49:15 PM,1/26/2026,
1879,28.6,gf,0.205,mm,OK,--,6:49:15 PM,1/26/2026,
1880,28.4,gf,0.200,mm,OK,--,6:49:15 PM,1/26/2026,
1881,28.3,gf,0.195,mm,OK,--,6:49:15 PM,1/26/2026,
1882,28.2,gf,0.185,mm,OK,--,6:49:15 PM,1/26/2026,
1883,28.1,gf,0.170,mm,OK,--,6:49:15 PM,1/26/2026,
1884,28.0,gf,0.160,mm,OK,--,6:49:15 PM,1/26/2026,
1885,27.8,gf,0.150,mm,OK,--,6:49:16 PM,1/26/2026,
1886,25.1,gf,0.140,mm,OK,--,6:49:16 PM,1/26/2026,
1887,22.1,gf,0.130,mm,OK,--,6:49:16 PM,1/26/2026,
1888,20.5,gf,0.125,mm,OK,--,6:49:16 PM,1/26/2026,
1889,18.7,gf,0.115,mm,OK,--,6:49:16 PM,1/26/2026,
1890,16.9,gf,0.105,mm,OK,--,6:49:16 PM,1/26/2026,
1891,7.3,gf,0.095,mm,OK,--,6:49:16 PM,1/26/2026,
1892,0.0,gf,0.085,mm,OK,--,6:49:16 PM,1/26/2026,
1893,0.0,gf,0.065,mm,OK,--,6:49:16 PM,1/26/2026,
1894,0.1,gf,0.050,mm,OK,--,6:49:16 PM,1/26/2026,
1895,0.1,gf,0.040,mm,OK,--,6:49:17 PM,1/26/2026,
1896,0.2,gf,0.025,mm,OK,--,6:49:17 PM,1/26/2026,
1897,0.0,gf,0.010,mm,OK,--,6:49:17 PM,1/26/2026,
1898,0.1,gf,0.000,mm,OK,--,6:49:17 PM,1/26/2026,
1899,0.1,gf,0.000,mm,OK,--,6:49:17 PM,1/26/2026,
1900,0.1,gf,0.000,mm,OK,--,6:49:17 PM,1/26/2026,
1901,-0.1,gf,0.000,mm,OK,--,6:49:17 PM,1/26/2026,
1902,0.1,gf,-0.005,mm,OK,--,6:49:17 PM,1/26/2026,
1903,0.1,gf,-0.010,mm,OK,--,6:49:17 PM,1/26/2026,
1904,-0.1,gf,-0.015,mm,OK,--,6:49:17 PM,1/26/2026,
1905,0.0,gf,-0.015,mm,OK,--,6:49:18 PM,1/26/2026,
1906,0.1,gf,-0.015,mm,OK,--,6:49:18 PM,1/26/2026,
1907,0.0,gf,-0.015,mm,OK,--,6:49:18 PM,1/26/2026,
1908,-0.1,gf,-0.015,mm,OK,--,6:49:18 PM,1/26/2026,
1909,0.1,gf,-0.015,mm,OK,--,6:49:18 PM,1/26/2026,
1910,0.0,gf,-0.015,mm,OK,--,6:49:18 PM,1/26/2026,
1911,0.6,gf,-0.015,mm,OK,--,6:49:18 PM,1/26/2026,
1912,0.0,gf,-0.010,mm,OK,--,6:49:18 PM,1/26/2026,
1913,0.0,gf,-0.005,mm,OK,--,6:49:18 PM,1/26/2026,
1914,0.0,gf,0.000,mm,OK,--,6:49:18 PM,1/26/2026,
1915,-0.1,gf,0.005,mm,OK,--,6:49:19 PM,1/26/2026,
1916,-0.1,gf,0.010,mm,OK,--,6:49:19 PM,1/26/2026,
1917,-0.1,gf,0.015,mm,OK,--,6:49:19 PM,1/26/2026,
1918,0.0,gf,0.020,mm,OK,--,6:49:19 PM,1/26/2026,
1919,-0.1,gf,0.025,mm,OK,--,6:49:19 PM,1/26/2026,
1920,0.0,gf,0.030,mm,OK,--,6:49:19 PM,1/26/2026,
1921,0.1,gf,0.035,mm,OK,--,6:49:19 PM,1/26/2026,
1922,0.0,gf,0.040,mm,OK,--,6:49:19 PM,1/26/2026,
1923,-0.1,gf,0.045,mm,OK,--,6:49:19 PM,1/26/2026,
1924,-0.1,gf,0.050,mm,OK,--,6:49:19 PM,1/26/2026,
1925,0.1,gf,0.050,mm,OK,--,6:49:20 PM,1/26/2026,
1926,0.0,gf,0.055,mm,OK,--,6:49:20 PM,1/26/2026,
1927,0.0,gf,0.060,mm,OK,--,6:49:20 PM,1/26/2026,
