Maximum,196.8,@,No.895,,,,,,
Minimum,-0.2,@,No.1645,,,,,,
Average,48.01,,,,,,,,
Data Quantity,1673,,,,,,,,
Number of NG,0,,,,,,,,
No.,Force,Unit,Displacement,Unit,Judge,Position,Time,Date,
1,-0.1,gf,0.000,mm,OK,--,1:09:33 PM,11/27/2025,
2,-0.1,gf,0.005,mm,OK,--,1:09:33 PM,11/27/2025,
3,0.0,gf,0.005,mm,OK,--,1:09:33 PM,11/27/2025,
4,0.0,gf,0.005,mm,OK,--,1:09:33 PM,11/27/2025,
5,0.0,gf,0.005,mm,OK,--,1:09:33 PM,11/27/2025,
6,0.0,gf,0.010,mm,OK,--,1:09:33 PM,11/27/2025,
7,0.0,gf,0.010,mm,OK,--,1:09:33 PM,11/27/2025,
8,0.0,gf,0.010,mm,OK,--,1:09:33 PM,11/27/2025,
9,0.0,gf,0.015,mm,OK,--,1:09:33 PM,11/27/2025,
10,0.0,gf,0.015,mm,OK,--,1:09:33 PM,11/27/2025,
11,0.1,gf,0.015,mm,OK,--,1:09:34 PM,11/27/2025,
12,0.0,gf,0.020,mm,OK,--,1:09:34 PM,11/27/2025,
13,0.0,gf,0.020,mm,OK,--,1:09:34 PM,11/27/2025,
14,0.0,gf,0.025,mm,OK,--,1:09:34 PM,11/27/2025,
15,0.0,gf,0.025,mm,OK,--,1:09:34 PM,11/27/2025,
16,0.0,gf,0.025,mm,OK,--,1:09:34 PM,11/27/2025,
17,0.0,gf,0.030,mm,OK,--,1:09:34 PM,11/27/2025,
18,0.0,gf,0.030,mm,OK,--,1:09:34 PM,11/27/2025,
19,0.0,gf,0.030,mm,OK,--,1:09:34 PM,11/27/2025,
20,0.0,gf,0.035,mm,OK,--,1:09:34 PM,11/27/2025,
21,0.0,gf,0.035,mm,OK,--,1:09:35 PM,11/27/2025,
22,0.0,gf,0.035,mm,OK,--,1:09:35 PM,11/27/2025,
23,0.0,gf,0.040,mm,OK,--,1:09:35 PM,11/27/2025,
24,0.0,gf,0.045,mm,OK,--,1:09:35 PM,11/27/2025,
25,0.0,gf,0.050,mm,OK,--,1:09:35 PM,11/27/2025,
26,0.0,gf,0.055,mm,OK,--,1:09:35 PM,11/27/2025,
27,0.0,gf,0.055,mm,OK,--,1:09:35 PM,11/27/2025,
28,0.0,gf,0.060,mm,OK,--,1:09:35 PM,11/27/2025,
29,0.0,gf,0.060,mm,OK,--,1:09:35 PM,11/27/2025,
30,0.0,gf,0.065,mm,OK,--,1:09:35 PM,11/27/2025,
31,0.0,gf,0.070,mm,OK,--,1:09:36 PM,11/27/2025,
32,0.0,gf,0.070,mm,OK,--,1:09:36 PM,11/27/2025,
33,0.0,gf,0.070,mm,OK,--,1:09:36 PM,11/27/2025,
34,0.0,gf,0.075,mm,OK,--,1:09:36 PM,11/27/2025,
35,0.0,gf,0.075,mm,OK,--,1:09:36 PM,11/27/2025,
36,0.0,gf,0.075,mm,OK,--,1:09:36 PM,11/27/2025,
37,0.0,gf,0.075,mm,OK,--,1:09:36 PM,11/27/2025,
38,0.0,gf,0.075,mm,OK,--,1:09:36 PM,11/27/2025,
39,0.0,gf,0.080,mm,OK,--,1:09:36 PM,11/27/2025,
40,0.0,gf,0.080,mm,OK,--,1:09:36 PM,11/27/2025,
41,0.5,gf,0.085,mm,OK,--,1:09:37 PM,11/27/2025,
42,2.6,gf,0.090,mm,OK,--,1:09:37 PM,11/27/2025,
43,5.6,gf,0.090,mm,OK,--,1:09:37 PM,11/27/2025,
44,8.7,gf,0.095,mm,OK,--,1:09:37 PM,11/27/2025,
45,11.2,gf,0.095,mm,OK,--,1:09:37 PM,11/27/2025,
46,13.4,gf,0.100,mm,OK,--,1:09:37 PM,11/27/2025,
47,15.6,gf,0.100,mm,OK,--,1:09:37 PM,11/27/2025,
48,18.0,gf,0.105,mm,OK,--,1:09:37 PM,11/27/2025,
49,19.8,gf,0.105,mm,OK,--,1:09:37 PM,11/27/2025,
50,21.5,gf,0.110,mm,OK,--,1:09:37 PM,11/27/2025,
51,23.5,gf,0.110,mm,OK,--,1:09:38 PM,11/27/2025,
52,25.6,gf,0.110,mm,OK,--,1:09:38 PM,11/27/2025,
53,27.8,gf,0.115,mm,OK,--,1:09:38 PM,11/27/2025,
54,30.0,gf,0.115,mm,OK,--,1:09:38 PM,11/27/2025,
55,31.2,gf,0.120,mm,OK,--,1:09:38 PM,11/27/2025,
56,31.8,gf,0.120,mm,OK,--,1:09:38 PM,11/27/2025,
57,32.5,gf,0.125,mm,OK,--,1:09:38 PM,11/27/2025,
58,33.1,gf,0.125,mm,OK,--,1:09:38 PM,11/27/2025,
59,33.9,gf,0.130,mm,OK,--,1:09:38 PM,11/27/2025,
60,34.2,gf,0.130,mm,OK,--,1:09:38 PM,11/27/2025,
61,34.2,gf,0.130,mm,OK,--,1:09:39 PM,11/27/2025,
62,34.2,gf,0.135,mm,OK,--,1:09:39 PM,11/27/2025,
63,34.2,gf,0.135,mm,OK,--,1:09:39 PM,11/27/2025,
64,34.2,gf,0.140,mm,OK,--,1:09:39 PM,11/27/2025,
65,34.2,gf,0.140,mm,OK,--,1:09:39 PM,11/27/2025,
66,34.2,gf,0.145,mm,OK,--,1:09:39 PM,11/27/2025,
67,34.2,gf,0.145,mm,OK,--,1:09:39 PM,11/27/2025,
68,34.2,gf,0.145,mm,OK,--,1:09:39 PM,11/27/2025,
69,34.2,gf,0.150,mm,OK,--,1:09:39 PM,11/27/2025,
70,34.2,gf,0.150,mm,OK,--,1:09:39 PM,11/27/2025,
71,34.2,gf,0.155,mm,OK,--,1:09:40 PM,11/27/2025,
72,34.2,gf,0.155,mm,OK,--,1:09:40 PM,11/27/2025,
73,34.2,gf,0.160,mm,OK,--,1:09:40 PM,11/27/2025,
74,34.2,gf,0.160,mm,OK,--,1:09:40 PM,11/27/2025,
75,34.2,gf,0.165,mm,OK,--,1:09:40 PM,11/27/2025,
76,34.2,gf,0.170,mm,OK,--,1:09:40 PM,11/27/2025,
77,34.2,gf,0.175,mm,OK,--,1:09:40 PM,11/27/2025,
78,34.2,gf,0.180,mm,OK,--,1:09:40 PM,11/27/2025,
79,34.3,gf,0.185,mm,OK,--,1:09:40 PM,11/27/2025,
80,34.3,gf,0.185,mm,OK,--,1:09:40 PM,11/27/2025,
81,34.3,gf,0.190,mm,OK,--,1:09:41 PM,11/27/2025,
82,34.3,gf,0.190,mm,OK,--,1:09:41 PM,11/27/2025,
83,34.3,gf,0.190,mm,OK,--,1:09:41 PM,11/27/2025,
84,34.4,gf,0.195,mm,OK,--,1:09:41 PM,11/27/2025,
85,34.4,gf,0.200,mm,OK,--,1:09:41 PM,11/27/2025,
86,34.4,gf,0.205,mm,OK,--,1:09:41 PM,11/27/2025,
87,34.5,gf,0.210,mm,OK,--,1:09:41 PM,11/27/2025,
88,34.5,gf,0.215,mm,OK,--,1:09:41 PM,11/27/2025,
89,34.5,gf,0.215,mm,OK,--,1:09:41 PM,11/27/2025,
90,34.5,gf,0.220,mm,OK,--,1:09:41 PM,11/27/2025,
91,34.5,gf,0.220,mm,OK,--,1:09:42 PM,11/27/2025,
92,34.6,gf,0.225,mm,OK,--,1:09:42 PM,11/27/2025,
93,34.6,gf,0.225,mm,OK,--,1:09:42 PM,11/27/2025,
94,34.6,gf,0.230,mm,OK,--,1:09:42 PM,11/27/2025,
95,34.6,gf,0.230,mm,OK,--,1:09:42 PM,11/27/2025,
96,34.6,gf,0.235,mm,OK,--,1:09:42 PM,11/27/2025,
97,34.6,gf,0.240,mm,OK,--,1:09:42 PM,11/27/2025,
98,34.6,gf,0.240,mm,OK,--,1:09:42 PM,11/27/2025,
99,34.6,gf,0.240,mm,OK,--,1:09:42 PM,11/27/2025,
100,34.6,gf,0.245,mm,OK,--,1:09:42 PM,11/27/2025,
101,34.6,gf,0.250,mm,OK,--,1:09:43 PM,11/27/2025,
102,34.6,gf,0.250,mm,OK,--,1:09:43 PM,11/27/2025,
103,34.6,gf,0.255,mm,OK,--,1:09:43 PM,11/27/2025,
104,34.6,gf,0.260,mm,OK,--,1:09:43 PM,11/27/2025,
105,34.6,gf,0.260,mm,OK,--,1:09:43 PM,11/27/2025,
106,34.6,gf,0.265,mm,OK,--,1:09:43 PM,11/27/2025,
107,34.6,gf,0.265,mm,OK,--,1:09:43 PM,11/27/2025,
108,34.6,gf,0.270,mm,OK,--,1:09:43 PM,11/27/2025,
109,34.7,gf,0.275,mm,OK,--,1:09:43 PM,11/27/2025,
110,34.7,gf,0.280,mm,OK,--,1:09:43 PM,11/27/2025,
111,34.7,gf,0.280,mm,OK,--,1:09:44 PM,11/27/2025,
112,34.7,gf,0.285,mm,OK,--,1:09:44 PM,11/27/2025,
113,34.7,gf,0.290,mm,OK,--,1:09:44 PM,11/27/2025,
114,34.7,gf,0.300,mm,OK,--,1:09:44 PM,11/27/2025,
115,34.7,gf,0.305,mm,OK,--,1:09:44 PM,11/27/2025,
116,34.8,gf,0.315,mm,OK,--,1:09:44 PM,11/27/2025,
117,34.8,gf,0.320,mm,OK,--,1:09:44 PM,11/27/2025,
118,34.9,gf,0.325,mm,OK,--,1:09:44 PM,11/27/2025,
119,34.8,gf,0.330,mm,OK,--,1:09:44 PM,11/27/2025,
120,34.8,gf,0.335,mm,OK,--,1:09:44 PM,11/27/2025,
121,34.8,gf,0.340,mm,OK,--,1:09:45 PM,11/27/2025,
122,34.8,gf,0.345,mm,OK,--,1:09:45 PM,11/27/2025,
123,34.8,gf,0.345,mm,OK,--,1:09:45 PM,11/27/2025,
124,34.8,gf,0.350,mm,OK,--,1:09:45 PM,11/27/2025,
125,34.8,gf,0.355,mm,OK,--,1:09:45 PM,11/27/2025,
126,34.8,gf,0.360,mm,OK,--,1:09:45 PM,11/27/2025,
127,34.8,gf,0.365,mm,OK,--,1:09:45 PM,11/27/2025,
128,34.8,gf,0.365,mm,OK,--,1:09:45 PM,11/27/2025,
129,34.8,gf,0.370,mm,OK,--,1:09:45 PM,11/27/2025,
130,34.8,gf,0.375,mm,OK,--,1:09:45 PM,11/27/2025,
131,34.8,gf,0.375,mm,OK,--,1:09:46 PM,11/27/2025,
132,34.8,gf,0.380,mm,OK,--,1:09:46 PM,11/27/2025,
133,34.9,gf,0.385,mm,OK,--,1:09:46 PM,11/27/2025,
134,34.9,gf,0.390,mm,OK,--,1:09:46 PM,11/27/2025,
135,34.9,gf,0.395,mm,OK,--,1:09:46 PM,11/27/2025,
136,34.9,gf,0.400,mm,OK,--,1:09:46 PM,11/27/2025,
137,34.9,gf,0.405,mm,OK,--,1:09:46 PM,11/27/2025,
138,34.9,gf,0.415,mm,OK,--,1:09:46 PM,11/27/2025,
139,34.9,gf,0.420,mm,OK,--,1:09:46 PM,11/27/2025,
140,35.0,gf,0.430,mm,OK,--,1:09:46 PM,11/27/2025,
141,35.1,gf,0.435,mm,OK,--,1:09:47 PM,11/27/2025,
142,35.1,gf,0.445,mm,OK,--,1:09:47 PM,11/27/2025,
143,35.1,gf,0.450,mm,OK,--,1:09:47 PM,11/27/2025,
144,35.1,gf,0.460,mm,OK,--,1:09:47 PM,11/27/2025,
145,35.1,gf,0.465,mm,OK,--,1:09:47 PM,11/27/2025,
146,35.1,gf,0.470,mm,OK,--,1:09:47 PM,11/27/2025,
147,35.1,gf,0.480,mm,OK,--,1:09:47 PM,11/27/2025,
148,35.1,gf,0.490,mm,OK,--,1:09:47 PM,11/27/2025,
149,35.2,gf,0.500,mm,OK,--,1:09:47 PM,11/27/2025,
150,35.3,gf,0.510,mm,OK,--,1:09:47 PM,11/27/2025,
151,35.3,gf,0.520,mm,OK,--,1:09:48 PM,11/27/2025,
152,35.3,gf,0.525,mm,OK,--,1:09:48 PM,11/27/2025,
153,35.4,gf,0.535,mm,OK,--,1:09:48 PM,11/27/2025,
154,35.4,gf,0.540,mm,OK,--,1:09:48 PM,11/27/2025,
155,35.5,gf,0.545,mm,OK,--,1:09:48 PM,11/27/2025,
156,35.4,gf,0.550,mm,OK,--,1:09:48 PM,11/27/2025,
157,35.4,gf,0.555,mm,OK,--,1:09:48 PM,11/27/2025,
158,35.5,gf,0.555,mm,OK,--,1:09:48 PM,11/27/2025,
159,35.5,gf,0.560,mm,OK,--,1:09:48 PM,11/27/2025,
160,35.5,gf,0.565,mm,OK,--,1:09:48 PM,11/27/2025,
161,35.5,gf,0.565,mm,OK,--,1:09:49 PM,11/27/2025,
162,35.5,gf,0.570,mm,OK,--,1:09:49 PM,11/27/2025,
163,35.6,gf,0.575,mm,OK,--,1:09:49 PM,11/27/2025,
164,35.6,gf,0.580,mm,OK,--,1:09:49 PM,11/27/2025,
165,35.6,gf,0.585,mm,OK,--,1:09:49 PM,11/27/2025,
166,35.6,gf,0.585,mm,OK,--,1:09:49 PM,11/27/2025,
167,35.6,gf,0.590,mm,OK,--,1:09:49 PM,11/27/2025,
168,35.6,gf,0.595,mm,OK,--,1:09:49 PM,11/27/2025,
169,35.6,gf,0.595,mm,OK,--,1:09:49 PM,11/27/2025,
170,35.6,gf,0.600,mm,OK,--,1:09:49 PM,11/27/2025,
171,35.6,gf,0.600,mm,OK,--,1:09:50 PM,11/27/2025,
172,35.6,gf,0.605,mm,OK,--,1:09:50 PM,11/27/2025,
173,35.6,gf,0.610,mm,OK,--,1:09:50 PM,11/27/2025,
174,35.7,gf,0.615,mm,OK,--,1:09:50 PM,11/27/2025,
175,35.7,gf,0.620,mm,OK,--,1:09:50 PM,11/27/2025,
176,35.7,gf,0.620,mm,OK,--,1:09:50 PM,11/27/2025,
177,35.7,gf,0.625,mm,OK,--,1:09:50 PM,11/27/2025,
178,35.7,gf,0.625,mm,OK,--,1:09:50 PM,11/27/2025,
179,35.7,gf,0.630,mm,OK,--,1:09:50 PM,11/27/2025,
180,35.7,gf,0.635,mm,OK,--,1:09:50 PM,11/27/2025,
181,35.7,gf,0.635,mm,OK,--,1:09:51 PM,11/27/2025,
182,34.8,gf,0.640,mm,OK,--,1:09:51 PM,11/27/2025,
183,35.1,gf,0.645,mm,OK,--,1:09:51 PM,11/27/2025,
184,35.4,gf,0.650,mm,OK,--,1:09:51 PM,11/27/2025,
185,35.7,gf,0.655,mm,OK,--,1:09:51 PM,11/27/2025,
186,35.7,gf,0.660,mm,OK,--,1:09:51 PM,11/27/2025,
187,35.7,gf,0.665,mm,OK,--,1:09:51 PM,11/27/2025,
188,35.8,gf,0.665,mm,OK,--,1:09:51 PM,11/27/2025,
189,35.9,gf,0.670,mm,OK,--,1:09:51 PM,11/27/2025,
190,35.9,gf,0.675,mm,OK,--,1:09:51 PM,11/27/2025,
191,35.9,gf,0.680,mm,OK,--,1:09:52 PM,11/27/2025,
192,36.0,gf,0.685,mm,OK,--,1:09:52 PM,11/27/2025,
193,36.0,gf,0.690,mm,OK,--,1:09:52 PM,11/27/2025,
194,36.0,gf,0.695,mm,OK,--,1:09:52 PM,11/27/2025,
195,36.1,gf,0.700,mm,OK,--,1:09:52 PM,11/27/2025,
196,36.1,gf,0.705,mm,OK,--,1:09:52 PM,11/27/2025,
197,36.1,gf,0.705,mm,OK,--,1:09:52 PM,11/27/2025,
198,36.1,gf,0.710,mm,OK,--,1:09:52 PM,11/27/2025,
199,36.1,gf,0.715,mm,OK,--,1:09:52 PM,11/27/2025,
200,36.1,gf,0.720,mm,OK,--,1:09:52 PM,11/27/2025,
201,36.1,gf,0.725,mm,OK,--,1:09:53 PM,11/27/2025,
202,36.1,gf,0.730,mm,OK,--,1:09:53 PM,11/27/2025,
203,36.2,gf,0.735,mm,OK,--,1:09:53 PM,11/27/2025,
204,36.2,gf,0.740,mm,OK,--,1:09:53 PM,11/27/2025,
205,36.2,gf,0.745,mm,OK,--,1:09:53 PM,11/27/2025,
206,36.2,gf,0.755,mm,OK,--,1:09:53 PM,11/27/2025,
207,36.3,gf,0.760,mm,OK,--,1:09:53 PM,11/27/2025,
208,36.3,gf,0.770,mm,OK,--,1:09:53 PM,11/27/2025,
209,36.3,gf,0.780,mm,OK,--,1:09:53 PM,11/27/2025,
210,36.3,gf,0.790,mm,OK,--,1:09:53 PM,11/27/2025,
211,36.3,gf,0.800,mm,OK,--,1:09:54 PM,11/27/2025,
212,36.3,gf,0.815,mm,OK,--,1:09:54 PM,11/27/2025,
213,36.3,gf,0.825,mm,OK,--,1:09:54 PM,11/27/2025,
214,36.3,gf,0.830,mm,OK,--,1:09:54 PM,11/27/2025,
215,36.4,gf,0.835,mm,OK,--,1:09:54 PM,11/27/2025,
216,36.4,gf,0.840,mm,OK,--,1:09:54 PM,11/27/2025,
217,36.4,gf,0.840,mm,OK,--,1:09:54 PM,11/27/2025,
218,36.4,gf,0.845,mm,OK,--,1:09:54 PM,11/27/2025,
219,36.5,gf,0.850,mm,OK,--,1:09:54 PM,11/27/2025,
220,36.5,gf,0.850,mm,OK,--,1:09:54 PM,11/27/2025,
221,36.5,gf,0.855,mm,OK,--,1:09:55 PM,11/27/2025,
222,36.5,gf,0.860,mm,OK,--,1:09:55 PM,11/27/2025,
223,36.5,gf,0.860,mm,OK,--,1:09:55 PM,11/27/2025,
224,36.5,gf,0.865,mm,OK,--,1:09:55 PM,11/27/2025,
225,36.6,gf,0.865,mm,OK,--,1:09:55 PM,11/27/2025,
226,36.6,gf,0.870,mm,OK,--,1:09:55 PM,11/27/2025,
227,36.6,gf,0.870,mm,OK,--,1:09:55 PM,11/27/2025,
228,36.6,gf,0.875,mm,OK,--,1:09:55 PM,11/27/2025,
229,36.7,gf,0.875,mm,OK,--,1:09:55 PM,11/27/2025,
230,36.6,gf,0.875,mm,OK,--,1:09:55 PM,11/27/2025,
231,36.6,gf,0.875,mm,OK,--,1:09:56 PM,11/27/2025,
232,36.7,gf,0.880,mm,OK,--,1:09:56 PM,11/27/2025,
233,36.7,gf,0.880,mm,OK,--,1:09:56 PM,11/27/2025,
234,36.7,gf,0.885,mm,OK,--,1:09:56 PM,11/27/2025,
235,36.7,gf,0.885,mm,OK,--,1:09:56 PM,11/27/2025,
236,36.8,gf,0.890,mm,OK,--,1:09:56 PM,11/27/2025,
237,36.8,gf,0.890,mm,OK,--,1:09:56 PM,11/27/2025,
238,36.8,gf,0.895,mm,OK,--,1:09:56 PM,11/27/2025,
239,36.8,gf,0.895,mm,OK,--,1:09:56 PM,11/27/2025,
240,36.8,gf,0.900,mm,OK,--,1:09:56 PM,11/27/2025,
241,36.8,gf,0.900,mm,OK,--,1:09:57 PM,11/27/2025,
242,36.8,gf,0.905,mm,OK,--,1:09:57 PM,11/27/2025,
243,36.8,gf,0.910,mm,OK,--,1:09:57 PM,11/27/2025,
244,36.8,gf,0.915,mm,OK,--,1:09:57 PM,11/27/2025,
245,36.8,gf,0.920,mm,OK,--,1:09:57 PM,11/27/2025,
246,36.9,gf,0.925,mm,OK,--,1:09:57 PM,11/27/2025,
247,36.9,gf,0.925,mm,OK,--,1:09:57 PM,11/27/2025,
248,36.9,gf,0.930,mm,OK,--,1:09:57 PM,11/27/2025,
249,36.9,gf,0.930,mm,OK,--,1:09:57 PM,11/27/2025,
250,36.9,gf,0.935,mm,OK,--,1:09:57 PM,11/27/2025,
251,36.9,gf,0.935,mm,OK,--,1:09:58 PM,11/27/2025,
252,36.9,gf,0.940,mm,OK,--,1:09:58 PM,11/27/2025,
253,36.9,gf,0.940,mm,OK,--,1:09:58 PM,11/27/2025,
254,36.9,gf,0.945,mm,OK,--,1:09:58 PM,11/27/2025,
255,36.9,gf,0.945,mm,OK,--,1:09:58 PM,11/27/2025,
256,36.9,gf,0.950,mm,OK,--,1:09:58 PM,11/27/2025,
257,36.9,gf,0.955,mm,OK,--,1:09:58 PM,11/27/2025,
258,36.9,gf,0.960,mm,OK,--,1:09:58 PM,11/27/2025,
259,36.9,gf,0.965,mm,OK,--,1:09:58 PM,11/27/2025,
260,36.9,gf,0.970,mm,OK,--,1:09:58 PM,11/27/2025,
261,37.0,gf,0.975,mm,OK,--,1:09:59 PM,11/27/2025,
262,37.0,gf,0.980,mm,OK,--,1:09:59 PM,11/27/2025,
263,37.1,gf,0.990,mm,OK,--,1:09:59 PM,11/27/2025,
264,37.1,gf,0.995,mm,OK,--,1:09:59 PM,11/27/2025,
265,37.1,gf,1.005,mm,OK,--,1:09:59 PM,11/27/2025,
266,37.1,gf,1.010,mm,OK,--,1:09:59 PM,11/27/2025,
267,37.1,gf,1.015,mm,OK,--,1:09:59 PM,11/27/2025,
268,37.1,gf,1.020,mm,OK,--,1:09:59 PM,11/27/2025,
269,37.1,gf,1.025,mm,OK,--,1:09:59 PM,11/27/2025,
270,37.2,gf,1.035,mm,OK,--,1:09:59 PM,11/27/2025,
271,37.2,gf,1.040,mm,OK,--,1:10:00 PM,11/27/2025,
272,37.3,gf,1.045,mm,OK,--,1:10:00 PM,11/27/2025,
273,37.2,gf,1.050,mm,OK,--,1:10:00 PM,11/27/2025,
274,37.3,gf,1.055,mm,OK,--,1:10:00 PM,11/27/2025,
275,37.3,gf,1.065,mm,OK,--,1:10:00 PM,11/27/2025,
276,37.3,gf,1.070,mm,OK,--,1:10:00 PM,11/27/2025,
277,37.3,gf,1.075,mm,OK,--,1:10:00 PM,11/27/2025,
278,37.3,gf,1.080,mm,OK,--,1:10:00 PM,11/27/2025,
279,37.4,gf,1.080,mm,OK,--,1:10:00 PM,11/27/2025,
280,37.4,gf,1.090,mm,OK,--,1:10:00 PM,11/27/2025,
281,37.4,gf,1.095,mm,OK,--,1:10:01 PM,11/27/2025,
282,37.4,gf,1.105,mm,OK,--,1:10:01 PM,11/27/2025,
283,37.4,gf,1.115,mm,OK,--,1:10:01 PM,11/27/2025,
284,37.5,gf,1.125,mm,OK,--,1:10:01 PM,11/27/2025,
285,37.5,gf,1.135,mm,OK,--,1:10:01 PM,11/27/2025,
286,37.6,gf,1.140,mm,OK,--,1:10:01 PM,11/27/2025,
287,37.6,gf,1.150,mm,OK,--,1:10:01 PM,11/27/2025,
288,37.6,gf,1.160,mm,OK,--,1:10:01 PM,11/27/2025,
289,37.7,gf,1.170,mm,OK,--,1:10:01 PM,11/27/2025,
290,37.7,gf,1.180,mm,OK,--,1:10:01 PM,11/27/2025,
291,37.7,gf,1.185,mm,OK,--,1:10:02 PM,11/27/2025,
292,37.8,gf,1.195,mm,OK,--,1:10:02 PM,11/27/2025,
293,37.8,gf,1.200,mm,OK,--,1:10:02 PM,11/27/2025,
294,37.8,gf,1.210,mm,OK,--,1:10:02 PM,11/27/2025,
295,37.8,gf,1.215,mm,OK,--,1:10:02 PM,11/27/2025,
296,37.9,gf,1.225,mm,OK,--,1:10:02 PM,11/27/2025,
297,37.9,gf,1.235,mm,OK,--,1:10:02 PM,11/27/2025,
298,37.9,gf,1.240,mm,OK,--,1:10:02 PM,11/27/2025,
299,37.9,gf,1.250,mm,OK,--,1:10:02 PM,11/27/2025,
300,38.0,gf,1.260,mm,OK,--,1:10:02 PM,11/27/2025,
301,38.1,gf,1.270,mm,OK,--,1:10:03 PM,11/27/2025,
302,38.1,gf,1.275,mm,OK,--,1:10:03 PM,11/27/2025,
303,38.2,gf,1.285,mm,OK,--,1:10:03 PM,11/27/2025,
304,38.2,gf,1.290,mm,OK,--,1:10:03 PM,11/27/2025,
305,38.2,gf,1.295,mm,OK,--,1:10:03 PM,11/27/2025,
306,38.2,gf,1.300,mm,OK,--,1:10:03 PM,11/27/2025,
307,38.3,gf,1.305,mm,OK,--,1:10:03 PM,11/27/2025,
308,38.3,gf,1.305,mm,OK,--,1:10:03 PM,11/27/2025,
309,38.3,gf,1.310,mm,OK,--,1:10:03 PM,11/27/2025,
310,38.4,gf,1.315,mm,OK,--,1:10:03 PM,11/27/2025,
311,38.4,gf,1.320,mm,OK,--,1:10:04 PM,11/27/2025,
312,38.4,gf,1.320,mm,OK,--,1:10:04 PM,11/27/2025,
313,38.5,gf,1.325,mm,OK,--,1:10:04 PM,11/27/2025,
314,38.4,gf,1.330,mm,OK,--,1:10:04 PM,11/27/2025,
315,38.4,gf,1.335,mm,OK,--,1:10:04 PM,11/27/2025,
316,38.4,gf,1.335,mm,OK,--,1:10:04 PM,11/27/2025,
317,38.4,gf,1.340,mm,OK,--,1:10:04 PM,11/27/2025,
318,38.4,gf,1.345,mm,OK,--,1:10:04 PM,11/27/2025,
319,38.3,gf,1.355,mm,OK,--,1:10:04 PM,11/27/2025,
320,38.3,gf,1.360,mm,OK,--,1:10:04 PM,11/27/2025,
321,38.3,gf,1.370,mm,OK,--,1:10:05 PM,11/27/2025,
322,38.4,gf,1.380,mm,OK,--,1:10:05 PM,11/27/2025,
323,38.4,gf,1.385,mm,OK,--,1:10:05 PM,11/27/2025,
324,38.4,gf,1.390,mm,OK,--,1:10:05 PM,11/27/2025,
325,38.5,gf,1.390,mm,OK,--,1:10:05 PM,11/27/2025,
326,38.6,gf,1.395,mm,OK,--,1:10:05 PM,11/27/2025,
327,38.6,gf,1.395,mm,OK,--,1:10:05 PM,11/27/2025,
328,38.6,gf,1.400,mm,OK,--,1:10:05 PM,11/27/2025,
329,38.6,gf,1.405,mm,OK,--,1:10:05 PM,11/27/2025,
330,38.6,gf,1.410,mm,OK,--,1:10:05 PM,11/27/2025,
331,38.6,gf,1.415,mm,OK,--,1:10:06 PM,11/27/2025,
332,38.6,gf,1.420,mm,OK,--,1:10:06 PM,11/27/2025,
333,38.6,gf,1.425,mm,OK,--,1:10:06 PM,11/27/2025,
334,38.7,gf,1.425,mm,OK,--,1:10:06 PM,11/27/2025,
335,38.7,gf,1.430,mm,OK,--,1:10:06 PM,11/27/2025,
336,38.7,gf,1.440,mm,OK,--,1:10:06 PM,11/27/2025,
337,38.7,gf,1.445,mm,OK,--,1:10:06 PM,11/27/2025,
338,38.7,gf,1.450,mm,OK,--,1:10:06 PM,11/27/2025,
339,38.7,gf,1.455,mm,OK,--,1:10:06 PM,11/27/2025,
340,38.8,gf,1.465,mm,OK,--,1:10:06 PM,11/27/2025,
341,38.8,gf,1.470,mm,OK,--,1:10:07 PM,11/27/2025,
342,38.8,gf,1.475,mm,OK,--,1:10:07 PM,11/27/2025,
343,38.8,gf,1.480,mm,OK,--,1:10:07 PM,11/27/2025,
344,38.8,gf,1.485,mm,OK,--,1:10:07 PM,11/27/2025,
345,38.8,gf,1.490,mm,OK,--,1:10:07 PM,11/27/2025,
346,38.8,gf,1.500,mm,OK,--,1:10:07 PM,11/27/2025,
347,38.8,gf,1.505,mm,OK,--,1:10:07 PM,11/27/2025,
348,38.8,gf,1.510,mm,OK,--,1:10:07 PM,11/27/2025,
349,38.8,gf,1.515,mm,OK,--,1:10:07 PM,11/27/2025,
350,38.9,gf,1.515,mm,OK,--,1:10:07 PM,11/27/2025,
351,39.0,gf,1.520,mm,OK,--,1:10:08 PM,11/27/2025,
352,39.0,gf,1.520,mm,OK,--,1:10:08 PM,11/27/2025,
353,39.0,gf,1.525,mm,OK,--,1:10:08 PM,11/27/2025,
354,39.0,gf,1.525,mm,OK,--,1:10:08 PM,11/27/2025,
355,39.1,gf,1.530,mm,OK,--,1:10:08 PM,11/27/2025,
356,39.1,gf,1.530,mm,OK,--,1:10:08 PM,11/27/2025,
357,39.1,gf,1.535,mm,OK,--,1:10:08 PM,11/27/2025,
358,39.1,gf,1.535,mm,OK,--,1:10:08 PM,11/27/2025,
359,39.1,gf,1.540,mm,OK,--,1:10:08 PM,11/27/2025,
360,39.1,gf,1.540,mm,OK,--,1:10:08 PM,11/27/2025,
361,39.1,gf,1.540,mm,OK,--,1:10:09 PM,11/27/2025,
362,39.1,gf,1.545,mm,OK,--,1:10:09 PM,11/27/2025,
363,39.1,gf,1.545,mm,OK,--,1:10:09 PM,11/27/2025,
364,39.1,gf,1.550,mm,OK,--,1:10:09 PM,11/27/2025,
365,39.1,gf,1.555,mm,OK,--,1:10:09 PM,11/27/2025,
366,39.1,gf,1.555,mm,OK,--,1:10:09 PM,11/27/2025,
367,39.1,gf,1.560,mm,OK,--,1:10:09 PM,11/27/2025,
368,39.1,gf,1.560,mm,OK,--,1:10:09 PM,11/27/2025,
369,39.2,gf,1.565,mm,OK,--,1:10:09 PM,11/27/2025,
370,39.2,gf,1.570,mm,OK,--,1:10:09 PM,11/27/2025,
371,39.2,gf,1.575,mm,OK,--,1:10:10 PM,11/27/2025,
372,39.2,gf,1.580,mm,OK,--,1:10:10 PM,11/27/2025,
373,39.3,gf,1.580,mm,OK,--,1:10:10 PM,11/27/2025,
374,39.3,gf,1.585,mm,OK,--,1:10:10 PM,11/27/2025,
375,39.3,gf,1.585,mm,OK,--,1:10:10 PM,11/27/2025,
376,39.2,gf,1.590,mm,OK,--,1:10:10 PM,11/27/2025,
377,39.3,gf,1.590,mm,OK,--,1:10:10 PM,11/27/2025,
378,39.4,gf,1.590,mm,OK,--,1:10:10 PM,11/27/2025,
379,39.3,gf,1.595,mm,OK,--,1:10:10 PM,11/27/2025,
380,39.4,gf,1.600,mm,OK,--,1:10:10 PM,11/27/2025,
381,39.4,gf,1.600,mm,OK,--,1:10:11 PM,11/27/2025,
382,39.5,gf,1.605,mm,OK,--,1:10:11 PM,11/27/2025,
383,39.5,gf,1.605,mm,OK,--,1:10:11 PM,11/27/2025,
384,39.5,gf,1.610,mm,OK,--,1:10:11 PM,11/27/2025,
385,39.5,gf,1.610,mm,OK,--,1:10:11 PM,11/27/2025,
386,39.5,gf,1.615,mm,OK,--,1:10:11 PM,11/27/2025,
387,39.5,gf,1.615,mm,OK,--,1:10:11 PM,11/27/2025,
388,39.5,gf,1.620,mm,OK,--,1:10:11 PM,11/27/2025,
389,39.5,gf,1.620,mm,OK,--,1:10:11 PM,11/27/2025,
390,39.5,gf,1.625,mm,OK,--,1:10:11 PM,11/27/2025,
391,39.6,gf,1.625,mm,OK,--,1:10:12 PM,11/27/2025,
392,39.6,gf,1.630,mm,OK,--,1:10:12 PM,11/27/2025,
393,39.6,gf,1.630,mm,OK,--,1:10:12 PM,11/27/2025,
394,39.6,gf,1.630,mm,OK,--,1:10:12 PM,11/27/2025,
395,39.6,gf,1.630,mm,OK,--,1:10:12 PM,11/27/2025,
396,39.6,gf,1.630,mm,OK,--,1:10:12 PM,11/27/2025,
397,39.6,gf,1.635,mm,OK,--,1:10:12 PM,11/27/2025,
398,39.6,gf,1.635,mm,OK,--,1:10:12 PM,11/27/2025,
399,39.6,gf,1.640,mm,OK,--,1:10:12 PM,11/27/2025,
400,39.6,gf,1.640,mm,OK,--,1:10:12 PM,11/27/2025,
401,39.6,gf,1.645,mm,OK,--,1:10:13 PM,11/27/2025,
402,39.6,gf,1.645,mm,OK,--,1:10:13 PM,11/27/2025,
403,39.7,gf,1.650,mm,OK,--,1:10:13 PM,11/27/2025,
404,39.7,gf,1.655,mm,OK,--,1:10:13 PM,11/27/2025,
405,39.8,gf,1.660,mm,OK,--,1:10:13 PM,11/27/2025,
406,39.8,gf,1.665,mm,OK,--,1:10:13 PM,11/27/2025,
407,39.8,gf,1.670,mm,OK,--,1:10:13 PM,11/27/2025,
408,39.8,gf,1.675,mm,OK,--,1:10:13 PM,11/27/2025,
409,39.8,gf,1.680,mm,OK,--,1:10:13 PM,11/27/2025,
410,39.9,gf,1.685,mm,OK,--,1:10:13 PM,11/27/2025,
411,39.8,gf,1.690,mm,OK,--,1:10:14 PM,11/27/2025,
412,39.8,gf,1.695,mm,OK,--,1:10:14 PM,11/27/2025,
413,39.8,gf,1.700,mm,OK,--,1:10:14 PM,11/27/2025,
414,39.8,gf,1.705,mm,OK,--,1:10:14 PM,11/27/2025,
415,39.8,gf,1.705,mm,OK,--,1:10:14 PM,11/27/2025,
416,39.8,gf,1.710,mm,OK,--,1:10:14 PM,11/27/2025,
417,39.8,gf,1.720,mm,OK,--,1:10:14 PM,11/27/2025,
418,39.9,gf,1.725,mm,OK,--,1:10:14 PM,11/27/2025,
419,40.0,gf,1.730,mm,OK,--,1:10:14 PM,11/27/2025,
420,40.0,gf,1.740,mm,OK,--,1:10:14 PM,11/27/2025,
421,40.0,gf,1.745,mm,OK,--,1:10:15 PM,11/27/2025,
422,40.0,gf,1.755,mm,OK,--,1:10:15 PM,11/27/2025,
423,40.0,gf,1.760,mm,OK,--,1:10:15 PM,11/27/2025,
424,40.0,gf,1.765,mm,OK,--,1:10:15 PM,11/27/2025,
425,40.0,gf,1.770,mm,OK,--,1:10:15 PM,11/27/2025,
426,40.1,gf,1.775,mm,OK,--,1:10:15 PM,11/27/2025,
427,40.1,gf,1.780,mm,OK,--,1:10:15 PM,11/27/2025,
428,40.1,gf,1.785,mm,OK,--,1:10:15 PM,11/27/2025,
429,40.2,gf,1.790,mm,OK,--,1:10:15 PM,11/27/2025,
430,40.2,gf,1.795,mm,OK,--,1:10:15 PM,11/27/2025,
431,40.2,gf,1.800,mm,OK,--,1:10:16 PM,11/27/2025,
432,40.2,gf,1.805,mm,OK,--,1:10:16 PM,11/27/2025,
433,40.2,gf,1.810,mm,OK,--,1:10:16 PM,11/27/2025,
434,40.2,gf,1.815,mm,OK,--,1:10:16 PM,11/27/2025,
435,40.2,gf,1.820,mm,OK,--,1:10:16 PM,11/27/2025,
436,40.2,gf,1.825,mm,OK,--,1:10:16 PM,11/27/2025,
437,40.2,gf,1.830,mm,OK,--,1:10:16 PM,11/27/2025,
438,40.2,gf,1.840,mm,OK,--,1:10:16 PM,11/27/2025,
439,40.1,gf,1.845,mm,OK,--,1:10:16 PM,11/27/2025,
440,40.2,gf,1.850,mm,OK,--,1:10:16 PM,11/27/2025,
441,40.2,gf,1.855,mm,OK,--,1:10:17 PM,11/27/2025,
442,40.2,gf,1.860,mm,OK,--,1:10:17 PM,11/27/2025,
443,40.2,gf,1.865,mm,OK,--,1:10:17 PM,11/27/2025,
444,40.2,gf,1.870,mm,OK,--,1:10:17 PM,11/27/2025,
445,40.2,gf,1.870,mm,OK,--,1:10:17 PM,11/27/2025,
446,40.3,gf,1.875,mm,OK,--,1:10:17 PM,11/27/2025,
447,40.3,gf,1.880,mm,OK,--,1:10:17 PM,11/27/2025,
448,40.3,gf,1.885,mm,OK,--,1:10:17 PM,11/27/2025,
449,40.3,gf,1.890,mm,OK,--,1:10:17 PM,11/27/2025,
450,40.3,gf,1.900,mm,OK,--,1:10:17 PM,11/27/2025,
451,40.3,gf,1.905,mm,OK,--,1:10:18 PM,11/27/2025,
452,40.3,gf,1.915,mm,OK,--,1:10:18 PM,11/27/2025,
453,40.3,gf,1.920,mm,OK,--,1:10:18 PM,11/27/2025,
454,40.4,gf,1.930,mm,OK,--,1:10:18 PM,11/27/2025,
455,40.4,gf,1.935,mm,OK,--,1:10:18 PM,11/27/2025,
456,40.4,gf,1.940,mm,OK,--,1:10:18 PM,11/27/2025,
457,40.4,gf,1.945,mm,OK,--,1:10:18 PM,11/27/2025,
458,40.4,gf,1.950,mm,OK,--,1:10:18 PM,11/27/2025,
459,40.4,gf,1.950,mm,OK,--,1:10:18 PM,11/27/2025,
460,40.4,gf,1.955,mm,OK,--,1:10:18 PM,11/27/2025,
461,40.3,gf,1.960,mm,OK,--,1:10:19 PM,11/27/2025,
462,40.4,gf,1.960,mm,OK,--,1:10:19 PM,11/27/2025,
463,40.4,gf,1.960,mm,OK,--,1:10:19 PM,11/27/2025,
464,40.4,gf,1.965,mm,OK,--,1:10:19 PM,11/27/2025,
465,40.4,gf,1.965,mm,OK,--,1:10:19 PM,11/27/2025,
466,40.4,gf,1.970,mm,OK,--,1:10:19 PM,11/27/2025,
467,40.4,gf,1.970,mm,OK,--,1:10:19 PM,11/27/2025,
468,40.4,gf,1.975,mm,OK,--,1:10:19 PM,11/27/2025,
469,40.4,gf,1.975,mm,OK,--,1:10:19 PM,11/27/2025,
470,40.4,gf,1.980,mm,OK,--,1:10:19 PM,11/27/2025,
471,40.4,gf,1.980,mm,OK,--,1:10:20 PM,11/27/2025,
472,40.5,gf,1.985,mm,OK,--,1:10:20 PM,11/27/2025,
473,40.5,gf,1.990,mm,OK,--,1:10:20 PM,11/27/2025,
474,40.5,gf,1.990,mm,OK,--,1:10:20 PM,11/27/2025,
475,40.5,gf,1.995,mm,OK,--,1:10:20 PM,11/27/2025,
476,40.6,gf,2.000,mm,OK,--,1:10:20 PM,11/27/2025,
477,40.6,gf,2.005,mm,OK,--,1:10:20 PM,11/27/2025,
478,40.6,gf,2.010,mm,OK,--,1:10:20 PM,11/27/2025,
479,40.6,gf,2.015,mm,OK,--,1:10:20 PM,11/27/2025,
480,40.6,gf,2.015,mm,OK,--,1:10:20 PM,11/27/2025,
481,40.6,gf,2.020,mm,OK,--,1:10:21 PM,11/27/2025,
482,40.6,gf,2.025,mm,OK,--,1:10:21 PM,11/27/2025,
483,40.6,gf,2.030,mm,OK,--,1:10:21 PM,11/27/2025,
484,40.7,gf,2.035,mm,OK,--,1:10:21 PM,11/27/2025,
485,40.7,gf,2.040,mm,OK,--,1:10:21 PM,11/27/2025,
486,40.7,gf,2.050,mm,OK,--,1:10:21 PM,11/27/2025,
487,40.7,gf,2.055,mm,OK,--,1:10:21 PM,11/27/2025,
488,40.8,gf,2.065,mm,OK,--,1:10:21 PM,11/27/2025,
489,40.7,gf,2.070,mm,OK,--,1:10:21 PM,11/27/2025,
490,40.7,gf,2.075,mm,OK,--,1:10:21 PM,11/27/2025,
491,40.7,gf,2.080,mm,OK,--,1:10:22 PM,11/27/2025,
492,40.7,gf,2.080,mm,OK,--,1:10:22 PM,11/27/2025,
493,40.7,gf,2.085,mm,OK,--,1:10:22 PM,11/27/2025,
494,40.7,gf,2.090,mm,OK,--,1:10:22 PM,11/27/2025,
495,40.7,gf,2.090,mm,OK,--,1:10:22 PM,11/27/2025,
496,40.7,gf,2.095,mm,OK,--,1:10:22 PM,11/27/2025,
497,40.6,gf,2.100,mm,OK,--,1:10:22 PM,11/27/2025,
498,40.6,gf,2.100,mm,OK,--,1:10:22 PM,11/27/2025,
499,40.6,gf,2.105,mm,OK,--,1:10:22 PM,11/27/2025,
500,40.6,gf,2.110,mm,OK,--,1:10:22 PM,11/27/2025,
501,40.6,gf,2.110,mm,OK,--,1:10:23 PM,11/27/2025,
502,40.6,gf,2.115,mm,OK,--,1:10:23 PM,11/27/2025,
503,40.7,gf,2.120,mm,OK,--,1:10:23 PM,11/27/2025,
504,40.7,gf,2.125,mm,OK,--,1:10:23 PM,11/27/2025,
505,40.7,gf,2.125,mm,OK,--,1:10:23 PM,11/27/2025,
506,40.7,gf,2.130,mm,OK,--,1:10:23 PM,11/27/2025,
507,40.7,gf,2.135,mm,OK,--,1:10:23 PM,11/27/2025,
508,40.7,gf,2.140,mm,OK,--,1:10:23 PM,11/27/2025,
509,40.7,gf,2.145,mm,OK,--,1:10:23 PM,11/27/2025,
510,40.7,gf,2.150,mm,OK,--,1:10:23 PM,11/27/2025,
511,40.7,gf,2.155,mm,OK,--,1:10:24 PM,11/27/2025,
512,40.7,gf,2.160,mm,OK,--,1:10:24 PM,11/27/2025,
513,40.8,gf,2.165,mm,OK,--,1:10:24 PM,11/27/2025,
514,40.9,gf,2.170,mm,OK,--,1:10:24 PM,11/27/2025,
515,40.9,gf,2.175,mm,OK,--,1:10:24 PM,11/27/2025,
516,40.9,gf,2.180,mm,OK,--,1:10:24 PM,11/27/2025,
517,40.9,gf,2.185,mm,OK,--,1:10:24 PM,11/27/2025,
518,40.9,gf,2.190,mm,OK,--,1:10:24 PM,11/27/2025,
519,41.0,gf,2.195,mm,OK,--,1:10:24 PM,11/27/2025,
520,41.1,gf,2.200,mm,OK,--,1:10:24 PM,11/27/2025,
521,41.1,gf,2.205,mm,OK,--,1:10:25 PM,11/27/2025,
522,41.1,gf,2.205,mm,OK,--,1:10:25 PM,11/27/2025,
523,41.1,gf,2.210,mm,OK,--,1:10:25 PM,11/27/2025,
524,41.1,gf,2.215,mm,OK,--,1:10:25 PM,11/27/2025,
525,41.1,gf,2.220,mm,OK,--,1:10:25 PM,11/27/2025,
526,41.1,gf,2.220,mm,OK,--,1:10:25 PM,11/27/2025,
527,41.2,gf,2.225,mm,OK,--,1:10:25 PM,11/27/2025,
528,41.2,gf,2.230,mm,OK,--,1:10:25 PM,11/27/2025,
529,41.2,gf,2.235,mm,OK,--,1:10:25 PM,11/27/2025,
530,41.2,gf,2.235,mm,OK,--,1:10:25 PM,11/27/2025,
531,41.2,gf,2.240,mm,OK,--,1:10:26 PM,11/27/2025,
532,41.2,gf,2.245,mm,OK,--,1:10:26 PM,11/27/2025,
533,41.2,gf,2.250,mm,OK,--,1:10:26 PM,11/27/2025,
534,41.2,gf,2.250,mm,OK,--,1:10:26 PM,11/27/2025,
535,41.2,gf,2.255,mm,OK,--,1:10:26 PM,11/27/2025,
536,41.2,gf,2.260,mm,OK,--,1:10:26 PM,11/27/2025,
537,41.2,gf,2.260,mm,OK,--,1:10:26 PM,11/27/2025,
538,41.2,gf,2.265,mm,OK,--,1:10:26 PM,11/27/2025,
539,41.2,gf,2.265,mm,OK,--,1:10:26 PM,11/27/2025,
540,41.3,gf,2.270,mm,OK,--,1:10:26 PM,11/27/2025,
541,41.4,gf,2.275,mm,OK,--,1:10:27 PM,11/27/2025,
542,41.4,gf,2.280,mm,OK,--,1:10:27 PM,11/27/2025,
543,41.3,gf,2.280,mm,OK,--,1:10:27 PM,11/27/2025,
544,41.4,gf,2.285,mm,OK,--,1:10:27 PM,11/27/2025,
545,41.4,gf,2.285,mm,OK,--,1:10:27 PM,11/27/2025,
546,41.4,gf,2.290,mm,OK,--,1:10:27 PM,11/27/2025,
547,41.4,gf,2.295,mm,OK,--,1:10:27 PM,11/27/2025,
548,41.4,gf,2.295,mm,OK,--,1:10:27 PM,11/27/2025,
549,41.4,gf,2.300,mm,OK,--,1:10:27 PM,11/27/2025,
550,41.5,gf,2.305,mm,OK,--,1:10:27 PM,11/27/2025,
551,41.4,gf,2.305,mm,OK,--,1:10:28 PM,11/27/2025,
552,41.4,gf,2.310,mm,OK,--,1:10:28 PM,11/27/2025,
553,41.4,gf,2.315,mm,OK,--,1:10:28 PM,11/27/2025,
554,41.4,gf,2.315,mm,OK,--,1:10:28 PM,11/27/2025,
555,41.4,gf,2.320,mm,OK,--,1:10:28 PM,11/27/2025,
556,41.5,gf,2.320,mm,OK,--,1:10:28 PM,11/27/2025,
557,41.5,gf,2.325,mm,OK,--,1:10:28 PM,11/27/2025,
558,41.5,gf,2.325,mm,OK,--,1:10:28 PM,11/27/2025,
559,41.5,gf,2.330,mm,OK,--,1:10:28 PM,11/27/2025,
560,41.5,gf,2.335,mm,OK,--,1:10:28 PM,11/27/2025,
561,41.5,gf,2.335,mm,OK,--,1:10:29 PM,11/27/2025,
562,41.5,gf,2.340,mm,OK,--,1:10:29 PM,11/27/2025,
563,41.5,gf,2.345,mm,OK,--,1:10:29 PM,11/27/2025,
564,41.5,gf,2.350,mm,OK,--,1:10:29 PM,11/27/2025,
565,41.5,gf,2.355,mm,OK,--,1:10:29 PM,11/27/2025,
566,41.5,gf,2.360,mm,OK,--,1:10:29 PM,11/27/2025,
567,41.5,gf,2.365,mm,OK,--,1:10:29 PM,11/27/2025,
568,41.6,gf,2.370,mm,OK,--,1:10:29 PM,11/27/2025,
569,41.5,gf,2.380,mm,OK,--,1:10:29 PM,11/27/2025,
570,41.5,gf,2.385,mm,OK,--,1:10:29 PM,11/27/2025,
571,41.5,gf,2.395,mm,OK,--,1:10:30 PM,11/27/2025,
572,41.5,gf,2.400,mm,OK,--,1:10:30 PM,11/27/2025,
573,41.5,gf,2.400,mm,OK,--,1:10:30 PM,11/27/2025,
574,41.6,gf,2.405,mm,OK,--,1:10:30 PM,11/27/2025,
575,41.6,gf,2.405,mm,OK,--,1:10:30 PM,11/27/2025,
576,41.6,gf,2.410,mm,OK,--,1:10:30 PM,11/27/2025,
577,41.6,gf,2.415,mm,OK,--,1:10:30 PM,11/27/2025,
578,41.5,gf,2.415,mm,OK,--,1:10:30 PM,11/27/2025,
579,41.6,gf,2.415,mm,OK,--,1:10:30 PM,11/27/2025,
580,41.6,gf,2.420,mm,OK,--,1:10:30 PM,11/27/2025,
581,41.6,gf,2.420,mm,OK,--,1:10:31 PM,11/27/2025,
582,41.6,gf,2.420,mm,OK,--,1:10:31 PM,11/27/2025,
583,41.5,gf,2.420,mm,OK,--,1:10:31 PM,11/27/2025,
584,41.6,gf,2.420,mm,OK,--,1:10:31 PM,11/27/2025,
585,41.6,gf,2.420,mm,OK,--,1:10:31 PM,11/27/2025,
586,41.6,gf,2.425,mm,OK,--,1:10:31 PM,11/27/2025,
587,41.6,gf,2.425,mm,OK,--,1:10:31 PM,11/27/2025,
588,41.6,gf,2.425,mm,OK,--,1:10:31 PM,11/27/2025,
589,41.6,gf,2.430,mm,OK,--,1:10:31 PM,11/27/2025,
590,41.6,gf,2.430,mm,OK,--,1:10:31 PM,11/27/2025,
591,41.7,gf,2.435,mm,OK,--,1:10:32 PM,11/27/2025,
592,41.7,gf,2.435,mm,OK,--,1:10:32 PM,11/27/2025,
593,41.7,gf,2.440,mm,OK,--,1:10:32 PM,11/27/2025,
594,41.7,gf,2.440,mm,OK,--,1:10:32 PM,11/27/2025,
595,41.8,gf,2.445,mm,OK,--,1:10:32 PM,11/27/2025,
596,41.8,gf,2.450,mm,OK,--,1:10:32 PM,11/27/2025,
597,41.8,gf,2.455,mm,OK,--,1:10:32 PM,11/27/2025,
598,41.8,gf,2.460,mm,OK,--,1:10:32 PM,11/27/2025,
599,41.7,gf,2.465,mm,OK,--,1:10:32 PM,11/27/2025,
600,41.7,gf,2.475,mm,OK,--,1:10:32 PM,11/27/2025,
601,41.7,gf,2.480,mm,OK,--,1:10:33 PM,11/27/2025,
602,41.7,gf,2.490,mm,OK,--,1:10:33 PM,11/27/2025,
603,41.8,gf,2.500,mm,OK,--,1:10:33 PM,11/27/2025,
604,41.8,gf,2.510,mm,OK,--,1:10:33 PM,11/27/2025,
605,41.8,gf,2.520,mm,OK,--,1:10:33 PM,11/27/2025,
606,41.9,gf,2.535,mm,OK,--,1:10:33 PM,11/27/2025,
607,42.0,gf,2.555,mm,OK,--,1:10:33 PM,11/27/2025,
608,42.0,gf,2.575,mm,OK,--,1:10:33 PM,11/27/2025,
609,42.0,gf,2.595,mm,OK,--,1:10:33 PM,11/27/2025,
610,42.0,gf,2.610,mm,OK,--,1:10:33 PM,11/27/2025,
611,42.1,gf,2.625,mm,OK,--,1:10:34 PM,11/27/2025,
612,42.1,gf,2.645,mm,OK,--,1:10:34 PM,11/27/2025,
613,42.2,gf,2.660,mm,OK,--,1:10:34 PM,11/27/2025,
614,42.1,gf,2.665,mm,OK,--,1:10:34 PM,11/27/2025,
615,42.2,gf,2.675,mm,OK,--,1:10:34 PM,11/27/2025,
616,42.2,gf,2.685,mm,OK,--,1:10:34 PM,11/27/2025,
617,42.2,gf,2.695,mm,OK,--,1:10:34 PM,11/27/2025,
618,42.3,gf,2.705,mm,OK,--,1:10:34 PM,11/27/2025,
619,42.3,gf,2.720,mm,OK,--,1:10:34 PM,11/27/2025,
620,42.3,gf,2.730,mm,OK,--,1:10:34 PM,11/27/2025,
621,42.4,gf,2.740,mm,OK,--,1:10:35 PM,11/27/2025,
622,42.4,gf,2.755,mm,OK,--,1:10:35 PM,11/27/2025,
623,42.5,gf,2.765,mm,OK,--,1:10:35 PM,11/27/2025,
624,42.5,gf,2.780,mm,OK,--,1:10:35 PM,11/27/2025,
625,42.6,gf,2.785,mm,OK,--,1:10:35 PM,11/27/2025,
626,42.6,gf,2.795,mm,OK,--,1:10:35 PM,11/27/2025,
627,42.6,gf,2.800,mm,OK,--,1:10:35 PM,11/27/2025,
628,42.6,gf,2.805,mm,OK,--,1:10:35 PM,11/27/2025,
629,42.6,gf,2.810,mm,OK,--,1:10:35 PM,11/27/2025,
630,42.6,gf,2.820,mm,OK,--,1:10:35 PM,11/27/2025,
631,42.7,gf,2.820,mm,OK,--,1:10:36 PM,11/27/2025,
632,42.6,gf,2.825,mm,OK,--,1:10:36 PM,11/27/2025,
633,42.6,gf,2.830,mm,OK,--,1:10:36 PM,11/27/2025,
634,42.7,gf,2.830,mm,OK,--,1:10:36 PM,11/27/2025,
635,42.7,gf,2.835,mm,OK,--,1:10:36 PM,11/27/2025,
636,42.7,gf,2.840,mm,OK,--,1:10:36 PM,11/27/2025,
637,42.7,gf,2.840,mm,OK,--,1:10:36 PM,11/27/2025,
638,42.7,gf,2.845,mm,OK,--,1:10:36 PM,11/27/2025,
639,42.7,gf,2.845,mm,OK,--,1:10:36 PM,11/27/2025,
640,42.7,gf,2.850,mm,OK,--,1:10:36 PM,11/27/2025,
641,42.7,gf,2.850,mm,OK,--,1:10:37 PM,11/27/2025,
642,42.8,gf,2.855,mm,OK,--,1:10:37 PM,11/27/2025,
643,42.8,gf,2.855,mm,OK,--,1:10:37 PM,11/27/2025,
644,42.8,gf,2.860,mm,OK,--,1:10:37 PM,11/27/2025,
645,42.8,gf,2.860,mm,OK,--,1:10:37 PM,11/27/2025,
646,42.8,gf,2.865,mm,OK,--,1:10:37 PM,11/27/2025,
647,42.8,gf,2.865,mm,OK,--,1:10:37 PM,11/27/2025,
648,42.8,gf,2.865,mm,OK,--,1:10:37 PM,11/27/2025,
649,42.8,gf,2.870,mm,OK,--,1:10:37 PM,11/27/2025,
650,42.8,gf,2.870,mm,OK,--,1:10:37 PM,11/27/2025,
651,42.8,gf,2.875,mm,OK,--,1:10:38 PM,11/27/2025,
652,42.8,gf,2.875,mm,OK,--,1:10:38 PM,11/27/2025,
653,42.8,gf,2.875,mm,OK,--,1:10:38 PM,11/27/2025,
654,42.9,gf,2.880,mm,OK,--,1:10:38 PM,11/27/2025,
655,42.9,gf,2.885,mm,OK,--,1:10:38 PM,11/27/2025,
656,42.9,gf,2.890,mm,OK,--,1:10:38 PM,11/27/2025,
657,42.9,gf,2.895,mm,OK,--,1:10:38 PM,11/27/2025,
658,42.9,gf,2.900,mm,OK,--,1:10:38 PM,11/27/2025,
659,43.1,gf,2.905,mm,OK,--,1:10:38 PM,11/27/2025,
660,43.0,gf,2.905,mm,OK,--,1:10:38 PM,11/27/2025,
661,43.0,gf,2.910,mm,OK,--,1:10:39 PM,11/27/2025,
662,43.0,gf,2.915,mm,OK,--,1:10:39 PM,11/27/2025,
663,43.1,gf,2.920,mm,OK,--,1:10:39 PM,11/27/2025,
664,43.1,gf,2.925,mm,OK,--,1:10:39 PM,11/27/2025,
665,43.1,gf,2.930,mm,OK,--,1:10:39 PM,11/27/2025,
666,43.1,gf,2.930,mm,OK,--,1:10:39 PM,11/27/2025,
667,43.1,gf,2.935,mm,OK,--,1:10:39 PM,11/27/2025,
668,43.1,gf,2.935,mm,OK,--,1:10:39 PM,11/27/2025,
669,43.1,gf,2.940,mm,OK,--,1:10:39 PM,11/27/2025,
670,43.1,gf,2.945,mm,OK,--,1:10:39 PM,11/27/2025,
671,43.2,gf,2.945,mm,OK,--,1:10:40 PM,11/27/2025,
672,43.2,gf,2.950,mm,OK,--,1:10:40 PM,11/27/2025,
673,43.2,gf,2.950,mm,OK,--,1:10:40 PM,11/27/2025,
674,43.2,gf,2.955,mm,OK,--,1:10:40 PM,11/27/2025,
675,43.2,gf,2.960,mm,OK,--,1:10:40 PM,11/27/2025,
676,43.2,gf,2.965,mm,OK,--,1:10:40 PM,11/27/2025,
677,43.3,gf,2.965,mm,OK,--,1:10:40 PM,11/27/2025,
678,43.3,gf,2.970,mm,OK,--,1:10:40 PM,11/27/2025,
679,43.3,gf,2.975,mm,OK,--,1:10:40 PM,11/27/2025,
680,43.3,gf,2.975,mm,OK,--,1:10:40 PM,11/27/2025,
681,43.3,gf,2.980,mm,OK,--,1:10:41 PM,11/27/2025,
682,43.4,gf,2.985,mm,OK,--,1:10:41 PM,11/27/2025,
683,43.3,gf,2.990,mm,OK,--,1:10:41 PM,11/27/2025,
684,43.4,gf,2.995,mm,OK,--,1:10:41 PM,11/27/2025,
685,43.3,gf,2.995,mm,OK,--,1:10:41 PM,11/27/2025,
686,43.4,gf,3.000,mm,OK,--,1:10:41 PM,11/27/2025,
687,43.4,gf,3.000,mm,OK,--,1:10:41 PM,11/27/2025,
688,43.4,gf,3.000,mm,OK,--,1:10:41 PM,11/27/2025,
689,43.4,gf,3.005,mm,OK,--,1:10:41 PM,11/27/2025,
690,43.4,gf,3.005,mm,OK,--,1:10:41 PM,11/27/2025,
691,43.4,gf,3.010,mm,OK,--,1:10:42 PM,11/27/2025,
692,43.4,gf,3.015,mm,OK,--,1:10:42 PM,11/27/2025,
693,43.4,gf,3.015,mm,OK,--,1:10:42 PM,11/27/2025,
694,43.4,gf,3.020,mm,OK,--,1:10:42 PM,11/27/2025,
695,43.4,gf,3.020,mm,OK,--,1:10:42 PM,11/27/2025,
696,43.5,gf,3.025,mm,OK,--,1:10:42 PM,11/27/2025,
697,43.5,gf,3.025,mm,OK,--,1:10:42 PM,11/27/2025,
698,43.4,gf,3.030,mm,OK,--,1:10:42 PM,11/27/2025,
699,43.5,gf,3.035,mm,OK,--,1:10:42 PM,11/27/2025,
700,43.5,gf,3.040,mm,OK,--,1:10:42 PM,11/27/2025,
701,43.6,gf,3.045,mm,OK,--,1:10:43 PM,11/27/2025,
702,43.6,gf,3.050,mm,OK,--,1:10:43 PM,11/27/2025,
703,43.6,gf,3.055,mm,OK,--,1:10:43 PM,11/27/2025,
704,43.6,gf,3.060,mm,OK,--,1:10:43 PM,11/27/2025,
705,43.6,gf,3.065,mm,OK,--,1:10:43 PM,11/27/2025,
706,43.6,gf,3.070,mm,OK,--,1:10:43 PM,11/27/2025,
707,43.6,gf,3.070,mm,OK,--,1:10:43 PM,11/27/2025,
708,43.6,gf,3.075,mm,OK,--,1:10:43 PM,11/27/2025,
709,43.6,gf,3.080,mm,OK,--,1:10:43 PM,11/27/2025,
710,43.6,gf,3.085,mm,OK,--,1:10:43 PM,11/27/2025,
711,43.7,gf,3.085,mm,OK,--,1:10:44 PM,11/27/2025,
712,43.6,gf,3.090,mm,OK,--,1:10:44 PM,11/27/2025,
713,43.6,gf,3.090,mm,OK,--,1:10:44 PM,11/27/2025,
714,43.7,gf,3.095,mm,OK,--,1:10:44 PM,11/27/2025,
715,43.7,gf,3.095,mm,OK,--,1:10:44 PM,11/27/2025,
716,43.7,gf,3.100,mm,OK,--,1:10:44 PM,11/27/2025,
717,43.7,gf,3.105,mm,OK,--,1:10:44 PM,11/27/2025,
718,43.7,gf,3.105,mm,OK,--,1:10:44 PM,11/27/2025,
719,43.7,gf,3.110,mm,OK,--,1:10:44 PM,11/27/2025,
720,43.7,gf,3.115,mm,OK,--,1:10:44 PM,11/27/2025,
721,43.7,gf,3.120,mm,OK,--,1:10:45 PM,11/27/2025,
722,43.7,gf,3.125,mm,OK,--,1:10:45 PM,11/27/2025,
723,43.7,gf,3.130,mm,OK,--,1:10:45 PM,11/27/2025,
724,43.7,gf,3.135,mm,OK,--,1:10:45 PM,11/27/2025,
725,43.7,gf,3.140,mm,OK,--,1:10:45 PM,11/27/2025,
726,43.7,gf,3.145,mm,OK,--,1:10:45 PM,11/27/2025,
727,43.7,gf,3.150,mm,OK,--,1:10:45 PM,11/27/2025,
728,43.7,gf,3.155,mm,OK,--,1:10:45 PM,11/27/2025,
729,43.8,gf,3.160,mm,OK,--,1:10:45 PM,11/27/2025,
730,43.7,gf,3.165,mm,OK,--,1:10:45 PM,11/27/2025,
731,43.8,gf,3.170,mm,OK,--,1:10:46 PM,11/27/2025,
732,43.8,gf,3.175,mm,OK,--,1:10:46 PM,11/27/2025,
733,43.9,gf,3.180,mm,OK,--,1:10:46 PM,11/27/2025,
734,43.9,gf,3.185,mm,OK,--,1:10:46 PM,11/27/2025,
735,43.9,gf,3.190,mm,OK,--,1:10:46 PM,11/27/2025,
736,43.9,gf,3.195,mm,OK,--,1:10:46 PM,11/27/2025,
737,43.9,gf,3.200,mm,OK,--,1:10:46 PM,11/27/2025,
738,44.0,gf,3.210,mm,OK,--,1:10:46 PM,11/27/2025,
739,44.0,gf,3.220,mm,OK,--,1:10:46 PM,11/27/2025,
740,44.0,gf,3.230,mm,OK,--,1:10:46 PM,11/27/2025,
741,44.0,gf,3.235,mm,OK,--,1:10:47 PM,11/27/2025,
742,44.0,gf,3.240,mm,OK,--,1:10:47 PM,11/27/2025,
743,44.0,gf,3.245,mm,OK,--,1:10:47 PM,11/27/2025,
744,44.0,gf,3.245,mm,OK,--,1:10:47 PM,11/27/2025,
745,44.0,gf,3.250,mm,OK,--,1:10:47 PM,11/27/2025,
746,44.0,gf,3.250,mm,OK,--,1:10:47 PM,11/27/2025,
747,44.0,gf,3.255,mm,OK,--,1:10:47 PM,11/27/2025,
748,44.0,gf,3.255,mm,OK,--,1:10:47 PM,11/27/2025,
749,44.1,gf,3.260,mm,OK,--,1:10:47 PM,11/27/2025,
750,44.0,gf,3.265,mm,OK,--,1:10:47 PM,11/27/2025,
751,44.0,gf,3.270,mm,OK,--,1:10:48 PM,11/27/2025,
752,44.0,gf,3.270,mm,OK,--,1:10:48 PM,11/27/2025,
753,44.0,gf,3.275,mm,OK,--,1:10:48 PM,11/27/2025,
754,44.1,gf,3.275,mm,OK,--,1:10:48 PM,11/27/2025,
755,44.1,gf,3.280,mm,OK,--,1:10:48 PM,11/27/2025,
756,44.1,gf,3.280,mm,OK,--,1:10:48 PM,11/27/2025,
757,44.1,gf,3.285,mm,OK,--,1:10:48 PM,11/27/2025,
758,44.1,gf,3.290,mm,OK,--,1:10:48 PM,11/27/2025,
759,44.1,gf,3.290,mm,OK,--,1:10:48 PM,11/27/2025,
760,44.1,gf,3.295,mm,OK,--,1:10:48 PM,11/27/2025,
761,44.1,gf,3.300,mm,OK,--,1:10:49 PM,11/27/2025,
762,44.2,gf,3.300,mm,OK,--,1:10:49 PM,11/27/2025,
763,44.2,gf,3.305,mm,OK,--,1:10:49 PM,11/27/2025,
764,44.2,gf,3.305,mm,OK,--,1:10:49 PM,11/27/2025,
765,44.2,gf,3.310,mm,OK,--,1:10:49 PM,11/27/2025,
766,44.2,gf,3.315,mm,OK,--,1:10:49 PM,11/27/2025,
767,44.3,gf,3.315,mm,OK,--,1:10:49 PM,11/27/2025,
768,44.3,gf,3.320,mm,OK,--,1:10:49 PM,11/27/2025,
769,44.3,gf,3.325,mm,OK,--,1:10:49 PM,11/27/2025,
770,44.3,gf,3.325,mm,OK,--,1:10:49 PM,11/27/2025,
771,44.3,gf,3.330,mm,OK,--,1:10:50 PM,11/27/2025,
772,44.3,gf,3.335,mm,OK,--,1:10:50 PM,11/27/2025,
773,44.3,gf,3.340,mm,OK,--,1:10:50 PM,11/27/2025,
774,44.3,gf,3.340,mm,OK,--,1:10:50 PM,11/27/2025,
775,44.4,gf,3.345,mm,OK,--,1:10:50 PM,11/27/2025,
776,44.4,gf,3.350,mm,OK,--,1:10:50 PM,11/27/2025,
777,44.4,gf,3.355,mm,OK,--,1:10:50 PM,11/27/2025,
778,44.4,gf,3.360,mm,OK,--,1:10:50 PM,11/27/2025,
779,44.4,gf,3.360,mm,OK,--,1:10:50 PM,11/27/2025,
780,44.4,gf,3.365,mm,OK,--,1:10:50 PM,11/27/2025,
781,44.4,gf,3.370,mm,OK,--,1:10:51 PM,11/27/2025,
782,44.4,gf,3.375,mm,OK,--,1:10:51 PM,11/27/2025,
783,44.4,gf,3.375,mm,OK,--,1:10:51 PM,11/27/2025,
784,44.5,gf,3.380,mm,OK,--,1:10:51 PM,11/27/2025,
785,44.5,gf,3.380,mm,OK,--,1:10:51 PM,11/27/2025,
786,44.5,gf,3.385,mm,OK,--,1:10:51 PM,11/27/2025,
787,44.5,gf,3.385,mm,OK,--,1:10:51 PM,11/27/2025,
788,44.5,gf,3.390,mm,OK,--,1:10:51 PM,11/27/2025,
789,44.5,gf,3.390,mm,OK,--,1:10:51 PM,11/27/2025,
790,44.5,gf,3.395,mm,OK,--,1:10:51 PM,11/27/2025,
791,44.5,gf,3.395,mm,OK,--,1:10:52 PM,11/27/2025,
792,44.5,gf,3.400,mm,OK,--,1:10:52 PM,11/27/2025,
793,44.5,gf,3.400,mm,OK,--,1:10:52 PM,11/27/2025,
794,44.5,gf,3.405,mm,OK,--,1:10:52 PM,11/27/2025,
795,44.5,gf,3.405,mm,OK,--,1:10:52 PM,11/27/2025,
796,44.5,gf,3.410,mm,OK,--,1:10:52 PM,11/27/2025,
797,44.5,gf,3.410,mm,OK,--,1:10:52 PM,11/27/2025,
798,44.6,gf,3.415,mm,OK,--,1:10:52 PM,11/27/2025,
799,44.6,gf,3.420,mm,OK,--,1:10:52 PM,11/27/2025,
800,44.6,gf,3.420,mm,OK,--,1:10:52 PM,11/27/2025,
801,44.6,gf,3.425,mm,OK,--,1:10:53 PM,11/27/2025,
802,44.6,gf,3.425,mm,OK,--,1:10:53 PM,11/27/2025,
803,44.6,gf,3.430,mm,OK,--,1:10:53 PM,11/27/2025,
804,44.6,gf,3.435,mm,OK,--,1:10:53 PM,11/27/2025,
805,44.6,gf,3.435,mm,OK,--,1:10:53 PM,11/27/2025,
806,44.6,gf,3.440,mm,OK,--,1:10:53 PM,11/27/2025,
807,44.6,gf,3.440,mm,OK,--,1:10:53 PM,11/27/2025,
808,44.6,gf,3.445,mm,OK,--,1:10:53 PM,11/27/2025,
809,44.6,gf,3.445,mm,OK,--,1:10:53 PM,11/27/2025,
810,44.6,gf,3.450,mm,OK,--,1:10:53 PM,11/27/2025,
811,44.6,gf,3.455,mm,OK,--,1:10:54 PM,11/27/2025,
812,44.6,gf,3.455,mm,OK,--,1:10:54 PM,11/27/2025,
813,44.7,gf,3.460,mm,OK,--,1:10:54 PM,11/27/2025,
814,44.7,gf,3.460,mm,OK,--,1:10:54 PM,11/27/2025,
815,44.7,gf,3.460,mm,OK,--,1:10:54 PM,11/27/2025,
816,44.7,gf,3.465,mm,OK,--,1:10:54 PM,11/27/2025,
817,44.7,gf,3.465,mm,OK,--,1:10:54 PM,11/27/2025,
818,44.7,gf,3.465,mm,OK,--,1:10:54 PM,11/27/2025,
819,44.7,gf,3.470,mm,OK,--,1:10:54 PM,11/27/2025,
820,44.7,gf,3.470,mm,OK,--,1:10:54 PM,11/27/2025,
821,44.7,gf,3.475,mm,OK,--,1:10:55 PM,11/27/2025,
822,44.6,gf,3.475,mm,OK,--,1:10:55 PM,11/27/2025,
823,44.6,gf,3.480,mm,OK,--,1:10:55 PM,11/27/2025,
824,44.6,gf,3.480,mm,OK,--,1:10:55 PM,11/27/2025,
825,44.6,gf,3.485,mm,OK,--,1:10:55 PM,11/27/2025,
826,44.6,gf,3.490,mm,OK,--,1:10:55 PM,11/27/2025,
827,44.6,gf,3.490,mm,OK,--,1:10:55 PM,11/27/2025,
828,44.7,gf,3.495,mm,OK,--,1:10:55 PM,11/27/2025,
829,44.7,gf,3.495,mm,OK,--,1:10:55 PM,11/27/2025,
830,44.7,gf,3.500,mm,OK,--,1:10:55 PM,11/27/2025,
831,44.7,gf,3.500,mm,OK,--,1:10:56 PM,11/27/2025,
832,44.7,gf,3.500,mm,OK,--,1:10:56 PM,11/27/2025,
833,44.7,gf,3.505,mm,OK,--,1:10:56 PM,11/27/2025,
834,44.7,gf,3.505,mm,OK,--,1:10:56 PM,11/27/2025,
835,44.7,gf,3.505,mm,OK,--,1:10:56 PM,11/27/2025,
836,44.7,gf,3.510,mm,OK,--,1:10:56 PM,11/27/2025,
837,44.7,gf,3.510,mm,OK,--,1:10:56 PM,11/27/2025,
838,44.7,gf,3.515,mm,OK,--,1:10:56 PM,11/27/2025,
839,44.7,gf,3.520,mm,OK,--,1:10:56 PM,11/27/2025,
840,44.7,gf,3.525,mm,OK,--,1:10:56 PM,11/27/2025,
841,44.7,gf,3.525,mm,OK,--,1:10:57 PM,11/27/2025,
842,44.7,gf,3.530,mm,OK,--,1:10:57 PM,11/27/2025,
843,44.7,gf,3.530,mm,OK,--,1:10:57 PM,11/27/2025,
844,44.7,gf,3.535,mm,OK,--,1:10:57 PM,11/27/2025,
845,44.7,gf,3.540,mm,OK,--,1:10:57 PM,11/27/2025,
846,44.8,gf,3.545,mm,OK,--,1:10:57 PM,11/27/2025,
847,45.1,gf,3.550,mm,OK,--,1:10:57 PM,11/27/2025,
848,48.9,gf,3.555,mm,OK,--,1:10:57 PM,11/27/2025,
849,52.7,gf,3.560,mm,OK,--,1:10:57 PM,11/27/2025,
850,56.4,gf,3.565,mm,OK,--,1:10:57 PM,11/27/2025,
851,58.7,gf,3.565,mm,OK,--,1:10:58 PM,11/27/2025,
852,61.5,gf,3.570,mm,OK,--,1:10:58 PM,11/27/2025,
853,65.5,gf,3.575,mm,OK,--,1:10:58 PM,11/27/2025,
854,67.9,gf,3.580,mm,OK,--,1:10:58 PM,11/27/2025,
855,64.9,gf,3.580,mm,OK,--,1:10:58 PM,11/27/2025,
856,68.3,gf,3.585,mm,OK,--,1:10:58 PM,11/27/2025,
857,72.0,gf,3.590,mm,OK,--,1:10:58 PM,11/27/2025,
858,77.1,gf,3.595,mm,OK,--,1:10:58 PM,11/27/2025,
859,81.8,gf,3.600,mm,OK,--,1:10:58 PM,11/27/2025,
860,86.7,gf,3.605,mm,OK,--,1:10:58 PM,11/27/2025,
861,92.4,gf,3.610,mm,OK,--,1:10:59 PM,11/27/2025,
862,97.3,gf,3.615,mm,OK,--,1:10:59 PM,11/27/2025,
863,101.1,gf,3.620,mm,OK,--,1:10:59 PM,11/27/2025,
864,104.6,gf,3.625,mm,OK,--,1:10:59 PM,11/27/2025,
865,108.6,gf,3.630,mm,OK,--,1:10:59 PM,11/27/2025,
866,112.8,gf,3.635,mm,OK,--,1:10:59 PM,11/27/2025,
867,117.1,gf,3.635,mm,OK,--,1:10:59 PM,11/27/2025,
868,121.0,gf,3.640,mm,OK,--,1:10:59 PM,11/27/2025,
869,124.8,gf,3.645,mm,OK,--,1:10:59 PM,11/27/2025,
870,128.9,gf,3.650,mm,OK,--,1:10:59 PM,11/27/2025,
871,132.7,gf,3.655,mm,OK,--,1:11:00 PM,11/27/2025,
872,136.4,gf,3.660,mm,OK,--,1:11:00 PM,11/27/2025,
873,140.1,gf,3.660,mm,OK,--,1:11:00 PM,11/27/2025,
874,143.7,gf,3.665,mm,OK,--,1:11:00 PM,11/27/2025,
875,147.2,gf,3.670,mm,OK,--,1:11:00 PM,11/27/2025,
876,150.6,gf,3.670,mm,OK,--,1:11:00 PM,11/27/2025,
877,154.0,gf,3.675,mm,OK,--,1:11:00 PM,11/27/2025,
878,156.8,gf,3.680,mm,OK,--,1:11:00 PM,11/27/2025,
879,159.3,gf,3.680,mm,OK,--,1:11:00 PM,11/27/2025,
880,161.7,gf,3.685,mm,OK,--,1:11:00 PM,11/27/2025,
881,164.0,gf,3.685,mm,OK,--,1:11:01 PM,11/27/2025,
882,166.1,gf,3.690,mm,OK,--,1:11:01 PM,11/27/2025,
883,168.3,gf,3.690,mm,OK,--,1:11:01 PM,11/27/2025,
884,170.7,gf,3.695,mm,OK,--,1:11:01 PM,11/27/2025,
885,173.1,gf,3.695,mm,OK,--,1:11:01 PM,11/27/2025,
886,175.4,gf,3.700,mm,OK,--,1:11:01 PM,11/27/2025,
887,177.9,gf,3.700,mm,OK,--,1:11:01 PM,11/27/2025,
888,180.9,gf,3.705,mm,OK,--,1:11:01 PM,11/27/2025,
889,184.5,gf,3.705,mm,OK,--,1:11:01 PM,11/27/2025,
890,188.1,gf,3.710,mm,OK,--,1:11:01 PM,11/27/2025,
891,191.3,gf,3.715,mm,OK,--,1:11:02 PM,11/27/2025,
892,194.0,gf,3.715,mm,OK,--,1:11:02 PM,11/27/2025,
893,196.0,gf,3.715,mm,OK,--,1:11:02 PM,11/27/2025,
894,196.7,gf,3.720,mm,OK,--,1:11:02 PM,11/27/2025,
895,196.8,gf,3.720,mm,OK,--,1:11:02 PM,11/27/2025,
896,196.8,gf,3.720,mm,OK,--,1:11:02 PM,11/27/2025,
897,196.8,gf,3.720,mm,OK,--,1:11:02 PM,11/27/2025,
898,196.6,gf,3.720,mm,OK,--,1:11:02 PM,11/27/2025,
899,196.4,gf,3.720,mm,OK,--,1:11:02 PM,11/27/2025,
900,196.4,gf,3.720,mm,OK,--,1:11:02 PM,11/27/2025,
901,196.4,gf,3.720,mm,OK,--,1:11:03 PM,11/27/2025,
902,196.3,gf,3.720,mm,OK,--,1:11:03 PM,11/27/2025,
903,196.3,gf,3.720,mm,OK,--,1:11:03 PM,11/27/2025,
904,196.3,gf,3.720,mm,OK,--,1:11:03 PM,11/27/2025,
905,196.3,gf,3.720,mm,OK,--,1:11:03 PM,11/27/2025,
906,196.3,gf,3.720,mm,OK,--,1:11:03 PM,11/27/2025,
907,196.3,gf,3.720,mm,OK,--,1:11:03 PM,11/27/2025,
908,196.2,gf,3.720,mm,OK,--,1:11:03 PM,11/27/2025,
909,196.2,gf,3.720,mm,OK,--,1:11:03 PM,11/27/2025,
910,196.1,gf,3.720,mm,OK,--,1:11:03 PM,11/27/2025,
911,195.9,gf,3.720,mm,OK,--,1:11:04 PM,11/27/2025,
912,195.7,gf,3.720,mm,OK,--,1:11:04 PM,11/27/2025,
913,195.5,gf,3.720,mm,OK,--,1:11:04 PM,11/27/2025,
914,195.3,gf,3.720,mm,OK,--,1:11:04 PM,11/27/2025,
915,195.2,gf,3.720,mm,OK,--,1:11:04 PM,11/27/2025,
916,194.5,gf,3.720,mm,OK,--,1:11:04 PM,11/27/2025,
917,193.3,gf,3.715,mm,OK,--,1:11:04 PM,11/27/2025,
918,192.0,gf,3.715,mm,OK,--,1:11:04 PM,11/27/2025,
919,190.4,gf,3.715,mm,OK,--,1:11:04 PM,11/27/2025,
920,189.3,gf,3.715,mm,OK,--,1:11:04 PM,11/27/2025,
921,188.5,gf,3.715,mm,OK,--,1:11:05 PM,11/27/2025,
922,187.8,gf,3.710,mm,OK,--,1:11:05 PM,11/27/2025,
923,187.2,gf,3.710,mm,OK,--,1:11:05 PM,11/27/2025,
924,186.4,gf,3.710,mm,OK,--,1:11:05 PM,11/27/2025,
925,186.0,gf,3.710,mm,OK,--,1:11:05 PM,11/27/2025,
926,185.3,gf,3.710,mm,OK,--,1:11:05 PM,11/27/2025,
927,184.7,gf,3.710,mm,OK,--,1:11:05 PM,11/27/2025,
928,183.9,gf,3.710,mm,OK,--,1:11:05 PM,11/27/2025,
929,183.2,gf,3.710,mm,OK,--,1:11:05 PM,11/27/2025,
930,181.9,gf,3.705,mm,OK,--,1:11:05 PM,11/27/2025,
931,180.9,gf,3.705,mm,OK,--,1:11:06 PM,11/27/2025,
932,179.9,gf,3.705,mm,OK,--,1:11:06 PM,11/27/2025,
933,179.1,gf,3.705,mm,OK,--,1:11:06 PM,11/27/2025,
934,178.2,gf,3.705,mm,OK,--,1:11:06 PM,11/27/2025,
935,177.1,gf,3.705,mm,OK,--,1:11:06 PM,11/27/2025,
936,175.9,gf,3.700,mm,OK,--,1:11:06 PM,11/27/2025,
937,174.8,gf,3.700,mm,OK,--,1:11:06 PM,11/27/2025,
938,173.6,gf,3.700,mm,OK,--,1:11:06 PM,11/27/2025,
939,172.6,gf,3.700,mm,OK,--,1:11:06 PM,11/27/2025,
940,171.4,gf,3.700,mm,OK,--,1:11:06 PM,11/27/2025,
941,170.2,gf,3.695,mm,OK,--,1:11:07 PM,11/27/2025,
942,169.6,gf,3.695,mm,OK,--,1:11:07 PM,11/27/2025,
943,169.1,gf,3.695,mm,OK,--,1:11:07 PM,11/27/2025,
944,168.8,gf,3.695,mm,OK,--,1:11:07 PM,11/27/2025,
945,168.5,gf,3.695,mm,OK,--,1:11:07 PM,11/27/2025,
946,168.3,gf,3.695,mm,OK,--,1:11:07 PM,11/27/2025,
947,167.9,gf,3.695,mm,OK,--,1:11:07 PM,11/27/2025,
948,167.6,gf,3.695,mm,OK,--,1:11:07 PM,11/27/2025,
949,167.2,gf,3.695,mm,OK,--,1:11:07 PM,11/27/2025,
950,166.9,gf,3.695,mm,OK,--,1:11:07 PM,11/27/2025,
951,166.4,gf,3.695,mm,OK,--,1:11:08 PM,11/27/2025,
952,165.9,gf,3.695,mm,OK,--,1:11:08 PM,11/27/2025,
953,165.4,gf,3.690,mm,OK,--,1:11:08 PM,11/27/2025,
954,165.0,gf,3.690,mm,OK,--,1:11:08 PM,11/27/2025,
955,164.7,gf,3.690,mm,OK,--,1:11:08 PM,11/27/2025,
956,164.2,gf,3.690,mm,OK,--,1:11:08 PM,11/27/2025,
957,163.8,gf,3.690,mm,OK,--,1:11:08 PM,11/27/2025,
958,163.2,gf,3.690,mm,OK,--,1:11:08 PM,11/27/2025,
959,162.5,gf,3.690,mm,OK,--,1:11:08 PM,11/27/2025,
960,161.5,gf,3.690,mm,OK,--,1:11:08 PM,11/27/2025,
961,160.7,gf,3.690,mm,OK,--,1:11:09 PM,11/27/2025,
962,159.8,gf,3.685,mm,OK,--,1:11:09 PM,11/27/2025,
963,158.3,gf,3.685,mm,OK,--,1:11:09 PM,11/27/2025,
964,156.1,gf,3.685,mm,OK,--,1:11:09 PM,11/27/2025,
965,153.7,gf,3.680,mm,OK,--,1:11:09 PM,11/27/2025,
966,151.3,gf,3.680,mm,OK,--,1:11:09 PM,11/27/2025,
967,148.9,gf,3.675,mm,OK,--,1:11:09 PM,11/27/2025,
968,146.5,gf,3.675,mm,OK,--,1:11:09 PM,11/27/2025,
969,143.9,gf,3.670,mm,OK,--,1:11:09 PM,11/27/2025,
970,141.4,gf,3.670,mm,OK,--,1:11:09 PM,11/27/2025,
971,138.7,gf,3.665,mm,OK,--,1:11:10 PM,11/27/2025,
972,136.0,gf,3.665,mm,OK,--,1:11:10 PM,11/27/2025,
973,133.5,gf,3.660,mm,OK,--,1:11:10 PM,11/27/2025,
974,130.7,gf,3.660,mm,OK,--,1:11:10 PM,11/27/2025,
975,129.1,gf,3.655,mm,OK,--,1:11:10 PM,11/27/2025,
976,127.7,gf,3.655,mm,OK,--,1:11:10 PM,11/27/2025,
977,126.6,gf,3.655,mm,OK,--,1:11:10 PM,11/27/2025,
978,125.4,gf,3.655,mm,OK,--,1:11:10 PM,11/27/2025,
979,124.5,gf,3.650,mm,OK,--,1:11:10 PM,11/27/2025,
980,123.7,gf,3.650,mm,OK,--,1:11:10 PM,11/27/2025,
981,122.7,gf,3.650,mm,OK,--,1:11:11 PM,11/27/2025,
982,121.8,gf,3.650,mm,OK,--,1:11:11 PM,11/27/2025,
983,120.9,gf,3.650,mm,OK,--,1:11:11 PM,11/27/2025,
984,119.9,gf,3.650,mm,OK,--,1:11:11 PM,11/27/2025,
985,119.0,gf,3.645,mm,OK,--,1:11:11 PM,11/27/2025,
986,118.2,gf,3.645,mm,OK,--,1:11:11 PM,11/27/2025,
987,117.5,gf,3.645,mm,OK,--,1:11:11 PM,11/27/2025,
988,116.6,gf,3.645,mm,OK,--,1:11:11 PM,11/27/2025,
989,115.7,gf,3.645,mm,OK,--,1:11:11 PM,11/27/2025,
990,114.7,gf,3.645,mm,OK,--,1:11:11 PM,11/27/2025,
991,113.7,gf,3.640,mm,OK,--,1:11:12 PM,11/27/2025,
992,112.8,gf,3.640,mm,OK,--,1:11:12 PM,11/27/2025,
993,111.8,gf,3.640,mm,OK,--,1:11:12 PM,11/27/2025,
994,110.8,gf,3.640,mm,OK,--,1:11:12 PM,11/27/2025,
995,110.0,gf,3.640,mm,OK,--,1:11:12 PM,11/27/2025,
996,109.3,gf,3.640,mm,OK,--,1:11:12 PM,11/27/2025,
997,108.7,gf,3.635,mm,OK,--,1:11:12 PM,11/27/2025,
998,108.1,gf,3.635,mm,OK,--,1:11:12 PM,11/27/2025,
999,107.5,gf,3.635,mm,OK,--,1:11:12 PM,11/27/2025,
1000,107.1,gf,3.635,mm,OK,--,1:11:12 PM,11/27/2025,
1001,106.6,gf,3.635,mm,OK,--,1:11:13 PM,11/27/2025,
1002,106.0,gf,3.635,mm,OK,--,1:11:13 PM,11/27/2025,
1003,105.4,gf,3.635,mm,OK,--,1:11:13 PM,11/27/2025,
1004,104.5,gf,3.635,mm,OK,--,1:11:13 PM,11/27/2025,
1005,103.7,gf,3.630,mm,OK,--,1:11:13 PM,11/27/2025,
1006,102.7,gf,3.630,mm,OK,--,1:11:13 PM,11/27/2025,
1007,101.5,gf,3.630,mm,OK,--,1:11:13 PM,11/27/2025,
1008,99.9,gf,3.630,mm,OK,--,1:11:13 PM,11/27/2025,
1009,98.4,gf,3.625,mm,OK,--,1:11:13 PM,11/27/2025,
1010,96.6,gf,3.625,mm,OK,--,1:11:13 PM,11/27/2025,
1011,94.7,gf,3.625,mm,OK,--,1:11:14 PM,11/27/2025,
1012,92.6,gf,3.620,mm,OK,--,1:11:14 PM,11/27/2025,
1013,91.1,gf,3.620,mm,OK,--,1:11:14 PM,11/27/2025,
1014,89.4,gf,3.620,mm,OK,--,1:11:14 PM,11/27/2025,
1015,87.2,gf,3.615,mm,OK,--,1:11:14 PM,11/27/2025,
1016,85.0,gf,3.615,mm,OK,--,1:11:14 PM,11/27/2025,
1017,83.0,gf,3.610,mm,OK,--,1:11:14 PM,11/27/2025,
1018,81.0,gf,3.610,mm,OK,--,1:11:14 PM,11/27/2025,
1019,77.9,gf,3.605,mm,OK,--,1:11:14 PM,11/27/2025,
1020,73.7,gf,3.605,mm,OK,--,1:11:14 PM,11/27/2025,
1021,70.5,gf,3.600,mm,OK,--,1:11:15 PM,11/27/2025,
1022,67.5,gf,3.595,mm,OK,--,1:11:15 PM,11/27/2025,
1023,65.0,gf,3.595,mm,OK,--,1:11:15 PM,11/27/2025,
1024,63.0,gf,3.590,mm,OK,--,1:11:15 PM,11/27/2025,
1025,61.5,gf,3.590,mm,OK,--,1:11:15 PM,11/27/2025,
1026,60.0,gf,3.590,mm,OK,--,1:11:15 PM,11/27/2025,
1027,58.3,gf,3.585,mm,OK,--,1:11:15 PM,11/27/2025,
1028,56.6,gf,3.585,mm,OK,--,1:11:15 PM,11/27/2025,
1029,55.1,gf,3.585,mm,OK,--,1:11:15 PM,11/27/2025,
1030,52.6,gf,3.580,mm,OK,--,1:11:15 PM,11/27/2025,
1031,50.0,gf,3.580,mm,OK,--,1:11:16 PM,11/27/2025,
1032,47.7,gf,3.575,mm,OK,--,1:11:16 PM,11/27/2025,
1033,46.3,gf,3.575,mm,OK,--,1:11:16 PM,11/27/2025,
1034,44.4,gf,3.575,mm,OK,--,1:11:16 PM,11/27/2025,
1035,43.5,gf,3.570,mm,OK,--,1:11:16 PM,11/27/2025,
1036,43.5,gf,3.565,mm,OK,--,1:11:16 PM,11/27/2025,
1037,43.5,gf,3.565,mm,OK,--,1:11:16 PM,11/27/2025,
1038,43.5,gf,3.565,mm,OK,--,1:11:16 PM,11/27/2025,
1039,43.5,gf,3.560,mm,OK,--,1:11:16 PM,11/27/2025,
1040,43.5,gf,3.560,mm,OK,--,1:11:16 PM,11/27/2025,
1041,43.5,gf,3.555,mm,OK,--,1:11:17 PM,11/27/2025,
1042,43.5,gf,3.555,mm,OK,--,1:11:17 PM,11/27/2025,
1043,43.5,gf,3.550,mm,OK,--,1:11:17 PM,11/27/2025,
1044,43.5,gf,3.550,mm,OK,--,1:11:17 PM,11/27/2025,
1045,43.4,gf,3.545,mm,OK,--,1:11:17 PM,11/27/2025,
1046,43.4,gf,3.545,mm,OK,--,1:11:17 PM,11/27/2025,
1047,43.4,gf,3.540,mm,OK,--,1:11:17 PM,11/27/2025,
1048,43.4,gf,3.535,mm,OK,--,1:11:17 PM,11/27/2025,
1049,43.4,gf,3.535,mm,OK,--,1:11:17 PM,11/27/2025,
1050,43.4,gf,3.530,mm,OK,--,1:11:17 PM,11/27/2025,
1051,43.4,gf,3.525,mm,OK,--,1:11:18 PM,11/27/2025,
1052,43.4,gf,3.520,mm,OK,--,1:11:18 PM,11/27/2025,
1053,43.3,gf,3.520,mm,OK,--,1:11:18 PM,11/27/2025,
1054,43.3,gf,3.515,mm,OK,--,1:11:18 PM,11/27/2025,
1055,43.3,gf,3.510,mm,OK,--,1:11:18 PM,11/27/2025,
1056,43.3,gf,3.510,mm,OK,--,1:11:18 PM,11/27/2025,
1057,43.3,gf,3.505,mm,OK,--,1:11:18 PM,11/27/2025,
1058,43.3,gf,3.500,mm,OK,--,1:11:18 PM,11/27/2025,
1059,43.3,gf,3.495,mm,OK,--,1:11:18 PM,11/27/2025,
1060,43.3,gf,3.490,mm,OK,--,1:11:18 PM,11/27/2025,
1061,43.3,gf,3.485,mm,OK,--,1:11:19 PM,11/27/2025,
1062,43.3,gf,3.475,mm,OK,--,1:11:19 PM,11/27/2025,
1063,43.3,gf,3.470,mm,OK,--,1:11:19 PM,11/27/2025,
1064,43.3,gf,3.465,mm,OK,--,1:11:19 PM,11/27/2025,
1065,43.2,gf,3.460,mm,OK,--,1:11:19 PM,11/27/2025,
1066,43.2,gf,3.455,mm,OK,--,1:11:19 PM,11/27/2025,
1067,43.2,gf,3.445,mm,OK,--,1:11:19 PM,11/27/2025,
1068,43.2,gf,3.445,mm,OK,--,1:11:19 PM,11/27/2025,
1069,43.2,gf,3.435,mm,OK,--,1:11:19 PM,11/27/2025,
1070,43.2,gf,3.430,mm,OK,--,1:11:19 PM,11/27/2025,
1071,43.1,gf,3.425,mm,OK,--,1:11:20 PM,11/27/2025,
1072,43.1,gf,3.420,mm,OK,--,1:11:20 PM,11/27/2025,
1073,43.1,gf,3.415,mm,OK,--,1:11:20 PM,11/27/2025,
1074,43.1,gf,3.405,mm,OK,--,1:11:20 PM,11/27/2025,
1075,43.1,gf,3.400,mm,OK,--,1:11:20 PM,11/27/2025,
1076,43.0,gf,3.395,mm,OK,--,1:11:20 PM,11/27/2025,
1077,43.0,gf,3.385,mm,OK,--,1:11:20 PM,11/27/2025,
1078,43.0,gf,3.380,mm,OK,--,1:11:20 PM,11/27/2025,
1079,43.0,gf,3.365,mm,OK,--,1:11:20 PM,11/27/2025,
1080,42.9,gf,3.340,mm,OK,--,1:11:20 PM,11/27/2025,
1081,42.8,gf,3.325,mm,OK,--,1:11:21 PM,11/27/2025,
1082,42.8,gf,3.310,mm,OK,--,1:11:21 PM,11/27/2025,
1083,42.7,gf,3.300,mm,OK,--,1:11:21 PM,11/27/2025,
1084,42.7,gf,3.290,mm,OK,--,1:11:21 PM,11/27/2025,
1085,42.7,gf,3.280,mm,OK,--,1:11:21 PM,11/27/2025,
1086,42.7,gf,3.265,mm,OK,--,1:11:21 PM,11/27/2025,
1087,42.6,gf,3.255,mm,OK,--,1:11:21 PM,11/27/2025,
1088,42.5,gf,3.240,mm,OK,--,1:11:21 PM,11/27/2025,
1089,42.5,gf,3.230,mm,OK,--,1:11:21 PM,11/27/2025,
1090,42.5,gf,3.220,mm,OK,--,1:11:21 PM,11/27/2025,
1091,42.5,gf,3.210,mm,OK,--,1:11:22 PM,11/27/2025,
1092,42.5,gf,3.205,mm,OK,--,1:11:22 PM,11/27/2025,
1093,42.4,gf,3.195,mm,OK,--,1:11:22 PM,11/27/2025,
1094,42.4,gf,3.190,mm,OK,--,1:11:22 PM,11/27/2025,
1095,42.4,gf,3.185,mm,OK,--,1:11:22 PM,11/27/2025,
1096,42.4,gf,3.180,mm,OK,--,1:11:22 PM,11/27/2025,
1097,42.4,gf,3.175,mm,OK,--,1:11:22 PM,11/27/2025,
1098,42.4,gf,3.170,mm,OK,--,1:11:22 PM,11/27/2025,
1099,42.4,gf,3.165,mm,OK,--,1:11:22 PM,11/27/2025,
1100,42.4,gf,3.160,mm,OK,--,1:11:22 PM,11/27/2025,
1101,42.3,gf,3.160,mm,OK,--,1:11:23 PM,11/27/2025,
1102,42.3,gf,3.155,mm,OK,--,1:11:23 PM,11/27/2025,
1103,42.3,gf,3.150,mm,OK,--,1:11:23 PM,11/27/2025,
1104,42.3,gf,3.145,mm,OK,--,1:11:23 PM,11/27/2025,
1105,42.3,gf,3.140,mm,OK,--,1:11:23 PM,11/27/2025,
1106,42.3,gf,3.135,mm,OK,--,1:11:23 PM,11/27/2025,
1107,42.2,gf,3.130,mm,OK,--,1:11:23 PM,11/27/2025,
1108,42.2,gf,3.125,mm,OK,--,1:11:23 PM,11/27/2025,
1109,42.2,gf,3.115,mm,OK,--,1:11:23 PM,11/27/2025,
1110,42.2,gf,3.110,mm,OK,--,1:11:23 PM,11/27/2025,
1111,42.1,gf,3.100,mm,OK,--,1:11:24 PM,11/27/2025,
1112,42.1,gf,3.095,mm,OK,--,1:11:24 PM,11/27/2025,
1113,42.1,gf,3.090,mm,OK,--,1:11:24 PM,11/27/2025,
1114,42.1,gf,3.085,mm,OK,--,1:11:24 PM,11/27/2025,
1115,42.1,gf,3.080,mm,OK,--,1:11:24 PM,11/27/2025,
1116,42.1,gf,3.070,mm,OK,--,1:11:24 PM,11/27/2025,
1117,42.0,gf,3.065,mm,OK,--,1:11:24 PM,11/27/2025,
1118,42.0,gf,3.060,mm,OK,--,1:11:24 PM,11/27/2025,
1119,42.0,gf,3.055,mm,OK,--,1:11:24 PM,11/27/2025,
1120,42.0,gf,3.050,mm,OK,--,1:11:24 PM,11/27/2025,
1121,42.0,gf,3.040,mm,OK,--,1:11:25 PM,11/27/2025,
1122,42.0,gf,3.035,mm,OK,--,1:11:25 PM,11/27/2025,
1123,41.8,gf,3.025,mm,OK,--,1:11:25 PM,11/27/2025,
1124,41.9,gf,3.020,mm,OK,--,1:11:25 PM,11/27/2025,
1125,41.9,gf,3.010,mm,OK,--,1:11:25 PM,11/27/2025,
1126,41.9,gf,3.000,mm,OK,--,1:11:25 PM,11/27/2025,
1127,41.8,gf,2.995,mm,OK,--,1:11:25 PM,11/27/2025,
1128,41.8,gf,2.985,mm,OK,--,1:11:25 PM,11/27/2025,
1129,41.8,gf,2.980,mm,OK,--,1:11:25 PM,11/27/2025,
1130,41.7,gf,2.975,mm,OK,--,1:11:25 PM,11/27/2025,
1131,41.8,gf,2.970,mm,OK,--,1:11:26 PM,11/27/2025,
1132,41.7,gf,2.965,mm,OK,--,1:11:26 PM,11/27/2025,
1133,41.7,gf,2.960,mm,OK,--,1:11:26 PM,11/27/2025,
1134,41.7,gf,2.950,mm,OK,--,1:11:26 PM,11/27/2025,
1135,41.7,gf,2.945,mm,OK,--,1:11:26 PM,11/27/2025,
1136,41.6,gf,2.940,mm,OK,--,1:11:26 PM,11/27/2025,
1137,41.6,gf,2.935,mm,OK,--,1:11:26 PM,11/27/2025,
1138,41.6,gf,2.930,mm,OK,--,1:11:26 PM,11/27/2025,
1139,41.5,gf,2.920,mm,OK,--,1:11:26 PM,11/27/2025,
1140,41.6,gf,2.910,mm,OK,--,1:11:26 PM,11/27/2025,
1141,41.6,gf,2.910,mm,OK,--,1:11:27 PM,11/27/2025,
1142,41.6,gf,2.905,mm,OK,--,1:11:27 PM,11/27/2025,
1143,41.5,gf,2.900,mm,OK,--,1:11:27 PM,11/27/2025,
1144,41.5,gf,2.895,mm,OK,--,1:11:27 PM,11/27/2025,
1145,41.5,gf,2.890,mm,OK,--,1:11:27 PM,11/27/2025,
1146,41.5,gf,2.885,mm,OK,--,1:11:27 PM,11/27/2025,
1147,41.5,gf,2.880,mm,OK,--,1:11:27 PM,11/27/2025,
1148,41.5,gf,2.875,mm,OK,--,1:11:27 PM,11/27/2025,
1149,41.5,gf,2.870,mm,OK,--,1:11:27 PM,11/27/2025,
1150,41.4,gf,2.870,mm,OK,--,1:11:27 PM,11/27/2025,
1151,41.4,gf,2.860,mm,OK,--,1:11:28 PM,11/27/2025,
1152,41.4,gf,2.850,mm,OK,--,1:11:28 PM,11/27/2025,
1153,41.4,gf,2.845,mm,OK,--,1:11:28 PM,11/27/2025,
1154,41.4,gf,2.835,mm,OK,--,1:11:28 PM,11/27/2025,
1155,41.3,gf,2.825,mm,OK,--,1:11:28 PM,11/27/2025,
1156,41.3,gf,2.820,mm,OK,--,1:11:28 PM,11/27/2025,
1157,41.3,gf,2.815,mm,OK,--,1:11:28 PM,11/27/2025,
1158,41.3,gf,2.810,mm,OK,--,1:11:28 PM,11/27/2025,
1159,41.2,gf,2.805,mm,OK,--,1:11:28 PM,11/27/2025,
1160,41.2,gf,2.800,mm,OK,--,1:11:28 PM,11/27/2025,
1161,41.2,gf,2.795,mm,OK,--,1:11:29 PM,11/27/2025,
1162,41.2,gf,2.785,mm,OK,--,1:11:29 PM,11/27/2025,
1163,41.2,gf,2.780,mm,OK,--,1:11:29 PM,11/27/2025,
1164,41.2,gf,2.775,mm,OK,--,1:11:29 PM,11/27/2025,
1165,41.1,gf,2.770,mm,OK,--,1:11:29 PM,11/27/2025,
1166,41.1,gf,2.760,mm,OK,--,1:11:29 PM,11/27/2025,
1167,41.1,gf,2.755,mm,OK,--,1:11:29 PM,11/27/2025,
1168,41.1,gf,2.745,mm,OK,--,1:11:29 PM,11/27/2025,
1169,41.1,gf,2.740,mm,OK,--,1:11:29 PM,11/27/2025,
1170,41.1,gf,2.735,mm,OK,--,1:11:29 PM,11/27/2025,
1171,41.0,gf,2.730,mm,OK,--,1:11:30 PM,11/27/2025,
1172,41.0,gf,2.730,mm,OK,--,1:11:30 PM,11/27/2025,
1173,41.0,gf,2.725,mm,OK,--,1:11:30 PM,11/27/2025,
1174,41.0,gf,2.725,mm,OK,--,1:11:30 PM,11/27/2025,
1175,41.0,gf,2.720,mm,OK,--,1:11:30 PM,11/27/2025,
1176,41.0,gf,2.720,mm,OK,--,1:11:30 PM,11/27/2025,
1177,41.0,gf,2.715,mm,OK,--,1:11:30 PM,11/27/2025,
1178,41.0,gf,2.710,mm,OK,--,1:11:30 PM,11/27/2025,
1179,41.0,gf,2.705,mm,OK,--,1:11:30 PM,11/27/2025,
1180,40.9,gf,2.700,mm,OK,--,1:11:30 PM,11/27/2025,
1181,40.9,gf,2.700,mm,OK,--,1:11:31 PM,11/27/2025,
1182,40.9,gf,2.695,mm,OK,--,1:11:31 PM,11/27/2025,
1183,40.9,gf,2.690,mm,OK,--,1:11:31 PM,11/27/2025,
1184,40.9,gf,2.685,mm,OK,--,1:11:31 PM,11/27/2025,
1185,40.9,gf,2.680,mm,OK,--,1:11:31 PM,11/27/2025,
1186,40.9,gf,2.675,mm,OK,--,1:11:31 PM,11/27/2025,
1187,40.9,gf,2.670,mm,OK,--,1:11:31 PM,11/27/2025,
1188,40.8,gf,2.665,mm,OK,--,1:11:31 PM,11/27/2025,
1189,40.8,gf,2.660,mm,OK,--,1:11:31 PM,11/27/2025,
1190,40.8,gf,2.655,mm,OK,--,1:11:31 PM,11/27/2025,
1191,40.8,gf,2.650,mm,OK,--,1:11:32 PM,11/27/2025,
1192,40.8,gf,2.645,mm,OK,--,1:11:32 PM,11/27/2025,
1193,40.8,gf,2.640,mm,OK,--,1:11:32 PM,11/27/2025,
1194,40.8,gf,2.635,mm,OK,--,1:11:32 PM,11/27/2025,
1195,40.8,gf,2.630,mm,OK,--,1:11:32 PM,11/27/2025,
1196,40.7,gf,2.625,mm,OK,--,1:11:32 PM,11/27/2025,
1197,40.7,gf,2.625,mm,OK,--,1:11:32 PM,11/27/2025,
1198,40.7,gf,2.620,mm,OK,--,1:11:32 PM,11/27/2025,
1199,40.7,gf,2.620,mm,OK,--,1:11:32 PM,11/27/2025,
1200,40.7,gf,2.615,mm,OK,--,1:11:32 PM,11/27/2025,
1201,40.7,gf,2.610,mm,OK,--,1:11:33 PM,11/27/2025,
1202,40.7,gf,2.610,mm,OK,--,1:11:33 PM,11/27/2025,
1203,40.7,gf,2.605,mm,OK,--,1:11:33 PM,11/27/2025,
1204,40.6,gf,2.600,mm,OK,--,1:11:33 PM,11/27/2025,
1205,40.6,gf,2.595,mm,OK,--,1:11:33 PM,11/27/2025,
1206,40.6,gf,2.595,mm,OK,--,1:11:33 PM,11/27/2025,
1207,40.6,gf,2.590,mm,OK,--,1:11:33 PM,11/27/2025,
1208,40.6,gf,2.590,mm,OK,--,1:11:33 PM,11/27/2025,
1209,40.6,gf,2.585,mm,OK,--,1:11:33 PM,11/27/2025,
1210,40.6,gf,2.580,mm,OK,--,1:11:33 PM,11/27/2025,
1211,40.6,gf,2.580,mm,OK,--,1:11:34 PM,11/27/2025,
1212,40.6,gf,2.575,mm,OK,--,1:11:34 PM,11/27/2025,
1213,40.6,gf,2.570,mm,OK,--,1:11:34 PM,11/27/2025,
1214,40.5,gf,2.560,mm,OK,--,1:11:34 PM,11/27/2025,
1215,40.5,gf,2.555,mm,OK,--,1:11:34 PM,11/27/2025,
1216,40.5,gf,2.545,mm,OK,--,1:11:34 PM,11/27/2025,
1217,40.4,gf,2.535,mm,OK,--,1:11:34 PM,11/27/2025,
1218,40.4,gf,2.530,mm,OK,--,1:11:34 PM,11/27/2025,
1219,40.4,gf,2.520,mm,OK,--,1:11:34 PM,11/27/2025,
1220,40.4,gf,2.515,mm,OK,--,1:11:34 PM,11/27/2025,
1221,40.4,gf,2.510,mm,OK,--,1:11:35 PM,11/27/2025,
1222,40.4,gf,2.505,mm,OK,--,1:11:35 PM,11/27/2025,
1223,40.3,gf,2.500,mm,OK,--,1:11:35 PM,11/27/2025,
1224,40.3,gf,2.495,mm,OK,--,1:11:35 PM,11/27/2025,
1225,40.3,gf,2.490,mm,OK,--,1:11:35 PM,11/27/2025,
1226,40.3,gf,2.485,mm,OK,--,1:11:35 PM,11/27/2025,
1227,40.3,gf,2.480,mm,OK,--,1:11:35 PM,11/27/2025,
1228,40.2,gf,2.470,mm,OK,--,1:11:35 PM,11/27/2025,
1229,40.2,gf,2.465,mm,OK,--,1:11:35 PM,11/27/2025,
1230,40.2,gf,2.455,mm,OK,--,1:11:35 PM,11/27/2025,
1231,40.2,gf,2.450,mm,OK,--,1:11:36 PM,11/27/2025,
1232,40.2,gf,2.440,mm,OK,--,1:11:36 PM,11/27/2025,
1233,40.2,gf,2.435,mm,OK,--,1:11:36 PM,11/27/2025,
1234,40.1,gf,2.430,mm,OK,--,1:11:36 PM,11/27/2025,
1235,40.1,gf,2.425,mm,OK,--,1:11:36 PM,11/27/2025,
1236,40.1,gf,2.420,mm,OK,--,1:11:36 PM,11/27/2025,
1237,40.1,gf,2.410,mm,OK,--,1:11:36 PM,11/27/2025,
1238,40.1,gf,2.405,mm,OK,--,1:11:36 PM,11/27/2025,
1239,40.0,gf,2.400,mm,OK,--,1:11:36 PM,11/27/2025,
1240,40.0,gf,2.390,mm,OK,--,1:11:36 PM,11/27/2025,
1241,40.0,gf,2.385,mm,OK,--,1:11:37 PM,11/27/2025,
1242,40.0,gf,2.375,mm,OK,--,1:11:37 PM,11/27/2025,
1243,39.9,gf,2.370,mm,OK,--,1:11:37 PM,11/27/2025,
1244,39.9,gf,2.365,mm,OK,--,1:11:37 PM,11/27/2025,
1245,39.9,gf,2.360,mm,OK,--,1:11:37 PM,11/27/2025,
1246,39.9,gf,2.355,mm,OK,--,1:11:37 PM,11/27/2025,
1247,39.9,gf,2.345,mm,OK,--,1:11:37 PM,11/27/2025,
1248,39.9,gf,2.345,mm,OK,--,1:11:37 PM,11/27/2025,
1249,39.9,gf,2.340,mm,OK,--,1:11:37 PM,11/27/2025,
1250,39.8,gf,2.335,mm,OK,--,1:11:37 PM,11/27/2025,
1251,39.8,gf,2.325,mm,OK,--,1:11:38 PM,11/27/2025,
1252,39.8,gf,2.320,mm,OK,--,1:11:38 PM,11/27/2025,
1253,39.8,gf,2.315,mm,OK,--,1:11:38 PM,11/27/2025,
1254,39.7,gf,2.305,mm,OK,--,1:11:38 PM,11/27/2025,
1255,39.7,gf,2.300,mm,OK,--,1:11:38 PM,11/27/2025,
1256,39.7,gf,2.295,mm,OK,--,1:11:38 PM,11/27/2025,
1257,39.7,gf,2.290,mm,OK,--,1:11:38 PM,11/27/2025,
1258,39.7,gf,2.285,mm,OK,--,1:11:38 PM,11/27/2025,
1259,39.7,gf,2.280,mm,OK,--,1:11:38 PM,11/27/2025,
1260,39.7,gf,2.275,mm,OK,--,1:11:38 PM,11/27/2025,
1261,39.7,gf,2.270,mm,OK,--,1:11:39 PM,11/27/2025,
1262,39.6,gf,2.265,mm,OK,--,1:11:39 PM,11/27/2025,
1263,39.6,gf,2.265,mm,OK,--,1:11:39 PM,11/27/2025,
1264,39.6,gf,2.260,mm,OK,--,1:11:39 PM,11/27/2025,
1265,39.6,gf,2.260,mm,OK,--,1:11:39 PM,11/27/2025,
1266,39.6,gf,2.260,mm,OK,--,1:11:39 PM,11/27/2025,
1267,39.6,gf,2.255,mm,OK,--,1:11:39 PM,11/27/2025,
1268,39.6,gf,2.250,mm,OK,--,1:11:39 PM,11/27/2025,
1269,39.5,gf,2.245,mm,OK,--,1:11:39 PM,11/27/2025,
1270,39.5,gf,2.240,mm,OK,--,1:11:39 PM,11/27/2025,
1271,39.5,gf,2.230,mm,OK,--,1:11:40 PM,11/27/2025,
1272,39.5,gf,2.220,mm,OK,--,1:11:40 PM,11/27/2025,
1273,39.5,gf,2.215,mm,OK,--,1:11:40 PM,11/27/2025,
1274,39.5,gf,2.205,mm,OK,--,1:11:40 PM,11/27/2025,
1275,39.4,gf,2.200,mm,OK,--,1:11:40 PM,11/27/2025,
1276,39.4,gf,2.195,mm,OK,--,1:11:40 PM,11/27/2025,
1277,39.4,gf,2.185,mm,OK,--,1:11:40 PM,11/27/2025,
1278,39.4,gf,2.175,mm,OK,--,1:11:40 PM,11/27/2025,
1279,39.3,gf,2.165,mm,OK,--,1:11:40 PM,11/27/2025,
1280,39.3,gf,2.160,mm,OK,--,1:11:40 PM,11/27/2025,
1281,39.3,gf,2.150,mm,OK,--,1:11:41 PM,11/27/2025,
1282,39.3,gf,2.145,mm,OK,--,1:11:41 PM,11/27/2025,
1283,39.2,gf,2.135,mm,OK,--,1:11:41 PM,11/27/2025,
1284,39.2,gf,2.130,mm,OK,--,1:11:41 PM,11/27/2025,
1285,39.2,gf,2.125,mm,OK,--,1:11:41 PM,11/27/2025,
1286,39.2,gf,2.115,mm,OK,--,1:11:41 PM,11/27/2025,
1287,39.2,gf,2.105,mm,OK,--,1:11:41 PM,11/27/2025,
1288,39.2,gf,2.100,mm,OK,--,1:11:41 PM,11/27/2025,
1289,39.1,gf,2.095,mm,OK,--,1:11:41 PM,11/27/2025,
1290,39.1,gf,2.090,mm,OK,--,1:11:41 PM,11/27/2025,
1291,39.1,gf,2.085,mm,OK,--,1:11:42 PM,11/27/2025,
1292,39.1,gf,2.080,mm,OK,--,1:11:42 PM,11/27/2025,
1293,39.1,gf,2.070,mm,OK,--,1:11:42 PM,11/27/2025,
1294,39.0,gf,2.060,mm,OK,--,1:11:42 PM,11/27/2025,
1295,39.0,gf,2.050,mm,OK,--,1:11:42 PM,11/27/2025,
1296,39.0,gf,2.040,mm,OK,--,1:11:42 PM,11/27/2025,
1297,39.0,gf,2.035,mm,OK,--,1:11:42 PM,11/27/2025,
1298,38.9,gf,2.030,mm,OK,--,1:11:42 PM,11/27/2025,
1299,38.9,gf,2.020,mm,OK,--,1:11:42 PM,11/27/2025,
1300,38.9,gf,2.015,mm,OK,--,1:11:42 PM,11/27/2025,
1301,38.9,gf,2.010,mm,OK,--,1:11:43 PM,11/27/2025,
1302,38.9,gf,2.005,mm,OK,--,1:11:43 PM,11/27/2025,
1303,38.8,gf,2.000,mm,OK,--,1:11:43 PM,11/27/2025,
1304,38.8,gf,1.995,mm,OK,--,1:11:43 PM,11/27/2025,
1305,38.8,gf,1.990,mm,OK,--,1:11:43 PM,11/27/2025,
1306,38.8,gf,1.985,mm,OK,--,1:11:43 PM,11/27/2025,
1307,38.8,gf,1.985,mm,OK,--,1:11:43 PM,11/27/2025,
1308,38.8,gf,1.980,mm,OK,--,1:11:43 PM,11/27/2025,
1309,38.8,gf,1.975,mm,OK,--,1:11:43 PM,11/27/2025,
1310,38.8,gf,1.970,mm,OK,--,1:11:43 PM,11/27/2025,
1311,38.8,gf,1.965,mm,OK,--,1:11:44 PM,11/27/2025,
1312,38.7,gf,1.955,mm,OK,--,1:11:44 PM,11/27/2025,
1313,38.7,gf,1.945,mm,OK,--,1:11:44 PM,11/27/2025,
1314,38.7,gf,1.935,mm,OK,--,1:11:44 PM,11/27/2025,
1315,38.7,gf,1.930,mm,OK,--,1:11:44 PM,11/27/2025,
1316,38.6,gf,1.920,mm,OK,--,1:11:44 PM,11/27/2025,
1317,38.6,gf,1.910,mm,OK,--,1:11:44 PM,11/27/2025,
1318,38.6,gf,1.900,mm,OK,--,1:11:44 PM,11/27/2025,
1319,38.5,gf,1.895,mm,OK,--,1:11:44 PM,11/27/2025,
1320,38.5,gf,1.885,mm,OK,--,1:11:44 PM,11/27/2025,
1321,38.4,gf,1.870,mm,OK,--,1:11:45 PM,11/27/2025,
1322,38.4,gf,1.860,mm,OK,--,1:11:45 PM,11/27/2025,
1323,38.4,gf,1.845,mm,OK,--,1:11:45 PM,11/27/2025,
1324,38.4,gf,1.835,mm,OK,--,1:11:45 PM,11/27/2025,
1325,38.3,gf,1.830,mm,OK,--,1:11:45 PM,11/27/2025,
1326,38.3,gf,1.820,mm,OK,--,1:11:45 PM,11/27/2025,
1327,38.3,gf,1.815,mm,OK,--,1:11:45 PM,11/27/2025,
1328,38.3,gf,1.805,mm,OK,--,1:11:45 PM,11/27/2025,
1329,38.2,gf,1.800,mm,OK,--,1:11:45 PM,11/27/2025,
1330,38.2,gf,1.790,mm,OK,--,1:11:45 PM,11/27/2025,
1331,38.2,gf,1.785,mm,OK,--,1:11:46 PM,11/27/2025,
1332,38.2,gf,1.780,mm,OK,--,1:11:46 PM,11/27/2025,
1333,38.1,gf,1.775,mm,OK,--,1:11:46 PM,11/27/2025,
1334,38.1,gf,1.770,mm,OK,--,1:11:46 PM,11/27/2025,
1335,38.1,gf,1.765,mm,OK,--,1:11:46 PM,11/27/2025,
1336,38.1,gf,1.760,mm,OK,--,1:11:46 PM,11/27/2025,
1337,38.1,gf,1.755,mm,OK,--,1:11:46 PM,11/27/2025,
1338,38.1,gf,1.750,mm,OK,--,1:11:46 PM,11/27/2025,
1339,38.1,gf,1.745,mm,OK,--,1:11:46 PM,11/27/2025,
1340,38.1,gf,1.740,mm,OK,--,1:11:46 PM,11/27/2025,
1341,38.0,gf,1.730,mm,OK,--,1:11:47 PM,11/27/2025,
1342,38.0,gf,1.725,mm,OK,--,1:11:47 PM,11/27/2025,
1343,38.0,gf,1.720,mm,OK,--,1:11:47 PM,11/27/2025,
1344,38.0,gf,1.720,mm,OK,--,1:11:47 PM,11/27/2025,
1345,38.0,gf,1.715,mm,OK,--,1:11:47 PM,11/27/2025,
1346,38.0,gf,1.710,mm,OK,--,1:11:47 PM,11/27/2025,
1347,38.0,gf,1.710,mm,OK,--,1:11:47 PM,11/27/2025,
1348,37.9,gf,1.700,mm,OK,--,1:11:47 PM,11/27/2025,
1349,37.9,gf,1.695,mm,OK,--,1:11:47 PM,11/27/2025,
1350,37.9,gf,1.690,mm,OK,--,1:11:47 PM,11/27/2025,
1351,37.9,gf,1.685,mm,OK,--,1:11:48 PM,11/27/2025,
1352,37.9,gf,1.680,mm,OK,--,1:11:48 PM,11/27/2025,
1353,37.9,gf,1.680,mm,OK,--,1:11:48 PM,11/27/2025,
1354,37.9,gf,1.675,mm,OK,--,1:11:48 PM,11/27/2025,
1355,37.8,gf,1.665,mm,OK,--,1:11:48 PM,11/27/2025,
1356,37.8,gf,1.655,mm,OK,--,1:11:48 PM,11/27/2025,
1357,37.8,gf,1.645,mm,OK,--,1:11:48 PM,11/27/2025,
1358,37.8,gf,1.640,mm,OK,--,1:11:48 PM,11/27/2025,
1359,37.8,gf,1.635,mm,OK,--,1:11:48 PM,11/27/2025,
1360,37.8,gf,1.630,mm,OK,--,1:11:48 PM,11/27/2025,
1361,37.7,gf,1.625,mm,OK,--,1:11:49 PM,11/27/2025,
1362,37.7,gf,1.620,mm,OK,--,1:11:49 PM,11/27/2025,
1363,37.7,gf,1.615,mm,OK,--,1:11:49 PM,11/27/2025,
1364,37.7,gf,1.615,mm,OK,--,1:11:49 PM,11/27/2025,
1365,37.7,gf,1.610,mm,OK,--,1:11:49 PM,11/27/2025,
1366,37.7,gf,1.605,mm,OK,--,1:11:49 PM,11/27/2025,
1367,37.7,gf,1.600,mm,OK,--,1:11:49 PM,11/27/2025,
1368,37.6,gf,1.600,mm,OK,--,1:11:49 PM,11/27/2025,
1369,37.6,gf,1.595,mm,OK,--,1:11:49 PM,11/27/2025,
1370,37.6,gf,1.590,mm,OK,--,1:11:49 PM,11/27/2025,
1371,37.6,gf,1.585,mm,OK,--,1:11:50 PM,11/27/2025,
1372,37.6,gf,1.580,mm,OK,--,1:11:50 PM,11/27/2025,
1373,37.6,gf,1.575,mm,OK,--,1:11:50 PM,11/27/2025,
1374,37.6,gf,1.570,mm,OK,--,1:11:50 PM,11/27/2025,
1375,37.6,gf,1.565,mm,OK,--,1:11:50 PM,11/27/2025,
1376,37.5,gf,1.565,mm,OK,--,1:11:50 PM,11/27/2025,
1377,37.5,gf,1.560,mm,OK,--,1:11:50 PM,11/27/2025,
1378,37.5,gf,1.560,mm,OK,--,1:11:50 PM,11/27/2025,
1379,37.5,gf,1.555,mm,OK,--,1:11:50 PM,11/27/2025,
1380,37.5,gf,1.555,mm,OK,--,1:11:50 PM,11/27/2025,
1381,37.5,gf,1.550,mm,OK,--,1:11:51 PM,11/27/2025,
1382,37.5,gf,1.550,mm,OK,--,1:11:51 PM,11/27/2025,
1383,37.5,gf,1.545,mm,OK,--,1:11:51 PM,11/27/2025,
1384,37.5,gf,1.545,mm,OK,--,1:11:51 PM,11/27/2025,
1385,37.5,gf,1.540,mm,OK,--,1:11:51 PM,11/27/2025,
1386,37.4,gf,1.535,mm,OK,--,1:11:51 PM,11/27/2025,
1387,37.4,gf,1.535,mm,OK,--,1:11:51 PM,11/27/2025,
1388,37.4,gf,1.530,mm,OK,--,1:11:51 PM,11/27/2025,
1389,37.4,gf,1.525,mm,OK,--,1:11:51 PM,11/27/2025,
1390,37.4,gf,1.525,mm,OK,--,1:11:51 PM,11/27/2025,
1391,37.4,gf,1.515,mm,OK,--,1:11:52 PM,11/27/2025,
1392,37.4,gf,1.515,mm,OK,--,1:11:52 PM,11/27/2025,
1393,37.4,gf,1.510,mm,OK,--,1:11:52 PM,11/27/2025,
1394,37.4,gf,1.510,mm,OK,--,1:11:52 PM,11/27/2025,
1395,37.4,gf,1.510,mm,OK,--,1:11:52 PM,11/27/2025,
1396,37.4,gf,1.505,mm,OK,--,1:11:52 PM,11/27/2025,
1397,37.4,gf,1.505,mm,OK,--,1:11:52 PM,11/27/2025,
1398,37.4,gf,1.505,mm,OK,--,1:11:52 PM,11/27/2025,
1399,37.3,gf,1.500,mm,OK,--,1:11:52 PM,11/27/2025,
1400,37.3,gf,1.495,mm,OK,--,1:11:52 PM,11/27/2025,
1401,37.3,gf,1.490,mm,OK,--,1:11:53 PM,11/27/2025,
1402,37.3,gf,1.485,mm,OK,--,1:11:53 PM,11/27/2025,
1403,37.3,gf,1.480,mm,OK,--,1:11:53 PM,11/27/2025,
1404,37.3,gf,1.475,mm,OK,--,1:11:53 PM,11/27/2025,
1405,37.3,gf,1.470,mm,OK,--,1:11:53 PM,11/27/2025,
1406,37.3,gf,1.465,mm,OK,--,1:11:53 PM,11/27/2025,
1407,37.3,gf,1.460,mm,OK,--,1:11:53 PM,11/27/2025,
1408,37.3,gf,1.460,mm,OK,--,1:11:53 PM,11/27/2025,
1409,37.2,gf,1.455,mm,OK,--,1:11:53 PM,11/27/2025,
1410,37.2,gf,1.450,mm,OK,--,1:11:53 PM,11/27/2025,
1411,37.2,gf,1.440,mm,OK,--,1:11:54 PM,11/27/2025,
1412,37.2,gf,1.435,mm,OK,--,1:11:54 PM,11/27/2025,
1413,37.1,gf,1.425,mm,OK,--,1:11:54 PM,11/27/2025,
1414,37.1,gf,1.410,mm,OK,--,1:11:54 PM,11/27/2025,
1415,37.1,gf,1.395,mm,OK,--,1:11:54 PM,11/27/2025,
1416,37.0,gf,1.385,mm,OK,--,1:11:54 PM,11/27/2025,
1417,37.0,gf,1.370,mm,OK,--,1:11:54 PM,11/27/2025,
1418,37.0,gf,1.360,mm,OK,--,1:11:54 PM,11/27/2025,
1419,36.9,gf,1.345,mm,OK,--,1:11:54 PM,11/27/2025,
1420,36.9,gf,1.330,mm,OK,--,1:11:54 PM,11/27/2025,
1421,36.8,gf,1.315,mm,OK,--,1:11:55 PM,11/27/2025,
1422,36.8,gf,1.300,mm,OK,--,1:11:55 PM,11/27/2025,
1423,36.7,gf,1.280,mm,OK,--,1:11:55 PM,11/27/2025,
1424,36.7,gf,1.265,mm,OK,--,1:11:55 PM,11/27/2025,
1425,36.6,gf,1.245,mm,OK,--,1:11:55 PM,11/27/2025,
1426,36.5,gf,1.235,mm,OK,--,1:11:55 PM,11/27/2025,
1427,36.5,gf,1.220,mm,OK,--,1:11:55 PM,11/27/2025,
1428,36.5,gf,1.205,mm,OK,--,1:11:55 PM,11/27/2025,
1429,36.4,gf,1.190,mm,OK,--,1:11:55 PM,11/27/2025,
1430,36.3,gf,1.180,mm,OK,--,1:11:55 PM,11/27/2025,
1431,36.3,gf,1.170,mm,OK,--,1:11:56 PM,11/27/2025,
1432,36.3,gf,1.165,mm,OK,--,1:11:56 PM,11/27/2025,
1433,36.3,gf,1.155,mm,OK,--,1:11:56 PM,11/27/2025,
1434,36.2,gf,1.150,mm,OK,--,1:11:56 PM,11/27/2025,
1435,36.2,gf,1.140,mm,OK,--,1:11:56 PM,11/27/2025,
1436,36.2,gf,1.130,mm,OK,--,1:11:56 PM,11/27/2025,
1437,36.1,gf,1.120,mm,OK,--,1:11:56 PM,11/27/2025,
1438,36.1,gf,1.115,mm,OK,--,1:11:56 PM,11/27/2025,
1439,36.1,gf,1.105,mm,OK,--,1:11:56 PM,11/27/2025,
1440,36.1,gf,1.095,mm,OK,--,1:11:56 PM,11/27/2025,
1441,36.0,gf,1.085,mm,OK,--,1:11:57 PM,11/27/2025,
1442,36.0,gf,1.080,mm,OK,--,1:11:57 PM,11/27/2025,
1443,36.0,gf,1.070,mm,OK,--,1:11:57 PM,11/27/2025,
1444,36.0,gf,1.065,mm,OK,--,1:11:57 PM,11/27/2025,
1445,36.0,gf,1.060,mm,OK,--,1:11:57 PM,11/27/2025,
1446,35.9,gf,1.050,mm,OK,--,1:11:57 PM,11/27/2025,
1447,35.9,gf,1.045,mm,OK,--,1:11:57 PM,11/27/2025,
1448,35.9,gf,1.035,mm,OK,--,1:11:57 PM,11/27/2025,
1449,35.9,gf,1.025,mm,OK,--,1:11:57 PM,11/27/2025,
1450,35.9,gf,1.020,mm,OK,--,1:11:57 PM,11/27/2025,
1451,35.8,gf,1.015,mm,OK,--,1:11:58 PM,11/27/2025,
1452,35.8,gf,1.010,mm,OK,--,1:11:58 PM,11/27/2025,
1453,35.8,gf,1.005,mm,OK,--,1:11:58 PM,11/27/2025,
1454,35.8,gf,1.005,mm,OK,--,1:11:58 PM,11/27/2025,
1455,35.7,gf,1.000,mm,OK,--,1:11:58 PM,11/27/2025,
1456,35.7,gf,1.000,mm,OK,--,1:11:58 PM,11/27/2025,
1457,35.7,gf,1.000,mm,OK,--,1:11:58 PM,11/27/2025,
1458,35.7,gf,0.995,mm,OK,--,1:11:58 PM,11/27/2025,
1459,35.7,gf,0.990,mm,OK,--,1:11:58 PM,11/27/2025,
1460,35.7,gf,0.985,mm,OK,--,1:11:58 PM,11/27/2025,
1461,35.7,gf,0.980,mm,OK,--,1:11:59 PM,11/27/2025,
1462,35.7,gf,0.970,mm,OK,--,1:11:59 PM,11/27/2025,
1463,35.7,gf,0.960,mm,OK,--,1:11:59 PM,11/27/2025,
1464,35.6,gf,0.950,mm,OK,--,1:11:59 PM,11/27/2025,
1465,35.6,gf,0.940,mm,OK,--,1:11:59 PM,11/27/2025,
1466,35.6,gf,0.940,mm,OK,--,1:11:59 PM,11/27/2025,
1467,35.5,gf,0.935,mm,OK,--,1:11:59 PM,11/27/2025,
1468,35.5,gf,0.925,mm,OK,--,1:11:59 PM,11/27/2025,
1469,35.5,gf,0.920,mm,OK,--,1:11:59 PM,11/27/2025,
1470,35.5,gf,0.920,mm,OK,--,1:11:59 PM,11/27/2025,
1471,35.5,gf,0.920,mm,OK,--,1:12:00 PM,11/27/2025,
1472,35.5,gf,0.920,mm,OK,--,1:12:00 PM,11/27/2025,
1473,35.5,gf,0.920,mm,OK,--,1:12:00 PM,11/27/2025,
1474,35.5,gf,0.915,mm,OK,--,1:12:00 PM,11/27/2025,
1475,35.5,gf,0.915,mm,OK,--,1:12:00 PM,11/27/2025,
1476,35.4,gf,0.915,mm,OK,--,1:12:00 PM,11/27/2025,
1477,35.4,gf,0.915,mm,OK,--,1:12:00 PM,11/27/2025,
1478,35.5,gf,0.910,mm,OK,--,1:12:00 PM,11/27/2025,
1479,35.5,gf,0.905,mm,OK,--,1:12:00 PM,11/27/2025,
1480,35.5,gf,0.895,mm,OK,--,1:12:00 PM,11/27/2025,
1481,35.4,gf,0.890,mm,OK,--,1:12:01 PM,11/27/2025,
1482,35.4,gf,0.880,mm,OK,--,1:12:01 PM,11/27/2025,
1483,35.4,gf,0.875,mm,OK,--,1:12:01 PM,11/27/2025,
1484,35.3,gf,0.875,mm,OK,--,1:12:01 PM,11/27/2025,
1485,35.3,gf,0.870,mm,OK,--,1:12:01 PM,11/27/2025,
1486,35.3,gf,0.870,mm,OK,--,1:12:01 PM,11/27/2025,
1487,35.3,gf,0.860,mm,OK,--,1:12:01 PM,11/27/2025,
1488,35.3,gf,0.850,mm,OK,--,1:12:01 PM,11/27/2025,
1489,35.2,gf,0.840,mm,OK,--,1:12:01 PM,11/27/2025,
1490,35.2,gf,0.830,mm,OK,--,1:12:01 PM,11/27/2025,
1491,35.2,gf,0.820,mm,OK,--,1:12:02 PM,11/27/2025,
1492,35.1,gf,0.810,mm,OK,--,1:12:02 PM,11/27/2025,
1493,35.1,gf,0.800,mm,OK,--,1:12:02 PM,11/27/2025,
1494,35.2,gf,0.790,mm,OK,--,1:12:02 PM,11/27/2025,
1495,35.1,gf,0.780,mm,OK,--,1:12:02 PM,11/27/2025,
1496,35.0,gf,0.770,mm,OK,--,1:12:02 PM,11/27/2025,
1497,35.0,gf,0.755,mm,OK,--,1:12:02 PM,11/27/2025,
1498,35.0,gf,0.740,mm,OK,--,1:12:02 PM,11/27/2025,
1499,35.0,gf,0.725,mm,OK,--,1:12:02 PM,11/27/2025,
1500,34.9,gf,0.710,mm,OK,--,1:12:02 PM,11/27/2025,
1501,34.9,gf,0.695,mm,OK,--,1:12:03 PM,11/27/2025,
1502,34.8,gf,0.680,mm,OK,--,1:12:03 PM,11/27/2025,
1503,34.8,gf,0.670,mm,OK,--,1:12:03 PM,11/27/2025,
1504,34.7,gf,0.660,mm,OK,--,1:12:03 PM,11/27/2025,
1505,34.7,gf,0.650,mm,OK,--,1:12:03 PM,11/27/2025,
1506,34.6,gf,0.645,mm,OK,--,1:12:03 PM,11/27/2025,
1507,34.6,gf,0.635,mm,OK,--,1:12:03 PM,11/27/2025,
1508,34.6,gf,0.630,mm,OK,--,1:12:03 PM,11/27/2025,
1509,34.6,gf,0.625,mm,OK,--,1:12:03 PM,11/27/2025,
1510,34.6,gf,0.615,mm,OK,--,1:12:03 PM,11/27/2025,
1511,34.6,gf,0.610,mm,OK,--,1:12:04 PM,11/27/2025,
1512,34.6,gf,0.595,mm,OK,--,1:12:04 PM,11/27/2025,
1513,34.5,gf,0.580,mm,OK,--,1:12:04 PM,11/27/2025,
1514,34.4,gf,0.570,mm,OK,--,1:12:04 PM,11/27/2025,
1515,34.4,gf,0.560,mm,OK,--,1:12:04 PM,11/27/2025,
1516,34.4,gf,0.555,mm,OK,--,1:12:04 PM,11/27/2025,
1517,34.3,gf,0.550,mm,OK,--,1:12:04 PM,11/27/2025,
1518,34.3,gf,0.545,mm,OK,--,1:12:04 PM,11/27/2025,
1519,34.3,gf,0.535,mm,OK,--,1:12:04 PM,11/27/2025,
1520,34.3,gf,0.525,mm,OK,--,1:12:04 PM,11/27/2025,
1521,34.3,gf,0.510,mm,OK,--,1:12:05 PM,11/27/2025,
1522,34.2,gf,0.500,mm,OK,--,1:12:05 PM,11/27/2025,
1523,34.2,gf,0.490,mm,OK,--,1:12:05 PM,11/27/2025,
1524,34.2,gf,0.480,mm,OK,--,1:12:05 PM,11/27/2025,
1525,34.1,gf,0.475,mm,OK,--,1:12:05 PM,11/27/2025,
1526,34.1,gf,0.465,mm,OK,--,1:12:05 PM,11/27/2025,
1527,34.1,gf,0.460,mm,OK,--,1:12:05 PM,11/27/2025,
1528,34.1,gf,0.455,mm,OK,--,1:12:05 PM,11/27/2025,
1529,34.0,gf,0.450,mm,OK,--,1:12:05 PM,11/27/2025,
1530,34.1,gf,0.435,mm,OK,--,1:12:05 PM,11/27/2025,
1531,34.0,gf,0.425,mm,OK,--,1:12:06 PM,11/27/2025,
1532,33.9,gf,0.425,mm,OK,--,1:12:06 PM,11/27/2025,
1533,33.9,gf,0.425,mm,OK,--,1:12:06 PM,11/27/2025,
1534,33.9,gf,0.420,mm,OK,--,1:12:06 PM,11/27/2025,
1535,33.9,gf,0.415,mm,OK,--,1:12:06 PM,11/27/2025,
1536,33.9,gf,0.410,mm,OK,--,1:12:06 PM,11/27/2025,
1537,33.9,gf,0.400,mm,OK,--,1:12:06 PM,11/27/2025,
1538,33.9,gf,0.390,mm,OK,--,1:12:06 PM,11/27/2025,
1539,33.9,gf,0.385,mm,OK,--,1:12:06 PM,11/27/2025,
1540,33.8,gf,0.375,mm,OK,--,1:12:06 PM,11/27/2025,
1541,33.8,gf,0.370,mm,OK,--,1:12:07 PM,11/27/2025,
1542,33.7,gf,0.365,mm,OK,--,1:12:07 PM,11/27/2025,
1543,33.8,gf,0.355,mm,OK,--,1:12:07 PM,11/27/2025,
1544,33.8,gf,0.350,mm,OK,--,1:12:07 PM,11/27/2025,
1545,33.7,gf,0.340,mm,OK,--,1:12:07 PM,11/27/2025,
1546,33.7,gf,0.335,mm,OK,--,1:12:07 PM,11/27/2025,
1547,33.7,gf,0.330,mm,OK,--,1:12:07 PM,11/27/2025,
1548,33.7,gf,0.325,mm,OK,--,1:12:07 PM,11/27/2025,
1549,33.7,gf,0.320,mm,OK,--,1:12:07 PM,11/27/2025,
1550,33.6,gf,0.315,mm,OK,--,1:12:07 PM,11/27/2025,
1551,33.7,gf,0.305,mm,OK,--,1:12:08 PM,11/27/2025,
1552,33.7,gf,0.300,mm,OK,--,1:12:08 PM,11/27/2025,
1553,33.6,gf,0.295,mm,OK,--,1:12:08 PM,11/27/2025,
1554,33.6,gf,0.290,mm,OK,--,1:12:08 PM,11/27/2025,
1555,33.5,gf,0.285,mm,OK,--,1:12:08 PM,11/27/2025,
1556,33.5,gf,0.280,mm,OK,--,1:12:08 PM,11/27/2025,
1557,33.5,gf,0.275,mm,OK,--,1:12:08 PM,11/27/2025,
1558,33.5,gf,0.270,mm,OK,--,1:12:08 PM,11/27/2025,
1559,33.5,gf,0.265,mm,OK,--,1:12:08 PM,11/27/2025,
1560,33.5,gf,0.265,mm,OK,--,1:12:08 PM,11/27/2025,
1561,33.5,gf,0.260,mm,OK,--,1:12:09 PM,11/27/2025,
1562,33.5,gf,0.260,mm,OK,--,1:12:09 PM,11/27/2025,
1563,33.4,gf,0.255,mm,OK,--,1:12:09 PM,11/27/2025,
1564,33.4,gf,0.255,mm,OK,--,1:12:09 PM,11/27/2025,
1565,33.4,gf,0.250,mm,OK,--,1:12:09 PM,11/27/2025,
1566,33.4,gf,0.250,mm,OK,--,1:12:09 PM,11/27/2025,
1567,33.4,gf,0.250,mm,OK,--,1:12:09 PM,11/27/2025,
1568,33.4,gf,0.250,mm,OK,--,1:12:09 PM,11/27/2025,
1569,33.4,gf,0.245,mm,OK,--,1:12:09 PM,11/27/2025,
1570,33.4,gf,0.245,mm,OK,--,1:12:09 PM,11/27/2025,
1571,33.4,gf,0.245,mm,OK,--,1:12:10 PM,11/27/2025,
1572,33.4,gf,0.240,mm,OK,--,1:12:10 PM,11/27/2025,
1573,33.4,gf,0.240,mm,OK,--,1:12:10 PM,11/27/2025,
1574,33.4,gf,0.240,mm,OK,--,1:12:10 PM,11/27/2025,
1575,33.4,gf,0.235,mm,OK,--,1:12:10 PM,11/27/2025,
1576,33.3,gf,0.235,mm,OK,--,1:12:10 PM,11/27/2025,
1577,33.3,gf,0.235,mm,OK,--,1:12:10 PM,11/27/2025,
1578,33.3,gf,0.235,mm,OK,--,1:12:10 PM,11/27/2025,
1579,33.3,gf,0.235,mm,OK,--,1:12:10 PM,11/27/2025,
1580,33.3,gf,0.230,mm,OK,--,1:12:10 PM,11/27/2025,
1581,33.3,gf,0.230,mm,OK,--,1:12:11 PM,11/27/2025,
1582,33.3,gf,0.230,mm,OK,--,1:12:11 PM,11/27/2025,
1583,33.3,gf,0.225,mm,OK,--,1:12:11 PM,11/27/2025,
1584,33.3,gf,0.225,mm,OK,--,1:12:11 PM,11/27/2025,
1585,33.3,gf,0.225,mm,OK,--,1:12:11 PM,11/27/2025,
1586,33.3,gf,0.220,mm,OK,--,1:12:11 PM,11/27/2025,
1587,33.3,gf,0.220,mm,OK,--,1:12:11 PM,11/27/2025,
1588,33.3,gf,0.220,mm,OK,--,1:12:11 PM,11/27/2025,
1589,33.3,gf,0.215,mm,OK,--,1:12:11 PM,11/27/2025,
1590,33.3,gf,0.215,mm,OK,--,1:12:11 PM,11/27/2025,
1591,33.3,gf,0.210,mm,OK,--,1:12:12 PM,11/27/2025,
1592,33.3,gf,0.210,mm,OK,--,1:12:12 PM,11/27/2025,
1593,33.3,gf,0.210,mm,OK,--,1:12:12 PM,11/27/2025,
1594,33.3,gf,0.205,mm,OK,--,1:12:12 PM,11/27/2025,
1595,32.9,gf,0.205,mm,OK,--,1:12:12 PM,11/27/2025,
1596,31.9,gf,0.205,mm,OK,--,1:12:12 PM,11/27/2025,
1597,31.4,gf,0.200,mm,OK,--,1:12:12 PM,11/27/2025,
1598,32.1,gf,0.200,mm,OK,--,1:12:12 PM,11/27/2025,
1599,32.0,gf,0.200,mm,OK,--,1:12:12 PM,11/27/2025,
1600,31.8,gf,0.200,mm,OK,--,1:12:12 PM,11/27/2025,
1601,31.6,gf,0.195,mm,OK,--,1:12:13 PM,11/27/2025,
1602,31.3,gf,0.195,mm,OK,--,1:12:13 PM,11/27/2025,
1603,31.1,gf,0.195,mm,OK,--,1:12:13 PM,11/27/2025,
1604,30.8,gf,0.195,mm,OK,--,1:12:13 PM,11/27/2025,
1605,29.9,gf,0.190,mm,OK,--,1:12:13 PM,11/27/2025,
1606,29.4,gf,0.190,mm,OK,--,1:12:13 PM,11/27/2025,
1607,29.5,gf,0.185,mm,OK,--,1:12:13 PM,11/27/2025,
1608,29.4,gf,0.185,mm,OK,--,1:12:13 PM,11/27/2025,
1609,29.4,gf,0.185,mm,OK,--,1:12:13 PM,11/27/2025,
1610,29.4,gf,0.180,mm,OK,--,1:12:13 PM,11/27/2025,
1611,29.4,gf,0.180,mm,OK,--,1:12:14 PM,11/27/2025,
1612,29.4,gf,0.175,mm,OK,--,1:12:14 PM,11/27/2025,
1613,29.4,gf,0.175,mm,OK,--,1:12:14 PM,11/27/2025,
1614,29.1,gf,0.170,mm,OK,--,1:12:14 PM,11/27/2025,
1615,27.8,gf,0.170,mm,OK,--,1:12:14 PM,11/27/2025,
1616,26.2,gf,0.170,mm,OK,--,1:12:14 PM,11/27/2025,
1617,24.9,gf,0.165,mm,OK,--,1:12:14 PM,11/27/2025,
1618,24.3,gf,0.165,mm,OK,--,1:12:14 PM,11/27/2025,
1619,23.5,gf,0.160,mm,OK,--,1:12:14 PM,11/27/2025,
1620,22.3,gf,0.160,mm,OK,--,1:12:14 PM,11/27/2025,
1621,21.0,gf,0.155,mm,OK,--,1:12:15 PM,11/27/2025,
1622,19.5,gf,0.155,mm,OK,--,1:12:15 PM,11/27/2025,
1623,24.3,gf,0.150,mm,OK,--,1:12:15 PM,11/27/2025,
1624,23.8,gf,0.145,mm,OK,--,1:12:15 PM,11/27/2025,
1625,24.6,gf,0.145,mm,OK,--,1:12:15 PM,11/27/2025,
1626,24.4,gf,0.140,mm,OK,--,1:12:15 PM,11/27/2025,
1627,24.3,gf,0.140,mm,OK,--,1:12:15 PM,11/27/2025,
1628,24.6,gf,0.135,mm,OK,--,1:12:15 PM,11/27/2025,
1629,24.5,gf,0.130,mm,OK,--,1:12:15 PM,11/27/2025,
1630,24.1,gf,0.130,mm,OK,--,1:12:15 PM,11/27/2025,
1631,23.6,gf,0.125,mm,OK,--,1:12:16 PM,11/27/2025,
1632,23.3,gf,0.125,mm,OK,--,1:12:16 PM,11/27/2025,
1633,23.1,gf,0.125,mm,OK,--,1:12:16 PM,11/27/2025,
1634,22.0,gf,0.120,mm,OK,--,1:12:16 PM,11/27/2025,
1635,20.1,gf,0.110,mm,OK,--,1:12:16 PM,11/27/2025,
1636,15.1,gf,0.105,mm,OK,--,1:12:16 PM,11/27/2025,
1637,5.5,gf,0.095,mm,OK,--,1:12:16 PM,11/27/2025,
1638,0.0,gf,0.090,mm,OK,--,1:12:16 PM,11/27/2025,
1639,0.2,gf,0.080,mm,OK,--,1:12:16 PM,11/27/2025,
1640,0.1,gf,0.065,mm,OK,--,1:12:16 PM,11/27/2025,
1641,-0.1,gf,0.045,mm,OK,--,1:12:17 PM,11/27/2025,
1642,0.0,gf,0.035,mm,OK,--,1:12:17 PM,11/27/2025,
1643,0.2,gf,0.025,mm,OK,--,1:12:17 PM,11/27/2025,
1644,0.1,gf,0.020,mm,OK,--,1:12:17 PM,11/27/2025,
1645,-0.2,gf,0.010,mm,OK,--,1:12:17 PM,11/27/2025,
1646,0.0,gf,0.000,mm,OK,--,1:12:17 PM,11/27/2025,
1647,0.2,gf,-0.010,mm,OK,--,1:12:17 PM,11/27/2025,
1648,0.1,gf,-0.020,mm,OK,--,1:12:17 PM,11/27/2025,
1649,-0.1,gf,-0.030,mm,OK,--,1:12:17 PM,11/27/2025,
1650,0.0,gf,-0.030,mm,OK,--,1:12:17 PM,11/27/2025,
1651,0.1,gf,-0.030,mm,OK,--,1:12:18 PM,11/27/2025,
1652,0.0,gf,-0.030,mm,OK,--,1:12:18 PM,11/27/2025,
1653,-0.2,gf,-0.030,mm,OK,--,1:12:18 PM,11/27/2025,
1654,0.0,gf,-0.030,mm,OK,--,1:12:18 PM,11/27/2025,
1655,0.2,gf,-0.030,mm,OK,--,1:12:18 PM,11/27/2025,
1656,0.0,gf,-0.030,mm,OK,--,1:12:18 PM,11/27/2025,
1657,0.1,gf,-0.030,mm,OK,--,1:12:18 PM,11/27/2025,
1658,0.7,gf,-0.030,mm,OK,--,1:12:18 PM,11/27/2025,
1659,0.2,gf,-0.025,mm,OK,--,1:12:18 PM,11/27/2025,
1660,-0.1,gf,-0.020,mm,OK,--,1:12:18 PM,11/27/2025,
1661,-0.2,gf,-0.015,mm,OK,--,1:12:19 PM,11/27/2025,
1662,0.1,gf,-0.015,mm,OK,--,1:12:19 PM,11/27/2025,
1663,0.1,gf,-0.010,mm,OK,--,1:12:19 PM,11/27/2025,
1664,0.0,gf,-0.010,mm,OK,--,1:12:19 PM,11/27/2025,
1665,0.1,gf,-0.005,mm,OK,--,1:12:19 PM,11/27/2025,
1666,0.1,gf,0.000,mm,OK,--,1:12:19 PM,11/27/2025,
1667,0.2,gf,0.000,mm,OK,--,1:12:19 PM,11/27/2025,
1668,-0.1,gf,0.005,mm,OK,--,1:12:19 PM,11/27/2025,
1669,-0.1,gf,0.005,mm,OK,--,1:12:19 PM,11/27/2025,
1670,0.0,gf,0.010,mm,OK,--,1:12:19 PM,11/27/2025,
1671,0.1,gf,0.015,mm,OK,--,1:12:20 PM,11/27/2025,
1672,0.0,gf,0.015,mm,OK,--,1:12:20 PM,11/27/2025,
1673,-0.2,gf,0.020,mm,OK,--,1:12:20 PM,11/27/2025,
