Maximum,190.8,@,No.924,,,,,,
Minimum,-0.6,@,No.1869,,,,,,
Average,51.86,,,,,,,,
Data Quantity,1883,,,,,,,,
Number of NG,0,,,,,,,,
No.,Force,Unit,Displacement,Unit,Judge,Position,Time,Date,
1,-0.1,gf,0.000,mm,OK,--,7:28:42 PM,1/25/2026,
2,-0.1,gf,0.000,mm,OK,--,7:28:43 PM,1/25/2026,
3,0.1,gf,0.000,mm,OK,--,7:28:43 PM,1/25/2026,
4,0.1,gf,0.000,mm,OK,--,7:28:43 PM,1/25/2026,
5,-0.1,gf,0.000,mm,OK,--,7:28:43 PM,1/25/2026,
6,-0.1,gf,0.000,mm,OK,--,7:28:43 PM,1/25/2026,
7,0.0,gf,0.000,mm,OK,--,7:28:43 PM,1/25/2026,
8,0.0,gf,0.000,mm,OK,--,7:28:43 PM,1/25/2026,
9,0.0,gf,0.005,mm,OK,--,7:28:43 PM,1/25/2026,
10,0.0,gf,0.005,mm,OK,--,7:28:43 PM,1/25/2026,
11,0.0,gf,0.005,mm,OK,--,7:28:43 PM,1/25/2026,
12,0.0,gf,0.005,mm,OK,--,7:28:44 PM,1/25/2026,
13,0.0,gf,0.005,mm,OK,--,7:28:44 PM,1/25/2026,
14,0.0,gf,0.005,mm,OK,--,7:28:44 PM,1/25/2026,
15,0.1,gf,0.010,mm,OK,--,7:28:44 PM,1/25/2026,
16,0.0,gf,0.010,mm,OK,--,7:28:44 PM,1/25/2026,
17,-0.1,gf,0.015,mm,OK,--,7:28:44 PM,1/25/2026,
18,-0.1,gf,0.015,mm,OK,--,7:28:44 PM,1/25/2026,
19,0.1,gf,0.020,mm,OK,--,7:28:44 PM,1/25/2026,
20,0.0,gf,0.020,mm,OK,--,7:28:44 PM,1/25/2026,
21,0.0,gf,0.025,mm,OK,--,7:28:44 PM,1/25/2026,
22,0.5,gf,0.025,mm,OK,--,7:28:45 PM,1/25/2026,
23,2.9,gf,0.030,mm,OK,--,7:28:45 PM,1/25/2026,
24,5.6,gf,0.030,mm,OK,--,7:28:45 PM,1/25/2026,
25,13.6,gf,0.040,mm,OK,--,7:28:45 PM,1/25/2026,
26,17.4,gf,0.045,mm,OK,--,7:28:45 PM,1/25/2026,
27,19.4,gf,0.045,mm,OK,--,7:28:45 PM,1/25/2026,
28,20.7,gf,0.050,mm,OK,--,7:28:45 PM,1/25/2026,
29,22.2,gf,0.050,mm,OK,--,7:28:45 PM,1/25/2026,
30,23.4,gf,0.050,mm,OK,--,7:28:45 PM,1/25/2026,
31,24.2,gf,0.050,mm,OK,--,7:28:45 PM,1/25/2026,
32,24.7,gf,0.050,mm,OK,--,7:28:46 PM,1/25/2026,
33,24.7,gf,0.050,mm,OK,--,7:28:46 PM,1/25/2026,
34,25.0,gf,0.050,mm,OK,--,7:28:46 PM,1/25/2026,
35,26.1,gf,0.055,mm,OK,--,7:28:46 PM,1/25/2026,
36,29.4,gf,0.055,mm,OK,--,7:28:46 PM,1/25/2026,
37,32.6,gf,0.060,mm,OK,--,7:28:46 PM,1/25/2026,
38,36.0,gf,0.065,mm,OK,--,7:28:46 PM,1/25/2026,
39,38.2,gf,0.065,mm,OK,--,7:28:46 PM,1/25/2026,
40,40.2,gf,0.070,mm,OK,--,7:28:46 PM,1/25/2026,
41,41.4,gf,0.070,mm,OK,--,7:28:46 PM,1/25/2026,
42,41.9,gf,0.070,mm,OK,--,7:28:47 PM,1/25/2026,
43,42.8,gf,0.070,mm,OK,--,7:28:47 PM,1/25/2026,
44,43.6,gf,0.070,mm,OK,--,7:28:47 PM,1/25/2026,
45,44.2,gf,0.070,mm,OK,--,7:28:47 PM,1/25/2026,
46,44.5,gf,0.075,mm,OK,--,7:28:47 PM,1/25/2026,
47,44.6,gf,0.075,mm,OK,--,7:28:47 PM,1/25/2026,
48,44.6,gf,0.075,mm,OK,--,7:28:47 PM,1/25/2026,
49,44.8,gf,0.075,mm,OK,--,7:28:47 PM,1/25/2026,
50,45.2,gf,0.080,mm,OK,--,7:28:47 PM,1/25/2026,
51,45.4,gf,0.080,mm,OK,--,7:28:47 PM,1/25/2026,
52,45.9,gf,0.085,mm,OK,--,7:28:48 PM,1/25/2026,
53,46.3,gf,0.085,mm,OK,--,7:28:48 PM,1/25/2026,
54,46.6,gf,0.090,mm,OK,--,7:28:48 PM,1/25/2026,
55,46.9,gf,0.090,mm,OK,--,7:28:48 PM,1/25/2026,
56,47.3,gf,0.095,mm,OK,--,7:28:48 PM,1/25/2026,
57,47.8,gf,0.100,mm,OK,--,7:28:48 PM,1/25/2026,
58,48.3,gf,0.105,mm,OK,--,7:28:48 PM,1/25/2026,
59,48.2,gf,0.105,mm,OK,--,7:28:48 PM,1/25/2026,
60,48.2,gf,0.110,mm,OK,--,7:28:48 PM,1/25/2026,
61,48.4,gf,0.115,mm,OK,--,7:28:48 PM,1/25/2026,
62,48.4,gf,0.120,mm,OK,--,7:28:49 PM,1/25/2026,
63,48.5,gf,0.125,mm,OK,--,7:28:49 PM,1/25/2026,
64,48.4,gf,0.130,mm,OK,--,7:28:49 PM,1/25/2026,
65,48.4,gf,0.130,mm,OK,--,7:28:49 PM,1/25/2026,
66,48.3,gf,0.135,mm,OK,--,7:28:49 PM,1/25/2026,
67,48.1,gf,0.135,mm,OK,--,7:28:49 PM,1/25/2026,
68,48.2,gf,0.140,mm,OK,--,7:28:49 PM,1/25/2026,
69,48.4,gf,0.140,mm,OK,--,7:28:49 PM,1/25/2026,
70,48.5,gf,0.145,mm,OK,--,7:28:49 PM,1/25/2026,
71,48.5,gf,0.145,mm,OK,--,7:28:49 PM,1/25/2026,
72,48.4,gf,0.150,mm,OK,--,7:28:50 PM,1/25/2026,
73,48.4,gf,0.150,mm,OK,--,7:28:50 PM,1/25/2026,
74,48.4,gf,0.155,mm,OK,--,7:28:50 PM,1/25/2026,
75,48.3,gf,0.155,mm,OK,--,7:28:50 PM,1/25/2026,
76,48.4,gf,0.160,mm,OK,--,7:28:50 PM,1/25/2026,
77,48.4,gf,0.160,mm,OK,--,7:28:50 PM,1/25/2026,
78,48.5,gf,0.160,mm,OK,--,7:28:50 PM,1/25/2026,
79,48.6,gf,0.165,mm,OK,--,7:28:50 PM,1/25/2026,
80,48.8,gf,0.170,mm,OK,--,7:28:50 PM,1/25/2026,
81,48.8,gf,0.170,mm,OK,--,7:28:50 PM,1/25/2026,
82,48.7,gf,0.175,mm,OK,--,7:28:51 PM,1/25/2026,
83,48.6,gf,0.175,mm,OK,--,7:28:51 PM,1/25/2026,
84,48.7,gf,0.175,mm,OK,--,7:28:51 PM,1/25/2026,
85,48.9,gf,0.180,mm,OK,--,7:28:51 PM,1/25/2026,
86,49.2,gf,0.185,mm,OK,--,7:28:51 PM,1/25/2026,
87,49.3,gf,0.185,mm,OK,--,7:28:51 PM,1/25/2026,
88,49.3,gf,0.190,mm,OK,--,7:28:51 PM,1/25/2026,
89,49.2,gf,0.195,mm,OK,--,7:28:51 PM,1/25/2026,
90,49.3,gf,0.195,mm,OK,--,7:28:51 PM,1/25/2026,
91,49.2,gf,0.200,mm,OK,--,7:28:51 PM,1/25/2026,
92,49.2,gf,0.200,mm,OK,--,7:28:52 PM,1/25/2026,
93,49.1,gf,0.205,mm,OK,--,7:28:52 PM,1/25/2026,
94,49.2,gf,0.205,mm,OK,--,7:28:52 PM,1/25/2026,
95,49.1,gf,0.205,mm,OK,--,7:28:52 PM,1/25/2026,
96,49.0,gf,0.205,mm,OK,--,7:28:52 PM,1/25/2026,
97,48.9,gf,0.210,mm,OK,--,7:28:52 PM,1/25/2026,
98,49.0,gf,0.210,mm,OK,--,7:28:52 PM,1/25/2026,
99,48.9,gf,0.210,mm,OK,--,7:28:52 PM,1/25/2026,
100,48.9,gf,0.210,mm,OK,--,7:28:52 PM,1/25/2026,
101,48.9,gf,0.210,mm,OK,--,7:28:52 PM,1/25/2026,
102,49.0,gf,0.210,mm,OK,--,7:28:53 PM,1/25/2026,
103,49.0,gf,0.215,mm,OK,--,7:28:53 PM,1/25/2026,
104,49.0,gf,0.215,mm,OK,--,7:28:53 PM,1/25/2026,
105,49.1,gf,0.215,mm,OK,--,7:28:53 PM,1/25/2026,
106,49.0,gf,0.215,mm,OK,--,7:28:53 PM,1/25/2026,
107,49.1,gf,0.215,mm,OK,--,7:28:53 PM,1/25/2026,
108,49.1,gf,0.215,mm,OK,--,7:28:53 PM,1/25/2026,
109,49.2,gf,0.220,mm,OK,--,7:28:53 PM,1/25/2026,
110,49.2,gf,0.220,mm,OK,--,7:28:53 PM,1/25/2026,
111,49.3,gf,0.220,mm,OK,--,7:28:53 PM,1/25/2026,
112,49.3,gf,0.225,mm,OK,--,7:28:54 PM,1/25/2026,
113,49.4,gf,0.225,mm,OK,--,7:28:54 PM,1/25/2026,
114,49.3,gf,0.225,mm,OK,--,7:28:54 PM,1/25/2026,
115,49.1,gf,0.230,mm,OK,--,7:28:54 PM,1/25/2026,
116,49.3,gf,0.230,mm,OK,--,7:28:54 PM,1/25/2026,
117,49.3,gf,0.230,mm,OK,--,7:28:54 PM,1/25/2026,
118,49.4,gf,0.235,mm,OK,--,7:28:54 PM,1/25/2026,
119,49.4,gf,0.235,mm,OK,--,7:28:54 PM,1/25/2026,
120,49.5,gf,0.235,mm,OK,--,7:28:54 PM,1/25/2026,
121,49.5,gf,0.240,mm,OK,--,7:28:54 PM,1/25/2026,
122,49.6,gf,0.240,mm,OK,--,7:28:55 PM,1/25/2026,
123,50.1,gf,0.245,mm,OK,--,7:28:55 PM,1/25/2026,
124,50.1,gf,0.250,mm,OK,--,7:28:55 PM,1/25/2026,
125,50.2,gf,0.255,mm,OK,--,7:28:55 PM,1/25/2026,
126,50.3,gf,0.260,mm,OK,--,7:28:55 PM,1/25/2026,
127,50.3,gf,0.265,mm,OK,--,7:28:55 PM,1/25/2026,
128,50.2,gf,0.265,mm,OK,--,7:28:55 PM,1/25/2026,
129,50.4,gf,0.270,mm,OK,--,7:28:55 PM,1/25/2026,
130,50.7,gf,0.280,mm,OK,--,7:28:55 PM,1/25/2026,
131,50.6,gf,0.285,mm,OK,--,7:28:55 PM,1/25/2026,
132,50.3,gf,0.290,mm,OK,--,7:28:56 PM,1/25/2026,
133,50.7,gf,0.290,mm,OK,--,7:28:56 PM,1/25/2026,
134,50.5,gf,0.295,mm,OK,--,7:28:56 PM,1/25/2026,
135,50.5,gf,0.300,mm,OK,--,7:28:56 PM,1/25/2026,
136,50.6,gf,0.305,mm,OK,--,7:28:56 PM,1/25/2026,
137,50.4,gf,0.310,mm,OK,--,7:28:56 PM,1/25/2026,
138,50.1,gf,0.310,mm,OK,--,7:28:56 PM,1/25/2026,
139,50.3,gf,0.315,mm,OK,--,7:28:56 PM,1/25/2026,
140,50.4,gf,0.315,mm,OK,--,7:28:56 PM,1/25/2026,
141,50.4,gf,0.320,mm,OK,--,7:28:56 PM,1/25/2026,
142,50.4,gf,0.325,mm,OK,--,7:28:57 PM,1/25/2026,
143,50.4,gf,0.330,mm,OK,--,7:28:57 PM,1/25/2026,
144,50.6,gf,0.335,mm,OK,--,7:28:57 PM,1/25/2026,
145,50.7,gf,0.340,mm,OK,--,7:28:57 PM,1/25/2026,
146,50.6,gf,0.345,mm,OK,--,7:28:57 PM,1/25/2026,
147,50.3,gf,0.345,mm,OK,--,7:28:57 PM,1/25/2026,
148,50.4,gf,0.350,mm,OK,--,7:28:57 PM,1/25/2026,
149,50.7,gf,0.355,mm,OK,--,7:28:57 PM,1/25/2026,
150,50.6,gf,0.360,mm,OK,--,7:28:57 PM,1/25/2026,
151,50.7,gf,0.360,mm,OK,--,7:28:57 PM,1/25/2026,
152,50.6,gf,0.365,mm,OK,--,7:28:58 PM,1/25/2026,
153,50.9,gf,0.370,mm,OK,--,7:28:58 PM,1/25/2026,
154,50.7,gf,0.375,mm,OK,--,7:28:58 PM,1/25/2026,
155,50.6,gf,0.380,mm,OK,--,7:28:58 PM,1/25/2026,
156,50.3,gf,0.380,mm,OK,--,7:28:58 PM,1/25/2026,
157,50.2,gf,0.385,mm,OK,--,7:28:58 PM,1/25/2026,
158,50.4,gf,0.385,mm,OK,--,7:28:58 PM,1/25/2026,
159,50.4,gf,0.390,mm,OK,--,7:28:58 PM,1/25/2026,
160,50.5,gf,0.390,mm,OK,--,7:28:58 PM,1/25/2026,
161,50.5,gf,0.395,mm,OK,--,7:28:58 PM,1/25/2026,
162,50.4,gf,0.395,mm,OK,--,7:28:59 PM,1/25/2026,
163,50.5,gf,0.400,mm,OK,--,7:28:59 PM,1/25/2026,
164,50.6,gf,0.400,mm,OK,--,7:28:59 PM,1/25/2026,
165,50.4,gf,0.405,mm,OK,--,7:28:59 PM,1/25/2026,
166,50.7,gf,0.410,mm,OK,--,7:28:59 PM,1/25/2026,
167,50.6,gf,0.410,mm,OK,--,7:28:59 PM,1/25/2026,
168,50.7,gf,0.415,mm,OK,--,7:28:59 PM,1/25/2026,
169,51.0,gf,0.420,mm,OK,--,7:28:59 PM,1/25/2026,
170,50.9,gf,0.425,mm,OK,--,7:28:59 PM,1/25/2026,
171,50.9,gf,0.430,mm,OK,--,7:28:59 PM,1/25/2026,
172,50.9,gf,0.440,mm,OK,--,7:29:00 PM,1/25/2026,
173,50.5,gf,0.440,mm,OK,--,7:29:00 PM,1/25/2026,
174,50.4,gf,0.445,mm,OK,--,7:29:00 PM,1/25/2026,
175,50.4,gf,0.450,mm,OK,--,7:29:00 PM,1/25/2026,
176,50.6,gf,0.455,mm,OK,--,7:29:00 PM,1/25/2026,
177,50.6,gf,0.460,mm,OK,--,7:29:00 PM,1/25/2026,
178,50.3,gf,0.465,mm,OK,--,7:29:00 PM,1/25/2026,
179,50.0,gf,0.465,mm,OK,--,7:29:00 PM,1/25/2026,
180,50.1,gf,0.470,mm,OK,--,7:29:00 PM,1/25/2026,
181,50.2,gf,0.475,mm,OK,--,7:29:00 PM,1/25/2026,
182,50.2,gf,0.475,mm,OK,--,7:29:01 PM,1/25/2026,
183,50.1,gf,0.480,mm,OK,--,7:29:01 PM,1/25/2026,
184,50.0,gf,0.485,mm,OK,--,7:29:01 PM,1/25/2026,
185,49.8,gf,0.485,mm,OK,--,7:29:01 PM,1/25/2026,
186,49.7,gf,0.490,mm,OK,--,7:29:01 PM,1/25/2026,
187,49.6,gf,0.490,mm,OK,--,7:29:01 PM,1/25/2026,
188,49.6,gf,0.495,mm,OK,--,7:29:01 PM,1/25/2026,
189,49.7,gf,0.495,mm,OK,--,7:29:01 PM,1/25/2026,
190,49.9,gf,0.500,mm,OK,--,7:29:01 PM,1/25/2026,
191,49.9,gf,0.505,mm,OK,--,7:29:01 PM,1/25/2026,
192,49.8,gf,0.505,mm,OK,--,7:29:02 PM,1/25/2026,
193,49.7,gf,0.510,mm,OK,--,7:29:02 PM,1/25/2026,
194,49.8,gf,0.515,mm,OK,--,7:29:02 PM,1/25/2026,
195,49.9,gf,0.515,mm,OK,--,7:29:02 PM,1/25/2026,
196,49.9,gf,0.520,mm,OK,--,7:29:02 PM,1/25/2026,
197,49.9,gf,0.525,mm,OK,--,7:29:02 PM,1/25/2026,
198,49.8,gf,0.530,mm,OK,--,7:29:02 PM,1/25/2026,
199,49.8,gf,0.535,mm,OK,--,7:29:02 PM,1/25/2026,
200,49.7,gf,0.540,mm,OK,--,7:29:02 PM,1/25/2026,
201,49.7,gf,0.545,mm,OK,--,7:29:02 PM,1/25/2026,
202,49.7,gf,0.550,mm,OK,--,7:29:03 PM,1/25/2026,
203,49.7,gf,0.555,mm,OK,--,7:29:03 PM,1/25/2026,
204,49.7,gf,0.565,mm,OK,--,7:29:03 PM,1/25/2026,
205,49.4,gf,0.570,mm,OK,--,7:29:03 PM,1/25/2026,
206,49.6,gf,0.575,mm,OK,--,7:29:03 PM,1/25/2026,
207,49.4,gf,0.580,mm,OK,--,7:29:03 PM,1/25/2026,
208,49.2,gf,0.585,mm,OK,--,7:29:03 PM,1/25/2026,
209,49.3,gf,0.590,mm,OK,--,7:29:03 PM,1/25/2026,
210,49.1,gf,0.595,mm,OK,--,7:29:03 PM,1/25/2026,
211,48.9,gf,0.600,mm,OK,--,7:29:03 PM,1/25/2026,
212,49.1,gf,0.605,mm,OK,--,7:29:04 PM,1/25/2026,
213,48.5,gf,0.610,mm,OK,--,7:29:04 PM,1/25/2026,
214,48.5,gf,0.615,mm,OK,--,7:29:04 PM,1/25/2026,
215,48.5,gf,0.620,mm,OK,--,7:29:04 PM,1/25/2026,
216,48.5,gf,0.620,mm,OK,--,7:29:04 PM,1/25/2026,
217,48.5,gf,0.625,mm,OK,--,7:29:04 PM,1/25/2026,
218,48.5,gf,0.630,mm,OK,--,7:29:04 PM,1/25/2026,
219,48.5,gf,0.635,mm,OK,--,7:29:04 PM,1/25/2026,
220,48.1,gf,0.640,mm,OK,--,7:29:04 PM,1/25/2026,
221,47.8,gf,0.645,mm,OK,--,7:29:04 PM,1/25/2026,
222,47.1,gf,0.645,mm,OK,--,7:29:05 PM,1/25/2026,
223,47.7,gf,0.650,mm,OK,--,7:29:05 PM,1/25/2026,
224,48.5,gf,0.655,mm,OK,--,7:29:05 PM,1/25/2026,
225,48.6,gf,0.665,mm,OK,--,7:29:05 PM,1/25/2026,
226,48.1,gf,0.675,mm,OK,--,7:29:05 PM,1/25/2026,
227,48.1,gf,0.685,mm,OK,--,7:29:05 PM,1/25/2026,
228,47.9,gf,0.695,mm,OK,--,7:29:05 PM,1/25/2026,
229,47.9,gf,0.705,mm,OK,--,7:29:05 PM,1/25/2026,
230,47.6,gf,0.715,mm,OK,--,7:29:05 PM,1/25/2026,
231,47.3,gf,0.725,mm,OK,--,7:29:05 PM,1/25/2026,
232,47.2,gf,0.735,mm,OK,--,7:29:06 PM,1/25/2026,
233,47.0,gf,0.740,mm,OK,--,7:29:06 PM,1/25/2026,
234,46.6,gf,0.750,mm,OK,--,7:29:06 PM,1/25/2026,
235,46.6,gf,0.755,mm,OK,--,7:29:06 PM,1/25/2026,
236,46.9,gf,0.760,mm,OK,--,7:29:06 PM,1/25/2026,
237,46.5,gf,0.770,mm,OK,--,7:29:06 PM,1/25/2026,
238,46.3,gf,0.780,mm,OK,--,7:29:06 PM,1/25/2026,
239,46.1,gf,0.785,mm,OK,--,7:29:06 PM,1/25/2026,
240,46.1,gf,0.790,mm,OK,--,7:29:06 PM,1/25/2026,
241,45.9,gf,0.795,mm,OK,--,7:29:06 PM,1/25/2026,
242,45.7,gf,0.800,mm,OK,--,7:29:07 PM,1/25/2026,
243,45.8,gf,0.800,mm,OK,--,7:29:07 PM,1/25/2026,
244,45.8,gf,0.805,mm,OK,--,7:29:07 PM,1/25/2026,
245,45.8,gf,0.810,mm,OK,--,7:29:07 PM,1/25/2026,
246,45.7,gf,0.815,mm,OK,--,7:29:07 PM,1/25/2026,
247,45.7,gf,0.815,mm,OK,--,7:29:07 PM,1/25/2026,
248,45.9,gf,0.820,mm,OK,--,7:29:07 PM,1/25/2026,
249,45.7,gf,0.825,mm,OK,--,7:29:07 PM,1/25/2026,
250,45.4,gf,0.830,mm,OK,--,7:29:07 PM,1/25/2026,
251,45.5,gf,0.830,mm,OK,--,7:29:07 PM,1/25/2026,
252,46.0,gf,0.835,mm,OK,--,7:29:08 PM,1/25/2026,
253,46.7,gf,0.845,mm,OK,--,7:29:08 PM,1/25/2026,
254,46.6,gf,0.855,mm,OK,--,7:29:08 PM,1/25/2026,
255,46.4,gf,0.865,mm,OK,--,7:29:08 PM,1/25/2026,
256,46.2,gf,0.880,mm,OK,--,7:29:08 PM,1/25/2026,
257,45.9,gf,0.890,mm,OK,--,7:29:08 PM,1/25/2026,
258,45.6,gf,0.895,mm,OK,--,7:29:08 PM,1/25/2026,
259,45.8,gf,0.905,mm,OK,--,7:29:08 PM,1/25/2026,
260,45.4,gf,0.910,mm,OK,--,7:29:08 PM,1/25/2026,
261,45.0,gf,0.915,mm,OK,--,7:29:08 PM,1/25/2026,
262,45.0,gf,0.920,mm,OK,--,7:29:09 PM,1/25/2026,
263,45.2,gf,0.925,mm,OK,--,7:29:09 PM,1/25/2026,
264,45.2,gf,0.930,mm,OK,--,7:29:09 PM,1/25/2026,
265,45.2,gf,0.935,mm,OK,--,7:29:09 PM,1/25/2026,
266,44.8,gf,0.940,mm,OK,--,7:29:09 PM,1/25/2026,
267,44.6,gf,0.940,mm,OK,--,7:29:09 PM,1/25/2026,
268,44.7,gf,0.945,mm,OK,--,7:29:09 PM,1/25/2026,
269,44.7,gf,0.950,mm,OK,--,7:29:09 PM,1/25/2026,
270,44.2,gf,0.950,mm,OK,--,7:29:09 PM,1/25/2026,
271,44.1,gf,0.950,mm,OK,--,7:29:09 PM,1/25/2026,
272,44.2,gf,0.955,mm,OK,--,7:29:10 PM,1/25/2026,
273,44.3,gf,0.955,mm,OK,--,7:29:10 PM,1/25/2026,
274,44.4,gf,0.960,mm,OK,--,7:29:10 PM,1/25/2026,
275,44.5,gf,0.965,mm,OK,--,7:29:10 PM,1/25/2026,
276,44.2,gf,0.965,mm,OK,--,7:29:10 PM,1/25/2026,
277,43.9,gf,0.970,mm,OK,--,7:29:10 PM,1/25/2026,
278,43.7,gf,0.970,mm,OK,--,7:29:10 PM,1/25/2026,
279,43.8,gf,0.970,mm,OK,--,7:29:10 PM,1/25/2026,
280,43.7,gf,0.975,mm,OK,--,7:29:10 PM,1/25/2026,
281,43.7,gf,0.975,mm,OK,--,7:29:10 PM,1/25/2026,
282,43.8,gf,0.980,mm,OK,--,7:29:11 PM,1/25/2026,
283,43.8,gf,0.980,mm,OK,--,7:29:11 PM,1/25/2026,
284,43.9,gf,0.985,mm,OK,--,7:29:11 PM,1/25/2026,
285,44.5,gf,0.990,mm,OK,--,7:29:11 PM,1/25/2026,
286,44.6,gf,1.000,mm,OK,--,7:29:11 PM,1/25/2026,
287,44.5,gf,1.005,mm,OK,--,7:29:11 PM,1/25/2026,
288,44.7,gf,1.015,mm,OK,--,7:29:11 PM,1/25/2026,
289,44.3,gf,1.025,mm,OK,--,7:29:11 PM,1/25/2026,
290,44.1,gf,1.030,mm,OK,--,7:29:11 PM,1/25/2026,
291,43.7,gf,1.035,mm,OK,--,7:29:11 PM,1/25/2026,
292,43.8,gf,1.040,mm,OK,--,7:29:12 PM,1/25/2026,
293,43.7,gf,1.050,mm,OK,--,7:29:12 PM,1/25/2026,
294,43.5,gf,1.055,mm,OK,--,7:29:12 PM,1/25/2026,
295,43.3,gf,1.060,mm,OK,--,7:29:12 PM,1/25/2026,
296,43.0,gf,1.060,mm,OK,--,7:29:12 PM,1/25/2026,
297,42.9,gf,1.065,mm,OK,--,7:29:12 PM,1/25/2026,
298,43.2,gf,1.070,mm,OK,--,7:29:12 PM,1/25/2026,
299,43.2,gf,1.080,mm,OK,--,7:29:12 PM,1/25/2026,
300,43.4,gf,1.085,mm,OK,--,7:29:12 PM,1/25/2026,
301,42.7,gf,1.095,mm,OK,--,7:29:12 PM,1/25/2026,
302,42.7,gf,1.105,mm,OK,--,7:29:13 PM,1/25/2026,
303,42.6,gf,1.115,mm,OK,--,7:29:13 PM,1/25/2026,
304,42.2,gf,1.120,mm,OK,--,7:29:13 PM,1/25/2026,
305,41.9,gf,1.125,mm,OK,--,7:29:13 PM,1/25/2026,
306,41.8,gf,1.130,mm,OK,--,7:29:13 PM,1/25/2026,
307,41.8,gf,1.130,mm,OK,--,7:29:13 PM,1/25/2026,
308,41.9,gf,1.135,mm,OK,--,7:29:13 PM,1/25/2026,
309,41.6,gf,1.140,mm,OK,--,7:29:13 PM,1/25/2026,
310,41.8,gf,1.145,mm,OK,--,7:29:13 PM,1/25/2026,
311,41.6,gf,1.150,mm,OK,--,7:29:13 PM,1/25/2026,
312,41.5,gf,1.160,mm,OK,--,7:29:14 PM,1/25/2026,
313,41.3,gf,1.165,mm,OK,--,7:29:14 PM,1/25/2026,
314,41.2,gf,1.170,mm,OK,--,7:29:14 PM,1/25/2026,
315,41.2,gf,1.175,mm,OK,--,7:29:14 PM,1/25/2026,
316,41.1,gf,1.185,mm,OK,--,7:29:14 PM,1/25/2026,
317,41.0,gf,1.190,mm,OK,--,7:29:14 PM,1/25/2026,
318,41.1,gf,1.200,mm,OK,--,7:29:14 PM,1/25/2026,
319,41.0,gf,1.210,mm,OK,--,7:29:14 PM,1/25/2026,
320,40.6,gf,1.225,mm,OK,--,7:29:14 PM,1/25/2026,
321,40.3,gf,1.235,mm,OK,--,7:29:14 PM,1/25/2026,
322,40.0,gf,1.245,mm,OK,--,7:29:15 PM,1/25/2026,
323,39.8,gf,1.255,mm,OK,--,7:29:15 PM,1/25/2026,
324,39.8,gf,1.265,mm,OK,--,7:29:15 PM,1/25/2026,
325,39.6,gf,1.275,mm,OK,--,7:29:15 PM,1/25/2026,
326,39.2,gf,1.285,mm,OK,--,7:29:15 PM,1/25/2026,
327,38.9,gf,1.295,mm,OK,--,7:29:15 PM,1/25/2026,
328,38.6,gf,1.300,mm,OK,--,7:29:15 PM,1/25/2026,
329,38.5,gf,1.310,mm,OK,--,7:29:15 PM,1/25/2026,
330,38.7,gf,1.315,mm,OK,--,7:29:15 PM,1/25/2026,
331,38.8,gf,1.325,mm,OK,--,7:29:15 PM,1/25/2026,
332,38.4,gf,1.340,mm,OK,--,7:29:16 PM,1/25/2026,
333,38.1,gf,1.350,mm,OK,--,7:29:16 PM,1/25/2026,
334,38.0,gf,1.355,mm,OK,--,7:29:16 PM,1/25/2026,
335,37.8,gf,1.365,mm,OK,--,7:29:16 PM,1/25/2026,
336,37.5,gf,1.370,mm,OK,--,7:29:16 PM,1/25/2026,
337,37.4,gf,1.375,mm,OK,--,7:29:16 PM,1/25/2026,
338,37.4,gf,1.375,mm,OK,--,7:29:16 PM,1/25/2026,
339,37.4,gf,1.380,mm,OK,--,7:29:16 PM,1/25/2026,
340,37.4,gf,1.385,mm,OK,--,7:29:16 PM,1/25/2026,
341,37.3,gf,1.390,mm,OK,--,7:29:16 PM,1/25/2026,
342,37.1,gf,1.390,mm,OK,--,7:29:17 PM,1/25/2026,
343,37.1,gf,1.395,mm,OK,--,7:29:17 PM,1/25/2026,
344,37.0,gf,1.395,mm,OK,--,7:29:17 PM,1/25/2026,
345,37.0,gf,1.395,mm,OK,--,7:29:17 PM,1/25/2026,
346,37.0,gf,1.400,mm,OK,--,7:29:17 PM,1/25/2026,
347,37.0,gf,1.400,mm,OK,--,7:29:17 PM,1/25/2026,
348,37.1,gf,1.405,mm,OK,--,7:29:17 PM,1/25/2026,
349,37.1,gf,1.405,mm,OK,--,7:29:17 PM,1/25/2026,
350,37.0,gf,1.410,mm,OK,--,7:29:17 PM,1/25/2026,
351,37.0,gf,1.415,mm,OK,--,7:29:17 PM,1/25/2026,
352,37.0,gf,1.415,mm,OK,--,7:29:17 PM,1/25/2026,
353,37.1,gf,1.420,mm,OK,--,7:29:18 PM,1/25/2026,
354,37.0,gf,1.425,mm,OK,--,7:29:18 PM,1/25/2026,
355,37.1,gf,1.430,mm,OK,--,7:29:18 PM,1/25/2026,
356,36.9,gf,1.430,mm,OK,--,7:29:18 PM,1/25/2026,
357,37.0,gf,1.435,mm,OK,--,7:29:18 PM,1/25/2026,
358,37.2,gf,1.440,mm,OK,--,7:29:18 PM,1/25/2026,
359,37.2,gf,1.440,mm,OK,--,7:29:18 PM,1/25/2026,
360,37.1,gf,1.445,mm,OK,--,7:29:18 PM,1/25/2026,
361,37.1,gf,1.450,mm,OK,--,7:29:18 PM,1/25/2026,
362,37.0,gf,1.450,mm,OK,--,7:29:18 PM,1/25/2026,
363,36.8,gf,1.455,mm,OK,--,7:29:19 PM,1/25/2026,
364,36.9,gf,1.455,mm,OK,--,7:29:19 PM,1/25/2026,
365,37.1,gf,1.455,mm,OK,--,7:29:19 PM,1/25/2026,
366,37.2,gf,1.460,mm,OK,--,7:29:19 PM,1/25/2026,
367,37.3,gf,1.465,mm,OK,--,7:29:19 PM,1/25/2026,
368,37.3,gf,1.470,mm,OK,--,7:29:19 PM,1/25/2026,
369,37.4,gf,1.475,mm,OK,--,7:29:19 PM,1/25/2026,
370,37.4,gf,1.480,mm,OK,--,7:29:19 PM,1/25/2026,
371,37.3,gf,1.485,mm,OK,--,7:29:19 PM,1/25/2026,
372,37.4,gf,1.490,mm,OK,--,7:29:19 PM,1/25/2026,
373,37.2,gf,1.490,mm,OK,--,7:29:20 PM,1/25/2026,
374,37.3,gf,1.495,mm,OK,--,7:29:20 PM,1/25/2026,
375,37.3,gf,1.500,mm,OK,--,7:29:20 PM,1/25/2026,
376,37.2,gf,1.505,mm,OK,--,7:29:20 PM,1/25/2026,
377,37.2,gf,1.505,mm,OK,--,7:29:20 PM,1/25/2026,
378,37.1,gf,1.510,mm,OK,--,7:29:20 PM,1/25/2026,
379,37.1,gf,1.510,mm,OK,--,7:29:20 PM,1/25/2026,
380,37.1,gf,1.510,mm,OK,--,7:29:20 PM,1/25/2026,
381,37.1,gf,1.515,mm,OK,--,7:29:20 PM,1/25/2026,
382,37.1,gf,1.515,mm,OK,--,7:29:20 PM,1/25/2026,
383,37.1,gf,1.515,mm,OK,--,7:29:21 PM,1/25/2026,
384,37.2,gf,1.520,mm,OK,--,7:29:21 PM,1/25/2026,
385,37.0,gf,1.520,mm,OK,--,7:29:21 PM,1/25/2026,
386,37.0,gf,1.525,mm,OK,--,7:29:21 PM,1/25/2026,
387,37.0,gf,1.525,mm,OK,--,7:29:21 PM,1/25/2026,
388,36.9,gf,1.525,mm,OK,--,7:29:21 PM,1/25/2026,
389,37.0,gf,1.525,mm,OK,--,7:29:21 PM,1/25/2026,
390,37.1,gf,1.530,mm,OK,--,7:29:21 PM,1/25/2026,
391,37.2,gf,1.530,mm,OK,--,7:29:21 PM,1/25/2026,
392,37.2,gf,1.530,mm,OK,--,7:29:21 PM,1/25/2026,
393,37.1,gf,1.535,mm,OK,--,7:29:22 PM,1/25/2026,
394,37.1,gf,1.535,mm,OK,--,7:29:22 PM,1/25/2026,
395,37.3,gf,1.540,mm,OK,--,7:29:22 PM,1/25/2026,
396,37.4,gf,1.540,mm,OK,--,7:29:22 PM,1/25/2026,
397,37.5,gf,1.545,mm,OK,--,7:29:22 PM,1/25/2026,
398,37.5,gf,1.545,mm,OK,--,7:29:22 PM,1/25/2026,
399,37.5,gf,1.550,mm,OK,--,7:29:22 PM,1/25/2026,
400,37.6,gf,1.555,mm,OK,--,7:29:22 PM,1/25/2026,
401,37.6,gf,1.560,mm,OK,--,7:29:22 PM,1/25/2026,
402,37.6,gf,1.565,mm,OK,--,7:29:22 PM,1/25/2026,
403,37.4,gf,1.565,mm,OK,--,7:29:23 PM,1/25/2026,
404,37.5,gf,1.570,mm,OK,--,7:29:23 PM,1/25/2026,
405,37.5,gf,1.570,mm,OK,--,7:29:23 PM,1/25/2026,
406,37.6,gf,1.575,mm,OK,--,7:29:23 PM,1/25/2026,
407,37.5,gf,1.580,mm,OK,--,7:29:23 PM,1/25/2026,
408,37.5,gf,1.585,mm,OK,--,7:29:23 PM,1/25/2026,
409,37.6,gf,1.585,mm,OK,--,7:29:23 PM,1/25/2026,
410,37.6,gf,1.590,mm,OK,--,7:29:23 PM,1/25/2026,
411,37.6,gf,1.595,mm,OK,--,7:29:23 PM,1/25/2026,
412,37.6,gf,1.600,mm,OK,--,7:29:23 PM,1/25/2026,
413,37.6,gf,1.600,mm,OK,--,7:29:24 PM,1/25/2026,
414,37.7,gf,1.605,mm,OK,--,7:29:24 PM,1/25/2026,
415,37.7,gf,1.610,mm,OK,--,7:29:24 PM,1/25/2026,
416,37.7,gf,1.610,mm,OK,--,7:29:24 PM,1/25/2026,
417,37.7,gf,1.615,mm,OK,--,7:29:24 PM,1/25/2026,
418,37.7,gf,1.620,mm,OK,--,7:29:24 PM,1/25/2026,
419,37.7,gf,1.620,mm,OK,--,7:29:24 PM,1/25/2026,
420,37.9,gf,1.625,mm,OK,--,7:29:24 PM,1/25/2026,
421,38.1,gf,1.630,mm,OK,--,7:29:24 PM,1/25/2026,
422,38.1,gf,1.635,mm,OK,--,7:29:24 PM,1/25/2026,
423,38.1,gf,1.640,mm,OK,--,7:29:25 PM,1/25/2026,
424,38.1,gf,1.645,mm,OK,--,7:29:25 PM,1/25/2026,
425,38.1,gf,1.650,mm,OK,--,7:29:25 PM,1/25/2026,
426,38.1,gf,1.655,mm,OK,--,7:29:25 PM,1/25/2026,
427,38.2,gf,1.660,mm,OK,--,7:29:25 PM,1/25/2026,
428,38.2,gf,1.660,mm,OK,--,7:29:25 PM,1/25/2026,
429,38.1,gf,1.665,mm,OK,--,7:29:25 PM,1/25/2026,
430,38.1,gf,1.665,mm,OK,--,7:29:25 PM,1/25/2026,
431,38.2,gf,1.670,mm,OK,--,7:29:25 PM,1/25/2026,
432,38.2,gf,1.675,mm,OK,--,7:29:25 PM,1/25/2026,
433,38.1,gf,1.675,mm,OK,--,7:29:26 PM,1/25/2026,
434,38.0,gf,1.680,mm,OK,--,7:29:26 PM,1/25/2026,
435,37.9,gf,1.680,mm,OK,--,7:29:26 PM,1/25/2026,
436,38.1,gf,1.680,mm,OK,--,7:29:26 PM,1/25/2026,
437,38.2,gf,1.685,mm,OK,--,7:29:26 PM,1/25/2026,
438,38.2,gf,1.690,mm,OK,--,7:29:26 PM,1/25/2026,
439,38.2,gf,1.690,mm,OK,--,7:29:26 PM,1/25/2026,
440,38.2,gf,1.695,mm,OK,--,7:29:26 PM,1/25/2026,
441,38.2,gf,1.695,mm,OK,--,7:29:26 PM,1/25/2026,
442,38.2,gf,1.700,mm,OK,--,7:29:26 PM,1/25/2026,
443,38.2,gf,1.700,mm,OK,--,7:29:27 PM,1/25/2026,
444,38.2,gf,1.705,mm,OK,--,7:29:27 PM,1/25/2026,
445,38.2,gf,1.705,mm,OK,--,7:29:27 PM,1/25/2026,
446,38.4,gf,1.710,mm,OK,--,7:29:27 PM,1/25/2026,
447,38.3,gf,1.710,mm,OK,--,7:29:27 PM,1/25/2026,
448,38.3,gf,1.715,mm,OK,--,7:29:27 PM,1/25/2026,
449,38.3,gf,1.715,mm,OK,--,7:29:27 PM,1/25/2026,
450,38.3,gf,1.720,mm,OK,--,7:29:27 PM,1/25/2026,
451,38.3,gf,1.720,mm,OK,--,7:29:27 PM,1/25/2026,
452,38.2,gf,1.720,mm,OK,--,7:29:27 PM,1/25/2026,
453,38.3,gf,1.725,mm,OK,--,7:29:28 PM,1/25/2026,
454,38.3,gf,1.725,mm,OK,--,7:29:28 PM,1/25/2026,
455,38.3,gf,1.725,mm,OK,--,7:29:28 PM,1/25/2026,
456,38.4,gf,1.725,mm,OK,--,7:29:28 PM,1/25/2026,
457,38.4,gf,1.730,mm,OK,--,7:29:28 PM,1/25/2026,
458,38.5,gf,1.730,mm,OK,--,7:29:28 PM,1/25/2026,
459,38.5,gf,1.730,mm,OK,--,7:29:28 PM,1/25/2026,
460,38.5,gf,1.735,mm,OK,--,7:29:28 PM,1/25/2026,
461,38.5,gf,1.735,mm,OK,--,7:29:28 PM,1/25/2026,
462,38.6,gf,1.740,mm,OK,--,7:29:28 PM,1/25/2026,
463,38.6,gf,1.740,mm,OK,--,7:29:29 PM,1/25/2026,
464,38.7,gf,1.745,mm,OK,--,7:29:29 PM,1/25/2026,
465,38.7,gf,1.745,mm,OK,--,7:29:29 PM,1/25/2026,
466,38.6,gf,1.745,mm,OK,--,7:29:29 PM,1/25/2026,
467,38.6,gf,1.750,mm,OK,--,7:29:29 PM,1/25/2026,
468,38.6,gf,1.750,mm,OK,--,7:29:29 PM,1/25/2026,
469,38.7,gf,1.755,mm,OK,--,7:29:29 PM,1/25/2026,
470,38.7,gf,1.755,mm,OK,--,7:29:29 PM,1/25/2026,
471,38.6,gf,1.755,mm,OK,--,7:29:29 PM,1/25/2026,
472,38.6,gf,1.755,mm,OK,--,7:29:29 PM,1/25/2026,
473,38.6,gf,1.760,mm,OK,--,7:29:30 PM,1/25/2026,
474,38.6,gf,1.760,mm,OK,--,7:29:30 PM,1/25/2026,
475,38.7,gf,1.760,mm,OK,--,7:29:30 PM,1/25/2026,
476,38.7,gf,1.760,mm,OK,--,7:29:30 PM,1/25/2026,
477,38.9,gf,1.765,mm,OK,--,7:29:30 PM,1/25/2026,
478,38.9,gf,1.765,mm,OK,--,7:29:30 PM,1/25/2026,
479,38.9,gf,1.770,mm,OK,--,7:29:30 PM,1/25/2026,
480,38.8,gf,1.770,mm,OK,--,7:29:30 PM,1/25/2026,
481,39.0,gf,1.770,mm,OK,--,7:29:30 PM,1/25/2026,
482,39.0,gf,1.775,mm,OK,--,7:29:30 PM,1/25/2026,
483,39.0,gf,1.775,mm,OK,--,7:29:31 PM,1/25/2026,
484,39.2,gf,1.780,mm,OK,--,7:29:31 PM,1/25/2026,
485,39.4,gf,1.785,mm,OK,--,7:29:31 PM,1/25/2026,
486,39.3,gf,1.790,mm,OK,--,7:29:31 PM,1/25/2026,
487,39.3,gf,1.795,mm,OK,--,7:29:31 PM,1/25/2026,
488,39.3,gf,1.795,mm,OK,--,7:29:31 PM,1/25/2026,
489,39.3,gf,1.800,mm,OK,--,7:29:31 PM,1/25/2026,
490,39.5,gf,1.805,mm,OK,--,7:29:31 PM,1/25/2026,
491,39.7,gf,1.810,mm,OK,--,7:29:31 PM,1/25/2026,
492,39.7,gf,1.815,mm,OK,--,7:29:31 PM,1/25/2026,
493,39.8,gf,1.820,mm,OK,--,7:29:32 PM,1/25/2026,
494,39.8,gf,1.830,mm,OK,--,7:29:32 PM,1/25/2026,
495,39.9,gf,1.835,mm,OK,--,7:29:32 PM,1/25/2026,
496,39.7,gf,1.845,mm,OK,--,7:29:32 PM,1/25/2026,
497,39.6,gf,1.850,mm,OK,--,7:29:32 PM,1/25/2026,
498,39.7,gf,1.850,mm,OK,--,7:29:32 PM,1/25/2026,
499,39.6,gf,1.855,mm,OK,--,7:29:32 PM,1/25/2026,
500,39.4,gf,1.860,mm,OK,--,7:29:32 PM,1/25/2026,
501,39.3,gf,1.860,mm,OK,--,7:29:32 PM,1/25/2026,
502,39.4,gf,1.860,mm,OK,--,7:29:32 PM,1/25/2026,
503,39.4,gf,1.860,mm,OK,--,7:29:33 PM,1/25/2026,
504,39.4,gf,1.860,mm,OK,--,7:29:33 PM,1/25/2026,
505,39.6,gf,1.865,mm,OK,--,7:29:33 PM,1/25/2026,
506,39.6,gf,1.865,mm,OK,--,7:29:33 PM,1/25/2026,
507,39.6,gf,1.865,mm,OK,--,7:29:33 PM,1/25/2026,
508,39.6,gf,1.865,mm,OK,--,7:29:33 PM,1/25/2026,
509,39.6,gf,1.870,mm,OK,--,7:29:33 PM,1/25/2026,
510,39.7,gf,1.870,mm,OK,--,7:29:33 PM,1/25/2026,
511,39.7,gf,1.870,mm,OK,--,7:29:33 PM,1/25/2026,
512,39.8,gf,1.875,mm,OK,--,7:29:33 PM,1/25/2026,
513,39.8,gf,1.875,mm,OK,--,7:29:34 PM,1/25/2026,
514,40.0,gf,1.880,mm,OK,--,7:29:34 PM,1/25/2026,
515,40.1,gf,1.880,mm,OK,--,7:29:34 PM,1/25/2026,
516,40.2,gf,1.885,mm,OK,--,7:29:34 PM,1/25/2026,
517,40.2,gf,1.885,mm,OK,--,7:29:34 PM,1/25/2026,
518,40.2,gf,1.885,mm,OK,--,7:29:34 PM,1/25/2026,
519,40.4,gf,1.890,mm,OK,--,7:29:34 PM,1/25/2026,
520,40.2,gf,1.890,mm,OK,--,7:29:34 PM,1/25/2026,
521,40.2,gf,1.890,mm,OK,--,7:29:34 PM,1/25/2026,
522,40.1,gf,1.890,mm,OK,--,7:29:34 PM,1/25/2026,
523,40.2,gf,1.890,mm,OK,--,7:29:35 PM,1/25/2026,
524,40.3,gf,1.890,mm,OK,--,7:29:35 PM,1/25/2026,
525,40.3,gf,1.895,mm,OK,--,7:29:35 PM,1/25/2026,
526,40.5,gf,1.895,mm,OK,--,7:29:35 PM,1/25/2026,
527,40.3,gf,1.895,mm,OK,--,7:29:35 PM,1/25/2026,
528,40.4,gf,1.895,mm,OK,--,7:29:35 PM,1/25/2026,
529,40.5,gf,1.895,mm,OK,--,7:29:35 PM,1/25/2026,
530,40.7,gf,1.900,mm,OK,--,7:29:35 PM,1/25/2026,
531,40.7,gf,1.900,mm,OK,--,7:29:35 PM,1/25/2026,
532,40.8,gf,1.900,mm,OK,--,7:29:35 PM,1/25/2026,
533,40.9,gf,1.905,mm,OK,--,7:29:36 PM,1/25/2026,
534,40.9,gf,1.905,mm,OK,--,7:29:36 PM,1/25/2026,
535,40.9,gf,1.910,mm,OK,--,7:29:36 PM,1/25/2026,
536,41.2,gf,1.910,mm,OK,--,7:29:36 PM,1/25/2026,
537,41.3,gf,1.915,mm,OK,--,7:29:36 PM,1/25/2026,
538,41.5,gf,1.920,mm,OK,--,7:29:36 PM,1/25/2026,
539,41.6,gf,1.925,mm,OK,--,7:29:36 PM,1/25/2026,
540,41.6,gf,1.930,mm,OK,--,7:29:36 PM,1/25/2026,
541,41.8,gf,1.930,mm,OK,--,7:29:36 PM,1/25/2026,
542,41.8,gf,1.935,mm,OK,--,7:29:36 PM,1/25/2026,
543,41.8,gf,1.940,mm,OK,--,7:29:37 PM,1/25/2026,
544,41.9,gf,1.940,mm,OK,--,7:29:37 PM,1/25/2026,
545,42.1,gf,1.945,mm,OK,--,7:29:37 PM,1/25/2026,
546,42.1,gf,1.945,mm,OK,--,7:29:37 PM,1/25/2026,
547,42.1,gf,1.950,mm,OK,--,7:29:37 PM,1/25/2026,
548,42.2,gf,1.950,mm,OK,--,7:29:37 PM,1/25/2026,
549,42.4,gf,1.950,mm,OK,--,7:29:37 PM,1/25/2026,
550,42.5,gf,1.955,mm,OK,--,7:29:37 PM,1/25/2026,
551,42.6,gf,1.960,mm,OK,--,7:29:37 PM,1/25/2026,
552,42.7,gf,1.960,mm,OK,--,7:29:37 PM,1/25/2026,
553,42.9,gf,1.965,mm,OK,--,7:29:38 PM,1/25/2026,
554,43.0,gf,1.970,mm,OK,--,7:29:38 PM,1/25/2026,
555,43.2,gf,1.975,mm,OK,--,7:29:38 PM,1/25/2026,
556,43.4,gf,1.980,mm,OK,--,7:29:38 PM,1/25/2026,
557,43.6,gf,1.985,mm,OK,--,7:29:38 PM,1/25/2026,
558,43.9,gf,1.995,mm,OK,--,7:29:38 PM,1/25/2026,
559,44.2,gf,2.005,mm,OK,--,7:29:38 PM,1/25/2026,
560,44.4,gf,2.010,mm,OK,--,7:29:38 PM,1/25/2026,
561,44.3,gf,2.020,mm,OK,--,7:29:38 PM,1/25/2026,
562,44.4,gf,2.030,mm,OK,--,7:29:38 PM,1/25/2026,
563,44.4,gf,2.035,mm,OK,--,7:29:39 PM,1/25/2026,
564,44.5,gf,2.040,mm,OK,--,7:29:39 PM,1/25/2026,
565,44.6,gf,2.040,mm,OK,--,7:29:39 PM,1/25/2026,
566,44.7,gf,2.045,mm,OK,--,7:29:39 PM,1/25/2026,
567,44.6,gf,2.045,mm,OK,--,7:29:39 PM,1/25/2026,
568,44.4,gf,2.045,mm,OK,--,7:29:39 PM,1/25/2026,
569,44.9,gf,2.045,mm,OK,--,7:29:39 PM,1/25/2026,
570,45.0,gf,2.050,mm,OK,--,7:29:39 PM,1/25/2026,
571,45.1,gf,2.050,mm,OK,--,7:29:39 PM,1/25/2026,
572,45.2,gf,2.055,mm,OK,--,7:29:39 PM,1/25/2026,
573,45.2,gf,2.055,mm,OK,--,7:29:40 PM,1/25/2026,
574,45.2,gf,2.060,mm,OK,--,7:29:40 PM,1/25/2026,
575,45.2,gf,2.060,mm,OK,--,7:29:40 PM,1/25/2026,
576,45.4,gf,2.065,mm,OK,--,7:29:40 PM,1/25/2026,
577,45.4,gf,2.070,mm,OK,--,7:29:40 PM,1/25/2026,
578,45.5,gf,2.070,mm,OK,--,7:29:40 PM,1/25/2026,
579,45.5,gf,2.075,mm,OK,--,7:29:40 PM,1/25/2026,
580,45.5,gf,2.075,mm,OK,--,7:29:40 PM,1/25/2026,
581,45.6,gf,2.080,mm,OK,--,7:29:40 PM,1/25/2026,
582,45.7,gf,2.085,mm,OK,--,7:29:40 PM,1/25/2026,
583,45.7,gf,2.085,mm,OK,--,7:29:41 PM,1/25/2026,
584,45.7,gf,2.090,mm,OK,--,7:29:41 PM,1/25/2026,
585,45.8,gf,2.095,mm,OK,--,7:29:41 PM,1/25/2026,
586,45.8,gf,2.095,mm,OK,--,7:29:41 PM,1/25/2026,
587,45.8,gf,2.100,mm,OK,--,7:29:41 PM,1/25/2026,
588,46.0,gf,2.100,mm,OK,--,7:29:41 PM,1/25/2026,
589,46.1,gf,2.105,mm,OK,--,7:29:41 PM,1/25/2026,
590,46.2,gf,2.110,mm,OK,--,7:29:41 PM,1/25/2026,
591,46.4,gf,2.120,mm,OK,--,7:29:41 PM,1/25/2026,
592,46.6,gf,2.125,mm,OK,--,7:29:41 PM,1/25/2026,
593,46.8,gf,2.135,mm,OK,--,7:29:42 PM,1/25/2026,
594,47.0,gf,2.140,mm,OK,--,7:29:42 PM,1/25/2026,
595,47.2,gf,2.145,mm,OK,--,7:29:42 PM,1/25/2026,
596,47.4,gf,2.150,mm,OK,--,7:29:42 PM,1/25/2026,
597,47.6,gf,2.155,mm,OK,--,7:29:42 PM,1/25/2026,
598,47.8,gf,2.160,mm,OK,--,7:29:42 PM,1/25/2026,
599,47.8,gf,2.165,mm,OK,--,7:29:42 PM,1/25/2026,
600,47.8,gf,2.165,mm,OK,--,7:29:42 PM,1/25/2026,
601,47.9,gf,2.170,mm,OK,--,7:29:42 PM,1/25/2026,
602,48.0,gf,2.175,mm,OK,--,7:29:42 PM,1/25/2026,
603,48.0,gf,2.180,mm,OK,--,7:29:43 PM,1/25/2026,
604,48.1,gf,2.185,mm,OK,--,7:29:43 PM,1/25/2026,
605,48.1,gf,2.190,mm,OK,--,7:29:43 PM,1/25/2026,
606,48.2,gf,2.195,mm,OK,--,7:29:43 PM,1/25/2026,
607,48.2,gf,2.205,mm,OK,--,7:29:43 PM,1/25/2026,
608,48.2,gf,2.215,mm,OK,--,7:29:43 PM,1/25/2026,
609,48.3,gf,2.220,mm,OK,--,7:29:43 PM,1/25/2026,
610,48.3,gf,2.230,mm,OK,--,7:29:43 PM,1/25/2026,
611,48.4,gf,2.240,mm,OK,--,7:29:43 PM,1/25/2026,
612,48.4,gf,2.250,mm,OK,--,7:29:43 PM,1/25/2026,
613,48.5,gf,2.260,mm,OK,--,7:29:44 PM,1/25/2026,
614,48.6,gf,2.270,mm,OK,--,7:29:44 PM,1/25/2026,
615,48.7,gf,2.280,mm,OK,--,7:29:44 PM,1/25/2026,
616,48.8,gf,2.290,mm,OK,--,7:29:44 PM,1/25/2026,
617,48.8,gf,2.305,mm,OK,--,7:29:44 PM,1/25/2026,
618,48.9,gf,2.315,mm,OK,--,7:29:44 PM,1/25/2026,
619,49.0,gf,2.325,mm,OK,--,7:29:44 PM,1/25/2026,
620,49.1,gf,2.335,mm,OK,--,7:29:44 PM,1/25/2026,
621,49.0,gf,2.345,mm,OK,--,7:29:44 PM,1/25/2026,
622,49.0,gf,2.350,mm,OK,--,7:29:44 PM,1/25/2026,
623,49.0,gf,2.355,mm,OK,--,7:29:45 PM,1/25/2026,
624,49.1,gf,2.360,mm,OK,--,7:29:45 PM,1/25/2026,
625,49.1,gf,2.360,mm,OK,--,7:29:45 PM,1/25/2026,
626,49.1,gf,2.365,mm,OK,--,7:29:45 PM,1/25/2026,
627,49.1,gf,2.365,mm,OK,--,7:29:45 PM,1/25/2026,
628,49.1,gf,2.365,mm,OK,--,7:29:45 PM,1/25/2026,
629,49.1,gf,2.370,mm,OK,--,7:29:45 PM,1/25/2026,
630,49.1,gf,2.370,mm,OK,--,7:29:45 PM,1/25/2026,
631,49.1,gf,2.375,mm,OK,--,7:29:45 PM,1/25/2026,
632,49.2,gf,2.375,mm,OK,--,7:29:45 PM,1/25/2026,
633,49.2,gf,2.380,mm,OK,--,7:29:46 PM,1/25/2026,
634,49.2,gf,2.380,mm,OK,--,7:29:46 PM,1/25/2026,
635,49.3,gf,2.385,mm,OK,--,7:29:46 PM,1/25/2026,
636,49.3,gf,2.390,mm,OK,--,7:29:46 PM,1/25/2026,
637,49.4,gf,2.395,mm,OK,--,7:29:46 PM,1/25/2026,
638,49.4,gf,2.400,mm,OK,--,7:29:46 PM,1/25/2026,
639,49.4,gf,2.405,mm,OK,--,7:29:46 PM,1/25/2026,
640,49.4,gf,2.405,mm,OK,--,7:29:46 PM,1/25/2026,
641,49.4,gf,2.410,mm,OK,--,7:29:46 PM,1/25/2026,
642,49.5,gf,2.415,mm,OK,--,7:29:46 PM,1/25/2026,
643,49.5,gf,2.415,mm,OK,--,7:29:47 PM,1/25/2026,
644,49.5,gf,2.420,mm,OK,--,7:29:47 PM,1/25/2026,
645,49.6,gf,2.425,mm,OK,--,7:29:47 PM,1/25/2026,
646,49.6,gf,2.430,mm,OK,--,7:29:47 PM,1/25/2026,
647,49.6,gf,2.435,mm,OK,--,7:29:47 PM,1/25/2026,
648,49.7,gf,2.440,mm,OK,--,7:29:47 PM,1/25/2026,
649,49.8,gf,2.445,mm,OK,--,7:29:47 PM,1/25/2026,
650,49.8,gf,2.455,mm,OK,--,7:29:47 PM,1/25/2026,
651,49.9,gf,2.460,mm,OK,--,7:29:47 PM,1/25/2026,
652,49.9,gf,2.465,mm,OK,--,7:29:47 PM,1/25/2026,
653,50.0,gf,2.475,mm,OK,--,7:29:48 PM,1/25/2026,
654,50.1,gf,2.480,mm,OK,--,7:29:48 PM,1/25/2026,
655,50.1,gf,2.490,mm,OK,--,7:29:48 PM,1/25/2026,
656,50.2,gf,2.495,mm,OK,--,7:29:48 PM,1/25/2026,
657,50.3,gf,2.505,mm,OK,--,7:29:48 PM,1/25/2026,
658,50.3,gf,2.510,mm,OK,--,7:29:48 PM,1/25/2026,
659,50.3,gf,2.520,mm,OK,--,7:29:48 PM,1/25/2026,
660,50.3,gf,2.525,mm,OK,--,7:29:48 PM,1/25/2026,
661,50.3,gf,2.525,mm,OK,--,7:29:48 PM,1/25/2026,
662,50.3,gf,2.530,mm,OK,--,7:29:48 PM,1/25/2026,
663,50.3,gf,2.535,mm,OK,--,7:29:49 PM,1/25/2026,
664,50.3,gf,2.540,mm,OK,--,7:29:49 PM,1/25/2026,
665,50.4,gf,2.545,mm,OK,--,7:29:49 PM,1/25/2026,
666,50.4,gf,2.550,mm,OK,--,7:29:49 PM,1/25/2026,
667,50.5,gf,2.555,mm,OK,--,7:29:49 PM,1/25/2026,
668,50.5,gf,2.560,mm,OK,--,7:29:49 PM,1/25/2026,
669,50.5,gf,2.565,mm,OK,--,7:29:49 PM,1/25/2026,
670,50.5,gf,2.565,mm,OK,--,7:29:49 PM,1/25/2026,
671,50.4,gf,2.570,mm,OK,--,7:29:49 PM,1/25/2026,
672,50.5,gf,2.575,mm,OK,--,7:29:49 PM,1/25/2026,
673,50.5,gf,2.580,mm,OK,--,7:29:50 PM,1/25/2026,
674,50.5,gf,2.585,mm,OK,--,7:29:50 PM,1/25/2026,
675,50.6,gf,2.585,mm,OK,--,7:29:50 PM,1/25/2026,
676,50.6,gf,2.590,mm,OK,--,7:29:50 PM,1/25/2026,
677,50.6,gf,2.595,mm,OK,--,7:29:50 PM,1/25/2026,
678,50.6,gf,2.600,mm,OK,--,7:29:50 PM,1/25/2026,
679,50.7,gf,2.605,mm,OK,--,7:29:50 PM,1/25/2026,
680,50.7,gf,2.610,mm,OK,--,7:29:50 PM,1/25/2026,
681,50.8,gf,2.610,mm,OK,--,7:29:50 PM,1/25/2026,
682,50.8,gf,2.620,mm,OK,--,7:29:50 PM,1/25/2026,
683,50.9,gf,2.630,mm,OK,--,7:29:51 PM,1/25/2026,
684,51.0,gf,2.640,mm,OK,--,7:29:51 PM,1/25/2026,
685,51.1,gf,2.645,mm,OK,--,7:29:51 PM,1/25/2026,
686,51.1,gf,2.655,mm,OK,--,7:29:51 PM,1/25/2026,
687,51.2,gf,2.665,mm,OK,--,7:29:51 PM,1/25/2026,
688,51.2,gf,2.670,mm,OK,--,7:29:51 PM,1/25/2026,
689,51.2,gf,2.675,mm,OK,--,7:29:51 PM,1/25/2026,
690,51.2,gf,2.675,mm,OK,--,7:29:51 PM,1/25/2026,
691,51.3,gf,2.680,mm,OK,--,7:29:51 PM,1/25/2026,
692,51.3,gf,2.680,mm,OK,--,7:29:51 PM,1/25/2026,
693,51.3,gf,2.685,mm,OK,--,7:29:52 PM,1/25/2026,
694,51.3,gf,2.690,mm,OK,--,7:29:52 PM,1/25/2026,
695,51.4,gf,2.695,mm,OK,--,7:29:52 PM,1/25/2026,
696,51.4,gf,2.695,mm,OK,--,7:29:52 PM,1/25/2026,
697,51.4,gf,2.700,mm,OK,--,7:29:52 PM,1/25/2026,
698,51.4,gf,2.700,mm,OK,--,7:29:52 PM,1/25/2026,
699,51.4,gf,2.705,mm,OK,--,7:29:52 PM,1/25/2026,
700,51.4,gf,2.710,mm,OK,--,7:29:52 PM,1/25/2026,
701,51.4,gf,2.715,mm,OK,--,7:29:52 PM,1/25/2026,
702,51.5,gf,2.720,mm,OK,--,7:29:52 PM,1/25/2026,
703,51.5,gf,2.720,mm,OK,--,7:29:53 PM,1/25/2026,
704,51.5,gf,2.725,mm,OK,--,7:29:53 PM,1/25/2026,
705,51.6,gf,2.730,mm,OK,--,7:29:53 PM,1/25/2026,
706,51.7,gf,2.735,mm,OK,--,7:29:53 PM,1/25/2026,
707,51.7,gf,2.740,mm,OK,--,7:29:53 PM,1/25/2026,
708,51.7,gf,2.745,mm,OK,--,7:29:53 PM,1/25/2026,
709,51.7,gf,2.750,mm,OK,--,7:29:53 PM,1/25/2026,
710,51.8,gf,2.750,mm,OK,--,7:29:53 PM,1/25/2026,
711,51.8,gf,2.755,mm,OK,--,7:29:53 PM,1/25/2026,
712,51.9,gf,2.760,mm,OK,--,7:29:53 PM,1/25/2026,
713,52.0,gf,2.765,mm,OK,--,7:29:54 PM,1/25/2026,
714,52.1,gf,2.765,mm,OK,--,7:29:54 PM,1/25/2026,
715,52.1,gf,2.770,mm,OK,--,7:29:54 PM,1/25/2026,
716,52.1,gf,2.775,mm,OK,--,7:29:54 PM,1/25/2026,
717,52.1,gf,2.775,mm,OK,--,7:29:54 PM,1/25/2026,
718,52.0,gf,2.780,mm,OK,--,7:29:54 PM,1/25/2026,
719,52.0,gf,2.780,mm,OK,--,7:29:54 PM,1/25/2026,
720,52.0,gf,2.785,mm,OK,--,7:29:54 PM,1/25/2026,
721,52.0,gf,2.785,mm,OK,--,7:29:54 PM,1/25/2026,
722,52.0,gf,2.790,mm,OK,--,7:29:54 PM,1/25/2026,
723,52.0,gf,2.790,mm,OK,--,7:29:55 PM,1/25/2026,
724,52.1,gf,2.795,mm,OK,--,7:29:55 PM,1/25/2026,
725,52.1,gf,2.800,mm,OK,--,7:29:55 PM,1/25/2026,
726,52.1,gf,2.805,mm,OK,--,7:29:55 PM,1/25/2026,
727,52.1,gf,2.805,mm,OK,--,7:29:55 PM,1/25/2026,
728,52.1,gf,2.810,mm,OK,--,7:29:55 PM,1/25/2026,
729,52.2,gf,2.815,mm,OK,--,7:29:55 PM,1/25/2026,
730,52.2,gf,2.820,mm,OK,--,7:29:55 PM,1/25/2026,
731,52.2,gf,2.825,mm,OK,--,7:29:55 PM,1/25/2026,
732,52.3,gf,2.825,mm,OK,--,7:29:55 PM,1/25/2026,
733,52.2,gf,2.830,mm,OK,--,7:29:56 PM,1/25/2026,
734,52.2,gf,2.835,mm,OK,--,7:29:56 PM,1/25/2026,
735,52.3,gf,2.840,mm,OK,--,7:29:56 PM,1/25/2026,
736,52.3,gf,2.845,mm,OK,--,7:29:56 PM,1/25/2026,
737,52.3,gf,2.845,mm,OK,--,7:29:56 PM,1/25/2026,
738,52.4,gf,2.850,mm,OK,--,7:29:56 PM,1/25/2026,
739,52.4,gf,2.860,mm,OK,--,7:29:56 PM,1/25/2026,
740,52.5,gf,2.865,mm,OK,--,7:29:56 PM,1/25/2026,
741,52.5,gf,2.870,mm,OK,--,7:29:56 PM,1/25/2026,
742,52.5,gf,2.875,mm,OK,--,7:29:56 PM,1/25/2026,
743,52.6,gf,2.885,mm,OK,--,7:29:57 PM,1/25/2026,
744,52.7,gf,2.890,mm,OK,--,7:29:57 PM,1/25/2026,
745,52.8,gf,2.895,mm,OK,--,7:29:57 PM,1/25/2026,
746,52.9,gf,2.900,mm,OK,--,7:29:57 PM,1/25/2026,
747,52.9,gf,2.905,mm,OK,--,7:29:57 PM,1/25/2026,
748,53.0,gf,2.910,mm,OK,--,7:29:57 PM,1/25/2026,
749,52.9,gf,2.915,mm,OK,--,7:29:57 PM,1/25/2026,
750,53.0,gf,2.920,mm,OK,--,7:29:57 PM,1/25/2026,
751,53.0,gf,2.925,mm,OK,--,7:29:57 PM,1/25/2026,
752,53.0,gf,2.930,mm,OK,--,7:29:57 PM,1/25/2026,
753,53.1,gf,2.935,mm,OK,--,7:29:58 PM,1/25/2026,
754,53.1,gf,2.940,mm,OK,--,7:29:58 PM,1/25/2026,
755,53.2,gf,2.945,mm,OK,--,7:29:58 PM,1/25/2026,
756,53.2,gf,2.950,mm,OK,--,7:29:58 PM,1/25/2026,
757,53.2,gf,2.955,mm,OK,--,7:29:58 PM,1/25/2026,
758,53.2,gf,2.960,mm,OK,--,7:29:58 PM,1/25/2026,
759,53.3,gf,2.965,mm,OK,--,7:29:58 PM,1/25/2026,
760,53.3,gf,2.970,mm,OK,--,7:29:58 PM,1/25/2026,
761,53.3,gf,2.975,mm,OK,--,7:29:58 PM,1/25/2026,
762,53.4,gf,2.980,mm,OK,--,7:29:58 PM,1/25/2026,
763,53.3,gf,2.980,mm,OK,--,7:29:59 PM,1/25/2026,
764,53.3,gf,2.985,mm,OK,--,7:29:59 PM,1/25/2026,
765,53.4,gf,2.985,mm,OK,--,7:29:59 PM,1/25/2026,
766,53.4,gf,2.990,mm,OK,--,7:29:59 PM,1/25/2026,
767,53.4,gf,2.990,mm,OK,--,7:29:59 PM,1/25/2026,
768,53.5,gf,2.995,mm,OK,--,7:29:59 PM,1/25/2026,
769,53.5,gf,3.000,mm,OK,--,7:29:59 PM,1/25/2026,
770,53.5,gf,3.000,mm,OK,--,7:29:59 PM,1/25/2026,
771,53.5,gf,3.005,mm,OK,--,7:29:59 PM,1/25/2026,
772,53.5,gf,3.005,mm,OK,--,7:29:59 PM,1/25/2026,
773,53.5,gf,3.010,mm,OK,--,7:30:00 PM,1/25/2026,
774,53.5,gf,3.010,mm,OK,--,7:30:00 PM,1/25/2026,
775,53.6,gf,3.015,mm,OK,--,7:30:00 PM,1/25/2026,
776,53.6,gf,3.015,mm,OK,--,7:30:00 PM,1/25/2026,
777,53.6,gf,3.020,mm,OK,--,7:30:00 PM,1/25/2026,
778,53.5,gf,3.020,mm,OK,--,7:30:00 PM,1/25/2026,
779,53.5,gf,3.020,mm,OK,--,7:30:00 PM,1/25/2026,
780,53.5,gf,3.020,mm,OK,--,7:30:00 PM,1/25/2026,
781,53.6,gf,3.020,mm,OK,--,7:30:00 PM,1/25/2026,
782,53.6,gf,3.025,mm,OK,--,7:30:00 PM,1/25/2026,
783,53.6,gf,3.025,mm,OK,--,7:30:01 PM,1/25/2026,
784,53.6,gf,3.025,mm,OK,--,7:30:01 PM,1/25/2026,
785,53.6,gf,3.025,mm,OK,--,7:30:01 PM,1/25/2026,
786,53.6,gf,3.025,mm,OK,--,7:30:01 PM,1/25/2026,
787,53.6,gf,3.030,mm,OK,--,7:30:01 PM,1/25/2026,
788,53.7,gf,3.035,mm,OK,--,7:30:01 PM,1/25/2026,
789,53.7,gf,3.040,mm,OK,--,7:30:01 PM,1/25/2026,
790,53.7,gf,3.040,mm,OK,--,7:30:01 PM,1/25/2026,
791,53.7,gf,3.045,mm,OK,--,7:30:01 PM,1/25/2026,
792,53.8,gf,3.050,mm,OK,--,7:30:01 PM,1/25/2026,
793,53.8,gf,3.055,mm,OK,--,7:30:02 PM,1/25/2026,
794,53.9,gf,3.065,mm,OK,--,7:30:02 PM,1/25/2026,
795,53.9,gf,3.070,mm,OK,--,7:30:02 PM,1/25/2026,
796,54.0,gf,3.080,mm,OK,--,7:30:02 PM,1/25/2026,
797,54.1,gf,3.095,mm,OK,--,7:30:02 PM,1/25/2026,
798,54.3,gf,3.110,mm,OK,--,7:30:02 PM,1/25/2026,
799,54.4,gf,3.130,mm,OK,--,7:30:02 PM,1/25/2026,
800,54.5,gf,3.150,mm,OK,--,7:30:02 PM,1/25/2026,
801,54.6,gf,3.170,mm,OK,--,7:30:02 PM,1/25/2026,
802,54.8,gf,3.185,mm,OK,--,7:30:02 PM,1/25/2026,
803,54.9,gf,3.205,mm,OK,--,7:30:03 PM,1/25/2026,
804,55.1,gf,3.230,mm,OK,--,7:30:03 PM,1/25/2026,
805,55.2,gf,3.250,mm,OK,--,7:30:03 PM,1/25/2026,
806,55.3,gf,3.265,mm,OK,--,7:30:03 PM,1/25/2026,
807,55.5,gf,3.285,mm,OK,--,7:30:03 PM,1/25/2026,
808,55.5,gf,3.300,mm,OK,--,7:30:03 PM,1/25/2026,
809,55.5,gf,3.315,mm,OK,--,7:30:03 PM,1/25/2026,
810,55.7,gf,3.330,mm,OK,--,7:30:03 PM,1/25/2026,
811,55.8,gf,3.345,mm,OK,--,7:30:03 PM,1/25/2026,
812,55.8,gf,3.365,mm,OK,--,7:30:03 PM,1/25/2026,
813,55.8,gf,3.375,mm,OK,--,7:30:04 PM,1/25/2026,
814,56.0,gf,3.390,mm,OK,--,7:30:04 PM,1/25/2026,
815,56.0,gf,3.400,mm,OK,--,7:30:04 PM,1/25/2026,
816,56.1,gf,3.405,mm,OK,--,7:30:04 PM,1/25/2026,
817,56.1,gf,3.410,mm,OK,--,7:30:04 PM,1/25/2026,
818,56.2,gf,3.415,mm,OK,--,7:30:04 PM,1/25/2026,
819,56.2,gf,3.420,mm,OK,--,7:30:04 PM,1/25/2026,
820,56.2,gf,3.425,mm,OK,--,7:30:04 PM,1/25/2026,
821,56.2,gf,3.430,mm,OK,--,7:30:04 PM,1/25/2026,
822,56.3,gf,3.435,mm,OK,--,7:30:04 PM,1/25/2026,
823,56.4,gf,3.440,mm,OK,--,7:30:05 PM,1/25/2026,
824,56.4,gf,3.450,mm,OK,--,7:30:05 PM,1/25/2026,
825,56.4,gf,3.455,mm,OK,--,7:30:05 PM,1/25/2026,
826,56.5,gf,3.460,mm,OK,--,7:30:05 PM,1/25/2026,
827,56.5,gf,3.465,mm,OK,--,7:30:05 PM,1/25/2026,
828,56.5,gf,3.470,mm,OK,--,7:30:05 PM,1/25/2026,
829,56.5,gf,3.470,mm,OK,--,7:30:05 PM,1/25/2026,
830,56.5,gf,3.475,mm,OK,--,7:30:05 PM,1/25/2026,
831,56.6,gf,3.480,mm,OK,--,7:30:05 PM,1/25/2026,
832,56.6,gf,3.485,mm,OK,--,7:30:05 PM,1/25/2026,
833,56.6,gf,3.485,mm,OK,--,7:30:06 PM,1/25/2026,
834,56.6,gf,3.490,mm,OK,--,7:30:06 PM,1/25/2026,
835,56.6,gf,3.490,mm,OK,--,7:30:06 PM,1/25/2026,
836,56.7,gf,3.495,mm,OK,--,7:30:06 PM,1/25/2026,
837,56.7,gf,3.500,mm,OK,--,7:30:06 PM,1/25/2026,
838,56.6,gf,3.500,mm,OK,--,7:30:06 PM,1/25/2026,
839,56.7,gf,3.505,mm,OK,--,7:30:06 PM,1/25/2026,
840,56.7,gf,3.510,mm,OK,--,7:30:06 PM,1/25/2026,
841,56.7,gf,3.510,mm,OK,--,7:30:06 PM,1/25/2026,
842,56.7,gf,3.515,mm,OK,--,7:30:06 PM,1/25/2026,
843,56.7,gf,3.520,mm,OK,--,7:30:07 PM,1/25/2026,
844,56.8,gf,3.525,mm,OK,--,7:30:07 PM,1/25/2026,
845,56.8,gf,3.525,mm,OK,--,7:30:07 PM,1/25/2026,
846,56.8,gf,3.530,mm,OK,--,7:30:07 PM,1/25/2026,
847,56.8,gf,3.530,mm,OK,--,7:30:07 PM,1/25/2026,
848,56.8,gf,3.535,mm,OK,--,7:30:07 PM,1/25/2026,
849,56.9,gf,3.535,mm,OK,--,7:30:07 PM,1/25/2026,
850,56.9,gf,3.535,mm,OK,--,7:30:07 PM,1/25/2026,
851,56.9,gf,3.540,mm,OK,--,7:30:07 PM,1/25/2026,
852,56.9,gf,3.540,mm,OK,--,7:30:07 PM,1/25/2026,
853,56.9,gf,3.540,mm,OK,--,7:30:08 PM,1/25/2026,
854,57.0,gf,3.545,mm,OK,--,7:30:08 PM,1/25/2026,
855,57.0,gf,3.545,mm,OK,--,7:30:08 PM,1/25/2026,
856,57.0,gf,3.545,mm,OK,--,7:30:08 PM,1/25/2026,
857,57.0,gf,3.550,mm,OK,--,7:30:08 PM,1/25/2026,
858,57.0,gf,3.550,mm,OK,--,7:30:08 PM,1/25/2026,
859,57.0,gf,3.555,mm,OK,--,7:30:08 PM,1/25/2026,
860,57.0,gf,3.555,mm,OK,--,7:30:08 PM,1/25/2026,
861,57.0,gf,3.560,mm,OK,--,7:30:08 PM,1/25/2026,
862,57.1,gf,3.560,mm,OK,--,7:30:08 PM,1/25/2026,
863,57.1,gf,3.565,mm,OK,--,7:30:09 PM,1/25/2026,
864,57.2,gf,3.570,mm,OK,--,7:30:09 PM,1/25/2026,
865,57.2,gf,3.575,mm,OK,--,7:30:09 PM,1/25/2026,
866,57.2,gf,3.575,mm,OK,--,7:30:09 PM,1/25/2026,
867,57.2,gf,3.580,mm,OK,--,7:30:09 PM,1/25/2026,
868,57.2,gf,3.585,mm,OK,--,7:30:09 PM,1/25/2026,
869,57.2,gf,3.585,mm,OK,--,7:30:09 PM,1/25/2026,
870,58.2,gf,3.590,mm,OK,--,7:30:09 PM,1/25/2026,
871,61.7,gf,3.595,mm,OK,--,7:30:09 PM,1/25/2026,
872,65.6,gf,3.600,mm,OK,--,7:30:09 PM,1/25/2026,
873,69.8,gf,3.605,mm,OK,--,7:30:10 PM,1/25/2026,
874,74.0,gf,3.605,mm,OK,--,7:30:10 PM,1/25/2026,
875,78.2,gf,3.610,mm,OK,--,7:30:10 PM,1/25/2026,
876,82.4,gf,3.615,mm,OK,--,7:30:10 PM,1/25/2026,
877,86.6,gf,3.620,mm,OK,--,7:30:10 PM,1/25/2026,
878,90.7,gf,3.625,mm,OK,--,7:30:10 PM,1/25/2026,
879,94.4,gf,3.625,mm,OK,--,7:30:10 PM,1/25/2026,
880,97.5,gf,3.630,mm,OK,--,7:30:10 PM,1/25/2026,
881,100.4,gf,3.635,mm,OK,--,7:30:10 PM,1/25/2026,
882,102.8,gf,3.635,mm,OK,--,7:30:10 PM,1/25/2026,
883,105.3,gf,3.640,mm,OK,--,7:30:11 PM,1/25/2026,
884,108.1,gf,3.640,mm,OK,--,7:30:11 PM,1/25/2026,
885,111.6,gf,3.645,mm,OK,--,7:30:11 PM,1/25/2026,
886,114.9,gf,3.645,mm,OK,--,7:30:11 PM,1/25/2026,
887,118.6,gf,3.650,mm,OK,--,7:30:11 PM,1/25/2026,
888,122.5,gf,3.655,mm,OK,--,7:30:11 PM,1/25/2026,
889,125.9,gf,3.655,mm,OK,--,7:30:11 PM,1/25/2026,
890,128.4,gf,3.660,mm,OK,--,7:30:11 PM,1/25/2026,
891,130.3,gf,3.660,mm,OK,--,7:30:11 PM,1/25/2026,
892,132.0,gf,3.665,mm,OK,--,7:30:11 PM,1/25/2026,
893,134.0,gf,3.665,mm,OK,--,7:30:12 PM,1/25/2026,
894,136.2,gf,3.665,mm,OK,--,7:30:12 PM,1/25/2026,
895,138.2,gf,3.670,mm,OK,--,7:30:12 PM,1/25/2026,
896,140.1,gf,3.670,mm,OK,--,7:30:12 PM,1/25/2026,
897,141.6,gf,3.670,mm,OK,--,7:30:12 PM,1/25/2026,
898,143.4,gf,3.675,mm,OK,--,7:30:12 PM,1/25/2026,
899,145.1,gf,3.675,mm,OK,--,7:30:12 PM,1/25/2026,
900,146.5,gf,3.675,mm,OK,--,7:30:12 PM,1/25/2026,
901,148.0,gf,3.680,mm,OK,--,7:30:12 PM,1/25/2026,
902,149.5,gf,3.680,mm,OK,--,7:30:12 PM,1/25/2026,
903,151.0,gf,3.680,mm,OK,--,7:30:13 PM,1/25/2026,
904,152.3,gf,3.685,mm,OK,--,7:30:13 PM,1/25/2026,
905,153.7,gf,3.685,mm,OK,--,7:30:13 PM,1/25/2026,
906,155.4,gf,3.685,mm,OK,--,7:30:13 PM,1/25/2026,
907,157.4,gf,3.690,mm,OK,--,7:30:13 PM,1/25/2026,
908,159.7,gf,3.690,mm,OK,--,7:30:13 PM,1/25/2026,
909,162.4,gf,3.695,mm,OK,--,7:30:13 PM,1/25/2026,
910,165.2,gf,3.695,mm,OK,--,7:30:13 PM,1/25/2026,
911,167.8,gf,3.700,mm,OK,--,7:30:13 PM,1/25/2026,
912,170.5,gf,3.700,mm,OK,--,7:30:13 PM,1/25/2026,
913,173.8,gf,3.705,mm,OK,--,7:30:14 PM,1/25/2026,
914,176.8,gf,3.710,mm,OK,--,7:30:14 PM,1/25/2026,
915,179.4,gf,3.710,mm,OK,--,7:30:14 PM,1/25/2026,
916,181.6,gf,3.710,mm,OK,--,7:30:14 PM,1/25/2026,
917,183.8,gf,3.715,mm,OK,--,7:30:14 PM,1/25/2026,
918,186.0,gf,3.715,mm,OK,--,7:30:14 PM,1/25/2026,
919,187.9,gf,3.720,mm,OK,--,7:30:14 PM,1/25/2026,
920,189.1,gf,3.720,mm,OK,--,7:30:14 PM,1/25/2026,
921,189.9,gf,3.720,mm,OK,--,7:30:14 PM,1/25/2026,
922,190.4,gf,3.720,mm,OK,--,7:30:14 PM,1/25/2026,
923,190.6,gf,3.720,mm,OK,--,7:30:15 PM,1/25/2026,
924,190.8,gf,3.720,mm,OK,--,7:30:15 PM,1/25/2026,
925,190.8,gf,3.720,mm,OK,--,7:30:15 PM,1/25/2026,
926,190.7,gf,3.720,mm,OK,--,7:30:15 PM,1/25/2026,
927,190.7,gf,3.720,mm,OK,--,7:30:15 PM,1/25/2026,
928,190.7,gf,3.720,mm,OK,--,7:30:15 PM,1/25/2026,
929,190.7,gf,3.720,mm,OK,--,7:30:15 PM,1/25/2026,
930,190.6,gf,3.720,mm,OK,--,7:30:15 PM,1/25/2026,
931,190.7,gf,3.720,mm,OK,--,7:30:15 PM,1/25/2026,
932,190.7,gf,3.720,mm,OK,--,7:30:15 PM,1/25/2026,
933,190.7,gf,3.720,mm,OK,--,7:30:16 PM,1/25/2026,
934,190.7,gf,3.720,mm,OK,--,7:30:16 PM,1/25/2026,
935,190.6,gf,3.720,mm,OK,--,7:30:16 PM,1/25/2026,
936,190.6,gf,3.720,mm,OK,--,7:30:16 PM,1/25/2026,
937,190.6,gf,3.720,mm,OK,--,7:30:16 PM,1/25/2026,
938,190.6,gf,3.720,mm,OK,--,7:30:16 PM,1/25/2026,
939,190.6,gf,3.720,mm,OK,--,7:30:16 PM,1/25/2026,
940,190.6,gf,3.720,mm,OK,--,7:30:16 PM,1/25/2026,
941,190.6,gf,3.720,mm,OK,--,7:30:16 PM,1/25/2026,
942,190.6,gf,3.720,mm,OK,--,7:30:16 PM,1/25/2026,
943,190.5,gf,3.720,mm,OK,--,7:30:17 PM,1/25/2026,
944,190.3,gf,3.720,mm,OK,--,7:30:17 PM,1/25/2026,
945,189.9,gf,3.720,mm,OK,--,7:30:17 PM,1/25/2026,
946,189.8,gf,3.720,mm,OK,--,7:30:17 PM,1/25/2026,
947,189.4,gf,3.720,mm,OK,--,7:30:17 PM,1/25/2026,
948,189.5,gf,3.720,mm,OK,--,7:30:17 PM,1/25/2026,
949,189.3,gf,3.720,mm,OK,--,7:30:17 PM,1/25/2026,
950,189.1,gf,3.720,mm,OK,--,7:30:17 PM,1/25/2026,
951,189.1,gf,3.720,mm,OK,--,7:30:17 PM,1/25/2026,
952,189.0,gf,3.720,mm,OK,--,7:30:17 PM,1/25/2026,
953,188.9,gf,3.720,mm,OK,--,7:30:18 PM,1/25/2026,
954,188.7,gf,3.720,mm,OK,--,7:30:18 PM,1/25/2026,
955,188.3,gf,3.720,mm,OK,--,7:30:18 PM,1/25/2026,
956,187.6,gf,3.720,mm,OK,--,7:30:18 PM,1/25/2026,
957,186.7,gf,3.720,mm,OK,--,7:30:18 PM,1/25/2026,
958,186.6,gf,3.720,mm,OK,--,7:30:18 PM,1/25/2026,
959,186.0,gf,3.720,mm,OK,--,7:30:18 PM,1/25/2026,
960,185.4,gf,3.720,mm,OK,--,7:30:18 PM,1/25/2026,
961,184.3,gf,3.715,mm,OK,--,7:30:18 PM,1/25/2026,
962,183.7,gf,3.715,mm,OK,--,7:30:18 PM,1/25/2026,
963,183.3,gf,3.715,mm,OK,--,7:30:19 PM,1/25/2026,
964,182.9,gf,3.715,mm,OK,--,7:30:19 PM,1/25/2026,
965,182.5,gf,3.715,mm,OK,--,7:30:19 PM,1/25/2026,
966,182.4,gf,3.715,mm,OK,--,7:30:19 PM,1/25/2026,
967,182.0,gf,3.715,mm,OK,--,7:30:19 PM,1/25/2026,
968,181.2,gf,3.715,mm,OK,--,7:30:19 PM,1/25/2026,
969,179.8,gf,3.715,mm,OK,--,7:30:19 PM,1/25/2026,
970,178.9,gf,3.710,mm,OK,--,7:30:19 PM,1/25/2026,
971,178.5,gf,3.710,mm,OK,--,7:30:19 PM,1/25/2026,
972,177.8,gf,3.710,mm,OK,--,7:30:19 PM,1/25/2026,
973,176.6,gf,3.710,mm,OK,--,7:30:20 PM,1/25/2026,
974,175.3,gf,3.710,mm,OK,--,7:30:20 PM,1/25/2026,
975,174.2,gf,3.710,mm,OK,--,7:30:20 PM,1/25/2026,
976,173.0,gf,3.705,mm,OK,--,7:30:20 PM,1/25/2026,
977,172.2,gf,3.705,mm,OK,--,7:30:20 PM,1/25/2026,
978,171.5,gf,3.705,mm,OK,--,7:30:20 PM,1/25/2026,
979,170.9,gf,3.705,mm,OK,--,7:30:20 PM,1/25/2026,
980,170.2,gf,3.705,mm,OK,--,7:30:20 PM,1/25/2026,
981,169.7,gf,3.705,mm,OK,--,7:30:20 PM,1/25/2026,
982,169.1,gf,3.705,mm,OK,--,7:30:20 PM,1/25/2026,
983,168.6,gf,3.700,mm,OK,--,7:30:21 PM,1/25/2026,
984,168.0,gf,3.700,mm,OK,--,7:30:21 PM,1/25/2026,
985,167.2,gf,3.700,mm,OK,--,7:30:21 PM,1/25/2026,
986,166.2,gf,3.700,mm,OK,--,7:30:21 PM,1/25/2026,
987,165.3,gf,3.700,mm,OK,--,7:30:21 PM,1/25/2026,
988,164.3,gf,3.700,mm,OK,--,7:30:21 PM,1/25/2026,
989,163.6,gf,3.700,mm,OK,--,7:30:21 PM,1/25/2026,
990,162.5,gf,3.695,mm,OK,--,7:30:21 PM,1/25/2026,
991,161.2,gf,3.695,mm,OK,--,7:30:21 PM,1/25/2026,
992,160.2,gf,3.695,mm,OK,--,7:30:21 PM,1/25/2026,
993,159.2,gf,3.695,mm,OK,--,7:30:22 PM,1/25/2026,
994,158.4,gf,3.690,mm,OK,--,7:30:22 PM,1/25/2026,
995,157.4,gf,3.690,mm,OK,--,7:30:22 PM,1/25/2026,
996,156.3,gf,3.690,mm,OK,--,7:30:22 PM,1/25/2026,
997,155.4,gf,3.690,mm,OK,--,7:30:22 PM,1/25/2026,
998,154.3,gf,3.690,mm,OK,--,7:30:22 PM,1/25/2026,
999,153.4,gf,3.690,mm,OK,--,7:30:22 PM,1/25/2026,
1000,152.5,gf,3.685,mm,OK,--,7:30:22 PM,1/25/2026,
1001,151.5,gf,3.685,mm,OK,--,7:30:22 PM,1/25/2026,
1002,150.6,gf,3.685,mm,OK,--,7:30:22 PM,1/25/2026,
1003,149.7,gf,3.685,mm,OK,--,7:30:23 PM,1/25/2026,
1004,148.2,gf,3.685,mm,OK,--,7:30:23 PM,1/25/2026,
1005,146.9,gf,3.680,mm,OK,--,7:30:23 PM,1/25/2026,
1006,145.8,gf,3.680,mm,OK,--,7:30:23 PM,1/25/2026,
1007,145.2,gf,3.680,mm,OK,--,7:30:23 PM,1/25/2026,
1008,144.5,gf,3.680,mm,OK,--,7:30:23 PM,1/25/2026,
1009,143.8,gf,3.680,mm,OK,--,7:30:23 PM,1/25/2026,
1010,143.1,gf,3.675,mm,OK,--,7:30:23 PM,1/25/2026,
1011,142.4,gf,3.675,mm,OK,--,7:30:23 PM,1/25/2026,
1012,141.8,gf,3.675,mm,OK,--,7:30:23 PM,1/25/2026,
1013,141.0,gf,3.675,mm,OK,--,7:30:24 PM,1/25/2026,
1014,140.0,gf,3.675,mm,OK,--,7:30:24 PM,1/25/2026,
1015,139.2,gf,3.675,mm,OK,--,7:30:24 PM,1/25/2026,
1016,138.4,gf,3.675,mm,OK,--,7:30:24 PM,1/25/2026,
1017,137.5,gf,3.670,mm,OK,--,7:30:24 PM,1/25/2026,
1018,136.5,gf,3.670,mm,OK,--,7:30:24 PM,1/25/2026,
1019,136.0,gf,3.670,mm,OK,--,7:30:24 PM,1/25/2026,
1020,135.6,gf,3.670,mm,OK,--,7:30:24 PM,1/25/2026,
1021,134.9,gf,3.670,mm,OK,--,7:30:24 PM,1/25/2026,
1022,133.9,gf,3.670,mm,OK,--,7:30:24 PM,1/25/2026,
1023,132.8,gf,3.670,mm,OK,--,7:30:25 PM,1/25/2026,
1024,131.8,gf,3.665,mm,OK,--,7:30:25 PM,1/25/2026,
1025,130.3,gf,3.665,mm,OK,--,7:30:25 PM,1/25/2026,
1026,129.0,gf,3.665,mm,OK,--,7:30:25 PM,1/25/2026,
1027,128.0,gf,3.665,mm,OK,--,7:30:25 PM,1/25/2026,
1028,127.1,gf,3.660,mm,OK,--,7:30:25 PM,1/25/2026,
1029,125.4,gf,3.660,mm,OK,--,7:30:25 PM,1/25/2026,
1030,122.6,gf,3.660,mm,OK,--,7:30:25 PM,1/25/2026,
1031,119.0,gf,3.655,mm,OK,--,7:30:25 PM,1/25/2026,
1032,116.0,gf,3.650,mm,OK,--,7:30:25 PM,1/25/2026,
1033,113.2,gf,3.650,mm,OK,--,7:30:26 PM,1/25/2026,
1034,110.6,gf,3.645,mm,OK,--,7:30:26 PM,1/25/2026,
1035,108.8,gf,3.645,mm,OK,--,7:30:26 PM,1/25/2026,
1036,107.4,gf,3.645,mm,OK,--,7:30:26 PM,1/25/2026,
1037,106.2,gf,3.640,mm,OK,--,7:30:26 PM,1/25/2026,
1038,105.0,gf,3.640,mm,OK,--,7:30:26 PM,1/25/2026,
1039,104.0,gf,3.640,mm,OK,--,7:30:26 PM,1/25/2026,
1040,103.2,gf,3.640,mm,OK,--,7:30:26 PM,1/25/2026,
1041,102.4,gf,3.640,mm,OK,--,7:30:26 PM,1/25/2026,
1042,101.2,gf,3.640,mm,OK,--,7:30:26 PM,1/25/2026,
1043,99.9,gf,3.635,mm,OK,--,7:30:27 PM,1/25/2026,
1044,98.5,gf,3.635,mm,OK,--,7:30:27 PM,1/25/2026,
1045,97.2,gf,3.635,mm,OK,--,7:30:27 PM,1/25/2026,
1046,96.4,gf,3.635,mm,OK,--,7:30:27 PM,1/25/2026,
1047,96.0,gf,3.630,mm,OK,--,7:30:27 PM,1/25/2026,
1048,95.7,gf,3.630,mm,OK,--,7:30:27 PM,1/25/2026,
1049,94.9,gf,3.630,mm,OK,--,7:30:27 PM,1/25/2026,
1050,94.0,gf,3.630,mm,OK,--,7:30:27 PM,1/25/2026,
1051,93.2,gf,3.630,mm,OK,--,7:30:27 PM,1/25/2026,
1052,92.4,gf,3.630,mm,OK,--,7:30:27 PM,1/25/2026,
1053,90.9,gf,3.630,mm,OK,--,7:30:28 PM,1/25/2026,
1054,88.7,gf,3.625,mm,OK,--,7:30:28 PM,1/25/2026,
1055,86.6,gf,3.625,mm,OK,--,7:30:28 PM,1/25/2026,
1056,84.4,gf,3.620,mm,OK,--,7:30:28 PM,1/25/2026,
1057,82.3,gf,3.620,mm,OK,--,7:30:28 PM,1/25/2026,
1058,80.6,gf,3.615,mm,OK,--,7:30:28 PM,1/25/2026,
1059,79.2,gf,3.615,mm,OK,--,7:30:28 PM,1/25/2026,
1060,77.5,gf,3.615,mm,OK,--,7:30:28 PM,1/25/2026,
1061,75.8,gf,3.610,mm,OK,--,7:30:28 PM,1/25/2026,
1062,74.1,gf,3.610,mm,OK,--,7:30:28 PM,1/25/2026,
1063,72.7,gf,3.610,mm,OK,--,7:30:29 PM,1/25/2026,
1064,71.4,gf,3.610,mm,OK,--,7:30:29 PM,1/25/2026,
1065,70.0,gf,3.605,mm,OK,--,7:30:29 PM,1/25/2026,
1066,68.4,gf,3.605,mm,OK,--,7:30:29 PM,1/25/2026,
1067,66.6,gf,3.605,mm,OK,--,7:30:29 PM,1/25/2026,
1068,64.7,gf,3.600,mm,OK,--,7:30:29 PM,1/25/2026,
1069,63.0,gf,3.600,mm,OK,--,7:30:29 PM,1/25/2026,
1070,61.3,gf,3.595,mm,OK,--,7:30:29 PM,1/25/2026,
1071,59.3,gf,3.595,mm,OK,--,7:30:29 PM,1/25/2026,
1072,57.6,gf,3.595,mm,OK,--,7:30:29 PM,1/25/2026,
1073,56.4,gf,3.590,mm,OK,--,7:30:30 PM,1/25/2026,
1074,56.4,gf,3.590,mm,OK,--,7:30:30 PM,1/25/2026,
1075,56.4,gf,3.590,mm,OK,--,7:30:30 PM,1/25/2026,
1076,56.4,gf,3.585,mm,OK,--,7:30:30 PM,1/25/2026,
1077,56.4,gf,3.585,mm,OK,--,7:30:30 PM,1/25/2026,
1078,56.3,gf,3.575,mm,OK,--,7:30:30 PM,1/25/2026,
1079,56.1,gf,3.565,mm,OK,--,7:30:30 PM,1/25/2026,
1080,56.1,gf,3.555,mm,OK,--,7:30:30 PM,1/25/2026,
1081,56.0,gf,3.545,mm,OK,--,7:30:30 PM,1/25/2026,
1082,55.9,gf,3.535,mm,OK,--,7:30:30 PM,1/25/2026,
1083,55.9,gf,3.525,mm,OK,--,7:30:31 PM,1/25/2026,
1084,55.8,gf,3.520,mm,OK,--,7:30:31 PM,1/25/2026,
1085,55.8,gf,3.515,mm,OK,--,7:30:31 PM,1/25/2026,
1086,55.8,gf,3.510,mm,OK,--,7:30:31 PM,1/25/2026,
1087,55.8,gf,3.505,mm,OK,--,7:30:31 PM,1/25/2026,
1088,55.7,gf,3.500,mm,OK,--,7:30:31 PM,1/25/2026,
1089,55.8,gf,3.500,mm,OK,--,7:30:31 PM,1/25/2026,
1090,55.8,gf,3.495,mm,OK,--,7:30:31 PM,1/25/2026,
1091,55.8,gf,3.495,mm,OK,--,7:30:31 PM,1/25/2026,
1092,55.8,gf,3.495,mm,OK,--,7:30:31 PM,1/25/2026,
1093,55.8,gf,3.495,mm,OK,--,7:30:32 PM,1/25/2026,
1094,55.7,gf,3.495,mm,OK,--,7:30:32 PM,1/25/2026,
1095,55.7,gf,3.495,mm,OK,--,7:30:32 PM,1/25/2026,
1096,55.7,gf,3.490,mm,OK,--,7:30:32 PM,1/25/2026,
1097,55.6,gf,3.490,mm,OK,--,7:30:32 PM,1/25/2026,
1098,55.6,gf,3.490,mm,OK,--,7:30:32 PM,1/25/2026,
1099,55.6,gf,3.485,mm,OK,--,7:30:32 PM,1/25/2026,
1100,55.5,gf,3.480,mm,OK,--,7:30:32 PM,1/25/2026,
1101,55.5,gf,3.475,mm,OK,--,7:30:32 PM,1/25/2026,
1102,55.5,gf,3.470,mm,OK,--,7:30:32 PM,1/25/2026,
1103,55.5,gf,3.465,mm,OK,--,7:30:33 PM,1/25/2026,
1104,55.5,gf,3.460,mm,OK,--,7:30:33 PM,1/25/2026,
1105,55.5,gf,3.455,mm,OK,--,7:30:33 PM,1/25/2026,
1106,55.4,gf,3.455,mm,OK,--,7:30:33 PM,1/25/2026,
1107,55.4,gf,3.450,mm,OK,--,7:30:33 PM,1/25/2026,
1108,55.4,gf,3.450,mm,OK,--,7:30:33 PM,1/25/2026,
1109,55.4,gf,3.445,mm,OK,--,7:30:33 PM,1/25/2026,
1110,55.4,gf,3.445,mm,OK,--,7:30:33 PM,1/25/2026,
1111,55.3,gf,3.440,mm,OK,--,7:30:33 PM,1/25/2026,
1112,55.3,gf,3.435,mm,OK,--,7:30:33 PM,1/25/2026,
1113,55.2,gf,3.430,mm,OK,--,7:30:34 PM,1/25/2026,
1114,55.2,gf,3.425,mm,OK,--,7:30:34 PM,1/25/2026,
1115,55.2,gf,3.420,mm,OK,--,7:30:34 PM,1/25/2026,
1116,55.2,gf,3.415,mm,OK,--,7:30:34 PM,1/25/2026,
1117,55.2,gf,3.410,mm,OK,--,7:30:34 PM,1/25/2026,
1118,55.1,gf,3.405,mm,OK,--,7:30:34 PM,1/25/2026,
1119,55.1,gf,3.405,mm,OK,--,7:30:34 PM,1/25/2026,
1120,55.1,gf,3.400,mm,OK,--,7:30:34 PM,1/25/2026,
1121,55.0,gf,3.395,mm,OK,--,7:30:34 PM,1/25/2026,
1122,54.9,gf,3.390,mm,OK,--,7:30:34 PM,1/25/2026,
1123,54.9,gf,3.385,mm,OK,--,7:30:35 PM,1/25/2026,
1124,54.9,gf,3.380,mm,OK,--,7:30:35 PM,1/25/2026,
1125,54.9,gf,3.380,mm,OK,--,7:30:35 PM,1/25/2026,
1126,54.9,gf,3.380,mm,OK,--,7:30:35 PM,1/25/2026,
1127,54.9,gf,3.375,mm,OK,--,7:30:35 PM,1/25/2026,
1128,54.8,gf,3.370,mm,OK,--,7:30:35 PM,1/25/2026,
1129,54.8,gf,3.365,mm,OK,--,7:30:35 PM,1/25/2026,
1130,54.8,gf,3.360,mm,OK,--,7:30:35 PM,1/25/2026,
1131,54.8,gf,3.355,mm,OK,--,7:30:35 PM,1/25/2026,
1132,54.7,gf,3.350,mm,OK,--,7:30:35 PM,1/25/2026,
1133,54.8,gf,3.350,mm,OK,--,7:30:36 PM,1/25/2026,
1134,54.7,gf,3.345,mm,OK,--,7:30:36 PM,1/25/2026,
1135,54.8,gf,3.345,mm,OK,--,7:30:36 PM,1/25/2026,
1136,54.7,gf,3.340,mm,OK,--,7:30:36 PM,1/25/2026,
1137,54.6,gf,3.340,mm,OK,--,7:30:36 PM,1/25/2026,
1138,54.7,gf,3.335,mm,OK,--,7:30:36 PM,1/25/2026,
1139,54.6,gf,3.330,mm,OK,--,7:30:36 PM,1/25/2026,
1140,54.6,gf,3.325,mm,OK,--,7:30:36 PM,1/25/2026,
1141,54.6,gf,3.320,mm,OK,--,7:30:36 PM,1/25/2026,
1142,54.5,gf,3.320,mm,OK,--,7:30:36 PM,1/25/2026,
1143,54.5,gf,3.315,mm,OK,--,7:30:37 PM,1/25/2026,
1144,54.4,gf,3.310,mm,OK,--,7:30:37 PM,1/25/2026,
1145,54.4,gf,3.305,mm,OK,--,7:30:37 PM,1/25/2026,
1146,54.2,gf,3.295,mm,OK,--,7:30:37 PM,1/25/2026,
1147,54.2,gf,3.290,mm,OK,--,7:30:37 PM,1/25/2026,
1148,54.2,gf,3.285,mm,OK,--,7:30:37 PM,1/25/2026,
1149,54.2,gf,3.280,mm,OK,--,7:30:37 PM,1/25/2026,
1150,54.1,gf,3.275,mm,OK,--,7:30:37 PM,1/25/2026,
1151,54.1,gf,3.270,mm,OK,--,7:30:37 PM,1/25/2026,
1152,54.1,gf,3.270,mm,OK,--,7:30:37 PM,1/25/2026,
1153,54.0,gf,3.265,mm,OK,--,7:30:38 PM,1/25/2026,
1154,54.0,gf,3.260,mm,OK,--,7:30:38 PM,1/25/2026,
1155,54.0,gf,3.255,mm,OK,--,7:30:38 PM,1/25/2026,
1156,53.9,gf,3.250,mm,OK,--,7:30:38 PM,1/25/2026,
1157,53.9,gf,3.245,mm,OK,--,7:30:38 PM,1/25/2026,
1158,53.9,gf,3.240,mm,OK,--,7:30:38 PM,1/25/2026,
1159,53.8,gf,3.235,mm,OK,--,7:30:38 PM,1/25/2026,
1160,53.8,gf,3.230,mm,OK,--,7:30:38 PM,1/25/2026,
1161,53.7,gf,3.225,mm,OK,--,7:30:38 PM,1/25/2026,
1162,53.7,gf,3.215,mm,OK,--,7:30:38 PM,1/25/2026,
1163,53.6,gf,3.205,mm,OK,--,7:30:39 PM,1/25/2026,
1164,53.6,gf,3.195,mm,OK,--,7:30:39 PM,1/25/2026,
1165,53.6,gf,3.190,mm,OK,--,7:30:39 PM,1/25/2026,
1166,53.6,gf,3.185,mm,OK,--,7:30:39 PM,1/25/2026,
1167,53.5,gf,3.180,mm,OK,--,7:30:39 PM,1/25/2026,
1168,53.4,gf,3.175,mm,OK,--,7:30:39 PM,1/25/2026,
1169,53.4,gf,3.170,mm,OK,--,7:30:39 PM,1/25/2026,
1170,53.3,gf,3.160,mm,OK,--,7:30:39 PM,1/25/2026,
1171,53.3,gf,3.155,mm,OK,--,7:30:39 PM,1/25/2026,
1172,53.3,gf,3.150,mm,OK,--,7:30:39 PM,1/25/2026,
1173,53.2,gf,3.145,mm,OK,--,7:30:40 PM,1/25/2026,
1174,53.2,gf,3.140,mm,OK,--,7:30:40 PM,1/25/2026,
1175,53.2,gf,3.135,mm,OK,--,7:30:40 PM,1/25/2026,
1176,53.1,gf,3.130,mm,OK,--,7:30:40 PM,1/25/2026,
1177,53.0,gf,3.120,mm,OK,--,7:30:40 PM,1/25/2026,
1178,52.9,gf,3.110,mm,OK,--,7:30:40 PM,1/25/2026,
1179,52.9,gf,3.095,mm,OK,--,7:30:40 PM,1/25/2026,
1180,52.9,gf,3.085,mm,OK,--,7:30:40 PM,1/25/2026,
1181,52.8,gf,3.080,mm,OK,--,7:30:40 PM,1/25/2026,
1182,52.8,gf,3.075,mm,OK,--,7:30:40 PM,1/25/2026,
1183,52.8,gf,3.070,mm,OK,--,7:30:41 PM,1/25/2026,
1184,52.7,gf,3.060,mm,OK,--,7:30:41 PM,1/25/2026,
1185,52.7,gf,3.055,mm,OK,--,7:30:41 PM,1/25/2026,
1186,52.7,gf,3.050,mm,OK,--,7:30:41 PM,1/25/2026,
1187,52.6,gf,3.045,mm,OK,--,7:30:41 PM,1/25/2026,
1188,52.6,gf,3.035,mm,OK,--,7:30:41 PM,1/25/2026,
1189,52.6,gf,3.030,mm,OK,--,7:30:41 PM,1/25/2026,
1190,52.5,gf,3.025,mm,OK,--,7:30:41 PM,1/25/2026,
1191,52.4,gf,3.020,mm,OK,--,7:30:41 PM,1/25/2026,
1192,52.4,gf,3.010,mm,OK,--,7:30:41 PM,1/25/2026,
1193,52.4,gf,3.005,mm,OK,--,7:30:42 PM,1/25/2026,
1194,52.3,gf,3.000,mm,OK,--,7:30:42 PM,1/25/2026,
1195,52.2,gf,2.995,mm,OK,--,7:30:42 PM,1/25/2026,
1196,52.2,gf,2.985,mm,OK,--,7:30:42 PM,1/25/2026,
1197,52.1,gf,2.980,mm,OK,--,7:30:42 PM,1/25/2026,
1198,52.1,gf,2.975,mm,OK,--,7:30:42 PM,1/25/2026,
1199,52.0,gf,2.970,mm,OK,--,7:30:42 PM,1/25/2026,
1200,52.0,gf,2.965,mm,OK,--,7:30:42 PM,1/25/2026,
1201,52.0,gf,2.955,mm,OK,--,7:30:42 PM,1/25/2026,
1202,51.9,gf,2.955,mm,OK,--,7:30:42 PM,1/25/2026,
1203,51.9,gf,2.950,mm,OK,--,7:30:43 PM,1/25/2026,
1204,51.8,gf,2.945,mm,OK,--,7:30:43 PM,1/25/2026,
1205,51.8,gf,2.940,mm,OK,--,7:30:43 PM,1/25/2026,
1206,51.8,gf,2.935,mm,OK,--,7:30:43 PM,1/25/2026,
1207,51.8,gf,2.935,mm,OK,--,7:30:43 PM,1/25/2026,
1208,51.7,gf,2.930,mm,OK,--,7:30:43 PM,1/25/2026,
1209,51.7,gf,2.925,mm,OK,--,7:30:43 PM,1/25/2026,
1210,51.7,gf,2.925,mm,OK,--,7:30:43 PM,1/25/2026,
1211,51.7,gf,2.920,mm,OK,--,7:30:43 PM,1/25/2026,
1212,51.7,gf,2.920,mm,OK,--,7:30:43 PM,1/25/2026,
1213,51.7,gf,2.915,mm,OK,--,7:30:44 PM,1/25/2026,
1214,51.6,gf,2.910,mm,OK,--,7:30:44 PM,1/25/2026,
1215,51.5,gf,2.910,mm,OK,--,7:30:44 PM,1/25/2026,
1216,51.5,gf,2.900,mm,OK,--,7:30:44 PM,1/25/2026,
1217,51.4,gf,2.890,mm,OK,--,7:30:44 PM,1/25/2026,
1218,51.4,gf,2.880,mm,OK,--,7:30:44 PM,1/25/2026,
1219,51.4,gf,2.870,mm,OK,--,7:30:44 PM,1/25/2026,
1220,51.4,gf,2.865,mm,OK,--,7:30:44 PM,1/25/2026,
1221,51.4,gf,2.860,mm,OK,--,7:30:44 PM,1/25/2026,
1222,51.4,gf,2.860,mm,OK,--,7:30:44 PM,1/25/2026,
1223,51.4,gf,2.855,mm,OK,--,7:30:45 PM,1/25/2026,
1224,51.4,gf,2.855,mm,OK,--,7:30:45 PM,1/25/2026,
1225,51.3,gf,2.850,mm,OK,--,7:30:45 PM,1/25/2026,
1226,51.3,gf,2.845,mm,OK,--,7:30:45 PM,1/25/2026,
1227,51.2,gf,2.840,mm,OK,--,7:30:45 PM,1/25/2026,
1228,51.2,gf,2.835,mm,OK,--,7:30:45 PM,1/25/2026,
1229,51.2,gf,2.825,mm,OK,--,7:30:45 PM,1/25/2026,
1230,51.1,gf,2.815,mm,OK,--,7:30:45 PM,1/25/2026,
1231,51.1,gf,2.800,mm,OK,--,7:30:45 PM,1/25/2026,
1232,51.0,gf,2.790,mm,OK,--,7:30:45 PM,1/25/2026,
1233,51.0,gf,2.780,mm,OK,--,7:30:46 PM,1/25/2026,
1234,50.8,gf,2.770,mm,OK,--,7:30:46 PM,1/25/2026,
1235,50.6,gf,2.760,mm,OK,--,7:30:46 PM,1/25/2026,
1236,50.4,gf,2.740,mm,OK,--,7:30:46 PM,1/25/2026,
1237,50.4,gf,2.715,mm,OK,--,7:30:46 PM,1/25/2026,
1238,50.2,gf,2.695,mm,OK,--,7:30:46 PM,1/25/2026,
1239,50.1,gf,2.680,mm,OK,--,7:30:46 PM,1/25/2026,
1240,50.1,gf,2.665,mm,OK,--,7:30:46 PM,1/25/2026,
1241,50.0,gf,2.650,mm,OK,--,7:30:46 PM,1/25/2026,
1242,50.0,gf,2.645,mm,OK,--,7:30:46 PM,1/25/2026,
1243,49.9,gf,2.640,mm,OK,--,7:30:47 PM,1/25/2026,
1244,49.9,gf,2.635,mm,OK,--,7:30:47 PM,1/25/2026,
1245,49.9,gf,2.635,mm,OK,--,7:30:47 PM,1/25/2026,
1246,49.9,gf,2.630,mm,OK,--,7:30:47 PM,1/25/2026,
1247,49.9,gf,2.630,mm,OK,--,7:30:47 PM,1/25/2026,
1248,49.8,gf,2.625,mm,OK,--,7:30:47 PM,1/25/2026,
1249,49.8,gf,2.620,mm,OK,--,7:30:47 PM,1/25/2026,
1250,49.8,gf,2.615,mm,OK,--,7:30:47 PM,1/25/2026,
1251,49.7,gf,2.605,mm,OK,--,7:30:47 PM,1/25/2026,
1252,49.7,gf,2.600,mm,OK,--,7:30:47 PM,1/25/2026,
1253,49.7,gf,2.600,mm,OK,--,7:30:48 PM,1/25/2026,
1254,49.7,gf,2.595,mm,OK,--,7:30:48 PM,1/25/2026,
1255,49.6,gf,2.590,mm,OK,--,7:30:48 PM,1/25/2026,
1256,49.6,gf,2.585,mm,OK,--,7:30:48 PM,1/25/2026,
1257,49.5,gf,2.580,mm,OK,--,7:30:48 PM,1/25/2026,
1258,49.5,gf,2.570,mm,OK,--,7:30:48 PM,1/25/2026,
1259,49.4,gf,2.560,mm,OK,--,7:30:48 PM,1/25/2026,
1260,49.4,gf,2.550,mm,OK,--,7:30:48 PM,1/25/2026,
1261,49.4,gf,2.545,mm,OK,--,7:30:48 PM,1/25/2026,
1262,49.3,gf,2.535,mm,OK,--,7:30:48 PM,1/25/2026,
1263,49.1,gf,2.520,mm,OK,--,7:30:49 PM,1/25/2026,
1264,49.0,gf,2.505,mm,OK,--,7:30:49 PM,1/25/2026,
1265,48.9,gf,2.490,mm,OK,--,7:30:49 PM,1/25/2026,
1266,48.8,gf,2.480,mm,OK,--,7:30:49 PM,1/25/2026,
1267,48.7,gf,2.470,mm,OK,--,7:30:49 PM,1/25/2026,
1268,48.7,gf,2.465,mm,OK,--,7:30:49 PM,1/25/2026,
1269,48.7,gf,2.460,mm,OK,--,7:30:49 PM,1/25/2026,
1270,48.7,gf,2.455,mm,OK,--,7:30:49 PM,1/25/2026,
1271,48.6,gf,2.450,mm,OK,--,7:30:49 PM,1/25/2026,
1272,48.5,gf,2.440,mm,OK,--,7:30:49 PM,1/25/2026,
1273,48.5,gf,2.430,mm,OK,--,7:30:50 PM,1/25/2026,
1274,48.5,gf,2.420,mm,OK,--,7:30:50 PM,1/25/2026,
1275,48.5,gf,2.415,mm,OK,--,7:30:50 PM,1/25/2026,
1276,48.5,gf,2.415,mm,OK,--,7:30:50 PM,1/25/2026,
1277,48.5,gf,2.410,mm,OK,--,7:30:50 PM,1/25/2026,
1278,48.5,gf,2.410,mm,OK,--,7:30:50 PM,1/25/2026,
1279,48.5,gf,2.410,mm,OK,--,7:30:50 PM,1/25/2026,
1280,48.5,gf,2.405,mm,OK,--,7:30:50 PM,1/25/2026,
1281,48.5,gf,2.405,mm,OK,--,7:30:50 PM,1/25/2026,
1282,48.4,gf,2.400,mm,OK,--,7:30:50 PM,1/25/2026,
1283,48.2,gf,2.395,mm,OK,--,7:30:51 PM,1/25/2026,
1284,48.1,gf,2.385,mm,OK,--,7:30:51 PM,1/25/2026,
1285,48.1,gf,2.375,mm,OK,--,7:30:51 PM,1/25/2026,
1286,48.1,gf,2.365,mm,OK,--,7:30:51 PM,1/25/2026,
1287,48.1,gf,2.360,mm,OK,--,7:30:51 PM,1/25/2026,
1288,48.0,gf,2.350,mm,OK,--,7:30:51 PM,1/25/2026,
1289,48.0,gf,2.340,mm,OK,--,7:30:51 PM,1/25/2026,
1290,47.9,gf,2.330,mm,OK,--,7:30:51 PM,1/25/2026,
1291,47.8,gf,2.325,mm,OK,--,7:30:51 PM,1/25/2026,
1292,47.7,gf,2.315,mm,OK,--,7:30:52 PM,1/25/2026,
1293,47.6,gf,2.300,mm,OK,--,7:30:52 PM,1/25/2026,
1294,47.5,gf,2.290,mm,OK,--,7:30:52 PM,1/25/2026,
1295,47.5,gf,2.280,mm,OK,--,7:30:52 PM,1/25/2026,
1296,47.5,gf,2.270,mm,OK,--,7:30:52 PM,1/25/2026,
1297,47.4,gf,2.265,mm,OK,--,7:30:52 PM,1/25/2026,
1298,47.4,gf,2.255,mm,OK,--,7:30:52 PM,1/25/2026,
1299,47.3,gf,2.245,mm,OK,--,7:30:52 PM,1/25/2026,
1300,47.3,gf,2.240,mm,OK,--,7:30:52 PM,1/25/2026,
1301,47.2,gf,2.230,mm,OK,--,7:30:52 PM,1/25/2026,
1302,47.2,gf,2.225,mm,OK,--,7:30:52 PM,1/25/2026,
1303,47.2,gf,2.215,mm,OK,--,7:30:53 PM,1/25/2026,
1304,47.1,gf,2.210,mm,OK,--,7:30:53 PM,1/25/2026,
1305,47.0,gf,2.200,mm,OK,--,7:30:53 PM,1/25/2026,
1306,47.0,gf,2.190,mm,OK,--,7:30:53 PM,1/25/2026,
1307,46.9,gf,2.185,mm,OK,--,7:30:53 PM,1/25/2026,
1308,46.7,gf,2.175,mm,OK,--,7:30:53 PM,1/25/2026,
1309,46.5,gf,2.170,mm,OK,--,7:30:53 PM,1/25/2026,
1310,46.4,gf,2.165,mm,OK,--,7:30:53 PM,1/25/2026,
1311,46.0,gf,2.155,mm,OK,--,7:30:53 PM,1/25/2026,
1312,45.6,gf,2.150,mm,OK,--,7:30:53 PM,1/25/2026,
1313,45.3,gf,2.150,mm,OK,--,7:30:54 PM,1/25/2026,
1314,45.2,gf,2.145,mm,OK,--,7:30:54 PM,1/25/2026,
1315,44.9,gf,2.140,mm,OK,--,7:30:54 PM,1/25/2026,
1316,44.7,gf,2.140,mm,OK,--,7:30:54 PM,1/25/2026,
1317,44.6,gf,2.135,mm,OK,--,7:30:54 PM,1/25/2026,
1318,44.4,gf,2.135,mm,OK,--,7:30:54 PM,1/25/2026,
1319,44.2,gf,2.130,mm,OK,--,7:30:54 PM,1/25/2026,
1320,44.1,gf,2.125,mm,OK,--,7:30:54 PM,1/25/2026,
1321,44.0,gf,2.125,mm,OK,--,7:30:54 PM,1/25/2026,
1322,44.0,gf,2.120,mm,OK,--,7:30:54 PM,1/25/2026,
1323,44.0,gf,2.115,mm,OK,--,7:30:55 PM,1/25/2026,
1324,43.9,gf,2.115,mm,OK,--,7:30:55 PM,1/25/2026,
1325,43.9,gf,2.110,mm,OK,--,7:30:55 PM,1/25/2026,
1326,43.6,gf,2.105,mm,OK,--,7:30:55 PM,1/25/2026,
1327,43.5,gf,2.100,mm,OK,--,7:30:55 PM,1/25/2026,
1328,43.4,gf,2.090,mm,OK,--,7:30:55 PM,1/25/2026,
1329,43.2,gf,2.085,mm,OK,--,7:30:55 PM,1/25/2026,
1330,43.0,gf,2.080,mm,OK,--,7:30:55 PM,1/25/2026,
1331,42.8,gf,2.075,mm,OK,--,7:30:55 PM,1/25/2026,
1332,42.5,gf,2.070,mm,OK,--,7:30:55 PM,1/25/2026,
1333,42.2,gf,2.065,mm,OK,--,7:30:56 PM,1/25/2026,
1334,41.7,gf,2.060,mm,OK,--,7:30:56 PM,1/25/2026,
1335,41.3,gf,2.055,mm,OK,--,7:30:56 PM,1/25/2026,
1336,41.0,gf,2.050,mm,OK,--,7:30:56 PM,1/25/2026,
1337,40.6,gf,2.050,mm,OK,--,7:30:56 PM,1/25/2026,
1338,40.4,gf,2.045,mm,OK,--,7:30:56 PM,1/25/2026,
1339,40.1,gf,2.040,mm,OK,--,7:30:56 PM,1/25/2026,
1340,39.9,gf,2.040,mm,OK,--,7:30:56 PM,1/25/2026,
1341,39.8,gf,2.035,mm,OK,--,7:30:56 PM,1/25/2026,
1342,39.3,gf,2.030,mm,OK,--,7:30:56 PM,1/25/2026,
1343,38.9,gf,2.025,mm,OK,--,7:30:57 PM,1/25/2026,
1344,38.7,gf,2.015,mm,OK,--,7:30:57 PM,1/25/2026,
1345,38.7,gf,2.015,mm,OK,--,7:30:57 PM,1/25/2026,
1346,38.0,gf,2.010,mm,OK,--,7:30:57 PM,1/25/2026,
1347,37.4,gf,1.995,mm,OK,--,7:30:57 PM,1/25/2026,
1348,37.3,gf,1.990,mm,OK,--,7:30:57 PM,1/25/2026,
1349,37.3,gf,1.990,mm,OK,--,7:30:57 PM,1/25/2026,
1350,37.0,gf,1.985,mm,OK,--,7:30:57 PM,1/25/2026,
1351,36.9,gf,1.985,mm,OK,--,7:30:57 PM,1/25/2026,
1352,36.8,gf,1.980,mm,OK,--,7:30:57 PM,1/25/2026,
1353,36.4,gf,1.975,mm,OK,--,7:30:58 PM,1/25/2026,
1354,36.2,gf,1.975,mm,OK,--,7:30:58 PM,1/25/2026,
1355,36.0,gf,1.970,mm,OK,--,7:30:58 PM,1/25/2026,
1356,36.0,gf,1.965,mm,OK,--,7:30:58 PM,1/25/2026,
1357,35.8,gf,1.960,mm,OK,--,7:30:58 PM,1/25/2026,
1358,35.5,gf,1.950,mm,OK,--,7:30:58 PM,1/25/2026,
1359,35.4,gf,1.945,mm,OK,--,7:30:58 PM,1/25/2026,
1360,35.4,gf,1.940,mm,OK,--,7:30:58 PM,1/25/2026,
1361,35.1,gf,1.940,mm,OK,--,7:30:58 PM,1/25/2026,
1362,35.0,gf,1.935,mm,OK,--,7:30:58 PM,1/25/2026,
1363,34.4,gf,1.930,mm,OK,--,7:30:59 PM,1/25/2026,
1364,33.3,gf,1.910,mm,OK,--,7:30:59 PM,1/25/2026,
1365,32.8,gf,1.885,mm,OK,--,7:30:59 PM,1/25/2026,
1366,32.3,gf,1.870,mm,OK,--,7:30:59 PM,1/25/2026,
1367,31.7,gf,1.860,mm,OK,--,7:30:59 PM,1/25/2026,
1368,31.4,gf,1.850,mm,OK,--,7:30:59 PM,1/25/2026,
1369,31.0,gf,1.840,mm,OK,--,7:30:59 PM,1/25/2026,
1370,30.3,gf,1.830,mm,OK,--,7:30:59 PM,1/25/2026,
1371,30.1,gf,1.820,mm,OK,--,7:30:59 PM,1/25/2026,
1372,29.8,gf,1.815,mm,OK,--,7:30:59 PM,1/25/2026,
1373,29.8,gf,1.805,mm,OK,--,7:31:00 PM,1/25/2026,
1374,29.8,gf,1.800,mm,OK,--,7:31:00 PM,1/25/2026,
1375,29.8,gf,1.795,mm,OK,--,7:31:00 PM,1/25/2026,
1376,30.1,gf,1.790,mm,OK,--,7:31:00 PM,1/25/2026,
1377,30.1,gf,1.790,mm,OK,--,7:31:00 PM,1/25/2026,
1378,29.9,gf,1.790,mm,OK,--,7:31:00 PM,1/25/2026,
1379,29.4,gf,1.785,mm,OK,--,7:31:00 PM,1/25/2026,
1380,29.3,gf,1.775,mm,OK,--,7:31:00 PM,1/25/2026,
1381,29.3,gf,1.770,mm,OK,--,7:31:00 PM,1/25/2026,
1382,29.7,gf,1.770,mm,OK,--,7:31:00 PM,1/25/2026,
1383,29.8,gf,1.765,mm,OK,--,7:31:01 PM,1/25/2026,
1384,29.6,gf,1.765,mm,OK,--,7:31:01 PM,1/25/2026,
1385,29.7,gf,1.765,mm,OK,--,7:31:01 PM,1/25/2026,
1386,29.5,gf,1.760,mm,OK,--,7:31:01 PM,1/25/2026,
1387,29.4,gf,1.760,mm,OK,--,7:31:01 PM,1/25/2026,
1388,29.4,gf,1.760,mm,OK,--,7:31:01 PM,1/25/2026,
1389,29.1,gf,1.755,mm,OK,--,7:31:01 PM,1/25/2026,
1390,28.9,gf,1.750,mm,OK,--,7:31:01 PM,1/25/2026,
1391,28.8,gf,1.745,mm,OK,--,7:31:01 PM,1/25/2026,
1392,28.9,gf,1.740,mm,OK,--,7:31:01 PM,1/25/2026,
1393,28.7,gf,1.740,mm,OK,--,7:31:02 PM,1/25/2026,
1394,28.7,gf,1.735,mm,OK,--,7:31:02 PM,1/25/2026,
1395,28.9,gf,1.730,mm,OK,--,7:31:02 PM,1/25/2026,
1396,29.0,gf,1.730,mm,OK,--,7:31:02 PM,1/25/2026,
1397,29.0,gf,1.730,mm,OK,--,7:31:02 PM,1/25/2026,
1398,29.1,gf,1.725,mm,OK,--,7:31:02 PM,1/25/2026,
1399,29.2,gf,1.725,mm,OK,--,7:31:02 PM,1/25/2026,
1400,29.0,gf,1.725,mm,OK,--,7:31:02 PM,1/25/2026,
1401,28.7,gf,1.725,mm,OK,--,7:31:02 PM,1/25/2026,
1402,28.6,gf,1.720,mm,OK,--,7:31:02 PM,1/25/2026,
1403,28.6,gf,1.720,mm,OK,--,7:31:03 PM,1/25/2026,
1404,28.5,gf,1.715,mm,OK,--,7:31:03 PM,1/25/2026,
1405,28.6,gf,1.715,mm,OK,--,7:31:03 PM,1/25/2026,
1406,28.6,gf,1.710,mm,OK,--,7:31:03 PM,1/25/2026,
1407,28.7,gf,1.710,mm,OK,--,7:31:03 PM,1/25/2026,
1408,28.4,gf,1.710,mm,OK,--,7:31:03 PM,1/25/2026,
1409,28.2,gf,1.705,mm,OK,--,7:31:03 PM,1/25/2026,
1410,28.2,gf,1.700,mm,OK,--,7:31:03 PM,1/25/2026,
1411,28.1,gf,1.700,mm,OK,--,7:31:03 PM,1/25/2026,
1412,28.0,gf,1.695,mm,OK,--,7:31:03 PM,1/25/2026,
1413,28.0,gf,1.690,mm,OK,--,7:31:04 PM,1/25/2026,
1414,27.7,gf,1.685,mm,OK,--,7:31:04 PM,1/25/2026,
1415,27.9,gf,1.680,mm,OK,--,7:31:04 PM,1/25/2026,
1416,27.8,gf,1.675,mm,OK,--,7:31:04 PM,1/25/2026,
1417,27.6,gf,1.665,mm,OK,--,7:31:04 PM,1/25/2026,
1418,27.6,gf,1.660,mm,OK,--,7:31:04 PM,1/25/2026,
1419,27.7,gf,1.655,mm,OK,--,7:31:04 PM,1/25/2026,
1420,27.7,gf,1.655,mm,OK,--,7:31:04 PM,1/25/2026,
1421,27.6,gf,1.650,mm,OK,--,7:31:04 PM,1/25/2026,
1422,27.7,gf,1.645,mm,OK,--,7:31:04 PM,1/25/2026,
1423,27.7,gf,1.640,mm,OK,--,7:31:05 PM,1/25/2026,
1424,27.6,gf,1.640,mm,OK,--,7:31:05 PM,1/25/2026,
1425,27.4,gf,1.635,mm,OK,--,7:31:05 PM,1/25/2026,
1426,27.2,gf,1.630,mm,OK,--,7:31:05 PM,1/25/2026,
1427,27.3,gf,1.625,mm,OK,--,7:31:05 PM,1/25/2026,
1428,27.3,gf,1.620,mm,OK,--,7:31:05 PM,1/25/2026,
1429,27.2,gf,1.615,mm,OK,--,7:31:05 PM,1/25/2026,
1430,27.3,gf,1.615,mm,OK,--,7:31:05 PM,1/25/2026,
1431,27.3,gf,1.610,mm,OK,--,7:31:05 PM,1/25/2026,
1432,27.3,gf,1.610,mm,OK,--,7:31:05 PM,1/25/2026,
1433,27.0,gf,1.605,mm,OK,--,7:31:06 PM,1/25/2026,
1434,26.9,gf,1.600,mm,OK,--,7:31:06 PM,1/25/2026,
1435,27.0,gf,1.595,mm,OK,--,7:31:06 PM,1/25/2026,
1436,27.1,gf,1.595,mm,OK,--,7:31:06 PM,1/25/2026,
1437,27.3,gf,1.590,mm,OK,--,7:31:06 PM,1/25/2026,
1438,27.3,gf,1.590,mm,OK,--,7:31:06 PM,1/25/2026,
1439,27.3,gf,1.590,mm,OK,--,7:31:06 PM,1/25/2026,
1440,27.0,gf,1.585,mm,OK,--,7:31:06 PM,1/25/2026,
1441,26.6,gf,1.585,mm,OK,--,7:31:06 PM,1/25/2026,
1442,26.6,gf,1.580,mm,OK,--,7:31:06 PM,1/25/2026,
1443,26.5,gf,1.575,mm,OK,--,7:31:07 PM,1/25/2026,
1444,26.6,gf,1.570,mm,OK,--,7:31:07 PM,1/25/2026,
1445,26.8,gf,1.570,mm,OK,--,7:31:07 PM,1/25/2026,
1446,26.8,gf,1.565,mm,OK,--,7:31:07 PM,1/25/2026,
1447,26.7,gf,1.565,mm,OK,--,7:31:07 PM,1/25/2026,
1448,25.9,gf,1.560,mm,OK,--,7:31:07 PM,1/25/2026,
1449,25.9,gf,1.550,mm,OK,--,7:31:07 PM,1/25/2026,
1450,25.8,gf,1.545,mm,OK,--,7:31:07 PM,1/25/2026,
1451,26.1,gf,1.540,mm,OK,--,7:31:07 PM,1/25/2026,
1452,26.2,gf,1.535,mm,OK,--,7:31:07 PM,1/25/2026,
1453,26.3,gf,1.530,mm,OK,--,7:31:08 PM,1/25/2026,
1454,25.9,gf,1.530,mm,OK,--,7:31:08 PM,1/25/2026,
1455,25.7,gf,1.525,mm,OK,--,7:31:08 PM,1/25/2026,
1456,25.9,gf,1.520,mm,OK,--,7:31:08 PM,1/25/2026,
1457,25.8,gf,1.515,mm,OK,--,7:31:08 PM,1/25/2026,
1458,25.7,gf,1.510,mm,OK,--,7:31:08 PM,1/25/2026,
1459,25.9,gf,1.510,mm,OK,--,7:31:08 PM,1/25/2026,
1460,25.9,gf,1.505,mm,OK,--,7:31:08 PM,1/25/2026,
1461,25.5,gf,1.505,mm,OK,--,7:31:08 PM,1/25/2026,
1462,25.4,gf,1.500,mm,OK,--,7:31:08 PM,1/25/2026,
1463,25.4,gf,1.495,mm,OK,--,7:31:09 PM,1/25/2026,
1464,25.6,gf,1.490,mm,OK,--,7:31:09 PM,1/25/2026,
1465,25.6,gf,1.490,mm,OK,--,7:31:09 PM,1/25/2026,
1466,25.7,gf,1.485,mm,OK,--,7:31:09 PM,1/25/2026,
1467,25.7,gf,1.485,mm,OK,--,7:31:09 PM,1/25/2026,
1468,25.3,gf,1.480,mm,OK,--,7:31:09 PM,1/25/2026,
1469,25.3,gf,1.480,mm,OK,--,7:31:09 PM,1/25/2026,
1470,25.5,gf,1.475,mm,OK,--,7:31:09 PM,1/25/2026,
1471,25.0,gf,1.475,mm,OK,--,7:31:09 PM,1/25/2026,
1472,25.4,gf,1.470,mm,OK,--,7:31:09 PM,1/25/2026,
1473,25.4,gf,1.465,mm,OK,--,7:31:10 PM,1/25/2026,
1474,25.6,gf,1.465,mm,OK,--,7:31:10 PM,1/25/2026,
1475,25.3,gf,1.465,mm,OK,--,7:31:10 PM,1/25/2026,
1476,25.2,gf,1.460,mm,OK,--,7:31:10 PM,1/25/2026,
1477,25.2,gf,1.460,mm,OK,--,7:31:10 PM,1/25/2026,
1478,25.2,gf,1.455,mm,OK,--,7:31:10 PM,1/25/2026,
1479,24.7,gf,1.455,mm,OK,--,7:31:10 PM,1/25/2026,
1480,24.6,gf,1.445,mm,OK,--,7:31:10 PM,1/25/2026,
1481,24.8,gf,1.440,mm,OK,--,7:31:10 PM,1/25/2026,
1482,25.0,gf,1.440,mm,OK,--,7:31:10 PM,1/25/2026,
1483,24.9,gf,1.435,mm,OK,--,7:31:11 PM,1/25/2026,
1484,24.6,gf,1.435,mm,OK,--,7:31:11 PM,1/25/2026,
1485,24.8,gf,1.430,mm,OK,--,7:31:11 PM,1/25/2026,
1486,24.9,gf,1.430,mm,OK,--,7:31:11 PM,1/25/2026,
1487,24.9,gf,1.425,mm,OK,--,7:31:11 PM,1/25/2026,
1488,24.8,gf,1.425,mm,OK,--,7:31:11 PM,1/25/2026,
1489,24.8,gf,1.425,mm,OK,--,7:31:11 PM,1/25/2026,
1490,24.7,gf,1.420,mm,OK,--,7:31:11 PM,1/25/2026,
1491,24.6,gf,1.420,mm,OK,--,7:31:11 PM,1/25/2026,
1492,24.5,gf,1.415,mm,OK,--,7:31:11 PM,1/25/2026,
1493,24.4,gf,1.415,mm,OK,--,7:31:12 PM,1/25/2026,
1494,24.3,gf,1.410,mm,OK,--,7:31:12 PM,1/25/2026,
1495,24.5,gf,1.410,mm,OK,--,7:31:12 PM,1/25/2026,
1496,24.5,gf,1.405,mm,OK,--,7:31:12 PM,1/25/2026,
1497,23.9,gf,1.405,mm,OK,--,7:31:12 PM,1/25/2026,
1498,23.5,gf,1.395,mm,OK,--,7:31:12 PM,1/25/2026,
1499,24.0,gf,1.390,mm,OK,--,7:31:12 PM,1/25/2026,
1500,24.0,gf,1.385,mm,OK,--,7:31:12 PM,1/25/2026,
1501,23.8,gf,1.380,mm,OK,--,7:31:12 PM,1/25/2026,
1502,23.9,gf,1.375,mm,OK,--,7:31:12 PM,1/25/2026,
1503,24.2,gf,1.370,mm,OK,--,7:31:13 PM,1/25/2026,
1504,24.2,gf,1.365,mm,OK,--,7:31:13 PM,1/25/2026,
1505,24.2,gf,1.360,mm,OK,--,7:31:13 PM,1/25/2026,
1506,23.8,gf,1.355,mm,OK,--,7:31:13 PM,1/25/2026,
1507,23.8,gf,1.350,mm,OK,--,7:31:13 PM,1/25/2026,
1508,24.1,gf,1.345,mm,OK,--,7:31:13 PM,1/25/2026,
1509,23.6,gf,1.340,mm,OK,--,7:31:13 PM,1/25/2026,
1510,23.7,gf,1.335,mm,OK,--,7:31:13 PM,1/25/2026,
1511,24.1,gf,1.330,mm,OK,--,7:31:13 PM,1/25/2026,
1512,24.0,gf,1.330,mm,OK,--,7:31:13 PM,1/25/2026,
1513,24.0,gf,1.325,mm,OK,--,7:31:14 PM,1/25/2026,
1514,24.2,gf,1.320,mm,OK,--,7:31:14 PM,1/25/2026,
1515,23.9,gf,1.320,mm,OK,--,7:31:14 PM,1/25/2026,
1516,23.8,gf,1.310,mm,OK,--,7:31:14 PM,1/25/2026,
1517,23.8,gf,1.305,mm,OK,--,7:31:14 PM,1/25/2026,
1518,24.3,gf,1.300,mm,OK,--,7:31:14 PM,1/25/2026,
1519,24.2,gf,1.295,mm,OK,--,7:31:14 PM,1/25/2026,
1520,24.5,gf,1.285,mm,OK,--,7:31:14 PM,1/25/2026,
1521,24.6,gf,1.280,mm,OK,--,7:31:14 PM,1/25/2026,
1522,24.8,gf,1.275,mm,OK,--,7:31:14 PM,1/25/2026,
1523,24.6,gf,1.270,mm,OK,--,7:31:15 PM,1/25/2026,
1524,25.1,gf,1.265,mm,OK,--,7:31:15 PM,1/25/2026,
1525,25.6,gf,1.265,mm,OK,--,7:31:15 PM,1/25/2026,
1526,25.4,gf,1.265,mm,OK,--,7:31:15 PM,1/25/2026,
1527,25.4,gf,1.265,mm,OK,--,7:31:15 PM,1/25/2026,
1528,25.5,gf,1.260,mm,OK,--,7:31:15 PM,1/25/2026,
1529,25.6,gf,1.260,mm,OK,--,7:31:15 PM,1/25/2026,
1530,25.0,gf,1.255,mm,OK,--,7:31:15 PM,1/25/2026,
1531,25.2,gf,1.255,mm,OK,--,7:31:15 PM,1/25/2026,
1532,25.7,gf,1.250,mm,OK,--,7:31:15 PM,1/25/2026,
1533,25.8,gf,1.245,mm,OK,--,7:31:16 PM,1/25/2026,
1534,25.9,gf,1.245,mm,OK,--,7:31:16 PM,1/25/2026,
1535,26.1,gf,1.245,mm,OK,--,7:31:16 PM,1/25/2026,
1536,26.2,gf,1.240,mm,OK,--,7:31:16 PM,1/25/2026,
1537,26.1,gf,1.240,mm,OK,--,7:31:16 PM,1/25/2026,
1538,25.6,gf,1.240,mm,OK,--,7:31:16 PM,1/25/2026,
1539,26.1,gf,1.235,mm,OK,--,7:31:16 PM,1/25/2026,
1540,26.3,gf,1.235,mm,OK,--,7:31:16 PM,1/25/2026,
1541,26.4,gf,1.235,mm,OK,--,7:31:16 PM,1/25/2026,
1542,26.4,gf,1.230,mm,OK,--,7:31:16 PM,1/25/2026,
1543,26.5,gf,1.230,mm,OK,--,7:31:17 PM,1/25/2026,
1544,26.4,gf,1.230,mm,OK,--,7:31:17 PM,1/25/2026,
1545,26.5,gf,1.230,mm,OK,--,7:31:17 PM,1/25/2026,
1546,26.3,gf,1.230,mm,OK,--,7:31:17 PM,1/25/2026,
1547,26.2,gf,1.225,mm,OK,--,7:31:17 PM,1/25/2026,
1548,26.3,gf,1.225,mm,OK,--,7:31:17 PM,1/25/2026,
1549,26.2,gf,1.225,mm,OK,--,7:31:17 PM,1/25/2026,
1550,26.3,gf,1.225,mm,OK,--,7:31:17 PM,1/25/2026,
1551,26.3,gf,1.220,mm,OK,--,7:31:17 PM,1/25/2026,
1552,26.4,gf,1.220,mm,OK,--,7:31:17 PM,1/25/2026,
1553,26.5,gf,1.220,mm,OK,--,7:31:18 PM,1/25/2026,
1554,26.3,gf,1.220,mm,OK,--,7:31:18 PM,1/25/2026,
1555,26.3,gf,1.215,mm,OK,--,7:31:18 PM,1/25/2026,
1556,26.3,gf,1.215,mm,OK,--,7:31:18 PM,1/25/2026,
1557,26.4,gf,1.215,mm,OK,--,7:31:18 PM,1/25/2026,
1558,26.6,gf,1.215,mm,OK,--,7:31:18 PM,1/25/2026,
1559,26.6,gf,1.210,mm,OK,--,7:31:18 PM,1/25/2026,
1560,26.6,gf,1.210,mm,OK,--,7:31:18 PM,1/25/2026,
1561,26.6,gf,1.210,mm,OK,--,7:31:18 PM,1/25/2026,
1562,26.6,gf,1.210,mm,OK,--,7:31:18 PM,1/25/2026,
1563,26.5,gf,1.210,mm,OK,--,7:31:19 PM,1/25/2026,
1564,26.5,gf,1.210,mm,OK,--,7:31:19 PM,1/25/2026,
1565,26.6,gf,1.205,mm,OK,--,7:31:19 PM,1/25/2026,
1566,26.5,gf,1.205,mm,OK,--,7:31:19 PM,1/25/2026,
1567,26.5,gf,1.205,mm,OK,--,7:31:19 PM,1/25/2026,
1568,26.6,gf,1.205,mm,OK,--,7:31:19 PM,1/25/2026,
1569,26.7,gf,1.205,mm,OK,--,7:31:19 PM,1/25/2026,
1570,26.6,gf,1.205,mm,OK,--,7:31:19 PM,1/25/2026,
1571,26.3,gf,1.200,mm,OK,--,7:31:19 PM,1/25/2026,
1572,26.2,gf,1.200,mm,OK,--,7:31:19 PM,1/25/2026,
1573,26.4,gf,1.200,mm,OK,--,7:31:20 PM,1/25/2026,
1574,26.4,gf,1.195,mm,OK,--,7:31:20 PM,1/25/2026,
1575,26.4,gf,1.195,mm,OK,--,7:31:20 PM,1/25/2026,
1576,26.6,gf,1.190,mm,OK,--,7:31:20 PM,1/25/2026,
1577,26.7,gf,1.190,mm,OK,--,7:31:20 PM,1/25/2026,
1578,26.9,gf,1.190,mm,OK,--,7:31:20 PM,1/25/2026,
1579,26.8,gf,1.185,mm,OK,--,7:31:20 PM,1/25/2026,
1580,26.7,gf,1.185,mm,OK,--,7:31:20 PM,1/25/2026,
1581,26.4,gf,1.180,mm,OK,--,7:31:20 PM,1/25/2026,
1582,26.8,gf,1.180,mm,OK,--,7:31:20 PM,1/25/2026,
1583,27.1,gf,1.175,mm,OK,--,7:31:21 PM,1/25/2026,
1584,27.2,gf,1.175,mm,OK,--,7:31:21 PM,1/25/2026,
1585,27.3,gf,1.170,mm,OK,--,7:31:21 PM,1/25/2026,
1586,27.4,gf,1.170,mm,OK,--,7:31:21 PM,1/25/2026,
1587,27.6,gf,1.170,mm,OK,--,7:31:21 PM,1/25/2026,
1588,27.5,gf,1.170,mm,OK,--,7:31:21 PM,1/25/2026,
1589,27.3,gf,1.170,mm,OK,--,7:31:21 PM,1/25/2026,
1590,27.2,gf,1.165,mm,OK,--,7:31:21 PM,1/25/2026,
1591,27.3,gf,1.165,mm,OK,--,7:31:21 PM,1/25/2026,
1592,27.2,gf,1.160,mm,OK,--,7:31:21 PM,1/25/2026,
1593,27.4,gf,1.160,mm,OK,--,7:31:22 PM,1/25/2026,
1594,27.5,gf,1.155,mm,OK,--,7:31:22 PM,1/25/2026,
1595,27.6,gf,1.155,mm,OK,--,7:31:22 PM,1/25/2026,
1596,27.5,gf,1.155,mm,OK,--,7:31:22 PM,1/25/2026,
1597,27.2,gf,1.150,mm,OK,--,7:31:22 PM,1/25/2026,
1598,27.2,gf,1.145,mm,OK,--,7:31:22 PM,1/25/2026,
1599,27.5,gf,1.145,mm,OK,--,7:31:22 PM,1/25/2026,
1600,27.6,gf,1.140,mm,OK,--,7:31:22 PM,1/25/2026,
1601,27.6,gf,1.140,mm,OK,--,7:31:22 PM,1/25/2026,
1602,27.7,gf,1.135,mm,OK,--,7:31:22 PM,1/25/2026,
1603,27.7,gf,1.135,mm,OK,--,7:31:23 PM,1/25/2026,
1604,27.7,gf,1.130,mm,OK,--,7:31:23 PM,1/25/2026,
1605,27.4,gf,1.130,mm,OK,--,7:31:23 PM,1/25/2026,
1606,27.7,gf,1.125,mm,OK,--,7:31:23 PM,1/25/2026,
1607,27.9,gf,1.125,mm,OK,--,7:31:23 PM,1/25/2026,
1608,27.9,gf,1.125,mm,OK,--,7:31:23 PM,1/25/2026,
1609,27.6,gf,1.120,mm,OK,--,7:31:23 PM,1/25/2026,
1610,27.4,gf,1.115,mm,OK,--,7:31:23 PM,1/25/2026,
1611,27.5,gf,1.110,mm,OK,--,7:31:23 PM,1/25/2026,
1612,27.5,gf,1.105,mm,OK,--,7:31:23 PM,1/25/2026,
1613,27.8,gf,1.100,mm,OK,--,7:31:24 PM,1/25/2026,
1614,27.8,gf,1.095,mm,OK,--,7:31:24 PM,1/25/2026,
1615,27.9,gf,1.090,mm,OK,--,7:31:24 PM,1/25/2026,
1616,28.2,gf,1.085,mm,OK,--,7:31:24 PM,1/25/2026,
1617,28.1,gf,1.080,mm,OK,--,7:31:24 PM,1/25/2026,
1618,28.1,gf,1.075,mm,OK,--,7:31:24 PM,1/25/2026,
1619,28.2,gf,1.070,mm,OK,--,7:31:24 PM,1/25/2026,
1620,28.2,gf,1.060,mm,OK,--,7:31:24 PM,1/25/2026,
1621,28.5,gf,1.055,mm,OK,--,7:31:24 PM,1/25/2026,
1622,28.7,gf,1.050,mm,OK,--,7:31:24 PM,1/25/2026,
1623,28.8,gf,1.045,mm,OK,--,7:31:25 PM,1/25/2026,
1624,29.1,gf,1.040,mm,OK,--,7:31:25 PM,1/25/2026,
1625,29.3,gf,1.040,mm,OK,--,7:31:25 PM,1/25/2026,
1626,29.1,gf,1.035,mm,OK,--,7:31:25 PM,1/25/2026,
1627,29.4,gf,1.030,mm,OK,--,7:31:25 PM,1/25/2026,
1628,29.4,gf,1.025,mm,OK,--,7:31:25 PM,1/25/2026,
1629,29.8,gf,1.025,mm,OK,--,7:31:25 PM,1/25/2026,
1630,30.1,gf,1.025,mm,OK,--,7:31:25 PM,1/25/2026,
1631,29.8,gf,1.020,mm,OK,--,7:31:25 PM,1/25/2026,
1632,29.3,gf,1.015,mm,OK,--,7:31:25 PM,1/25/2026,
1633,29.5,gf,1.010,mm,OK,--,7:31:26 PM,1/25/2026,
1634,29.3,gf,1.005,mm,OK,--,7:31:26 PM,1/25/2026,
1635,29.5,gf,0.995,mm,OK,--,7:31:26 PM,1/25/2026,
1636,30.2,gf,0.990,mm,OK,--,7:31:26 PM,1/25/2026,
1637,30.7,gf,0.985,mm,OK,--,7:31:26 PM,1/25/2026,
1638,30.5,gf,0.980,mm,OK,--,7:31:26 PM,1/25/2026,
1639,30.5,gf,0.980,mm,OK,--,7:31:26 PM,1/25/2026,
1640,30.3,gf,0.975,mm,OK,--,7:31:26 PM,1/25/2026,
1641,30.3,gf,0.965,mm,OK,--,7:31:26 PM,1/25/2026,
1642,30.4,gf,0.960,mm,OK,--,7:31:26 PM,1/25/2026,
1643,30.5,gf,0.955,mm,OK,--,7:31:27 PM,1/25/2026,
1644,30.6,gf,0.950,mm,OK,--,7:31:27 PM,1/25/2026,
1645,30.8,gf,0.945,mm,OK,--,7:31:27 PM,1/25/2026,
1646,30.7,gf,0.940,mm,OK,--,7:31:27 PM,1/25/2026,
1647,30.7,gf,0.930,mm,OK,--,7:31:27 PM,1/25/2026,
1648,30.6,gf,0.920,mm,OK,--,7:31:27 PM,1/25/2026,
1649,30.8,gf,0.910,mm,OK,--,7:31:27 PM,1/25/2026,
1650,31.9,gf,0.900,mm,OK,--,7:31:27 PM,1/25/2026,
1651,32.3,gf,0.900,mm,OK,--,7:31:27 PM,1/25/2026,
1652,32.1,gf,0.895,mm,OK,--,7:31:27 PM,1/25/2026,
1653,32.0,gf,0.895,mm,OK,--,7:31:28 PM,1/25/2026,
1654,32.2,gf,0.890,mm,OK,--,7:31:28 PM,1/25/2026,
1655,32.3,gf,0.890,mm,OK,--,7:31:28 PM,1/25/2026,
1656,32.3,gf,0.885,mm,OK,--,7:31:28 PM,1/25/2026,
1657,32.5,gf,0.885,mm,OK,--,7:31:28 PM,1/25/2026,
1658,32.2,gf,0.880,mm,OK,--,7:31:28 PM,1/25/2026,
1659,31.9,gf,0.875,mm,OK,--,7:31:28 PM,1/25/2026,
1660,32.3,gf,0.875,mm,OK,--,7:31:28 PM,1/25/2026,
1661,32.6,gf,0.870,mm,OK,--,7:31:28 PM,1/25/2026,
1662,32.3,gf,0.870,mm,OK,--,7:31:28 PM,1/25/2026,
1663,32.0,gf,0.865,mm,OK,--,7:31:29 PM,1/25/2026,
1664,32.1,gf,0.855,mm,OK,--,7:31:29 PM,1/25/2026,
1665,32.5,gf,0.850,mm,OK,--,7:31:29 PM,1/25/2026,
1666,32.6,gf,0.845,mm,OK,--,7:31:29 PM,1/25/2026,
1667,32.9,gf,0.845,mm,OK,--,7:31:29 PM,1/25/2026,
1668,33.1,gf,0.840,mm,OK,--,7:31:29 PM,1/25/2026,
1669,33.0,gf,0.840,mm,OK,--,7:31:29 PM,1/25/2026,
1670,32.9,gf,0.835,mm,OK,--,7:31:29 PM,1/25/2026,
1671,32.9,gf,0.830,mm,OK,--,7:31:29 PM,1/25/2026,
1672,33.1,gf,0.830,mm,OK,--,7:31:29 PM,1/25/2026,
1673,33.1,gf,0.825,mm,OK,--,7:31:30 PM,1/25/2026,
1674,33.2,gf,0.825,mm,OK,--,7:31:30 PM,1/25/2026,
1675,33.3,gf,0.820,mm,OK,--,7:31:30 PM,1/25/2026,
1676,33.2,gf,0.820,mm,OK,--,7:31:30 PM,1/25/2026,
1677,33.0,gf,0.815,mm,OK,--,7:31:30 PM,1/25/2026,
1678,33.1,gf,0.810,mm,OK,--,7:31:30 PM,1/25/2026,
1679,33.3,gf,0.805,mm,OK,--,7:31:30 PM,1/25/2026,
1680,33.2,gf,0.805,mm,OK,--,7:31:30 PM,1/25/2026,
1681,33.3,gf,0.800,mm,OK,--,7:31:30 PM,1/25/2026,
1682,33.5,gf,0.795,mm,OK,--,7:31:30 PM,1/25/2026,
1683,33.5,gf,0.795,mm,OK,--,7:31:31 PM,1/25/2026,
1684,33.6,gf,0.790,mm,OK,--,7:31:31 PM,1/25/2026,
1685,33.8,gf,0.790,mm,OK,--,7:31:31 PM,1/25/2026,
1686,33.6,gf,0.785,mm,OK,--,7:31:31 PM,1/25/2026,
1687,33.5,gf,0.785,mm,OK,--,7:31:31 PM,1/25/2026,
1688,33.4,gf,0.780,mm,OK,--,7:31:31 PM,1/25/2026,
1689,33.3,gf,0.775,mm,OK,--,7:31:31 PM,1/25/2026,
1690,33.4,gf,0.775,mm,OK,--,7:31:31 PM,1/25/2026,
1691,33.6,gf,0.770,mm,OK,--,7:31:31 PM,1/25/2026,
1692,33.3,gf,0.770,mm,OK,--,7:31:31 PM,1/25/2026,
1693,33.4,gf,0.765,mm,OK,--,7:31:32 PM,1/25/2026,
1694,33.5,gf,0.760,mm,OK,--,7:31:32 PM,1/25/2026,
1695,33.8,gf,0.760,mm,OK,--,7:31:32 PM,1/25/2026,
1696,34.2,gf,0.755,mm,OK,--,7:31:32 PM,1/25/2026,
1697,34.0,gf,0.755,mm,OK,--,7:31:32 PM,1/25/2026,
1698,33.9,gf,0.755,mm,OK,--,7:31:32 PM,1/25/2026,
1699,33.6,gf,0.750,mm,OK,--,7:31:32 PM,1/25/2026,
1700,33.7,gf,0.745,mm,OK,--,7:31:32 PM,1/25/2026,
1701,33.9,gf,0.745,mm,OK,--,7:31:32 PM,1/25/2026,
1702,33.9,gf,0.745,mm,OK,--,7:31:32 PM,1/25/2026,
1703,33.7,gf,0.740,mm,OK,--,7:31:33 PM,1/25/2026,
1704,33.7,gf,0.740,mm,OK,--,7:31:33 PM,1/25/2026,
1705,33.7,gf,0.735,mm,OK,--,7:31:33 PM,1/25/2026,
1706,33.8,gf,0.730,mm,OK,--,7:31:33 PM,1/25/2026,
1707,33.4,gf,0.725,mm,OK,--,7:31:33 PM,1/25/2026,
1708,33.5,gf,0.720,mm,OK,--,7:31:33 PM,1/25/2026,
1709,33.7,gf,0.720,mm,OK,--,7:31:33 PM,1/25/2026,
1710,33.9,gf,0.715,mm,OK,--,7:31:33 PM,1/25/2026,
1711,34.0,gf,0.710,mm,OK,--,7:31:33 PM,1/25/2026,
1712,34.0,gf,0.710,mm,OK,--,7:31:33 PM,1/25/2026,
1713,34.1,gf,0.705,mm,OK,--,7:31:34 PM,1/25/2026,
1714,34.2,gf,0.705,mm,OK,--,7:31:34 PM,1/25/2026,
1715,34.1,gf,0.705,mm,OK,--,7:31:34 PM,1/25/2026,
1716,33.9,gf,0.700,mm,OK,--,7:31:34 PM,1/25/2026,
1717,33.9,gf,0.695,mm,OK,--,7:31:34 PM,1/25/2026,
1718,33.7,gf,0.690,mm,OK,--,7:31:34 PM,1/25/2026,
1719,34.0,gf,0.685,mm,OK,--,7:31:34 PM,1/25/2026,
1720,34.3,gf,0.680,mm,OK,--,7:31:34 PM,1/25/2026,
1721,34.5,gf,0.680,mm,OK,--,7:31:34 PM,1/25/2026,
1722,34.6,gf,0.675,mm,OK,--,7:31:34 PM,1/25/2026,
1723,34.5,gf,0.675,mm,OK,--,7:31:35 PM,1/25/2026,
1724,34.4,gf,0.670,mm,OK,--,7:31:35 PM,1/25/2026,
1725,34.7,gf,0.665,mm,OK,--,7:31:35 PM,1/25/2026,
1726,34.6,gf,0.665,mm,OK,--,7:31:35 PM,1/25/2026,
1727,34.5,gf,0.660,mm,OK,--,7:31:35 PM,1/25/2026,
1728,34.2,gf,0.655,mm,OK,--,7:31:35 PM,1/25/2026,
1729,34.3,gf,0.645,mm,OK,--,7:31:35 PM,1/25/2026,
1730,34.7,gf,0.640,mm,OK,--,7:31:35 PM,1/25/2026,
1731,34.9,gf,0.635,mm,OK,--,7:31:35 PM,1/25/2026,
1732,34.9,gf,0.630,mm,OK,--,7:31:35 PM,1/25/2026,
1733,35.2,gf,0.625,mm,OK,--,7:31:36 PM,1/25/2026,
1734,35.2,gf,0.620,mm,OK,--,7:31:36 PM,1/25/2026,
1735,35.1,gf,0.620,mm,OK,--,7:31:36 PM,1/25/2026,
1736,35.0,gf,0.615,mm,OK,--,7:31:36 PM,1/25/2026,
1737,35.3,gf,0.610,mm,OK,--,7:31:36 PM,1/25/2026,
1738,35.2,gf,0.605,mm,OK,--,7:31:36 PM,1/25/2026,
1739,35.0,gf,0.600,mm,OK,--,7:31:36 PM,1/25/2026,
1740,35.2,gf,0.595,mm,OK,--,7:31:36 PM,1/25/2026,
1741,35.5,gf,0.590,mm,OK,--,7:31:36 PM,1/25/2026,
1742,35.6,gf,0.590,mm,OK,--,7:31:36 PM,1/25/2026,
1743,34.5,gf,0.570,mm,OK,--,7:31:37 PM,1/25/2026,
1744,35.8,gf,0.560,mm,OK,--,7:31:37 PM,1/25/2026,
1745,36.3,gf,0.555,mm,OK,--,7:31:37 PM,1/25/2026,
1746,36.1,gf,0.550,mm,OK,--,7:31:37 PM,1/25/2026,
1747,36.3,gf,0.540,mm,OK,--,7:31:37 PM,1/25/2026,
1748,36.4,gf,0.535,mm,OK,--,7:31:37 PM,1/25/2026,
1749,36.4,gf,0.530,mm,OK,--,7:31:37 PM,1/25/2026,
1750,36.2,gf,0.525,mm,OK,--,7:31:37 PM,1/25/2026,
1751,37.0,gf,0.515,mm,OK,--,7:31:37 PM,1/25/2026,
1752,37.3,gf,0.510,mm,OK,--,7:31:37 PM,1/25/2026,
1753,37.5,gf,0.505,mm,OK,--,7:31:38 PM,1/25/2026,
1754,37.2,gf,0.500,mm,OK,--,7:31:38 PM,1/25/2026,
1755,37.5,gf,0.495,mm,OK,--,7:31:38 PM,1/25/2026,
1756,37.8,gf,0.495,mm,OK,--,7:31:38 PM,1/25/2026,
1757,37.4,gf,0.485,mm,OK,--,7:31:38 PM,1/25/2026,
1758,37.6,gf,0.480,mm,OK,--,7:31:38 PM,1/25/2026,
1759,37.8,gf,0.470,mm,OK,--,7:31:38 PM,1/25/2026,
1760,38.0,gf,0.465,mm,OK,--,7:31:38 PM,1/25/2026,
1761,38.2,gf,0.455,mm,OK,--,7:31:38 PM,1/25/2026,
1762,37.8,gf,0.445,mm,OK,--,7:31:38 PM,1/25/2026,
1763,38.1,gf,0.430,mm,OK,--,7:31:39 PM,1/25/2026,
1764,38.6,gf,0.420,mm,OK,--,7:31:39 PM,1/25/2026,
1765,38.7,gf,0.410,mm,OK,--,7:31:39 PM,1/25/2026,
1766,38.9,gf,0.405,mm,OK,--,7:31:39 PM,1/25/2026,
1767,39.0,gf,0.395,mm,OK,--,7:31:39 PM,1/25/2026,
1768,39.3,gf,0.390,mm,OK,--,7:31:39 PM,1/25/2026,
1769,39.3,gf,0.385,mm,OK,--,7:31:39 PM,1/25/2026,
1770,39.2,gf,0.385,mm,OK,--,7:31:39 PM,1/25/2026,
1771,39.5,gf,0.380,mm,OK,--,7:31:39 PM,1/25/2026,
1772,39.3,gf,0.375,mm,OK,--,7:31:39 PM,1/25/2026,
1773,39.1,gf,0.370,mm,OK,--,7:31:40 PM,1/25/2026,
1774,39.3,gf,0.360,mm,OK,--,7:31:40 PM,1/25/2026,
1775,39.5,gf,0.360,mm,OK,--,7:31:40 PM,1/25/2026,
1776,39.6,gf,0.355,mm,OK,--,7:31:40 PM,1/25/2026,
1777,39.4,gf,0.350,mm,OK,--,7:31:40 PM,1/25/2026,
1778,38.9,gf,0.345,mm,OK,--,7:31:40 PM,1/25/2026,
1779,39.2,gf,0.335,mm,OK,--,7:31:40 PM,1/25/2026,
1780,39.2,gf,0.330,mm,OK,--,7:31:40 PM,1/25/2026,
1781,39.5,gf,0.330,mm,OK,--,7:31:40 PM,1/25/2026,
1782,39.2,gf,0.325,mm,OK,--,7:31:40 PM,1/25/2026,
1783,39.1,gf,0.315,mm,OK,--,7:31:41 PM,1/25/2026,
1784,39.2,gf,0.310,mm,OK,--,7:31:41 PM,1/25/2026,
1785,39.2,gf,0.310,mm,OK,--,7:31:41 PM,1/25/2026,
1786,39.5,gf,0.305,mm,OK,--,7:31:41 PM,1/25/2026,
1787,39.0,gf,0.300,mm,OK,--,7:31:41 PM,1/25/2026,
1788,39.0,gf,0.295,mm,OK,--,7:31:41 PM,1/25/2026,
1789,39.2,gf,0.290,mm,OK,--,7:31:41 PM,1/25/2026,
1790,39.6,gf,0.290,mm,OK,--,7:31:41 PM,1/25/2026,
1791,39.5,gf,0.285,mm,OK,--,7:31:41 PM,1/25/2026,
1792,39.6,gf,0.285,mm,OK,--,7:31:41 PM,1/25/2026,
1793,39.6,gf,0.285,mm,OK,--,7:31:42 PM,1/25/2026,
1794,39.2,gf,0.280,mm,OK,--,7:31:42 PM,1/25/2026,
1795,39.2,gf,0.275,mm,OK,--,7:31:42 PM,1/25/2026,
1796,39.3,gf,0.270,mm,OK,--,7:31:42 PM,1/25/2026,
1797,39.4,gf,0.270,mm,OK,--,7:31:42 PM,1/25/2026,
1798,39.5,gf,0.270,mm,OK,--,7:31:42 PM,1/25/2026,
1799,39.5,gf,0.265,mm,OK,--,7:31:42 PM,1/25/2026,
1800,39.2,gf,0.265,mm,OK,--,7:31:42 PM,1/25/2026,
1801,39.0,gf,0.260,mm,OK,--,7:31:42 PM,1/25/2026,
1802,39.1,gf,0.255,mm,OK,--,7:31:42 PM,1/25/2026,
1803,38.6,gf,0.245,mm,OK,--,7:31:43 PM,1/25/2026,
1804,38.5,gf,0.240,mm,OK,--,7:31:43 PM,1/25/2026,
1805,38.5,gf,0.230,mm,OK,--,7:31:43 PM,1/25/2026,
1806,38.3,gf,0.215,mm,OK,--,7:31:43 PM,1/25/2026,
1807,38.8,gf,0.210,mm,OK,--,7:31:43 PM,1/25/2026,
1808,39.0,gf,0.205,mm,OK,--,7:31:43 PM,1/25/2026,
1809,39.4,gf,0.200,mm,OK,--,7:31:43 PM,1/25/2026,
1810,39.3,gf,0.200,mm,OK,--,7:31:43 PM,1/25/2026,
1811,39.1,gf,0.200,mm,OK,--,7:31:43 PM,1/25/2026,
1812,39.2,gf,0.195,mm,OK,--,7:31:43 PM,1/25/2026,
1813,39.5,gf,0.195,mm,OK,--,7:31:44 PM,1/25/2026,
1814,39.7,gf,0.195,mm,OK,--,7:31:44 PM,1/25/2026,
1815,39.7,gf,0.190,mm,OK,--,7:31:44 PM,1/25/2026,
1816,39.6,gf,0.190,mm,OK,--,7:31:44 PM,1/25/2026,
1817,39.8,gf,0.190,mm,OK,--,7:31:44 PM,1/25/2026,
1818,39.5,gf,0.190,mm,OK,--,7:31:44 PM,1/25/2026,
1819,39.0,gf,0.190,mm,OK,--,7:31:44 PM,1/25/2026,
1820,38.8,gf,0.185,mm,OK,--,7:31:44 PM,1/25/2026,
1821,38.9,gf,0.180,mm,OK,--,7:31:44 PM,1/25/2026,
1822,38.8,gf,0.175,mm,OK,--,7:31:44 PM,1/25/2026,
1823,38.5,gf,0.170,mm,OK,--,7:31:45 PM,1/25/2026,
1824,38.6,gf,0.165,mm,OK,--,7:31:45 PM,1/25/2026,
1825,39.0,gf,0.160,mm,OK,--,7:31:45 PM,1/25/2026,
1826,39.0,gf,0.160,mm,OK,--,7:31:45 PM,1/25/2026,
1827,38.9,gf,0.155,mm,OK,--,7:31:45 PM,1/25/2026,
1828,39.3,gf,0.155,mm,OK,--,7:31:45 PM,1/25/2026,
1829,39.1,gf,0.155,mm,OK,--,7:31:45 PM,1/25/2026,
1830,38.8,gf,0.150,mm,OK,--,7:31:45 PM,1/25/2026,
1831,38.6,gf,0.150,mm,OK,--,7:31:45 PM,1/25/2026,
1832,38.8,gf,0.145,mm,OK,--,7:31:45 PM,1/25/2026,
1833,38.9,gf,0.145,mm,OK,--,7:31:46 PM,1/25/2026,
1834,38.8,gf,0.145,mm,OK,--,7:31:46 PM,1/25/2026,
1835,38.8,gf,0.140,mm,OK,--,7:31:46 PM,1/25/2026,
1836,38.9,gf,0.140,mm,OK,--,7:31:46 PM,1/25/2026,
1837,38.8,gf,0.135,mm,OK,--,7:31:46 PM,1/25/2026,
1838,38.3,gf,0.135,mm,OK,--,7:31:46 PM,1/25/2026,
1839,38.1,gf,0.125,mm,OK,--,7:31:46 PM,1/25/2026,
1840,38.4,gf,0.115,mm,OK,--,7:31:46 PM,1/25/2026,
1841,38.7,gf,0.110,mm,OK,--,7:31:46 PM,1/25/2026,
1842,39.1,gf,0.110,mm,OK,--,7:31:46 PM,1/25/2026,
1843,39.4,gf,0.105,mm,OK,--,7:31:47 PM,1/25/2026,
1844,38.7,gf,0.105,mm,OK,--,7:31:47 PM,1/25/2026,
1845,38.7,gf,0.095,mm,OK,--,7:31:47 PM,1/25/2026,
1846,39.0,gf,0.095,mm,OK,--,7:31:47 PM,1/25/2026,
1847,38.5,gf,0.090,mm,OK,--,7:31:47 PM,1/25/2026,
1848,36.0,gf,0.070,mm,OK,--,7:31:47 PM,1/25/2026,
1849,23.1,gf,0.055,mm,OK,--,7:31:47 PM,1/25/2026,
1850,18.3,gf,0.050,mm,OK,--,7:31:47 PM,1/25/2026,
1851,13.7,gf,0.045,mm,OK,--,7:31:47 PM,1/25/2026,
1852,9.9,gf,0.040,mm,OK,--,7:31:47 PM,1/25/2026,
1853,5.8,gf,0.035,mm,OK,--,7:31:48 PM,1/25/2026,
1854,2.7,gf,0.030,mm,OK,--,7:31:48 PM,1/25/2026,
1855,-0.1,gf,0.025,mm,OK,--,7:31:48 PM,1/25/2026,
1856,0.0,gf,0.005,mm,OK,--,7:31:48 PM,1/25/2026,
1857,0.1,gf,-0.020,mm,OK,--,7:31:48 PM,1/25/2026,
1858,0.0,gf,-0.030,mm,OK,--,7:31:48 PM,1/25/2026,
1859,-0.1,gf,-0.045,mm,OK,--,7:31:48 PM,1/25/2026,
1860,0.0,gf,-0.055,mm,OK,--,7:31:48 PM,1/25/2026,
1861,0.0,gf,-0.060,mm,OK,--,7:31:48 PM,1/25/2026,
1862,0.0,gf,-0.065,mm,OK,--,7:31:48 PM,1/25/2026,
1863,0.0,gf,-0.065,mm,OK,--,7:31:49 PM,1/25/2026,
1864,0.2,gf,-0.065,mm,OK,--,7:31:49 PM,1/25/2026,
1865,0.1,gf,-0.065,mm,OK,--,7:31:49 PM,1/25/2026,
1866,0.0,gf,-0.065,mm,OK,--,7:31:49 PM,1/25/2026,
1867,0.0,gf,-0.065,mm,OK,--,7:31:49 PM,1/25/2026,
1868,-0.1,gf,-0.065,mm,OK,--,7:31:49 PM,1/25/2026,
1869,-0.6,gf,-0.065,mm,OK,--,7:31:49 PM,1/25/2026,
1870,-0.1,gf,-0.060,mm,OK,--,7:31:49 PM,1/25/2026,
1871,0.0,gf,-0.055,mm,OK,--,7:31:49 PM,1/25/2026,
1872,0.1,gf,-0.055,mm,OK,--,7:31:49 PM,1/25/2026,
1873,0.0,gf,-0.050,mm,OK,--,7:31:50 PM,1/25/2026,
1874,-0.1,gf,-0.045,mm,OK,--,7:31:50 PM,1/25/2026,
1875,0.0,gf,-0.045,mm,OK,--,7:31:50 PM,1/25/2026,
1876,0.0,gf,-0.040,mm,OK,--,7:31:50 PM,1/25/2026,
1877,0.0,gf,-0.040,mm,OK,--,7:31:50 PM,1/25/2026,
1878,0.1,gf,-0.035,mm,OK,--,7:31:50 PM,1/25/2026,
1879,0.0,gf,-0.035,mm,OK,--,7:31:50 PM,1/25/2026,
1880,0.1,gf,-0.030,mm,OK,--,7:31:50 PM,1/25/2026,
1881,0.0,gf,-0.030,mm,OK,--,7:31:50 PM,1/25/2026,
1882,0.0,gf,-0.025,mm,OK,--,7:31:50 PM,1/25/2026,
1883,0.0,gf,-0.025,mm,OK,--,7:31:51 PM,1/25/2026,
