Maximum,193.1,@,No.937,,,,,,
Minimum,-0.2,@,No.1722,,,,,,
Average,62.08,,,,,,,,
Data Quantity,1746,,,,,,,,
Number of NG,0,,,,,,,,
No.,Force,Unit,Displacement,Unit,Judge,Position,Time,Date,
1,0.0,gf,0.000,mm,OK,--,1:31:41 PM,12/29/2025,
2,0.0,gf,0.000,mm,OK,--,1:31:41 PM,12/29/2025,
3,0.0,gf,0.000,mm,OK,--,1:31:41 PM,12/29/2025,
4,0.0,gf,0.000,mm,OK,--,1:31:42 PM,12/29/2025,
5,0.0,gf,0.000,mm,OK,--,1:31:42 PM,12/29/2025,
6,0.0,gf,0.000,mm,OK,--,1:31:42 PM,12/29/2025,
7,0.0,gf,0.000,mm,OK,--,1:31:42 PM,12/29/2025,
8,0.0,gf,0.000,mm,OK,--,1:31:42 PM,12/29/2025,
9,0.0,gf,0.000,mm,OK,--,1:31:42 PM,12/29/2025,
10,0.0,gf,0.000,mm,OK,--,1:31:42 PM,12/29/2025,
11,0.0,gf,0.000,mm,OK,--,1:31:42 PM,12/29/2025,
12,0.0,gf,0.000,mm,OK,--,1:31:42 PM,12/29/2025,
13,-0.1,gf,0.000,mm,OK,--,1:31:42 PM,12/29/2025,
14,0.0,gf,0.000,mm,OK,--,1:31:43 PM,12/29/2025,
15,0.0,gf,0.000,mm,OK,--,1:31:43 PM,12/29/2025,
16,0.0,gf,0.000,mm,OK,--,1:31:43 PM,12/29/2025,
17,0.0,gf,0.000,mm,OK,--,1:31:43 PM,12/29/2025,
18,0.0,gf,0.000,mm,OK,--,1:31:43 PM,12/29/2025,
19,0.0,gf,0.000,mm,OK,--,1:31:43 PM,12/29/2025,
20,0.0,gf,0.000,mm,OK,--,1:31:43 PM,12/29/2025,
21,0.0,gf,0.000,mm,OK,--,1:31:43 PM,12/29/2025,
22,0.0,gf,0.000,mm,OK,--,1:31:43 PM,12/29/2025,
23,0.0,gf,0.000,mm,OK,--,1:31:43 PM,12/29/2025,
24,0.0,gf,0.000,mm,OK,--,1:31:44 PM,12/29/2025,
25,0.0,gf,0.000,mm,OK,--,1:31:44 PM,12/29/2025,
26,-0.1,gf,0.000,mm,OK,--,1:31:44 PM,12/29/2025,
27,0.0,gf,0.000,mm,OK,--,1:31:44 PM,12/29/2025,
28,0.0,gf,0.000,mm,OK,--,1:31:44 PM,12/29/2025,
29,0.0,gf,0.000,mm,OK,--,1:31:44 PM,12/29/2025,
30,0.0,gf,0.000,mm,OK,--,1:31:44 PM,12/29/2025,
31,0.0,gf,0.000,mm,OK,--,1:31:44 PM,12/29/2025,
32,0.0,gf,0.000,mm,OK,--,1:31:44 PM,12/29/2025,
33,0.0,gf,0.005,mm,OK,--,1:31:44 PM,12/29/2025,
34,0.0,gf,0.005,mm,OK,--,1:31:45 PM,12/29/2025,
35,0.1,gf,0.005,mm,OK,--,1:31:45 PM,12/29/2025,
36,-0.1,gf,0.010,mm,OK,--,1:31:45 PM,12/29/2025,
37,0.0,gf,0.015,mm,OK,--,1:31:45 PM,12/29/2025,
38,0.0,gf,0.025,mm,OK,--,1:31:45 PM,12/29/2025,
39,0.0,gf,0.030,mm,OK,--,1:31:45 PM,12/29/2025,
40,0.0,gf,0.040,mm,OK,--,1:31:45 PM,12/29/2025,
41,0.0,gf,0.050,mm,OK,--,1:31:45 PM,12/29/2025,
42,0.0,gf,0.055,mm,OK,--,1:31:45 PM,12/29/2025,
43,0.0,gf,0.060,mm,OK,--,1:31:45 PM,12/29/2025,
44,0.0,gf,0.065,mm,OK,--,1:31:46 PM,12/29/2025,
45,0.0,gf,0.070,mm,OK,--,1:31:46 PM,12/29/2025,
46,0.0,gf,0.075,mm,OK,--,1:31:46 PM,12/29/2025,
47,0.0,gf,0.080,mm,OK,--,1:31:46 PM,12/29/2025,
48,0.0,gf,0.085,mm,OK,--,1:31:46 PM,12/29/2025,
49,0.0,gf,0.090,mm,OK,--,1:31:46 PM,12/29/2025,
50,0.0,gf,0.095,mm,OK,--,1:31:46 PM,12/29/2025,
51,0.0,gf,0.100,mm,OK,--,1:31:46 PM,12/29/2025,
52,0.0,gf,0.105,mm,OK,--,1:31:46 PM,12/29/2025,
53,0.0,gf,0.110,mm,OK,--,1:31:46 PM,12/29/2025,
54,0.0,gf,0.115,mm,OK,--,1:31:47 PM,12/29/2025,
55,0.0,gf,0.120,mm,OK,--,1:31:47 PM,12/29/2025,
56,0.0,gf,0.125,mm,OK,--,1:31:47 PM,12/29/2025,
57,-0.1,gf,0.130,mm,OK,--,1:31:47 PM,12/29/2025,
58,0.0,gf,0.135,mm,OK,--,1:31:47 PM,12/29/2025,
59,0.0,gf,0.145,mm,OK,--,1:31:47 PM,12/29/2025,
60,0.0,gf,0.150,mm,OK,--,1:31:47 PM,12/29/2025,
61,0.0,gf,0.155,mm,OK,--,1:31:47 PM,12/29/2025,
62,0.0,gf,0.160,mm,OK,--,1:31:47 PM,12/29/2025,
63,0.0,gf,0.165,mm,OK,--,1:31:47 PM,12/29/2025,
64,0.0,gf,0.170,mm,OK,--,1:31:48 PM,12/29/2025,
65,0.0,gf,0.175,mm,OK,--,1:31:48 PM,12/29/2025,
66,1.7,gf,0.180,mm,OK,--,1:31:48 PM,12/29/2025,
67,4.8,gf,0.185,mm,OK,--,1:31:48 PM,12/29/2025,
68,8.0,gf,0.190,mm,OK,--,1:31:48 PM,12/29/2025,
69,10.7,gf,0.195,mm,OK,--,1:31:48 PM,12/29/2025,
70,13.0,gf,0.195,mm,OK,--,1:31:48 PM,12/29/2025,
71,15.5,gf,0.200,mm,OK,--,1:31:48 PM,12/29/2025,
72,18.4,gf,0.205,mm,OK,--,1:31:48 PM,12/29/2025,
73,21.4,gf,0.210,mm,OK,--,1:31:48 PM,12/29/2025,
74,24.4,gf,0.210,mm,OK,--,1:31:49 PM,12/29/2025,
75,27.6,gf,0.215,mm,OK,--,1:31:49 PM,12/29/2025,
76,30.7,gf,0.220,mm,OK,--,1:31:49 PM,12/29/2025,
77,33.8,gf,0.225,mm,OK,--,1:31:49 PM,12/29/2025,
78,36.5,gf,0.225,mm,OK,--,1:31:49 PM,12/29/2025,
79,40.2,gf,0.230,mm,OK,--,1:31:49 PM,12/29/2025,
80,45.0,gf,0.235,mm,OK,--,1:31:49 PM,12/29/2025,
81,48.4,gf,0.240,mm,OK,--,1:31:49 PM,12/29/2025,
82,51.4,gf,0.245,mm,OK,--,1:31:49 PM,12/29/2025,
83,52.5,gf,0.250,mm,OK,--,1:31:49 PM,12/29/2025,
84,53.5,gf,0.255,mm,OK,--,1:31:50 PM,12/29/2025,
85,52.1,gf,0.260,mm,OK,--,1:31:50 PM,12/29/2025,
86,52.4,gf,0.265,mm,OK,--,1:31:50 PM,12/29/2025,
87,52.4,gf,0.270,mm,OK,--,1:31:50 PM,12/29/2025,
88,52.3,gf,0.275,mm,OK,--,1:31:50 PM,12/29/2025,
89,52.1,gf,0.280,mm,OK,--,1:31:50 PM,12/29/2025,
90,52.0,gf,0.285,mm,OK,--,1:31:50 PM,12/29/2025,
91,52.0,gf,0.290,mm,OK,--,1:31:50 PM,12/29/2025,
92,51.9,gf,0.295,mm,OK,--,1:31:50 PM,12/29/2025,
93,51.9,gf,0.300,mm,OK,--,1:31:50 PM,12/29/2025,
94,51.8,gf,0.305,mm,OK,--,1:31:51 PM,12/29/2025,
95,51.6,gf,0.310,mm,OK,--,1:31:51 PM,12/29/2025,
96,51.6,gf,0.310,mm,OK,--,1:31:51 PM,12/29/2025,
97,51.4,gf,0.315,mm,OK,--,1:31:51 PM,12/29/2025,
98,51.3,gf,0.320,mm,OK,--,1:31:51 PM,12/29/2025,
99,51.3,gf,0.325,mm,OK,--,1:31:51 PM,12/29/2025,
100,51.2,gf,0.330,mm,OK,--,1:31:51 PM,12/29/2025,
101,51.1,gf,0.335,mm,OK,--,1:31:51 PM,12/29/2025,
102,51.1,gf,0.340,mm,OK,--,1:31:51 PM,12/29/2025,
103,51.0,gf,0.345,mm,OK,--,1:31:51 PM,12/29/2025,
104,51.0,gf,0.350,mm,OK,--,1:31:52 PM,12/29/2025,
105,50.9,gf,0.360,mm,OK,--,1:31:52 PM,12/29/2025,
106,50.8,gf,0.370,mm,OK,--,1:31:52 PM,12/29/2025,
107,50.8,gf,0.380,mm,OK,--,1:31:52 PM,12/29/2025,
108,50.8,gf,0.395,mm,OK,--,1:31:52 PM,12/29/2025,
109,50.8,gf,0.400,mm,OK,--,1:31:52 PM,12/29/2025,
110,50.8,gf,0.405,mm,OK,--,1:31:52 PM,12/29/2025,
111,50.9,gf,0.410,mm,OK,--,1:31:52 PM,12/29/2025,
112,50.8,gf,0.420,mm,OK,--,1:31:52 PM,12/29/2025,
113,50.8,gf,0.425,mm,OK,--,1:31:52 PM,12/29/2025,
114,50.7,gf,0.430,mm,OK,--,1:31:53 PM,12/29/2025,
115,50.5,gf,0.430,mm,OK,--,1:31:53 PM,12/29/2025,
116,51.1,gf,0.430,mm,OK,--,1:31:53 PM,12/29/2025,
117,50.9,gf,0.435,mm,OK,--,1:31:53 PM,12/29/2025,
118,50.9,gf,0.440,mm,OK,--,1:31:53 PM,12/29/2025,
119,51.0,gf,0.445,mm,OK,--,1:31:53 PM,12/29/2025,
120,51.0,gf,0.445,mm,OK,--,1:31:53 PM,12/29/2025,
121,51.1,gf,0.450,mm,OK,--,1:31:53 PM,12/29/2025,
122,51.1,gf,0.455,mm,OK,--,1:31:53 PM,12/29/2025,
123,51.0,gf,0.455,mm,OK,--,1:31:53 PM,12/29/2025,
124,51.0,gf,0.455,mm,OK,--,1:31:54 PM,12/29/2025,
125,51.1,gf,0.455,mm,OK,--,1:31:54 PM,12/29/2025,
126,51.1,gf,0.460,mm,OK,--,1:31:54 PM,12/29/2025,
127,51.2,gf,0.460,mm,OK,--,1:31:54 PM,12/29/2025,
128,51.2,gf,0.465,mm,OK,--,1:31:54 PM,12/29/2025,
129,51.2,gf,0.465,mm,OK,--,1:31:54 PM,12/29/2025,
130,51.2,gf,0.470,mm,OK,--,1:31:54 PM,12/29/2025,
131,51.3,gf,0.470,mm,OK,--,1:31:54 PM,12/29/2025,
132,51.1,gf,0.475,mm,OK,--,1:31:54 PM,12/29/2025,
133,51.1,gf,0.475,mm,OK,--,1:31:54 PM,12/29/2025,
134,51.2,gf,0.480,mm,OK,--,1:31:55 PM,12/29/2025,
135,51.2,gf,0.480,mm,OK,--,1:31:55 PM,12/29/2025,
136,51.2,gf,0.480,mm,OK,--,1:31:55 PM,12/29/2025,
137,51.1,gf,0.480,mm,OK,--,1:31:55 PM,12/29/2025,
138,51.2,gf,0.485,mm,OK,--,1:31:55 PM,12/29/2025,
139,51.3,gf,0.485,mm,OK,--,1:31:55 PM,12/29/2025,
140,51.2,gf,0.485,mm,OK,--,1:31:55 PM,12/29/2025,
141,51.2,gf,0.485,mm,OK,--,1:31:55 PM,12/29/2025,
142,51.3,gf,0.490,mm,OK,--,1:31:55 PM,12/29/2025,
143,51.4,gf,0.490,mm,OK,--,1:31:55 PM,12/29/2025,
144,51.3,gf,0.495,mm,OK,--,1:31:56 PM,12/29/2025,
145,51.3,gf,0.500,mm,OK,--,1:31:56 PM,12/29/2025,
146,51.2,gf,0.505,mm,OK,--,1:31:56 PM,12/29/2025,
147,51.2,gf,0.505,mm,OK,--,1:31:56 PM,12/29/2025,
148,51.2,gf,0.510,mm,OK,--,1:31:56 PM,12/29/2025,
149,51.2,gf,0.510,mm,OK,--,1:31:56 PM,12/29/2025,
150,51.2,gf,0.515,mm,OK,--,1:31:56 PM,12/29/2025,
151,51.3,gf,0.520,mm,OK,--,1:31:56 PM,12/29/2025,
152,51.3,gf,0.525,mm,OK,--,1:31:56 PM,12/29/2025,
153,51.3,gf,0.530,mm,OK,--,1:31:56 PM,12/29/2025,
154,51.3,gf,0.535,mm,OK,--,1:31:57 PM,12/29/2025,
155,51.2,gf,0.540,mm,OK,--,1:31:57 PM,12/29/2025,
156,51.3,gf,0.545,mm,OK,--,1:31:57 PM,12/29/2025,
157,51.3,gf,0.555,mm,OK,--,1:31:57 PM,12/29/2025,
158,51.3,gf,0.560,mm,OK,--,1:31:57 PM,12/29/2025,
159,51.3,gf,0.565,mm,OK,--,1:31:57 PM,12/29/2025,
160,51.3,gf,0.570,mm,OK,--,1:31:57 PM,12/29/2025,
161,51.4,gf,0.580,mm,OK,--,1:31:57 PM,12/29/2025,
162,51.4,gf,0.590,mm,OK,--,1:31:57 PM,12/29/2025,
163,51.4,gf,0.595,mm,OK,--,1:31:57 PM,12/29/2025,
164,51.4,gf,0.600,mm,OK,--,1:31:58 PM,12/29/2025,
165,51.4,gf,0.605,mm,OK,--,1:31:58 PM,12/29/2025,
166,51.4,gf,0.610,mm,OK,--,1:31:58 PM,12/29/2025,
167,51.4,gf,0.610,mm,OK,--,1:31:58 PM,12/29/2025,
168,51.5,gf,0.615,mm,OK,--,1:31:58 PM,12/29/2025,
169,51.5,gf,0.625,mm,OK,--,1:31:58 PM,12/29/2025,
170,51.5,gf,0.630,mm,OK,--,1:31:58 PM,12/29/2025,
171,51.5,gf,0.635,mm,OK,--,1:31:58 PM,12/29/2025,
172,51.6,gf,0.640,mm,OK,--,1:31:58 PM,12/29/2025,
173,51.6,gf,0.645,mm,OK,--,1:31:58 PM,12/29/2025,
174,51.5,gf,0.650,mm,OK,--,1:31:59 PM,12/29/2025,
175,51.4,gf,0.655,mm,OK,--,1:31:59 PM,12/29/2025,
176,51.6,gf,0.655,mm,OK,--,1:31:59 PM,12/29/2025,
177,51.6,gf,0.660,mm,OK,--,1:31:59 PM,12/29/2025,
178,51.6,gf,0.665,mm,OK,--,1:31:59 PM,12/29/2025,
179,51.7,gf,0.670,mm,OK,--,1:31:59 PM,12/29/2025,
180,51.7,gf,0.675,mm,OK,--,1:31:59 PM,12/29/2025,
181,51.6,gf,0.680,mm,OK,--,1:31:59 PM,12/29/2025,
182,51.7,gf,0.690,mm,OK,--,1:31:59 PM,12/29/2025,
183,51.7,gf,0.700,mm,OK,--,1:31:59 PM,12/29/2025,
184,51.7,gf,0.705,mm,OK,--,1:32:00 PM,12/29/2025,
185,51.7,gf,0.710,mm,OK,--,1:32:00 PM,12/29/2025,
186,51.8,gf,0.715,mm,OK,--,1:32:00 PM,12/29/2025,
187,51.8,gf,0.725,mm,OK,--,1:32:00 PM,12/29/2025,
188,51.9,gf,0.730,mm,OK,--,1:32:00 PM,12/29/2025,
189,52.0,gf,0.735,mm,OK,--,1:32:00 PM,12/29/2025,
190,52.1,gf,0.740,mm,OK,--,1:32:00 PM,12/29/2025,
191,52.0,gf,0.745,mm,OK,--,1:32:00 PM,12/29/2025,
192,52.0,gf,0.755,mm,OK,--,1:32:00 PM,12/29/2025,
193,52.1,gf,0.755,mm,OK,--,1:32:00 PM,12/29/2025,
194,52.2,gf,0.760,mm,OK,--,1:32:01 PM,12/29/2025,
195,52.2,gf,0.765,mm,OK,--,1:32:01 PM,12/29/2025,
196,52.1,gf,0.770,mm,OK,--,1:32:01 PM,12/29/2025,
197,52.2,gf,0.770,mm,OK,--,1:32:01 PM,12/29/2025,
198,52.3,gf,0.775,mm,OK,--,1:32:01 PM,12/29/2025,
199,52.3,gf,0.780,mm,OK,--,1:32:01 PM,12/29/2025,
200,52.3,gf,0.780,mm,OK,--,1:32:01 PM,12/29/2025,
201,52.2,gf,0.785,mm,OK,--,1:32:01 PM,12/29/2025,
202,52.4,gf,0.785,mm,OK,--,1:32:01 PM,12/29/2025,
203,52.5,gf,0.790,mm,OK,--,1:32:01 PM,12/29/2025,
204,52.4,gf,0.795,mm,OK,--,1:32:02 PM,12/29/2025,
205,52.4,gf,0.800,mm,OK,--,1:32:02 PM,12/29/2025,
206,52.5,gf,0.800,mm,OK,--,1:32:02 PM,12/29/2025,
207,52.4,gf,0.805,mm,OK,--,1:32:02 PM,12/29/2025,
208,52.6,gf,0.805,mm,OK,--,1:32:02 PM,12/29/2025,
209,52.6,gf,0.810,mm,OK,--,1:32:02 PM,12/29/2025,
210,52.5,gf,0.815,mm,OK,--,1:32:02 PM,12/29/2025,
211,52.5,gf,0.815,mm,OK,--,1:32:02 PM,12/29/2025,
212,52.5,gf,0.815,mm,OK,--,1:32:02 PM,12/29/2025,
213,52.5,gf,0.820,mm,OK,--,1:32:02 PM,12/29/2025,
214,52.6,gf,0.820,mm,OK,--,1:32:03 PM,12/29/2025,
215,52.7,gf,0.820,mm,OK,--,1:32:03 PM,12/29/2025,
216,52.6,gf,0.825,mm,OK,--,1:32:03 PM,12/29/2025,
217,52.6,gf,0.825,mm,OK,--,1:32:03 PM,12/29/2025,
218,52.7,gf,0.825,mm,OK,--,1:32:03 PM,12/29/2025,
219,52.8,gf,0.830,mm,OK,--,1:32:03 PM,12/29/2025,
220,52.8,gf,0.830,mm,OK,--,1:32:03 PM,12/29/2025,
221,52.7,gf,0.830,mm,OK,--,1:32:03 PM,12/29/2025,
222,52.8,gf,0.835,mm,OK,--,1:32:03 PM,12/29/2025,
223,52.8,gf,0.835,mm,OK,--,1:32:03 PM,12/29/2025,
224,52.8,gf,0.840,mm,OK,--,1:32:04 PM,12/29/2025,
225,52.8,gf,0.845,mm,OK,--,1:32:04 PM,12/29/2025,
226,52.8,gf,0.845,mm,OK,--,1:32:04 PM,12/29/2025,
227,52.8,gf,0.850,mm,OK,--,1:32:04 PM,12/29/2025,
228,52.8,gf,0.850,mm,OK,--,1:32:04 PM,12/29/2025,
229,52.9,gf,0.855,mm,OK,--,1:32:04 PM,12/29/2025,
230,52.9,gf,0.860,mm,OK,--,1:32:04 PM,12/29/2025,
231,52.9,gf,0.860,mm,OK,--,1:32:04 PM,12/29/2025,
232,52.9,gf,0.865,mm,OK,--,1:32:04 PM,12/29/2025,
233,52.9,gf,0.870,mm,OK,--,1:32:04 PM,12/29/2025,
234,52.8,gf,0.870,mm,OK,--,1:32:05 PM,12/29/2025,
235,52.8,gf,0.875,mm,OK,--,1:32:05 PM,12/29/2025,
236,52.9,gf,0.880,mm,OK,--,1:32:05 PM,12/29/2025,
237,52.9,gf,0.885,mm,OK,--,1:32:05 PM,12/29/2025,
238,52.9,gf,0.890,mm,OK,--,1:32:05 PM,12/29/2025,
239,52.9,gf,0.890,mm,OK,--,1:32:05 PM,12/29/2025,
240,52.9,gf,0.895,mm,OK,--,1:32:05 PM,12/29/2025,
241,52.9,gf,0.900,mm,OK,--,1:32:05 PM,12/29/2025,
242,52.9,gf,0.905,mm,OK,--,1:32:05 PM,12/29/2025,
243,52.9,gf,0.905,mm,OK,--,1:32:05 PM,12/29/2025,
244,52.9,gf,0.910,mm,OK,--,1:32:06 PM,12/29/2025,
245,53.0,gf,0.910,mm,OK,--,1:32:06 PM,12/29/2025,
246,53.0,gf,0.915,mm,OK,--,1:32:06 PM,12/29/2025,
247,53.0,gf,0.920,mm,OK,--,1:32:06 PM,12/29/2025,
248,53.1,gf,0.920,mm,OK,--,1:32:06 PM,12/29/2025,
249,53.1,gf,0.925,mm,OK,--,1:32:06 PM,12/29/2025,
250,53.1,gf,0.925,mm,OK,--,1:32:06 PM,12/29/2025,
251,53.1,gf,0.930,mm,OK,--,1:32:06 PM,12/29/2025,
252,53.2,gf,0.930,mm,OK,--,1:32:06 PM,12/29/2025,
253,53.2,gf,0.935,mm,OK,--,1:32:06 PM,12/29/2025,
254,53.2,gf,0.940,mm,OK,--,1:32:07 PM,12/29/2025,
255,53.1,gf,0.940,mm,OK,--,1:32:07 PM,12/29/2025,
256,53.2,gf,0.945,mm,OK,--,1:32:07 PM,12/29/2025,
257,53.2,gf,0.945,mm,OK,--,1:32:07 PM,12/29/2025,
258,53.3,gf,0.950,mm,OK,--,1:32:07 PM,12/29/2025,
259,53.3,gf,0.955,mm,OK,--,1:32:07 PM,12/29/2025,
260,53.3,gf,0.960,mm,OK,--,1:32:07 PM,12/29/2025,
261,53.3,gf,0.965,mm,OK,--,1:32:07 PM,12/29/2025,
262,53.3,gf,0.970,mm,OK,--,1:32:07 PM,12/29/2025,
263,53.4,gf,0.975,mm,OK,--,1:32:07 PM,12/29/2025,
264,53.4,gf,0.980,mm,OK,--,1:32:08 PM,12/29/2025,
265,53.4,gf,0.985,mm,OK,--,1:32:08 PM,12/29/2025,
266,53.4,gf,0.995,mm,OK,--,1:32:08 PM,12/29/2025,
267,53.4,gf,1.000,mm,OK,--,1:32:08 PM,12/29/2025,
268,53.4,gf,1.000,mm,OK,--,1:32:08 PM,12/29/2025,
269,53.4,gf,1.005,mm,OK,--,1:32:08 PM,12/29/2025,
270,53.4,gf,1.010,mm,OK,--,1:32:08 PM,12/29/2025,
271,53.4,gf,1.015,mm,OK,--,1:32:08 PM,12/29/2025,
272,53.4,gf,1.015,mm,OK,--,1:32:08 PM,12/29/2025,
273,53.5,gf,1.020,mm,OK,--,1:32:08 PM,12/29/2025,
274,53.5,gf,1.020,mm,OK,--,1:32:09 PM,12/29/2025,
275,53.5,gf,1.025,mm,OK,--,1:32:09 PM,12/29/2025,
276,53.6,gf,1.025,mm,OK,--,1:32:09 PM,12/29/2025,
277,53.6,gf,1.030,mm,OK,--,1:32:09 PM,12/29/2025,
278,53.6,gf,1.030,mm,OK,--,1:32:09 PM,12/29/2025,
279,53.6,gf,1.035,mm,OK,--,1:32:09 PM,12/29/2025,
280,53.7,gf,1.035,mm,OK,--,1:32:09 PM,12/29/2025,
281,53.6,gf,1.040,mm,OK,--,1:32:09 PM,12/29/2025,
282,53.7,gf,1.040,mm,OK,--,1:32:09 PM,12/29/2025,
283,53.7,gf,1.045,mm,OK,--,1:32:09 PM,12/29/2025,
284,53.7,gf,1.045,mm,OK,--,1:32:10 PM,12/29/2025,
285,53.7,gf,1.050,mm,OK,--,1:32:10 PM,12/29/2025,
286,53.8,gf,1.055,mm,OK,--,1:32:10 PM,12/29/2025,
287,53.8,gf,1.055,mm,OK,--,1:32:10 PM,12/29/2025,
288,53.8,gf,1.060,mm,OK,--,1:32:10 PM,12/29/2025,
289,53.9,gf,1.065,mm,OK,--,1:32:10 PM,12/29/2025,
290,53.9,gf,1.070,mm,OK,--,1:32:10 PM,12/29/2025,
291,53.9,gf,1.070,mm,OK,--,1:32:10 PM,12/29/2025,
292,53.9,gf,1.075,mm,OK,--,1:32:10 PM,12/29/2025,
293,54.0,gf,1.085,mm,OK,--,1:32:10 PM,12/29/2025,
294,53.9,gf,1.090,mm,OK,--,1:32:11 PM,12/29/2025,
295,54.0,gf,1.095,mm,OK,--,1:32:11 PM,12/29/2025,
296,54.0,gf,1.100,mm,OK,--,1:32:11 PM,12/29/2025,
297,54.0,gf,1.105,mm,OK,--,1:32:11 PM,12/29/2025,
298,54.0,gf,1.110,mm,OK,--,1:32:11 PM,12/29/2025,
299,53.9,gf,1.115,mm,OK,--,1:32:11 PM,12/29/2025,
300,54.0,gf,1.115,mm,OK,--,1:32:11 PM,12/29/2025,
301,54.1,gf,1.125,mm,OK,--,1:32:11 PM,12/29/2025,
302,54.1,gf,1.130,mm,OK,--,1:32:11 PM,12/29/2025,
303,54.2,gf,1.135,mm,OK,--,1:32:11 PM,12/29/2025,
304,54.1,gf,1.145,mm,OK,--,1:32:12 PM,12/29/2025,
305,54.1,gf,1.145,mm,OK,--,1:32:12 PM,12/29/2025,
306,54.2,gf,1.150,mm,OK,--,1:32:12 PM,12/29/2025,
307,54.2,gf,1.150,mm,OK,--,1:32:12 PM,12/29/2025,
308,54.2,gf,1.155,mm,OK,--,1:32:12 PM,12/29/2025,
309,54.2,gf,1.155,mm,OK,--,1:32:12 PM,12/29/2025,
310,54.2,gf,1.155,mm,OK,--,1:32:12 PM,12/29/2025,
311,54.3,gf,1.160,mm,OK,--,1:32:12 PM,12/29/2025,
312,54.4,gf,1.160,mm,OK,--,1:32:12 PM,12/29/2025,
313,54.4,gf,1.165,mm,OK,--,1:32:12 PM,12/29/2025,
314,54.3,gf,1.170,mm,OK,--,1:32:13 PM,12/29/2025,
315,54.1,gf,1.170,mm,OK,--,1:32:13 PM,12/29/2025,
316,54.2,gf,1.170,mm,OK,--,1:32:13 PM,12/29/2025,
317,54.2,gf,1.170,mm,OK,--,1:32:13 PM,12/29/2025,
318,54.2,gf,1.170,mm,OK,--,1:32:13 PM,12/29/2025,
319,54.3,gf,1.170,mm,OK,--,1:32:13 PM,12/29/2025,
320,54.3,gf,1.170,mm,OK,--,1:32:13 PM,12/29/2025,
321,54.4,gf,1.170,mm,OK,--,1:32:13 PM,12/29/2025,
322,54.4,gf,1.175,mm,OK,--,1:32:13 PM,12/29/2025,
323,54.4,gf,1.175,mm,OK,--,1:32:13 PM,12/29/2025,
324,54.4,gf,1.175,mm,OK,--,1:32:14 PM,12/29/2025,
325,54.4,gf,1.175,mm,OK,--,1:32:14 PM,12/29/2025,
326,54.6,gf,1.175,mm,OK,--,1:32:14 PM,12/29/2025,
327,54.4,gf,1.175,mm,OK,--,1:32:14 PM,12/29/2025,
328,54.5,gf,1.175,mm,OK,--,1:32:14 PM,12/29/2025,
329,54.4,gf,1.180,mm,OK,--,1:32:14 PM,12/29/2025,
330,54.4,gf,1.180,mm,OK,--,1:32:14 PM,12/29/2025,
331,54.7,gf,1.180,mm,OK,--,1:32:14 PM,12/29/2025,
332,54.6,gf,1.180,mm,OK,--,1:32:14 PM,12/29/2025,
333,54.6,gf,1.180,mm,OK,--,1:32:14 PM,12/29/2025,
334,54.6,gf,1.185,mm,OK,--,1:32:15 PM,12/29/2025,
335,54.7,gf,1.185,mm,OK,--,1:32:15 PM,12/29/2025,
336,54.7,gf,1.195,mm,OK,--,1:32:15 PM,12/29/2025,
337,54.5,gf,1.205,mm,OK,--,1:32:15 PM,12/29/2025,
338,54.6,gf,1.210,mm,OK,--,1:32:15 PM,12/29/2025,
339,54.5,gf,1.215,mm,OK,--,1:32:15 PM,12/29/2025,
340,54.6,gf,1.220,mm,OK,--,1:32:15 PM,12/29/2025,
341,54.6,gf,1.225,mm,OK,--,1:32:15 PM,12/29/2025,
342,54.7,gf,1.230,mm,OK,--,1:32:15 PM,12/29/2025,
343,54.7,gf,1.240,mm,OK,--,1:32:15 PM,12/29/2025,
344,54.7,gf,1.245,mm,OK,--,1:32:16 PM,12/29/2025,
345,54.7,gf,1.245,mm,OK,--,1:32:16 PM,12/29/2025,
346,54.7,gf,1.250,mm,OK,--,1:32:16 PM,12/29/2025,
347,54.7,gf,1.255,mm,OK,--,1:32:16 PM,12/29/2025,
348,54.7,gf,1.260,mm,OK,--,1:32:16 PM,12/29/2025,
349,54.7,gf,1.260,mm,OK,--,1:32:16 PM,12/29/2025,
350,54.9,gf,1.265,mm,OK,--,1:32:16 PM,12/29/2025,
351,54.9,gf,1.270,mm,OK,--,1:32:16 PM,12/29/2025,
352,54.8,gf,1.270,mm,OK,--,1:32:16 PM,12/29/2025,
353,54.8,gf,1.275,mm,OK,--,1:32:16 PM,12/29/2025,
354,54.9,gf,1.280,mm,OK,--,1:32:17 PM,12/29/2025,
355,54.9,gf,1.285,mm,OK,--,1:32:17 PM,12/29/2025,
356,54.9,gf,1.285,mm,OK,--,1:32:17 PM,12/29/2025,
357,54.9,gf,1.290,mm,OK,--,1:32:17 PM,12/29/2025,
358,55.0,gf,1.295,mm,OK,--,1:32:17 PM,12/29/2025,
359,55.0,gf,1.300,mm,OK,--,1:32:17 PM,12/29/2025,
360,55.0,gf,1.305,mm,OK,--,1:32:17 PM,12/29/2025,
361,55.1,gf,1.305,mm,OK,--,1:32:17 PM,12/29/2025,
362,55.1,gf,1.310,mm,OK,--,1:32:17 PM,12/29/2025,
363,55.1,gf,1.320,mm,OK,--,1:32:17 PM,12/29/2025,
364,55.1,gf,1.320,mm,OK,--,1:32:18 PM,12/29/2025,
365,55.2,gf,1.330,mm,OK,--,1:32:18 PM,12/29/2025,
366,55.2,gf,1.335,mm,OK,--,1:32:18 PM,12/29/2025,
367,55.2,gf,1.340,mm,OK,--,1:32:18 PM,12/29/2025,
368,55.3,gf,1.350,mm,OK,--,1:32:18 PM,12/29/2025,
369,55.3,gf,1.355,mm,OK,--,1:32:18 PM,12/29/2025,
370,55.3,gf,1.360,mm,OK,--,1:32:18 PM,12/29/2025,
371,55.4,gf,1.370,mm,OK,--,1:32:18 PM,12/29/2025,
372,55.5,gf,1.375,mm,OK,--,1:32:18 PM,12/29/2025,
373,55.5,gf,1.385,mm,OK,--,1:32:18 PM,12/29/2025,
374,55.5,gf,1.390,mm,OK,--,1:32:19 PM,12/29/2025,
375,55.5,gf,1.395,mm,OK,--,1:32:19 PM,12/29/2025,
376,55.5,gf,1.400,mm,OK,--,1:32:19 PM,12/29/2025,
377,55.5,gf,1.405,mm,OK,--,1:32:19 PM,12/29/2025,
378,55.7,gf,1.415,mm,OK,--,1:32:19 PM,12/29/2025,
379,55.6,gf,1.420,mm,OK,--,1:32:19 PM,12/29/2025,
380,55.6,gf,1.425,mm,OK,--,1:32:19 PM,12/29/2025,
381,55.8,gf,1.425,mm,OK,--,1:32:19 PM,12/29/2025,
382,55.8,gf,1.430,mm,OK,--,1:32:19 PM,12/29/2025,
383,55.8,gf,1.435,mm,OK,--,1:32:19 PM,12/29/2025,
384,55.7,gf,1.445,mm,OK,--,1:32:20 PM,12/29/2025,
385,55.8,gf,1.450,mm,OK,--,1:32:20 PM,12/29/2025,
386,55.8,gf,1.455,mm,OK,--,1:32:20 PM,12/29/2025,
387,55.8,gf,1.460,mm,OK,--,1:32:20 PM,12/29/2025,
388,55.9,gf,1.465,mm,OK,--,1:32:20 PM,12/29/2025,
389,55.9,gf,1.470,mm,OK,--,1:32:20 PM,12/29/2025,
390,55.9,gf,1.475,mm,OK,--,1:32:20 PM,12/29/2025,
391,56.0,gf,1.475,mm,OK,--,1:32:20 PM,12/29/2025,
392,56.0,gf,1.480,mm,OK,--,1:32:20 PM,12/29/2025,
393,56.0,gf,1.485,mm,OK,--,1:32:20 PM,12/29/2025,
394,56.1,gf,1.485,mm,OK,--,1:32:21 PM,12/29/2025,
395,56.0,gf,1.490,mm,OK,--,1:32:21 PM,12/29/2025,
396,56.1,gf,1.495,mm,OK,--,1:32:21 PM,12/29/2025,
397,56.1,gf,1.500,mm,OK,--,1:32:21 PM,12/29/2025,
398,56.1,gf,1.500,mm,OK,--,1:32:21 PM,12/29/2025,
399,56.2,gf,1.505,mm,OK,--,1:32:21 PM,12/29/2025,
400,56.2,gf,1.505,mm,OK,--,1:32:21 PM,12/29/2025,
401,56.2,gf,1.515,mm,OK,--,1:32:21 PM,12/29/2025,
402,56.2,gf,1.525,mm,OK,--,1:32:21 PM,12/29/2025,
403,56.3,gf,1.530,mm,OK,--,1:32:21 PM,12/29/2025,
404,56.3,gf,1.535,mm,OK,--,1:32:22 PM,12/29/2025,
405,56.3,gf,1.540,mm,OK,--,1:32:22 PM,12/29/2025,
406,56.3,gf,1.545,mm,OK,--,1:32:22 PM,12/29/2025,
407,56.4,gf,1.550,mm,OK,--,1:32:22 PM,12/29/2025,
408,56.4,gf,1.555,mm,OK,--,1:32:22 PM,12/29/2025,
409,56.4,gf,1.560,mm,OK,--,1:32:22 PM,12/29/2025,
410,56.4,gf,1.565,mm,OK,--,1:32:22 PM,12/29/2025,
411,56.5,gf,1.565,mm,OK,--,1:32:22 PM,12/29/2025,
412,56.6,gf,1.570,mm,OK,--,1:32:22 PM,12/29/2025,
413,56.6,gf,1.575,mm,OK,--,1:32:22 PM,12/29/2025,
414,56.6,gf,1.580,mm,OK,--,1:32:23 PM,12/29/2025,
415,56.6,gf,1.585,mm,OK,--,1:32:23 PM,12/29/2025,
416,56.6,gf,1.590,mm,OK,--,1:32:23 PM,12/29/2025,
417,56.6,gf,1.595,mm,OK,--,1:32:23 PM,12/29/2025,
418,56.6,gf,1.600,mm,OK,--,1:32:23 PM,12/29/2025,
419,56.6,gf,1.605,mm,OK,--,1:32:23 PM,12/29/2025,
420,56.7,gf,1.610,mm,OK,--,1:32:23 PM,12/29/2025,
421,56.7,gf,1.615,mm,OK,--,1:32:23 PM,12/29/2025,
422,56.8,gf,1.620,mm,OK,--,1:32:23 PM,12/29/2025,
423,56.8,gf,1.625,mm,OK,--,1:32:23 PM,12/29/2025,
424,56.8,gf,1.625,mm,OK,--,1:32:24 PM,12/29/2025,
425,56.8,gf,1.625,mm,OK,--,1:32:24 PM,12/29/2025,
426,56.8,gf,1.630,mm,OK,--,1:32:24 PM,12/29/2025,
427,56.8,gf,1.630,mm,OK,--,1:32:24 PM,12/29/2025,
428,56.8,gf,1.635,mm,OK,--,1:32:24 PM,12/29/2025,
429,56.9,gf,1.635,mm,OK,--,1:32:24 PM,12/29/2025,
430,56.9,gf,1.640,mm,OK,--,1:32:24 PM,12/29/2025,
431,56.8,gf,1.640,mm,OK,--,1:32:24 PM,12/29/2025,
432,56.9,gf,1.645,mm,OK,--,1:32:24 PM,12/29/2025,
433,56.8,gf,1.645,mm,OK,--,1:32:24 PM,12/29/2025,
434,57.0,gf,1.645,mm,OK,--,1:32:25 PM,12/29/2025,
435,56.9,gf,1.650,mm,OK,--,1:32:25 PM,12/29/2025,
436,56.8,gf,1.650,mm,OK,--,1:32:25 PM,12/29/2025,
437,56.9,gf,1.650,mm,OK,--,1:32:25 PM,12/29/2025,
438,57.1,gf,1.650,mm,OK,--,1:32:25 PM,12/29/2025,
439,57.0,gf,1.650,mm,OK,--,1:32:25 PM,12/29/2025,
440,57.0,gf,1.650,mm,OK,--,1:32:25 PM,12/29/2025,
441,57.0,gf,1.650,mm,OK,--,1:32:25 PM,12/29/2025,
442,57.2,gf,1.655,mm,OK,--,1:32:25 PM,12/29/2025,
443,57.2,gf,1.655,mm,OK,--,1:32:25 PM,12/29/2025,
444,57.2,gf,1.660,mm,OK,--,1:32:26 PM,12/29/2025,
445,57.4,gf,1.665,mm,OK,--,1:32:26 PM,12/29/2025,
446,57.4,gf,1.675,mm,OK,--,1:32:26 PM,12/29/2025,
447,57.4,gf,1.685,mm,OK,--,1:32:26 PM,12/29/2025,
448,57.3,gf,1.690,mm,OK,--,1:32:26 PM,12/29/2025,
449,57.2,gf,1.700,mm,OK,--,1:32:26 PM,12/29/2025,
450,57.2,gf,1.705,mm,OK,--,1:32:26 PM,12/29/2025,
451,57.2,gf,1.710,mm,OK,--,1:32:26 PM,12/29/2025,
452,57.2,gf,1.715,mm,OK,--,1:32:26 PM,12/29/2025,
453,57.2,gf,1.725,mm,OK,--,1:32:26 PM,12/29/2025,
454,57.2,gf,1.725,mm,OK,--,1:32:27 PM,12/29/2025,
455,57.2,gf,1.735,mm,OK,--,1:32:27 PM,12/29/2025,
456,57.2,gf,1.740,mm,OK,--,1:32:27 PM,12/29/2025,
457,57.2,gf,1.745,mm,OK,--,1:32:27 PM,12/29/2025,
458,57.2,gf,1.750,mm,OK,--,1:32:27 PM,12/29/2025,
459,57.2,gf,1.760,mm,OK,--,1:32:27 PM,12/29/2025,
460,57.2,gf,1.765,mm,OK,--,1:32:27 PM,12/29/2025,
461,57.3,gf,1.770,mm,OK,--,1:32:27 PM,12/29/2025,
462,57.3,gf,1.775,mm,OK,--,1:32:27 PM,12/29/2025,
463,57.4,gf,1.775,mm,OK,--,1:32:27 PM,12/29/2025,
464,57.4,gf,1.780,mm,OK,--,1:32:28 PM,12/29/2025,
465,57.5,gf,1.785,mm,OK,--,1:32:28 PM,12/29/2025,
466,57.4,gf,1.795,mm,OK,--,1:32:28 PM,12/29/2025,
467,57.4,gf,1.800,mm,OK,--,1:32:28 PM,12/29/2025,
468,57.4,gf,1.805,mm,OK,--,1:32:28 PM,12/29/2025,
469,57.4,gf,1.810,mm,OK,--,1:32:28 PM,12/29/2025,
470,57.5,gf,1.815,mm,OK,--,1:32:28 PM,12/29/2025,
471,57.5,gf,1.820,mm,OK,--,1:32:28 PM,12/29/2025,
472,57.6,gf,1.820,mm,OK,--,1:32:28 PM,12/29/2025,
473,57.6,gf,1.825,mm,OK,--,1:32:28 PM,12/29/2025,
474,57.6,gf,1.830,mm,OK,--,1:32:29 PM,12/29/2025,
475,57.6,gf,1.835,mm,OK,--,1:32:29 PM,12/29/2025,
476,57.6,gf,1.840,mm,OK,--,1:32:29 PM,12/29/2025,
477,57.7,gf,1.845,mm,OK,--,1:32:29 PM,12/29/2025,
478,57.7,gf,1.845,mm,OK,--,1:32:29 PM,12/29/2025,
479,57.7,gf,1.850,mm,OK,--,1:32:29 PM,12/29/2025,
480,57.7,gf,1.855,mm,OK,--,1:32:29 PM,12/29/2025,
481,57.8,gf,1.860,mm,OK,--,1:32:29 PM,12/29/2025,
482,57.8,gf,1.865,mm,OK,--,1:32:29 PM,12/29/2025,
483,57.8,gf,1.870,mm,OK,--,1:32:29 PM,12/29/2025,
484,57.8,gf,1.875,mm,OK,--,1:32:30 PM,12/29/2025,
485,57.8,gf,1.880,mm,OK,--,1:32:30 PM,12/29/2025,
486,57.9,gf,1.885,mm,OK,--,1:32:30 PM,12/29/2025,
487,57.8,gf,1.890,mm,OK,--,1:32:30 PM,12/29/2025,
488,57.9,gf,1.895,mm,OK,--,1:32:30 PM,12/29/2025,
489,57.9,gf,1.900,mm,OK,--,1:32:30 PM,12/29/2025,
490,57.9,gf,1.905,mm,OK,--,1:32:30 PM,12/29/2025,
491,58.0,gf,1.905,mm,OK,--,1:32:30 PM,12/29/2025,
492,58.0,gf,1.910,mm,OK,--,1:32:30 PM,12/29/2025,
493,57.9,gf,1.915,mm,OK,--,1:32:30 PM,12/29/2025,
494,58.0,gf,1.925,mm,OK,--,1:32:31 PM,12/29/2025,
495,58.0,gf,1.930,mm,OK,--,1:32:31 PM,12/29/2025,
496,58.1,gf,1.930,mm,OK,--,1:32:31 PM,12/29/2025,
497,58.1,gf,1.935,mm,OK,--,1:32:31 PM,12/29/2025,
498,58.2,gf,1.940,mm,OK,--,1:32:31 PM,12/29/2025,
499,58.2,gf,1.945,mm,OK,--,1:32:31 PM,12/29/2025,
500,58.1,gf,1.945,mm,OK,--,1:32:31 PM,12/29/2025,
501,58.2,gf,1.950,mm,OK,--,1:32:31 PM,12/29/2025,
502,58.2,gf,1.950,mm,OK,--,1:32:31 PM,12/29/2025,
503,58.3,gf,1.955,mm,OK,--,1:32:31 PM,12/29/2025,
504,58.2,gf,1.960,mm,OK,--,1:32:32 PM,12/29/2025,
505,58.2,gf,1.965,mm,OK,--,1:32:32 PM,12/29/2025,
506,58.3,gf,1.970,mm,OK,--,1:32:32 PM,12/29/2025,
507,58.3,gf,1.975,mm,OK,--,1:32:32 PM,12/29/2025,
508,58.3,gf,1.985,mm,OK,--,1:32:32 PM,12/29/2025,
509,58.3,gf,1.990,mm,OK,--,1:32:32 PM,12/29/2025,
510,58.4,gf,2.000,mm,OK,--,1:32:32 PM,12/29/2025,
511,58.4,gf,2.010,mm,OK,--,1:32:32 PM,12/29/2025,
512,58.4,gf,2.015,mm,OK,--,1:32:32 PM,12/29/2025,
513,58.5,gf,2.025,mm,OK,--,1:32:32 PM,12/29/2025,
514,58.5,gf,2.035,mm,OK,--,1:32:33 PM,12/29/2025,
515,58.6,gf,2.045,mm,OK,--,1:32:33 PM,12/29/2025,
516,58.6,gf,2.050,mm,OK,--,1:32:33 PM,12/29/2025,
517,58.6,gf,2.060,mm,OK,--,1:32:33 PM,12/29/2025,
518,58.7,gf,2.070,mm,OK,--,1:32:33 PM,12/29/2025,
519,58.8,gf,2.075,mm,OK,--,1:32:33 PM,12/29/2025,
520,58.8,gf,2.085,mm,OK,--,1:32:33 PM,12/29/2025,
521,58.8,gf,2.090,mm,OK,--,1:32:33 PM,12/29/2025,
522,58.8,gf,2.095,mm,OK,--,1:32:33 PM,12/29/2025,
523,58.9,gf,2.105,mm,OK,--,1:32:33 PM,12/29/2025,
524,58.9,gf,2.110,mm,OK,--,1:32:34 PM,12/29/2025,
525,58.9,gf,2.115,mm,OK,--,1:32:34 PM,12/29/2025,
526,58.9,gf,2.120,mm,OK,--,1:32:34 PM,12/29/2025,
527,59.0,gf,2.125,mm,OK,--,1:32:34 PM,12/29/2025,
528,59.1,gf,2.130,mm,OK,--,1:32:34 PM,12/29/2025,
529,59.1,gf,2.135,mm,OK,--,1:32:34 PM,12/29/2025,
530,59.1,gf,2.140,mm,OK,--,1:32:34 PM,12/29/2025,
531,59.1,gf,2.145,mm,OK,--,1:32:34 PM,12/29/2025,
532,59.1,gf,2.145,mm,OK,--,1:32:34 PM,12/29/2025,
533,59.1,gf,2.150,mm,OK,--,1:32:34 PM,12/29/2025,
534,59.1,gf,2.155,mm,OK,--,1:32:35 PM,12/29/2025,
535,59.1,gf,2.160,mm,OK,--,1:32:35 PM,12/29/2025,
536,59.2,gf,2.160,mm,OK,--,1:32:35 PM,12/29/2025,
537,59.2,gf,2.165,mm,OK,--,1:32:35 PM,12/29/2025,
538,59.3,gf,2.170,mm,OK,--,1:32:35 PM,12/29/2025,
539,59.2,gf,2.175,mm,OK,--,1:32:35 PM,12/29/2025,
540,59.3,gf,2.180,mm,OK,--,1:32:35 PM,12/29/2025,
541,59.3,gf,2.185,mm,OK,--,1:32:35 PM,12/29/2025,
542,59.4,gf,2.195,mm,OK,--,1:32:35 PM,12/29/2025,
543,59.4,gf,2.200,mm,OK,--,1:32:35 PM,12/29/2025,
544,59.4,gf,2.205,mm,OK,--,1:32:36 PM,12/29/2025,
545,59.4,gf,2.215,mm,OK,--,1:32:36 PM,12/29/2025,
546,59.4,gf,2.225,mm,OK,--,1:32:36 PM,12/29/2025,
547,59.4,gf,2.230,mm,OK,--,1:32:36 PM,12/29/2025,
548,59.5,gf,2.240,mm,OK,--,1:32:36 PM,12/29/2025,
549,59.5,gf,2.245,mm,OK,--,1:32:36 PM,12/29/2025,
550,59.6,gf,2.250,mm,OK,--,1:32:36 PM,12/29/2025,
551,59.6,gf,2.255,mm,OK,--,1:32:36 PM,12/29/2025,
552,59.7,gf,2.260,mm,OK,--,1:32:36 PM,12/29/2025,
553,59.8,gf,2.270,mm,OK,--,1:32:36 PM,12/29/2025,
554,59.8,gf,2.275,mm,OK,--,1:32:37 PM,12/29/2025,
555,59.9,gf,2.275,mm,OK,--,1:32:37 PM,12/29/2025,
556,59.9,gf,2.280,mm,OK,--,1:32:37 PM,12/29/2025,
557,59.9,gf,2.285,mm,OK,--,1:32:37 PM,12/29/2025,
558,60.0,gf,2.290,mm,OK,--,1:32:37 PM,12/29/2025,
559,60.0,gf,2.290,mm,OK,--,1:32:37 PM,12/29/2025,
560,60.0,gf,2.295,mm,OK,--,1:32:37 PM,12/29/2025,
561,60.1,gf,2.295,mm,OK,--,1:32:37 PM,12/29/2025,
562,60.1,gf,2.300,mm,OK,--,1:32:37 PM,12/29/2025,
563,60.1,gf,2.300,mm,OK,--,1:32:37 PM,12/29/2025,
564,60.2,gf,2.305,mm,OK,--,1:32:38 PM,12/29/2025,
565,60.2,gf,2.310,mm,OK,--,1:32:38 PM,12/29/2025,
566,60.2,gf,2.310,mm,OK,--,1:32:38 PM,12/29/2025,
567,60.3,gf,2.315,mm,OK,--,1:32:38 PM,12/29/2025,
568,60.2,gf,2.315,mm,OK,--,1:32:38 PM,12/29/2025,
569,60.3,gf,2.320,mm,OK,--,1:32:38 PM,12/29/2025,
570,60.2,gf,2.320,mm,OK,--,1:32:38 PM,12/29/2025,
571,60.2,gf,2.325,mm,OK,--,1:32:38 PM,12/29/2025,
572,60.2,gf,2.325,mm,OK,--,1:32:38 PM,12/29/2025,
573,60.2,gf,2.325,mm,OK,--,1:32:38 PM,12/29/2025,
574,60.3,gf,2.330,mm,OK,--,1:32:39 PM,12/29/2025,
575,60.3,gf,2.330,mm,OK,--,1:32:39 PM,12/29/2025,
576,60.2,gf,2.335,mm,OK,--,1:32:39 PM,12/29/2025,
577,60.3,gf,2.340,mm,OK,--,1:32:39 PM,12/29/2025,
578,60.3,gf,2.340,mm,OK,--,1:32:39 PM,12/29/2025,
579,60.3,gf,2.345,mm,OK,--,1:32:39 PM,12/29/2025,
580,60.3,gf,2.345,mm,OK,--,1:32:39 PM,12/29/2025,
581,60.3,gf,2.350,mm,OK,--,1:32:39 PM,12/29/2025,
582,60.4,gf,2.355,mm,OK,--,1:32:39 PM,12/29/2025,
583,60.4,gf,2.355,mm,OK,--,1:32:39 PM,12/29/2025,
584,60.4,gf,2.360,mm,OK,--,1:32:40 PM,12/29/2025,
585,60.3,gf,2.365,mm,OK,--,1:32:40 PM,12/29/2025,
586,60.4,gf,2.370,mm,OK,--,1:32:40 PM,12/29/2025,
587,60.4,gf,2.370,mm,OK,--,1:32:40 PM,12/29/2025,
588,60.4,gf,2.375,mm,OK,--,1:32:40 PM,12/29/2025,
589,60.4,gf,2.375,mm,OK,--,1:32:40 PM,12/29/2025,
590,60.4,gf,2.380,mm,OK,--,1:32:40 PM,12/29/2025,
591,60.4,gf,2.385,mm,OK,--,1:32:40 PM,12/29/2025,
592,60.4,gf,2.385,mm,OK,--,1:32:40 PM,12/29/2025,
593,60.4,gf,2.390,mm,OK,--,1:32:40 PM,12/29/2025,
594,60.5,gf,2.390,mm,OK,--,1:32:41 PM,12/29/2025,
595,60.5,gf,2.395,mm,OK,--,1:32:41 PM,12/29/2025,
596,60.5,gf,2.395,mm,OK,--,1:32:41 PM,12/29/2025,
597,60.6,gf,2.400,mm,OK,--,1:32:41 PM,12/29/2025,
598,60.6,gf,2.400,mm,OK,--,1:32:41 PM,12/29/2025,
599,60.6,gf,2.405,mm,OK,--,1:32:41 PM,12/29/2025,
600,60.6,gf,2.405,mm,OK,--,1:32:41 PM,12/29/2025,
601,60.6,gf,2.410,mm,OK,--,1:32:41 PM,12/29/2025,
602,60.7,gf,2.410,mm,OK,--,1:32:41 PM,12/29/2025,
603,60.7,gf,2.415,mm,OK,--,1:32:41 PM,12/29/2025,
604,60.7,gf,2.415,mm,OK,--,1:32:42 PM,12/29/2025,
605,60.7,gf,2.420,mm,OK,--,1:32:42 PM,12/29/2025,
606,60.7,gf,2.425,mm,OK,--,1:32:42 PM,12/29/2025,
607,60.6,gf,2.430,mm,OK,--,1:32:42 PM,12/29/2025,
608,60.7,gf,2.430,mm,OK,--,1:32:42 PM,12/29/2025,
609,60.7,gf,2.435,mm,OK,--,1:32:42 PM,12/29/2025,
610,60.7,gf,2.440,mm,OK,--,1:32:42 PM,12/29/2025,
611,60.7,gf,2.445,mm,OK,--,1:32:42 PM,12/29/2025,
612,60.8,gf,2.450,mm,OK,--,1:32:42 PM,12/29/2025,
613,60.8,gf,2.455,mm,OK,--,1:32:42 PM,12/29/2025,
614,60.8,gf,2.460,mm,OK,--,1:32:43 PM,12/29/2025,
615,60.8,gf,2.465,mm,OK,--,1:32:43 PM,12/29/2025,
616,60.9,gf,2.470,mm,OK,--,1:32:43 PM,12/29/2025,
617,60.9,gf,2.470,mm,OK,--,1:32:43 PM,12/29/2025,
618,60.9,gf,2.475,mm,OK,--,1:32:43 PM,12/29/2025,
619,60.9,gf,2.485,mm,OK,--,1:32:43 PM,12/29/2025,
620,60.8,gf,2.485,mm,OK,--,1:32:43 PM,12/29/2025,
621,60.8,gf,2.485,mm,OK,--,1:32:43 PM,12/29/2025,
622,61.1,gf,2.485,mm,OK,--,1:32:43 PM,12/29/2025,
623,61.0,gf,2.490,mm,OK,--,1:32:43 PM,12/29/2025,
624,61.0,gf,2.490,mm,OK,--,1:32:44 PM,12/29/2025,
625,61.0,gf,2.495,mm,OK,--,1:32:44 PM,12/29/2025,
626,61.0,gf,2.495,mm,OK,--,1:32:44 PM,12/29/2025,
627,61.0,gf,2.500,mm,OK,--,1:32:44 PM,12/29/2025,
628,61.0,gf,2.500,mm,OK,--,1:32:44 PM,12/29/2025,
629,61.0,gf,2.505,mm,OK,--,1:32:44 PM,12/29/2025,
630,61.2,gf,2.505,mm,OK,--,1:32:44 PM,12/29/2025,
631,61.2,gf,2.510,mm,OK,--,1:32:44 PM,12/29/2025,
632,61.2,gf,2.515,mm,OK,--,1:32:44 PM,12/29/2025,
633,61.2,gf,2.520,mm,OK,--,1:32:44 PM,12/29/2025,
634,61.2,gf,2.525,mm,OK,--,1:32:45 PM,12/29/2025,
635,61.2,gf,2.530,mm,OK,--,1:32:45 PM,12/29/2025,
636,61.2,gf,2.530,mm,OK,--,1:32:45 PM,12/29/2025,
637,61.2,gf,2.535,mm,OK,--,1:32:45 PM,12/29/2025,
638,61.2,gf,2.540,mm,OK,--,1:32:45 PM,12/29/2025,
639,61.2,gf,2.545,mm,OK,--,1:32:45 PM,12/29/2025,
640,61.3,gf,2.550,mm,OK,--,1:32:45 PM,12/29/2025,
641,61.3,gf,2.555,mm,OK,--,1:32:45 PM,12/29/2025,
642,61.3,gf,2.560,mm,OK,--,1:32:45 PM,12/29/2025,
643,61.3,gf,2.565,mm,OK,--,1:32:45 PM,12/29/2025,
644,61.4,gf,2.575,mm,OK,--,1:32:46 PM,12/29/2025,
645,61.4,gf,2.580,mm,OK,--,1:32:46 PM,12/29/2025,
646,61.5,gf,2.585,mm,OK,--,1:32:46 PM,12/29/2025,
647,61.6,gf,2.595,mm,OK,--,1:32:46 PM,12/29/2025,
648,61.7,gf,2.600,mm,OK,--,1:32:46 PM,12/29/2025,
649,61.7,gf,2.605,mm,OK,--,1:32:46 PM,12/29/2025,
650,61.8,gf,2.610,mm,OK,--,1:32:46 PM,12/29/2025,
651,61.8,gf,2.615,mm,OK,--,1:32:46 PM,12/29/2025,
652,61.8,gf,2.620,mm,OK,--,1:32:46 PM,12/29/2025,
653,61.8,gf,2.630,mm,OK,--,1:32:46 PM,12/29/2025,
654,61.8,gf,2.635,mm,OK,--,1:32:47 PM,12/29/2025,
655,61.9,gf,2.640,mm,OK,--,1:32:47 PM,12/29/2025,
656,62.0,gf,2.650,mm,OK,--,1:32:47 PM,12/29/2025,
657,62.0,gf,2.655,mm,OK,--,1:32:47 PM,12/29/2025,
658,62.0,gf,2.660,mm,OK,--,1:32:47 PM,12/29/2025,
659,62.0,gf,2.665,mm,OK,--,1:32:47 PM,12/29/2025,
660,62.0,gf,2.675,mm,OK,--,1:32:47 PM,12/29/2025,
661,62.0,gf,2.680,mm,OK,--,1:32:47 PM,12/29/2025,
662,62.1,gf,2.690,mm,OK,--,1:32:47 PM,12/29/2025,
663,62.2,gf,2.695,mm,OK,--,1:32:47 PM,12/29/2025,
664,62.2,gf,2.705,mm,OK,--,1:32:48 PM,12/29/2025,
665,62.2,gf,2.715,mm,OK,--,1:32:48 PM,12/29/2025,
666,62.3,gf,2.720,mm,OK,--,1:32:48 PM,12/29/2025,
667,62.3,gf,2.725,mm,OK,--,1:32:48 PM,12/29/2025,
668,62.4,gf,2.730,mm,OK,--,1:32:48 PM,12/29/2025,
669,62.4,gf,2.735,mm,OK,--,1:32:48 PM,12/29/2025,
670,62.4,gf,2.740,mm,OK,--,1:32:48 PM,12/29/2025,
671,62.5,gf,2.745,mm,OK,--,1:32:48 PM,12/29/2025,
672,62.5,gf,2.750,mm,OK,--,1:32:48 PM,12/29/2025,
673,62.5,gf,2.755,mm,OK,--,1:32:48 PM,12/29/2025,
674,62.6,gf,2.755,mm,OK,--,1:32:49 PM,12/29/2025,
675,62.6,gf,2.760,mm,OK,--,1:32:49 PM,12/29/2025,
676,62.6,gf,2.765,mm,OK,--,1:32:49 PM,12/29/2025,
677,62.6,gf,2.770,mm,OK,--,1:32:49 PM,12/29/2025,
678,62.7,gf,2.780,mm,OK,--,1:32:49 PM,12/29/2025,
679,62.7,gf,2.785,mm,OK,--,1:32:49 PM,12/29/2025,
680,62.8,gf,2.795,mm,OK,--,1:32:49 PM,12/29/2025,
681,62.8,gf,2.805,mm,OK,--,1:32:49 PM,12/29/2025,
682,62.8,gf,2.815,mm,OK,--,1:32:49 PM,12/29/2025,
683,62.9,gf,2.825,mm,OK,--,1:32:49 PM,12/29/2025,
684,63.0,gf,2.835,mm,OK,--,1:32:50 PM,12/29/2025,
685,63.0,gf,2.850,mm,OK,--,1:32:50 PM,12/29/2025,
686,63.0,gf,2.860,mm,OK,--,1:32:50 PM,12/29/2025,
687,63.0,gf,2.870,mm,OK,--,1:32:50 PM,12/29/2025,
688,63.2,gf,2.880,mm,OK,--,1:32:50 PM,12/29/2025,
689,63.4,gf,2.890,mm,OK,--,1:32:50 PM,12/29/2025,
690,63.6,gf,2.905,mm,OK,--,1:32:50 PM,12/29/2025,
691,63.7,gf,2.915,mm,OK,--,1:32:50 PM,12/29/2025,
692,63.7,gf,2.925,mm,OK,--,1:32:50 PM,12/29/2025,
693,63.8,gf,2.930,mm,OK,--,1:32:50 PM,12/29/2025,
694,63.9,gf,2.940,mm,OK,--,1:32:51 PM,12/29/2025,
695,64.0,gf,2.950,mm,OK,--,1:32:51 PM,12/29/2025,
696,64.0,gf,2.960,mm,OK,--,1:32:51 PM,12/29/2025,
697,64.1,gf,2.965,mm,OK,--,1:32:51 PM,12/29/2025,
698,64.1,gf,2.975,mm,OK,--,1:32:51 PM,12/29/2025,
699,64.1,gf,2.980,mm,OK,--,1:32:51 PM,12/29/2025,
700,64.2,gf,2.985,mm,OK,--,1:32:51 PM,12/29/2025,
701,64.3,gf,2.995,mm,OK,--,1:32:51 PM,12/29/2025,
702,64.3,gf,3.000,mm,OK,--,1:32:51 PM,12/29/2025,
703,64.4,gf,3.005,mm,OK,--,1:32:51 PM,12/29/2025,
704,64.4,gf,3.010,mm,OK,--,1:32:52 PM,12/29/2025,
705,64.4,gf,3.015,mm,OK,--,1:32:52 PM,12/29/2025,
706,64.4,gf,3.020,mm,OK,--,1:32:52 PM,12/29/2025,
707,64.5,gf,3.020,mm,OK,--,1:32:52 PM,12/29/2025,
708,64.5,gf,3.025,mm,OK,--,1:32:52 PM,12/29/2025,
709,64.5,gf,3.030,mm,OK,--,1:32:52 PM,12/29/2025,
710,64.5,gf,3.030,mm,OK,--,1:32:52 PM,12/29/2025,
711,64.6,gf,3.035,mm,OK,--,1:32:52 PM,12/29/2025,
712,64.6,gf,3.040,mm,OK,--,1:32:52 PM,12/29/2025,
713,64.6,gf,3.040,mm,OK,--,1:32:52 PM,12/29/2025,
714,64.6,gf,3.045,mm,OK,--,1:32:53 PM,12/29/2025,
715,64.6,gf,3.045,mm,OK,--,1:32:53 PM,12/29/2025,
716,64.7,gf,3.050,mm,OK,--,1:32:53 PM,12/29/2025,
717,64.7,gf,3.055,mm,OK,--,1:32:53 PM,12/29/2025,
718,64.7,gf,3.055,mm,OK,--,1:32:53 PM,12/29/2025,
719,64.7,gf,3.060,mm,OK,--,1:32:53 PM,12/29/2025,
720,64.8,gf,3.065,mm,OK,--,1:32:53 PM,12/29/2025,
721,64.8,gf,3.070,mm,OK,--,1:32:53 PM,12/29/2025,
722,64.9,gf,3.075,mm,OK,--,1:32:53 PM,12/29/2025,
723,64.9,gf,3.080,mm,OK,--,1:32:53 PM,12/29/2025,
724,65.0,gf,3.090,mm,OK,--,1:32:54 PM,12/29/2025,
725,65.1,gf,3.100,mm,OK,--,1:32:54 PM,12/29/2025,
726,65.1,gf,3.110,mm,OK,--,1:32:54 PM,12/29/2025,
727,65.1,gf,3.115,mm,OK,--,1:32:54 PM,12/29/2025,
728,65.2,gf,3.120,mm,OK,--,1:32:54 PM,12/29/2025,
729,65.2,gf,3.120,mm,OK,--,1:32:54 PM,12/29/2025,
730,65.3,gf,3.125,mm,OK,--,1:32:54 PM,12/29/2025,
731,65.3,gf,3.135,mm,OK,--,1:32:54 PM,12/29/2025,
732,65.3,gf,3.140,mm,OK,--,1:32:54 PM,12/29/2025,
733,65.4,gf,3.140,mm,OK,--,1:32:54 PM,12/29/2025,
734,65.3,gf,3.145,mm,OK,--,1:32:55 PM,12/29/2025,
735,65.4,gf,3.150,mm,OK,--,1:32:55 PM,12/29/2025,
736,65.4,gf,3.150,mm,OK,--,1:32:55 PM,12/29/2025,
737,65.4,gf,3.150,mm,OK,--,1:32:55 PM,12/29/2025,
738,65.4,gf,3.150,mm,OK,--,1:32:55 PM,12/29/2025,
739,65.4,gf,3.150,mm,OK,--,1:32:55 PM,12/29/2025,
740,65.4,gf,3.150,mm,OK,--,1:32:55 PM,12/29/2025,
741,65.4,gf,3.150,mm,OK,--,1:32:55 PM,12/29/2025,
742,65.4,gf,3.155,mm,OK,--,1:32:55 PM,12/29/2025,
743,65.4,gf,3.155,mm,OK,--,1:32:55 PM,12/29/2025,
744,65.5,gf,3.160,mm,OK,--,1:32:56 PM,12/29/2025,
745,65.4,gf,3.165,mm,OK,--,1:32:56 PM,12/29/2025,
746,65.5,gf,3.165,mm,OK,--,1:32:56 PM,12/29/2025,
747,65.5,gf,3.165,mm,OK,--,1:32:56 PM,12/29/2025,
748,65.5,gf,3.170,mm,OK,--,1:32:56 PM,12/29/2025,
749,65.5,gf,3.170,mm,OK,--,1:32:56 PM,12/29/2025,
750,65.5,gf,3.175,mm,OK,--,1:32:56 PM,12/29/2025,
751,65.6,gf,3.180,mm,OK,--,1:32:56 PM,12/29/2025,
752,65.5,gf,3.185,mm,OK,--,1:32:56 PM,12/29/2025,
753,65.5,gf,3.190,mm,OK,--,1:32:56 PM,12/29/2025,
754,65.6,gf,3.195,mm,OK,--,1:32:57 PM,12/29/2025,
755,65.6,gf,3.200,mm,OK,--,1:32:57 PM,12/29/2025,
756,65.6,gf,3.205,mm,OK,--,1:32:57 PM,12/29/2025,
757,65.6,gf,3.215,mm,OK,--,1:32:57 PM,12/29/2025,
758,65.7,gf,3.220,mm,OK,--,1:32:57 PM,12/29/2025,
759,65.7,gf,3.235,mm,OK,--,1:32:57 PM,12/29/2025,
760,65.8,gf,3.245,mm,OK,--,1:32:57 PM,12/29/2025,
761,65.8,gf,3.250,mm,OK,--,1:32:57 PM,12/29/2025,
762,65.9,gf,3.255,mm,OK,--,1:32:57 PM,12/29/2025,
763,65.9,gf,3.265,mm,OK,--,1:32:57 PM,12/29/2025,
764,66.0,gf,3.275,mm,OK,--,1:32:58 PM,12/29/2025,
765,66.0,gf,3.280,mm,OK,--,1:32:58 PM,12/29/2025,
766,66.1,gf,3.285,mm,OK,--,1:32:58 PM,12/29/2025,
767,66.1,gf,3.290,mm,OK,--,1:32:58 PM,12/29/2025,
768,66.1,gf,3.295,mm,OK,--,1:32:58 PM,12/29/2025,
769,66.1,gf,3.295,mm,OK,--,1:32:58 PM,12/29/2025,
770,66.2,gf,3.300,mm,OK,--,1:32:58 PM,12/29/2025,
771,66.1,gf,3.305,mm,OK,--,1:32:58 PM,12/29/2025,
772,66.1,gf,3.305,mm,OK,--,1:32:58 PM,12/29/2025,
773,66.1,gf,3.310,mm,OK,--,1:32:58 PM,12/29/2025,
774,66.2,gf,3.310,mm,OK,--,1:32:59 PM,12/29/2025,
775,66.2,gf,3.315,mm,OK,--,1:32:59 PM,12/29/2025,
776,66.2,gf,3.320,mm,OK,--,1:32:59 PM,12/29/2025,
777,66.2,gf,3.320,mm,OK,--,1:32:59 PM,12/29/2025,
778,66.2,gf,3.325,mm,OK,--,1:32:59 PM,12/29/2025,
779,66.2,gf,3.325,mm,OK,--,1:32:59 PM,12/29/2025,
780,66.2,gf,3.330,mm,OK,--,1:32:59 PM,12/29/2025,
781,66.2,gf,3.335,mm,OK,--,1:32:59 PM,12/29/2025,
782,66.3,gf,3.340,mm,OK,--,1:32:59 PM,12/29/2025,
783,66.3,gf,3.345,mm,OK,--,1:32:59 PM,12/29/2025,
784,66.3,gf,3.350,mm,OK,--,1:33:00 PM,12/29/2025,
785,66.4,gf,3.355,mm,OK,--,1:33:00 PM,12/29/2025,
786,66.4,gf,3.355,mm,OK,--,1:33:00 PM,12/29/2025,
787,66.4,gf,3.360,mm,OK,--,1:33:00 PM,12/29/2025,
788,66.4,gf,3.365,mm,OK,--,1:33:00 PM,12/29/2025,
789,66.4,gf,3.365,mm,OK,--,1:33:00 PM,12/29/2025,
790,66.4,gf,3.365,mm,OK,--,1:33:00 PM,12/29/2025,
791,66.4,gf,3.370,mm,OK,--,1:33:00 PM,12/29/2025,
792,66.4,gf,3.370,mm,OK,--,1:33:00 PM,12/29/2025,
793,66.5,gf,3.375,mm,OK,--,1:33:00 PM,12/29/2025,
794,66.5,gf,3.375,mm,OK,--,1:33:01 PM,12/29/2025,
795,66.5,gf,3.375,mm,OK,--,1:33:01 PM,12/29/2025,
796,66.5,gf,3.380,mm,OK,--,1:33:01 PM,12/29/2025,
797,66.5,gf,3.380,mm,OK,--,1:33:01 PM,12/29/2025,
798,66.5,gf,3.385,mm,OK,--,1:33:01 PM,12/29/2025,
799,66.5,gf,3.385,mm,OK,--,1:33:01 PM,12/29/2025,
800,66.5,gf,3.390,mm,OK,--,1:33:01 PM,12/29/2025,
801,66.5,gf,3.390,mm,OK,--,1:33:01 PM,12/29/2025,
802,66.5,gf,3.395,mm,OK,--,1:33:01 PM,12/29/2025,
803,66.6,gf,3.395,mm,OK,--,1:33:01 PM,12/29/2025,
804,66.6,gf,3.400,mm,OK,--,1:33:02 PM,12/29/2025,
805,66.6,gf,3.400,mm,OK,--,1:33:02 PM,12/29/2025,
806,66.6,gf,3.400,mm,OK,--,1:33:02 PM,12/29/2025,
807,66.6,gf,3.405,mm,OK,--,1:33:02 PM,12/29/2025,
808,66.6,gf,3.405,mm,OK,--,1:33:02 PM,12/29/2025,
809,66.6,gf,3.405,mm,OK,--,1:33:02 PM,12/29/2025,
810,66.6,gf,3.410,mm,OK,--,1:33:02 PM,12/29/2025,
811,66.7,gf,3.410,mm,OK,--,1:33:02 PM,12/29/2025,
812,66.7,gf,3.415,mm,OK,--,1:33:02 PM,12/29/2025,
813,66.7,gf,3.420,mm,OK,--,1:33:02 PM,12/29/2025,
814,66.7,gf,3.420,mm,OK,--,1:33:03 PM,12/29/2025,
815,66.7,gf,3.425,mm,OK,--,1:33:03 PM,12/29/2025,
816,66.8,gf,3.430,mm,OK,--,1:33:03 PM,12/29/2025,
817,66.8,gf,3.435,mm,OK,--,1:33:03 PM,12/29/2025,
818,66.8,gf,3.440,mm,OK,--,1:33:03 PM,12/29/2025,
819,66.8,gf,3.445,mm,OK,--,1:33:03 PM,12/29/2025,
820,66.8,gf,3.450,mm,OK,--,1:33:03 PM,12/29/2025,
821,66.9,gf,3.455,mm,OK,--,1:33:03 PM,12/29/2025,
822,66.9,gf,3.460,mm,OK,--,1:33:03 PM,12/29/2025,
823,66.9,gf,3.465,mm,OK,--,1:33:03 PM,12/29/2025,
824,66.9,gf,3.470,mm,OK,--,1:33:04 PM,12/29/2025,
825,66.9,gf,3.475,mm,OK,--,1:33:04 PM,12/29/2025,
826,66.9,gf,3.475,mm,OK,--,1:33:04 PM,12/29/2025,
827,67.0,gf,3.485,mm,OK,--,1:33:04 PM,12/29/2025,
828,67.0,gf,3.490,mm,OK,--,1:33:04 PM,12/29/2025,
829,67.0,gf,3.495,mm,OK,--,1:33:04 PM,12/29/2025,
830,67.0,gf,3.495,mm,OK,--,1:33:04 PM,12/29/2025,
831,67.1,gf,3.500,mm,OK,--,1:33:04 PM,12/29/2025,
832,67.1,gf,3.505,mm,OK,--,1:33:04 PM,12/29/2025,
833,67.1,gf,3.505,mm,OK,--,1:33:04 PM,12/29/2025,
834,67.1,gf,3.510,mm,OK,--,1:33:05 PM,12/29/2025,
835,67.2,gf,3.515,mm,OK,--,1:33:05 PM,12/29/2025,
836,67.2,gf,3.515,mm,OK,--,1:33:05 PM,12/29/2025,
837,67.2,gf,3.520,mm,OK,--,1:33:05 PM,12/29/2025,
838,67.2,gf,3.525,mm,OK,--,1:33:05 PM,12/29/2025,
839,67.2,gf,3.525,mm,OK,--,1:33:05 PM,12/29/2025,
840,67.2,gf,3.530,mm,OK,--,1:33:05 PM,12/29/2025,
841,67.2,gf,3.530,mm,OK,--,1:33:05 PM,12/29/2025,
842,67.3,gf,3.535,mm,OK,--,1:33:05 PM,12/29/2025,
843,67.2,gf,3.535,mm,OK,--,1:33:05 PM,12/29/2025,
844,67.3,gf,3.540,mm,OK,--,1:33:06 PM,12/29/2025,
845,67.3,gf,3.540,mm,OK,--,1:33:06 PM,12/29/2025,
846,67.3,gf,3.545,mm,OK,--,1:33:06 PM,12/29/2025,
847,67.3,gf,3.545,mm,OK,--,1:33:06 PM,12/29/2025,
848,67.3,gf,3.550,mm,OK,--,1:33:06 PM,12/29/2025,
849,67.3,gf,3.550,mm,OK,--,1:33:06 PM,12/29/2025,
850,67.3,gf,3.555,mm,OK,--,1:33:06 PM,12/29/2025,
851,67.3,gf,3.555,mm,OK,--,1:33:06 PM,12/29/2025,
852,67.3,gf,3.560,mm,OK,--,1:33:06 PM,12/29/2025,
853,67.4,gf,3.560,mm,OK,--,1:33:06 PM,12/29/2025,
854,67.4,gf,3.565,mm,OK,--,1:33:07 PM,12/29/2025,
855,67.4,gf,3.570,mm,OK,--,1:33:07 PM,12/29/2025,
856,67.4,gf,3.575,mm,OK,--,1:33:07 PM,12/29/2025,
857,67.5,gf,3.580,mm,OK,--,1:33:07 PM,12/29/2025,
858,67.5,gf,3.585,mm,OK,--,1:33:07 PM,12/29/2025,
859,67.6,gf,3.590,mm,OK,--,1:33:07 PM,12/29/2025,
860,67.6,gf,3.595,mm,OK,--,1:33:07 PM,12/29/2025,
861,67.6,gf,3.600,mm,OK,--,1:33:07 PM,12/29/2025,
862,67.6,gf,3.610,mm,OK,--,1:33:07 PM,12/29/2025,
863,67.7,gf,3.615,mm,OK,--,1:33:07 PM,12/29/2025,
864,67.7,gf,3.620,mm,OK,--,1:33:08 PM,12/29/2025,
865,67.7,gf,3.625,mm,OK,--,1:33:08 PM,12/29/2025,
866,67.7,gf,3.625,mm,OK,--,1:33:08 PM,12/29/2025,
867,67.8,gf,3.630,mm,OK,--,1:33:08 PM,12/29/2025,
868,67.8,gf,3.635,mm,OK,--,1:33:08 PM,12/29/2025,
869,67.8,gf,3.635,mm,OK,--,1:33:08 PM,12/29/2025,
870,67.8,gf,3.640,mm,OK,--,1:33:08 PM,12/29/2025,
871,67.8,gf,3.645,mm,OK,--,1:33:08 PM,12/29/2025,
872,67.8,gf,3.645,mm,OK,--,1:33:08 PM,12/29/2025,
873,67.8,gf,3.650,mm,OK,--,1:33:08 PM,12/29/2025,
874,67.8,gf,3.650,mm,OK,--,1:33:09 PM,12/29/2025,
875,67.8,gf,3.655,mm,OK,--,1:33:09 PM,12/29/2025,
876,67.9,gf,3.660,mm,OK,--,1:33:09 PM,12/29/2025,
877,67.9,gf,3.670,mm,OK,--,1:33:09 PM,12/29/2025,
878,67.9,gf,3.675,mm,OK,--,1:33:09 PM,12/29/2025,
879,68.0,gf,3.680,mm,OK,--,1:33:09 PM,12/29/2025,
880,68.0,gf,3.685,mm,OK,--,1:33:09 PM,12/29/2025,
881,68.0,gf,3.690,mm,OK,--,1:33:09 PM,12/29/2025,
882,68.1,gf,3.695,mm,OK,--,1:33:09 PM,12/29/2025,
883,68.1,gf,3.700,mm,OK,--,1:33:09 PM,12/29/2025,
884,68.2,gf,3.705,mm,OK,--,1:33:10 PM,12/29/2025,
885,68.2,gf,3.710,mm,OK,--,1:33:10 PM,12/29/2025,
886,70.9,gf,3.715,mm,OK,--,1:33:10 PM,12/29/2025,
887,75.1,gf,3.720,mm,OK,--,1:33:10 PM,12/29/2025,
888,80.0,gf,3.725,mm,OK,--,1:33:10 PM,12/29/2025,
889,84.8,gf,3.730,mm,OK,--,1:33:10 PM,12/29/2025,
890,88.9,gf,3.730,mm,OK,--,1:33:10 PM,12/29/2025,
891,91.9,gf,3.735,mm,OK,--,1:33:10 PM,12/29/2025,
892,95.3,gf,3.740,mm,OK,--,1:33:10 PM,12/29/2025,
893,99.3,gf,3.740,mm,OK,--,1:33:10 PM,12/29/2025,
894,102.9,gf,3.745,mm,OK,--,1:33:11 PM,12/29/2025,
895,106.2,gf,3.750,mm,OK,--,1:33:11 PM,12/29/2025,
896,108.6,gf,3.750,mm,OK,--,1:33:11 PM,12/29/2025,
897,110.8,gf,3.755,mm,OK,--,1:33:11 PM,12/29/2025,
898,112.9,gf,3.755,mm,OK,--,1:33:11 PM,12/29/2025,
899,115.2,gf,3.760,mm,OK,--,1:33:11 PM,12/29/2025,
900,117.1,gf,3.760,mm,OK,--,1:33:11 PM,12/29/2025,
901,119.4,gf,3.760,mm,OK,--,1:33:11 PM,12/29/2025,
902,121.8,gf,3.765,mm,OK,--,1:33:11 PM,12/29/2025,
903,124.3,gf,3.765,mm,OK,--,1:33:11 PM,12/29/2025,
904,126.6,gf,3.770,mm,OK,--,1:33:12 PM,12/29/2025,
905,129.1,gf,3.770,mm,OK,--,1:33:12 PM,12/29/2025,
906,131.5,gf,3.775,mm,OK,--,1:33:12 PM,12/29/2025,
907,133.9,gf,3.775,mm,OK,--,1:33:12 PM,12/29/2025,
908,136.0,gf,3.780,mm,OK,--,1:33:12 PM,12/29/2025,
909,138.1,gf,3.785,mm,OK,--,1:33:12 PM,12/29/2025,
910,140.1,gf,3.785,mm,OK,--,1:33:12 PM,12/29/2025,
911,141.8,gf,3.785,mm,OK,--,1:33:12 PM,12/29/2025,
912,143.4,gf,3.790,mm,OK,--,1:33:12 PM,12/29/2025,
913,145.4,gf,3.790,mm,OK,--,1:33:12 PM,12/29/2025,
914,147.3,gf,3.790,mm,OK,--,1:33:13 PM,12/29/2025,
915,149.3,gf,3.795,mm,OK,--,1:33:13 PM,12/29/2025,
916,151.3,gf,3.795,mm,OK,--,1:33:13 PM,12/29/2025,
917,153.4,gf,3.800,mm,OK,--,1:33:13 PM,12/29/2025,
918,155.8,gf,3.800,mm,OK,--,1:33:13 PM,12/29/2025,
919,158.1,gf,3.805,mm,OK,--,1:33:13 PM,12/29/2025,
920,160.3,gf,3.805,mm,OK,--,1:33:13 PM,12/29/2025,
921,162.2,gf,3.810,mm,OK,--,1:33:13 PM,12/29/2025,
922,164.2,gf,3.810,mm,OK,--,1:33:13 PM,12/29/2025,
923,166.4,gf,3.810,mm,OK,--,1:33:13 PM,12/29/2025,
924,169.1,gf,3.815,mm,OK,--,1:33:13 PM,12/29/2025,
925,171.6,gf,3.820,mm,OK,--,1:33:14 PM,12/29/2025,
926,173.9,gf,3.820,mm,OK,--,1:33:14 PM,12/29/2025,
927,176.2,gf,3.825,mm,OK,--,1:33:14 PM,12/29/2025,
928,178.2,gf,3.825,mm,OK,--,1:33:14 PM,12/29/2025,
929,180.4,gf,3.825,mm,OK,--,1:33:14 PM,12/29/2025,
930,182.7,gf,3.830,mm,OK,--,1:33:14 PM,12/29/2025,
931,185.0,gf,3.830,mm,OK,--,1:33:14 PM,12/29/2025,
932,187.2,gf,3.835,mm,OK,--,1:33:14 PM,12/29/2025,
933,189.2,gf,3.835,mm,OK,--,1:33:14 PM,12/29/2025,
934,190.6,gf,3.835,mm,OK,--,1:33:14 PM,12/29/2025,
935,192.0,gf,3.840,mm,OK,--,1:33:15 PM,12/29/2025,
936,192.8,gf,3.840,mm,OK,--,1:33:15 PM,12/29/2025,
937,193.1,gf,3.840,mm,OK,--,1:33:15 PM,12/29/2025,
938,192.9,gf,3.840,mm,OK,--,1:33:15 PM,12/29/2025,
939,193.0,gf,3.840,mm,OK,--,1:33:15 PM,12/29/2025,
940,192.9,gf,3.840,mm,OK,--,1:33:15 PM,12/29/2025,
941,192.8,gf,3.840,mm,OK,--,1:33:15 PM,12/29/2025,
942,192.7,gf,3.840,mm,OK,--,1:33:15 PM,12/29/2025,
943,192.6,gf,3.840,mm,OK,--,1:33:15 PM,12/29/2025,
944,192.7,gf,3.840,mm,OK,--,1:33:15 PM,12/29/2025,
945,192.6,gf,3.840,mm,OK,--,1:33:16 PM,12/29/2025,
946,192.6,gf,3.840,mm,OK,--,1:33:16 PM,12/29/2025,
947,192.6,gf,3.840,mm,OK,--,1:33:16 PM,12/29/2025,
948,192.6,gf,3.840,mm,OK,--,1:33:16 PM,12/29/2025,
949,192.6,gf,3.840,mm,OK,--,1:33:16 PM,12/29/2025,
950,192.5,gf,3.840,mm,OK,--,1:33:16 PM,12/29/2025,
951,192.5,gf,3.840,mm,OK,--,1:33:16 PM,12/29/2025,
952,192.2,gf,3.840,mm,OK,--,1:33:16 PM,12/29/2025,
953,192.0,gf,3.840,mm,OK,--,1:33:16 PM,12/29/2025,
954,191.7,gf,3.840,mm,OK,--,1:33:16 PM,12/29/2025,
955,191.7,gf,3.840,mm,OK,--,1:33:17 PM,12/29/2025,
956,191.5,gf,3.840,mm,OK,--,1:33:17 PM,12/29/2025,
957,191.4,gf,3.840,mm,OK,--,1:33:17 PM,12/29/2025,
958,191.0,gf,3.840,mm,OK,--,1:33:17 PM,12/29/2025,
959,190.7,gf,3.840,mm,OK,--,1:33:17 PM,12/29/2025,
960,190.3,gf,3.840,mm,OK,--,1:33:17 PM,12/29/2025,
961,189.7,gf,3.840,mm,OK,--,1:33:17 PM,12/29/2025,
962,189.5,gf,3.840,mm,OK,--,1:33:17 PM,12/29/2025,
963,189.4,gf,3.840,mm,OK,--,1:33:17 PM,12/29/2025,
964,189.3,gf,3.840,mm,OK,--,1:33:17 PM,12/29/2025,
965,189.2,gf,3.840,mm,OK,--,1:33:18 PM,12/29/2025,
966,189.1,gf,3.840,mm,OK,--,1:33:18 PM,12/29/2025,
967,188.9,gf,3.840,mm,OK,--,1:33:18 PM,12/29/2025,
968,188.5,gf,3.840,mm,OK,--,1:33:18 PM,12/29/2025,
969,188.0,gf,3.835,mm,OK,--,1:33:18 PM,12/29/2025,
970,187.5,gf,3.835,mm,OK,--,1:33:18 PM,12/29/2025,
971,186.8,gf,3.835,mm,OK,--,1:33:18 PM,12/29/2025,
972,186.0,gf,3.835,mm,OK,--,1:33:18 PM,12/29/2025,
973,185.7,gf,3.835,mm,OK,--,1:33:18 PM,12/29/2025,
974,185.2,gf,3.835,mm,OK,--,1:33:18 PM,12/29/2025,
975,184.6,gf,3.835,mm,OK,--,1:33:19 PM,12/29/2025,
976,183.8,gf,3.835,mm,OK,--,1:33:19 PM,12/29/2025,
977,182.9,gf,3.830,mm,OK,--,1:33:19 PM,12/29/2025,
978,181.9,gf,3.830,mm,OK,--,1:33:19 PM,12/29/2025,
979,181.0,gf,3.830,mm,OK,--,1:33:19 PM,12/29/2025,
980,180.1,gf,3.830,mm,OK,--,1:33:19 PM,12/29/2025,
981,179.0,gf,3.830,mm,OK,--,1:33:19 PM,12/29/2025,
982,177.7,gf,3.830,mm,OK,--,1:33:19 PM,12/29/2025,
983,176.7,gf,3.825,mm,OK,--,1:33:19 PM,12/29/2025,
984,175.9,gf,3.825,mm,OK,--,1:33:19 PM,12/29/2025,
985,175.3,gf,3.825,mm,OK,--,1:33:20 PM,12/29/2025,
986,174.7,gf,3.825,mm,OK,--,1:33:20 PM,12/29/2025,
987,174.0,gf,3.825,mm,OK,--,1:33:20 PM,12/29/2025,
988,173.3,gf,3.825,mm,OK,--,1:33:20 PM,12/29/2025,
989,172.6,gf,3.825,mm,OK,--,1:33:20 PM,12/29/2025,
990,171.5,gf,3.820,mm,OK,--,1:33:20 PM,12/29/2025,
991,170.7,gf,3.820,mm,OK,--,1:33:20 PM,12/29/2025,
992,170.0,gf,3.820,mm,OK,--,1:33:20 PM,12/29/2025,
993,169.2,gf,3.820,mm,OK,--,1:33:20 PM,12/29/2025,
994,168.3,gf,3.820,mm,OK,--,1:33:20 PM,12/29/2025,
995,167.4,gf,3.820,mm,OK,--,1:33:21 PM,12/29/2025,
996,166.7,gf,3.820,mm,OK,--,1:33:21 PM,12/29/2025,
997,165.9,gf,3.815,mm,OK,--,1:33:21 PM,12/29/2025,
998,165.3,gf,3.815,mm,OK,--,1:33:21 PM,12/29/2025,
999,164.8,gf,3.815,mm,OK,--,1:33:21 PM,12/29/2025,
1000,164.5,gf,3.815,mm,OK,--,1:33:21 PM,12/29/2025,
1001,164.2,gf,3.815,mm,OK,--,1:33:21 PM,12/29/2025,
1002,163.7,gf,3.815,mm,OK,--,1:33:21 PM,12/29/2025,
1003,163.2,gf,3.815,mm,OK,--,1:33:21 PM,12/29/2025,
1004,162.5,gf,3.815,mm,OK,--,1:33:21 PM,12/29/2025,
1005,162.2,gf,3.815,mm,OK,--,1:33:22 PM,12/29/2025,
1006,161.7,gf,3.815,mm,OK,--,1:33:22 PM,12/29/2025,
1007,161.1,gf,3.810,mm,OK,--,1:33:22 PM,12/29/2025,
1008,160.5,gf,3.810,mm,OK,--,1:33:22 PM,12/29/2025,
1009,159.9,gf,3.810,mm,OK,--,1:33:22 PM,12/29/2025,
1010,159.5,gf,3.810,mm,OK,--,1:33:22 PM,12/29/2025,
1011,158.9,gf,3.810,mm,OK,--,1:33:22 PM,12/29/2025,
1012,158.5,gf,3.810,mm,OK,--,1:33:22 PM,12/29/2025,
1013,158.1,gf,3.810,mm,OK,--,1:33:22 PM,12/29/2025,
1014,157.7,gf,3.810,mm,OK,--,1:33:22 PM,12/29/2025,
1015,157.4,gf,3.810,mm,OK,--,1:33:23 PM,12/29/2025,
1016,156.9,gf,3.810,mm,OK,--,1:33:23 PM,12/29/2025,
1017,156.3,gf,3.810,mm,OK,--,1:33:23 PM,12/29/2025,
1018,155.8,gf,3.805,mm,OK,--,1:33:23 PM,12/29/2025,
1019,155.4,gf,3.805,mm,OK,--,1:33:23 PM,12/29/2025,
1020,155.0,gf,3.805,mm,OK,--,1:33:23 PM,12/29/2025,
1021,154.5,gf,3.805,mm,OK,--,1:33:23 PM,12/29/2025,
1022,154.1,gf,3.805,mm,OK,--,1:33:23 PM,12/29/2025,
1023,153.7,gf,3.805,mm,OK,--,1:33:23 PM,12/29/2025,
1024,153.2,gf,3.805,mm,OK,--,1:33:23 PM,12/29/2025,
1025,152.8,gf,3.805,mm,OK,--,1:33:24 PM,12/29/2025,
1026,152.2,gf,3.805,mm,OK,--,1:33:24 PM,12/29/2025,
1027,151.6,gf,3.805,mm,OK,--,1:33:24 PM,12/29/2025,
1028,151.0,gf,3.800,mm,OK,--,1:33:24 PM,12/29/2025,
1029,150.2,gf,3.800,mm,OK,--,1:33:24 PM,12/29/2025,
1030,149.5,gf,3.800,mm,OK,--,1:33:24 PM,12/29/2025,
1031,148.9,gf,3.800,mm,OK,--,1:33:24 PM,12/29/2025,
1032,148.5,gf,3.800,mm,OK,--,1:33:24 PM,12/29/2025,
1033,147.9,gf,3.800,mm,OK,--,1:33:24 PM,12/29/2025,
1034,147.2,gf,3.800,mm,OK,--,1:33:24 PM,12/29/2025,
1035,146.2,gf,3.800,mm,OK,--,1:33:25 PM,12/29/2025,
1036,145.5,gf,3.795,mm,OK,--,1:33:25 PM,12/29/2025,
1037,144.8,gf,3.795,mm,OK,--,1:33:25 PM,12/29/2025,
1038,143.8,gf,3.795,mm,OK,--,1:33:25 PM,12/29/2025,
1039,142.9,gf,3.795,mm,OK,--,1:33:25 PM,12/29/2025,
1040,141.7,gf,3.795,mm,OK,--,1:33:25 PM,12/29/2025,
1041,139.9,gf,3.790,mm,OK,--,1:33:25 PM,12/29/2025,
1042,137.4,gf,3.790,mm,OK,--,1:33:25 PM,12/29/2025,
1043,135.1,gf,3.785,mm,OK,--,1:33:25 PM,12/29/2025,
1044,132.8,gf,3.785,mm,OK,--,1:33:25 PM,12/29/2025,
1045,130.9,gf,3.780,mm,OK,--,1:33:26 PM,12/29/2025,
1046,127.2,gf,3.780,mm,OK,--,1:33:26 PM,12/29/2025,
1047,124.0,gf,3.775,mm,OK,--,1:33:26 PM,12/29/2025,
1048,121.0,gf,3.770,mm,OK,--,1:33:26 PM,12/29/2025,
1049,118.3,gf,3.770,mm,OK,--,1:33:26 PM,12/29/2025,
1050,115.7,gf,3.765,mm,OK,--,1:33:26 PM,12/29/2025,
1051,113.3,gf,3.765,mm,OK,--,1:33:26 PM,12/29/2025,
1052,111.3,gf,3.765,mm,OK,--,1:33:26 PM,12/29/2025,
1053,109.0,gf,3.760,mm,OK,--,1:33:26 PM,12/29/2025,
1054,106.7,gf,3.760,mm,OK,--,1:33:26 PM,12/29/2025,
1055,104.8,gf,3.755,mm,OK,--,1:33:27 PM,12/29/2025,
1056,103.2,gf,3.755,mm,OK,--,1:33:27 PM,12/29/2025,
1057,101.6,gf,3.755,mm,OK,--,1:33:27 PM,12/29/2025,
1058,100.5,gf,3.750,mm,OK,--,1:33:27 PM,12/29/2025,
1059,99.5,gf,3.750,mm,OK,--,1:33:27 PM,12/29/2025,
1060,98.3,gf,3.750,mm,OK,--,1:33:27 PM,12/29/2025,
1061,97.2,gf,3.750,mm,OK,--,1:33:27 PM,12/29/2025,
1062,96.2,gf,3.750,mm,OK,--,1:33:27 PM,12/29/2025,
1063,95.6,gf,3.745,mm,OK,--,1:33:27 PM,12/29/2025,
1064,95.1,gf,3.745,mm,OK,--,1:33:27 PM,12/29/2025,
1065,94.0,gf,3.745,mm,OK,--,1:33:28 PM,12/29/2025,
1066,92.6,gf,3.745,mm,OK,--,1:33:28 PM,12/29/2025,
1067,91.3,gf,3.745,mm,OK,--,1:33:28 PM,12/29/2025,
1068,89.9,gf,3.740,mm,OK,--,1:33:28 PM,12/29/2025,
1069,88.4,gf,3.740,mm,OK,--,1:33:28 PM,12/29/2025,
1070,86.9,gf,3.740,mm,OK,--,1:33:28 PM,12/29/2025,
1071,85.4,gf,3.735,mm,OK,--,1:33:28 PM,12/29/2025,
1072,83.4,gf,3.735,mm,OK,--,1:33:28 PM,12/29/2025,
1073,80.7,gf,3.730,mm,OK,--,1:33:28 PM,12/29/2025,
1074,78.0,gf,3.730,mm,OK,--,1:33:28 PM,12/29/2025,
1075,75.5,gf,3.725,mm,OK,--,1:33:29 PM,12/29/2025,
1076,73.0,gf,3.725,mm,OK,--,1:33:29 PM,12/29/2025,
1077,70.0,gf,3.720,mm,OK,--,1:33:29 PM,12/29/2025,
1078,67.5,gf,3.720,mm,OK,--,1:33:29 PM,12/29/2025,
1079,67.5,gf,3.715,mm,OK,--,1:33:29 PM,12/29/2025,
1080,67.5,gf,3.710,mm,OK,--,1:33:29 PM,12/29/2025,
1081,67.4,gf,3.710,mm,OK,--,1:33:29 PM,12/29/2025,
1082,67.4,gf,3.705,mm,OK,--,1:33:29 PM,12/29/2025,
1083,67.4,gf,3.700,mm,OK,--,1:33:29 PM,12/29/2025,
1084,67.4,gf,3.695,mm,OK,--,1:33:29 PM,12/29/2025,
1085,67.3,gf,3.695,mm,OK,--,1:33:30 PM,12/29/2025,
1086,67.3,gf,3.690,mm,OK,--,1:33:30 PM,12/29/2025,
1087,67.3,gf,3.685,mm,OK,--,1:33:30 PM,12/29/2025,
1088,67.3,gf,3.680,mm,OK,--,1:33:30 PM,12/29/2025,
1089,67.2,gf,3.675,mm,OK,--,1:33:30 PM,12/29/2025,
1090,67.2,gf,3.670,mm,OK,--,1:33:30 PM,12/29/2025,
1091,67.2,gf,3.665,mm,OK,--,1:33:30 PM,12/29/2025,
1092,67.1,gf,3.665,mm,OK,--,1:33:30 PM,12/29/2025,
1093,67.1,gf,3.660,mm,OK,--,1:33:30 PM,12/29/2025,
1094,67.1,gf,3.655,mm,OK,--,1:33:30 PM,12/29/2025,
1095,67.1,gf,3.650,mm,OK,--,1:33:31 PM,12/29/2025,
1096,67.0,gf,3.645,mm,OK,--,1:33:31 PM,12/29/2025,
1097,67.0,gf,3.640,mm,OK,--,1:33:31 PM,12/29/2025,
1098,67.0,gf,3.640,mm,OK,--,1:33:31 PM,12/29/2025,
1099,67.0,gf,3.635,mm,OK,--,1:33:31 PM,12/29/2025,
1100,67.0,gf,3.630,mm,OK,--,1:33:31 PM,12/29/2025,
1101,66.9,gf,3.625,mm,OK,--,1:33:31 PM,12/29/2025,
1102,66.9,gf,3.620,mm,OK,--,1:33:31 PM,12/29/2025,
1103,66.9,gf,3.620,mm,OK,--,1:33:31 PM,12/29/2025,
1104,66.9,gf,3.615,mm,OK,--,1:33:31 PM,12/29/2025,
1105,66.9,gf,3.610,mm,OK,--,1:33:32 PM,12/29/2025,
1106,66.9,gf,3.610,mm,OK,--,1:33:32 PM,12/29/2025,
1107,66.8,gf,3.605,mm,OK,--,1:33:32 PM,12/29/2025,
1108,66.8,gf,3.600,mm,OK,--,1:33:32 PM,12/29/2025,
1109,66.8,gf,3.595,mm,OK,--,1:33:32 PM,12/29/2025,
1110,66.8,gf,3.595,mm,OK,--,1:33:32 PM,12/29/2025,
1111,66.8,gf,3.595,mm,OK,--,1:33:32 PM,12/29/2025,
1112,66.8,gf,3.590,mm,OK,--,1:33:32 PM,12/29/2025,
1113,66.8,gf,3.590,mm,OK,--,1:33:32 PM,12/29/2025,
1114,66.7,gf,3.585,mm,OK,--,1:33:32 PM,12/29/2025,
1115,66.7,gf,3.585,mm,OK,--,1:33:33 PM,12/29/2025,
1116,66.7,gf,3.580,mm,OK,--,1:33:33 PM,12/29/2025,
1117,66.7,gf,3.575,mm,OK,--,1:33:33 PM,12/29/2025,
1118,66.7,gf,3.570,mm,OK,--,1:33:33 PM,12/29/2025,
1119,66.6,gf,3.565,mm,OK,--,1:33:33 PM,12/29/2025,
1120,66.6,gf,3.560,mm,OK,--,1:33:33 PM,12/29/2025,
1121,66.5,gf,3.550,mm,OK,--,1:33:33 PM,12/29/2025,
1122,66.5,gf,3.545,mm,OK,--,1:33:33 PM,12/29/2025,
1123,66.5,gf,3.535,mm,OK,--,1:33:33 PM,12/29/2025,
1124,66.5,gf,3.525,mm,OK,--,1:33:33 PM,12/29/2025,
1125,66.4,gf,3.520,mm,OK,--,1:33:34 PM,12/29/2025,
1126,66.3,gf,3.510,mm,OK,--,1:33:34 PM,12/29/2025,
1127,66.2,gf,3.500,mm,OK,--,1:33:34 PM,12/29/2025,
1128,66.2,gf,3.495,mm,OK,--,1:33:34 PM,12/29/2025,
1129,66.1,gf,3.485,mm,OK,--,1:33:34 PM,12/29/2025,
1130,66.1,gf,3.480,mm,OK,--,1:33:34 PM,12/29/2025,
1131,66.1,gf,3.465,mm,OK,--,1:33:34 PM,12/29/2025,
1132,66.0,gf,3.455,mm,OK,--,1:33:34 PM,12/29/2025,
1133,65.9,gf,3.445,mm,OK,--,1:33:34 PM,12/29/2025,
1134,65.9,gf,3.435,mm,OK,--,1:33:34 PM,12/29/2025,
1135,65.8,gf,3.425,mm,OK,--,1:33:35 PM,12/29/2025,
1136,65.8,gf,3.410,mm,OK,--,1:33:35 PM,12/29/2025,
1137,65.7,gf,3.405,mm,OK,--,1:33:35 PM,12/29/2025,
1138,65.6,gf,3.395,mm,OK,--,1:33:35 PM,12/29/2025,
1139,65.6,gf,3.385,mm,OK,--,1:33:35 PM,12/29/2025,
1140,65.6,gf,3.375,mm,OK,--,1:33:35 PM,12/29/2025,
1141,65.5,gf,3.365,mm,OK,--,1:33:35 PM,12/29/2025,
1142,65.5,gf,3.355,mm,OK,--,1:33:35 PM,12/29/2025,
1143,65.4,gf,3.340,mm,OK,--,1:33:35 PM,12/29/2025,
1144,65.2,gf,3.330,mm,OK,--,1:33:35 PM,12/29/2025,
1145,65.1,gf,3.320,mm,OK,--,1:33:36 PM,12/29/2025,
1146,65.1,gf,3.315,mm,OK,--,1:33:36 PM,12/29/2025,
1147,65.0,gf,3.305,mm,OK,--,1:33:36 PM,12/29/2025,
1148,64.9,gf,3.300,mm,OK,--,1:33:36 PM,12/29/2025,
1149,64.9,gf,3.295,mm,OK,--,1:33:36 PM,12/29/2025,
1150,64.8,gf,3.285,mm,OK,--,1:33:36 PM,12/29/2025,
1151,64.8,gf,3.280,mm,OK,--,1:33:36 PM,12/29/2025,
1152,64.8,gf,3.275,mm,OK,--,1:33:36 PM,12/29/2025,
1153,64.7,gf,3.270,mm,OK,--,1:33:36 PM,12/29/2025,
1154,64.6,gf,3.260,mm,OK,--,1:33:36 PM,12/29/2025,
1155,64.4,gf,3.250,mm,OK,--,1:33:37 PM,12/29/2025,
1156,64.4,gf,3.240,mm,OK,--,1:33:37 PM,12/29/2025,
1157,64.4,gf,3.240,mm,OK,--,1:33:37 PM,12/29/2025,
1158,64.4,gf,3.235,mm,OK,--,1:33:37 PM,12/29/2025,
1159,64.4,gf,3.225,mm,OK,--,1:33:37 PM,12/29/2025,
1160,64.3,gf,3.220,mm,OK,--,1:33:37 PM,12/29/2025,
1161,64.1,gf,3.210,mm,OK,--,1:33:37 PM,12/29/2025,
1162,64.1,gf,3.200,mm,OK,--,1:33:37 PM,12/29/2025,
1163,64.0,gf,3.190,mm,OK,--,1:33:37 PM,12/29/2025,
1164,64.0,gf,3.180,mm,OK,--,1:33:37 PM,12/29/2025,
1165,63.8,gf,3.175,mm,OK,--,1:33:38 PM,12/29/2025,
1166,63.7,gf,3.165,mm,OK,--,1:33:38 PM,12/29/2025,
1167,63.6,gf,3.155,mm,OK,--,1:33:38 PM,12/29/2025,
1168,63.5,gf,3.145,mm,OK,--,1:33:38 PM,12/29/2025,
1169,63.3,gf,3.135,mm,OK,--,1:33:38 PM,12/29/2025,
1170,63.1,gf,3.125,mm,OK,--,1:33:38 PM,12/29/2025,
1171,62.9,gf,3.115,mm,OK,--,1:33:38 PM,12/29/2025,
1172,62.7,gf,3.105,mm,OK,--,1:33:38 PM,12/29/2025,
1173,62.4,gf,3.095,mm,OK,--,1:33:38 PM,12/29/2025,
1174,62.1,gf,3.080,mm,OK,--,1:33:38 PM,12/29/2025,
1175,61.9,gf,3.070,mm,OK,--,1:33:39 PM,12/29/2025,
1176,61.8,gf,3.065,mm,OK,--,1:33:39 PM,12/29/2025,
1177,61.7,gf,3.060,mm,OK,--,1:33:39 PM,12/29/2025,
1178,61.6,gf,3.060,mm,OK,--,1:33:39 PM,12/29/2025,
1179,61.5,gf,3.055,mm,OK,--,1:33:39 PM,12/29/2025,
1180,61.5,gf,3.050,mm,OK,--,1:33:39 PM,12/29/2025,
1181,61.4,gf,3.050,mm,OK,--,1:33:39 PM,12/29/2025,
1182,61.3,gf,3.045,mm,OK,--,1:33:39 PM,12/29/2025,
1183,61.3,gf,3.040,mm,OK,--,1:33:39 PM,12/29/2025,
1184,61.3,gf,3.035,mm,OK,--,1:33:39 PM,12/29/2025,
1185,61.2,gf,3.035,mm,OK,--,1:33:40 PM,12/29/2025,
1186,61.1,gf,3.030,mm,OK,--,1:33:40 PM,12/29/2025,
1187,61.0,gf,3.025,mm,OK,--,1:33:40 PM,12/29/2025,
1188,60.9,gf,3.020,mm,OK,--,1:33:40 PM,12/29/2025,
1189,60.8,gf,3.015,mm,OK,--,1:33:40 PM,12/29/2025,
1190,60.7,gf,3.010,mm,OK,--,1:33:40 PM,12/29/2025,
1191,60.7,gf,3.005,mm,OK,--,1:33:40 PM,12/29/2025,
1192,60.5,gf,2.995,mm,OK,--,1:33:40 PM,12/29/2025,
1193,60.4,gf,2.990,mm,OK,--,1:33:40 PM,12/29/2025,
1194,60.4,gf,2.980,mm,OK,--,1:33:40 PM,12/29/2025,
1195,60.3,gf,2.975,mm,OK,--,1:33:41 PM,12/29/2025,
1196,60.1,gf,2.970,mm,OK,--,1:33:41 PM,12/29/2025,
1197,60.0,gf,2.965,mm,OK,--,1:33:41 PM,12/29/2025,
1198,59.9,gf,2.955,mm,OK,--,1:33:41 PM,12/29/2025,
1199,59.6,gf,2.945,mm,OK,--,1:33:41 PM,12/29/2025,
1200,59.4,gf,2.930,mm,OK,--,1:33:41 PM,12/29/2025,
1201,59.2,gf,2.915,mm,OK,--,1:33:41 PM,12/29/2025,
1202,59.0,gf,2.905,mm,OK,--,1:33:41 PM,12/29/2025,
1203,58.6,gf,2.890,mm,OK,--,1:33:41 PM,12/29/2025,
1204,58.4,gf,2.880,mm,OK,--,1:33:41 PM,12/29/2025,
1205,58.2,gf,2.865,mm,OK,--,1:33:42 PM,12/29/2025,
1206,57.8,gf,2.845,mm,OK,--,1:33:42 PM,12/29/2025,
1207,57.5,gf,2.835,mm,OK,--,1:33:42 PM,12/29/2025,
1208,57.3,gf,2.825,mm,OK,--,1:33:42 PM,12/29/2025,
1209,57.2,gf,2.815,mm,OK,--,1:33:42 PM,12/29/2025,
1210,57.3,gf,2.810,mm,OK,--,1:33:42 PM,12/29/2025,
1211,57.1,gf,2.805,mm,OK,--,1:33:42 PM,12/29/2025,
1212,57.1,gf,2.795,mm,OK,--,1:33:42 PM,12/29/2025,
1213,57.0,gf,2.785,mm,OK,--,1:33:42 PM,12/29/2025,
1214,57.0,gf,2.775,mm,OK,--,1:33:42 PM,12/29/2025,
1215,56.9,gf,2.770,mm,OK,--,1:33:43 PM,12/29/2025,
1216,56.9,gf,2.760,mm,OK,--,1:33:43 PM,12/29/2025,
1217,56.9,gf,2.755,mm,OK,--,1:33:43 PM,12/29/2025,
1218,56.9,gf,2.745,mm,OK,--,1:33:43 PM,12/29/2025,
1219,56.8,gf,2.735,mm,OK,--,1:33:43 PM,12/29/2025,
1220,56.8,gf,2.725,mm,OK,--,1:33:43 PM,12/29/2025,
1221,56.7,gf,2.715,mm,OK,--,1:33:43 PM,12/29/2025,
1222,56.7,gf,2.705,mm,OK,--,1:33:43 PM,12/29/2025,
1223,56.6,gf,2.700,mm,OK,--,1:33:43 PM,12/29/2025,
1224,56.6,gf,2.695,mm,OK,--,1:33:43 PM,12/29/2025,
1225,56.5,gf,2.690,mm,OK,--,1:33:44 PM,12/29/2025,
1226,56.4,gf,2.685,mm,OK,--,1:33:44 PM,12/29/2025,
1227,56.4,gf,2.685,mm,OK,--,1:33:44 PM,12/29/2025,
1228,56.4,gf,2.680,mm,OK,--,1:33:44 PM,12/29/2025,
1229,56.3,gf,2.675,mm,OK,--,1:33:44 PM,12/29/2025,
1230,56.3,gf,2.675,mm,OK,--,1:33:44 PM,12/29/2025,
1231,56.3,gf,2.670,mm,OK,--,1:33:44 PM,12/29/2025,
1232,56.3,gf,2.665,mm,OK,--,1:33:44 PM,12/29/2025,
1233,56.2,gf,2.660,mm,OK,--,1:33:44 PM,12/29/2025,
1234,56.1,gf,2.650,mm,OK,--,1:33:44 PM,12/29/2025,
1235,56.1,gf,2.645,mm,OK,--,1:33:45 PM,12/29/2025,
1236,56.1,gf,2.640,mm,OK,--,1:33:45 PM,12/29/2025,
1237,56.1,gf,2.635,mm,OK,--,1:33:45 PM,12/29/2025,
1238,56.1,gf,2.630,mm,OK,--,1:33:45 PM,12/29/2025,
1239,56.1,gf,2.625,mm,OK,--,1:33:45 PM,12/29/2025,
1240,56.1,gf,2.615,mm,OK,--,1:33:45 PM,12/29/2025,
1241,56.0,gf,2.600,mm,OK,--,1:33:45 PM,12/29/2025,
1242,56.0,gf,2.590,mm,OK,--,1:33:45 PM,12/29/2025,
1243,55.9,gf,2.585,mm,OK,--,1:33:45 PM,12/29/2025,
1244,55.9,gf,2.575,mm,OK,--,1:33:45 PM,12/29/2025,
1245,55.9,gf,2.565,mm,OK,--,1:33:46 PM,12/29/2025,
1246,55.7,gf,2.555,mm,OK,--,1:33:46 PM,12/29/2025,
1247,55.7,gf,2.545,mm,OK,--,1:33:46 PM,12/29/2025,
1248,55.6,gf,2.540,mm,OK,--,1:33:46 PM,12/29/2025,
1249,55.5,gf,2.530,mm,OK,--,1:33:46 PM,12/29/2025,
1250,55.5,gf,2.525,mm,OK,--,1:33:46 PM,12/29/2025,
1251,55.4,gf,2.515,mm,OK,--,1:33:46 PM,12/29/2025,
1252,55.4,gf,2.510,mm,OK,--,1:33:46 PM,12/29/2025,
1253,55.3,gf,2.500,mm,OK,--,1:33:46 PM,12/29/2025,
1254,55.3,gf,2.495,mm,OK,--,1:33:46 PM,12/29/2025,
1255,55.3,gf,2.490,mm,OK,--,1:33:47 PM,12/29/2025,
1256,55.2,gf,2.480,mm,OK,--,1:33:47 PM,12/29/2025,
1257,55.2,gf,2.470,mm,OK,--,1:33:47 PM,12/29/2025,
1258,55.2,gf,2.460,mm,OK,--,1:33:47 PM,12/29/2025,
1259,55.1,gf,2.455,mm,OK,--,1:33:47 PM,12/29/2025,
1260,55.1,gf,2.450,mm,OK,--,1:33:47 PM,12/29/2025,
1261,55.1,gf,2.440,mm,OK,--,1:33:47 PM,12/29/2025,
1262,55.0,gf,2.430,mm,OK,--,1:33:47 PM,12/29/2025,
1263,55.0,gf,2.425,mm,OK,--,1:33:47 PM,12/29/2025,
1264,54.9,gf,2.415,mm,OK,--,1:33:47 PM,12/29/2025,
1265,54.8,gf,2.400,mm,OK,--,1:33:48 PM,12/29/2025,
1266,54.8,gf,2.390,mm,OK,--,1:33:48 PM,12/29/2025,
1267,54.8,gf,2.385,mm,OK,--,1:33:48 PM,12/29/2025,
1268,54.7,gf,2.380,mm,OK,--,1:33:48 PM,12/29/2025,
1269,54.6,gf,2.375,mm,OK,--,1:33:48 PM,12/29/2025,
1270,54.6,gf,2.370,mm,OK,--,1:33:48 PM,12/29/2025,
1271,54.6,gf,2.365,mm,OK,--,1:33:48 PM,12/29/2025,
1272,54.5,gf,2.360,mm,OK,--,1:33:48 PM,12/29/2025,
1273,54.6,gf,2.355,mm,OK,--,1:33:48 PM,12/29/2025,
1274,54.5,gf,2.350,mm,OK,--,1:33:48 PM,12/29/2025,
1275,54.5,gf,2.350,mm,OK,--,1:33:49 PM,12/29/2025,
1276,54.4,gf,2.345,mm,OK,--,1:33:49 PM,12/29/2025,
1277,54.4,gf,2.340,mm,OK,--,1:33:49 PM,12/29/2025,
1278,54.4,gf,2.335,mm,OK,--,1:33:49 PM,12/29/2025,
1279,54.4,gf,2.335,mm,OK,--,1:33:49 PM,12/29/2025,
1280,54.4,gf,2.325,mm,OK,--,1:33:49 PM,12/29/2025,
1281,54.5,gf,2.320,mm,OK,--,1:33:49 PM,12/29/2025,
1282,54.5,gf,2.315,mm,OK,--,1:33:49 PM,12/29/2025,
1283,54.4,gf,2.315,mm,OK,--,1:33:49 PM,12/29/2025,
1284,54.4,gf,2.310,mm,OK,--,1:33:49 PM,12/29/2025,
1285,54.4,gf,2.310,mm,OK,--,1:33:50 PM,12/29/2025,
1286,54.4,gf,2.305,mm,OK,--,1:33:50 PM,12/29/2025,
1287,54.3,gf,2.305,mm,OK,--,1:33:50 PM,12/29/2025,
1288,54.3,gf,2.295,mm,OK,--,1:33:50 PM,12/29/2025,
1289,54.3,gf,2.290,mm,OK,--,1:33:50 PM,12/29/2025,
1290,54.2,gf,2.290,mm,OK,--,1:33:50 PM,12/29/2025,
1291,54.2,gf,2.285,mm,OK,--,1:33:50 PM,12/29/2025,
1292,54.1,gf,2.280,mm,OK,--,1:33:50 PM,12/29/2025,
1293,54.1,gf,2.270,mm,OK,--,1:33:50 PM,12/29/2025,
1294,54.1,gf,2.265,mm,OK,--,1:33:50 PM,12/29/2025,
1295,54.1,gf,2.255,mm,OK,--,1:33:51 PM,12/29/2025,
1296,54.0,gf,2.240,mm,OK,--,1:33:51 PM,12/29/2025,
1297,54.0,gf,2.230,mm,OK,--,1:33:51 PM,12/29/2025,
1298,53.9,gf,2.220,mm,OK,--,1:33:51 PM,12/29/2025,
1299,53.9,gf,2.200,mm,OK,--,1:33:51 PM,12/29/2025,
1300,53.8,gf,2.185,mm,OK,--,1:33:51 PM,12/29/2025,
1301,53.7,gf,2.170,mm,OK,--,1:33:51 PM,12/29/2025,
1302,53.5,gf,2.150,mm,OK,--,1:33:51 PM,12/29/2025,
1303,53.4,gf,2.135,mm,OK,--,1:33:51 PM,12/29/2025,
1304,53.4,gf,2.125,mm,OK,--,1:33:51 PM,12/29/2025,
1305,53.4,gf,2.110,mm,OK,--,1:33:52 PM,12/29/2025,
1306,53.2,gf,2.095,mm,OK,--,1:33:52 PM,12/29/2025,
1307,53.2,gf,2.075,mm,OK,--,1:33:52 PM,12/29/2025,
1308,53.0,gf,2.060,mm,OK,--,1:33:52 PM,12/29/2025,
1309,53.0,gf,2.045,mm,OK,--,1:33:52 PM,12/29/2025,
1310,52.9,gf,2.035,mm,OK,--,1:33:52 PM,12/29/2025,
1311,52.8,gf,2.025,mm,OK,--,1:33:52 PM,12/29/2025,
1312,52.8,gf,2.015,mm,OK,--,1:33:52 PM,12/29/2025,
1313,52.8,gf,2.010,mm,OK,--,1:33:52 PM,12/29/2025,
1314,52.6,gf,2.005,mm,OK,--,1:33:52 PM,12/29/2025,
1315,52.5,gf,2.000,mm,OK,--,1:33:53 PM,12/29/2025,
1316,52.5,gf,1.990,mm,OK,--,1:33:53 PM,12/29/2025,
1317,52.5,gf,1.980,mm,OK,--,1:33:53 PM,12/29/2025,
1318,52.4,gf,1.970,mm,OK,--,1:33:53 PM,12/29/2025,
1319,52.3,gf,1.960,mm,OK,--,1:33:53 PM,12/29/2025,
1320,52.3,gf,1.950,mm,OK,--,1:33:53 PM,12/29/2025,
1321,52.3,gf,1.940,mm,OK,--,1:33:53 PM,12/29/2025,
1322,52.3,gf,1.935,mm,OK,--,1:33:53 PM,12/29/2025,
1323,52.2,gf,1.925,mm,OK,--,1:33:53 PM,12/29/2025,
1324,52.2,gf,1.920,mm,OK,--,1:33:53 PM,12/29/2025,
1325,52.2,gf,1.915,mm,OK,--,1:33:54 PM,12/29/2025,
1326,52.1,gf,1.910,mm,OK,--,1:33:54 PM,12/29/2025,
1327,52.1,gf,1.910,mm,OK,--,1:33:54 PM,12/29/2025,
1328,52.1,gf,1.905,mm,OK,--,1:33:54 PM,12/29/2025,
1329,52.0,gf,1.905,mm,OK,--,1:33:54 PM,12/29/2025,
1330,51.9,gf,1.900,mm,OK,--,1:33:54 PM,12/29/2025,
1331,51.9,gf,1.895,mm,OK,--,1:33:54 PM,12/29/2025,
1332,51.8,gf,1.890,mm,OK,--,1:33:54 PM,12/29/2025,
1333,51.9,gf,1.885,mm,OK,--,1:33:54 PM,12/29/2025,
1334,51.9,gf,1.880,mm,OK,--,1:33:54 PM,12/29/2025,
1335,51.9,gf,1.875,mm,OK,--,1:33:55 PM,12/29/2025,
1336,51.8,gf,1.870,mm,OK,--,1:33:55 PM,12/29/2025,
1337,51.7,gf,1.870,mm,OK,--,1:33:55 PM,12/29/2025,
1338,51.8,gf,1.865,mm,OK,--,1:33:55 PM,12/29/2025,
1339,51.7,gf,1.865,mm,OK,--,1:33:55 PM,12/29/2025,
1340,51.7,gf,1.865,mm,OK,--,1:33:55 PM,12/29/2025,
1341,51.6,gf,1.860,mm,OK,--,1:33:55 PM,12/29/2025,
1342,51.7,gf,1.860,mm,OK,--,1:33:55 PM,12/29/2025,
1343,51.8,gf,1.860,mm,OK,--,1:33:55 PM,12/29/2025,
1344,51.6,gf,1.855,mm,OK,--,1:33:55 PM,12/29/2025,
1345,51.6,gf,1.855,mm,OK,--,1:33:56 PM,12/29/2025,
1346,51.6,gf,1.855,mm,OK,--,1:33:56 PM,12/29/2025,
1347,51.6,gf,1.855,mm,OK,--,1:33:56 PM,12/29/2025,
1348,51.4,gf,1.850,mm,OK,--,1:33:56 PM,12/29/2025,
1349,51.5,gf,1.845,mm,OK,--,1:33:56 PM,12/29/2025,
1350,51.4,gf,1.845,mm,OK,--,1:33:56 PM,12/29/2025,
1351,51.4,gf,1.835,mm,OK,--,1:33:56 PM,12/29/2025,
1352,51.5,gf,1.830,mm,OK,--,1:33:56 PM,12/29/2025,
1353,51.5,gf,1.820,mm,OK,--,1:33:56 PM,12/29/2025,
1354,51.5,gf,1.815,mm,OK,--,1:33:56 PM,12/29/2025,
1355,51.4,gf,1.805,mm,OK,--,1:33:57 PM,12/29/2025,
1356,51.4,gf,1.800,mm,OK,--,1:33:57 PM,12/29/2025,
1357,51.3,gf,1.795,mm,OK,--,1:33:57 PM,12/29/2025,
1358,51.2,gf,1.790,mm,OK,--,1:33:57 PM,12/29/2025,
1359,51.2,gf,1.785,mm,OK,--,1:33:57 PM,12/29/2025,
1360,51.2,gf,1.780,mm,OK,--,1:33:57 PM,12/29/2025,
1361,51.1,gf,1.775,mm,OK,--,1:33:57 PM,12/29/2025,
1362,51.0,gf,1.770,mm,OK,--,1:33:57 PM,12/29/2025,
1363,50.9,gf,1.765,mm,OK,--,1:33:57 PM,12/29/2025,
1364,50.9,gf,1.760,mm,OK,--,1:33:57 PM,12/29/2025,
1365,50.7,gf,1.750,mm,OK,--,1:33:58 PM,12/29/2025,
1366,50.8,gf,1.740,mm,OK,--,1:33:58 PM,12/29/2025,
1367,50.8,gf,1.730,mm,OK,--,1:33:58 PM,12/29/2025,
1368,50.9,gf,1.725,mm,OK,--,1:33:58 PM,12/29/2025,
1369,50.9,gf,1.720,mm,OK,--,1:33:58 PM,12/29/2025,
1370,50.8,gf,1.710,mm,OK,--,1:33:58 PM,12/29/2025,
1371,50.8,gf,1.705,mm,OK,--,1:33:58 PM,12/29/2025,
1372,50.8,gf,1.695,mm,OK,--,1:33:58 PM,12/29/2025,
1373,50.8,gf,1.680,mm,OK,--,1:33:58 PM,12/29/2025,
1374,50.7,gf,1.670,mm,OK,--,1:33:58 PM,12/29/2025,
1375,50.7,gf,1.660,mm,OK,--,1:33:59 PM,12/29/2025,
1376,50.6,gf,1.655,mm,OK,--,1:33:59 PM,12/29/2025,
1377,50.6,gf,1.650,mm,OK,--,1:33:59 PM,12/29/2025,
1378,50.5,gf,1.645,mm,OK,--,1:33:59 PM,12/29/2025,
1379,50.4,gf,1.640,mm,OK,--,1:33:59 PM,12/29/2025,
1380,50.4,gf,1.630,mm,OK,--,1:33:59 PM,12/29/2025,
1381,50.4,gf,1.625,mm,OK,--,1:33:59 PM,12/29/2025,
1382,50.3,gf,1.615,mm,OK,--,1:33:59 PM,12/29/2025,
1383,50.3,gf,1.610,mm,OK,--,1:33:59 PM,12/29/2025,
1384,50.3,gf,1.605,mm,OK,--,1:33:59 PM,12/29/2025,
1385,50.2,gf,1.600,mm,OK,--,1:34:00 PM,12/29/2025,
1386,50.1,gf,1.595,mm,OK,--,1:34:00 PM,12/29/2025,
1387,50.1,gf,1.585,mm,OK,--,1:34:00 PM,12/29/2025,
1388,50.1,gf,1.575,mm,OK,--,1:34:00 PM,12/29/2025,
1389,50.1,gf,1.570,mm,OK,--,1:34:00 PM,12/29/2025,
1390,50.0,gf,1.565,mm,OK,--,1:34:00 PM,12/29/2025,
1391,50.1,gf,1.560,mm,OK,--,1:34:00 PM,12/29/2025,
1392,50.1,gf,1.555,mm,OK,--,1:34:00 PM,12/29/2025,
1393,49.9,gf,1.550,mm,OK,--,1:34:00 PM,12/29/2025,
1394,49.9,gf,1.545,mm,OK,--,1:34:00 PM,12/29/2025,
1395,49.9,gf,1.535,mm,OK,--,1:34:01 PM,12/29/2025,
1396,49.8,gf,1.525,mm,OK,--,1:34:01 PM,12/29/2025,
1397,49.8,gf,1.515,mm,OK,--,1:34:01 PM,12/29/2025,
1398,49.8,gf,1.505,mm,OK,--,1:34:01 PM,12/29/2025,
1399,49.7,gf,1.495,mm,OK,--,1:34:01 PM,12/29/2025,
1400,49.7,gf,1.490,mm,OK,--,1:34:01 PM,12/29/2025,
1401,49.6,gf,1.485,mm,OK,--,1:34:01 PM,12/29/2025,
1402,49.5,gf,1.475,mm,OK,--,1:34:01 PM,12/29/2025,
1403,49.4,gf,1.465,mm,OK,--,1:34:01 PM,12/29/2025,
1404,49.4,gf,1.455,mm,OK,--,1:34:01 PM,12/29/2025,
1405,49.4,gf,1.450,mm,OK,--,1:34:02 PM,12/29/2025,
1406,49.3,gf,1.445,mm,OK,--,1:34:02 PM,12/29/2025,
1407,49.2,gf,1.440,mm,OK,--,1:34:02 PM,12/29/2025,
1408,49.2,gf,1.430,mm,OK,--,1:34:02 PM,12/29/2025,
1409,49.1,gf,1.425,mm,OK,--,1:34:02 PM,12/29/2025,
1410,49.1,gf,1.410,mm,OK,--,1:34:02 PM,12/29/2025,
1411,49.1,gf,1.405,mm,OK,--,1:34:02 PM,12/29/2025,
1412,49.1,gf,1.395,mm,OK,--,1:34:02 PM,12/29/2025,
1413,49.1,gf,1.390,mm,OK,--,1:34:02 PM,12/29/2025,
1414,49.1,gf,1.390,mm,OK,--,1:34:02 PM,12/29/2025,
1415,49.0,gf,1.385,mm,OK,--,1:34:03 PM,12/29/2025,
1416,48.9,gf,1.380,mm,OK,--,1:34:03 PM,12/29/2025,
1417,48.9,gf,1.375,mm,OK,--,1:34:03 PM,12/29/2025,
1418,48.9,gf,1.370,mm,OK,--,1:34:03 PM,12/29/2025,
1419,48.9,gf,1.370,mm,OK,--,1:34:03 PM,12/29/2025,
1420,48.9,gf,1.365,mm,OK,--,1:34:03 PM,12/29/2025,
1421,48.8,gf,1.365,mm,OK,--,1:34:03 PM,12/29/2025,
1422,48.8,gf,1.360,mm,OK,--,1:34:03 PM,12/29/2025,
1423,48.7,gf,1.360,mm,OK,--,1:34:03 PM,12/29/2025,
1424,48.6,gf,1.355,mm,OK,--,1:34:03 PM,12/29/2025,
1425,48.7,gf,1.345,mm,OK,--,1:34:04 PM,12/29/2025,
1426,48.7,gf,1.340,mm,OK,--,1:34:04 PM,12/29/2025,
1427,48.7,gf,1.335,mm,OK,--,1:34:04 PM,12/29/2025,
1428,48.6,gf,1.330,mm,OK,--,1:34:04 PM,12/29/2025,
1429,48.6,gf,1.330,mm,OK,--,1:34:04 PM,12/29/2025,
1430,48.6,gf,1.330,mm,OK,--,1:34:04 PM,12/29/2025,
1431,48.5,gf,1.325,mm,OK,--,1:34:04 PM,12/29/2025,
1432,48.3,gf,1.325,mm,OK,--,1:34:04 PM,12/29/2025,
1433,48.3,gf,1.320,mm,OK,--,1:34:04 PM,12/29/2025,
1434,48.4,gf,1.315,mm,OK,--,1:34:04 PM,12/29/2025,
1435,48.4,gf,1.310,mm,OK,--,1:34:05 PM,12/29/2025,
1436,48.4,gf,1.310,mm,OK,--,1:34:05 PM,12/29/2025,
1437,48.4,gf,1.305,mm,OK,--,1:34:05 PM,12/29/2025,
1438,48.4,gf,1.305,mm,OK,--,1:34:05 PM,12/29/2025,
1439,48.3,gf,1.305,mm,OK,--,1:34:05 PM,12/29/2025,
1440,48.2,gf,1.300,mm,OK,--,1:34:05 PM,12/29/2025,
1441,48.2,gf,1.295,mm,OK,--,1:34:05 PM,12/29/2025,
1442,48.3,gf,1.290,mm,OK,--,1:34:05 PM,12/29/2025,
1443,48.3,gf,1.290,mm,OK,--,1:34:05 PM,12/29/2025,
1444,48.3,gf,1.285,mm,OK,--,1:34:05 PM,12/29/2025,
1445,48.3,gf,1.285,mm,OK,--,1:34:06 PM,12/29/2025,
1446,48.2,gf,1.285,mm,OK,--,1:34:06 PM,12/29/2025,
1447,48.1,gf,1.280,mm,OK,--,1:34:06 PM,12/29/2025,
1448,48.2,gf,1.275,mm,OK,--,1:34:06 PM,12/29/2025,
1449,48.2,gf,1.270,mm,OK,--,1:34:06 PM,12/29/2025,
1450,48.1,gf,1.270,mm,OK,--,1:34:06 PM,12/29/2025,
1451,48.1,gf,1.265,mm,OK,--,1:34:06 PM,12/29/2025,
1452,48.1,gf,1.265,mm,OK,--,1:34:06 PM,12/29/2025,
1453,48.1,gf,1.260,mm,OK,--,1:34:06 PM,12/29/2025,
1454,48.0,gf,1.260,mm,OK,--,1:34:06 PM,12/29/2025,
1455,48.0,gf,1.250,mm,OK,--,1:34:07 PM,12/29/2025,
1456,48.0,gf,1.250,mm,OK,--,1:34:07 PM,12/29/2025,
1457,48.0,gf,1.245,mm,OK,--,1:34:07 PM,12/29/2025,
1458,48.0,gf,1.240,mm,OK,--,1:34:07 PM,12/29/2025,
1459,47.9,gf,1.235,mm,OK,--,1:34:07 PM,12/29/2025,
1460,47.9,gf,1.235,mm,OK,--,1:34:07 PM,12/29/2025,
1461,47.9,gf,1.230,mm,OK,--,1:34:07 PM,12/29/2025,
1462,47.7,gf,1.230,mm,OK,--,1:34:07 PM,12/29/2025,
1463,47.8,gf,1.225,mm,OK,--,1:34:07 PM,12/29/2025,
1464,47.8,gf,1.225,mm,OK,--,1:34:07 PM,12/29/2025,
1465,47.8,gf,1.220,mm,OK,--,1:34:08 PM,12/29/2025,
1466,47.8,gf,1.220,mm,OK,--,1:34:08 PM,12/29/2025,
1467,47.8,gf,1.215,mm,OK,--,1:34:08 PM,12/29/2025,
1468,47.8,gf,1.215,mm,OK,--,1:34:08 PM,12/29/2025,
1469,47.8,gf,1.215,mm,OK,--,1:34:08 PM,12/29/2025,
1470,47.7,gf,1.215,mm,OK,--,1:34:08 PM,12/29/2025,
1471,47.6,gf,1.210,mm,OK,--,1:34:08 PM,12/29/2025,
1472,47.7,gf,1.210,mm,OK,--,1:34:08 PM,12/29/2025,
1473,47.7,gf,1.210,mm,OK,--,1:34:08 PM,12/29/2025,
1474,47.7,gf,1.210,mm,OK,--,1:34:08 PM,12/29/2025,
1475,47.7,gf,1.205,mm,OK,--,1:34:09 PM,12/29/2025,
1476,47.7,gf,1.205,mm,OK,--,1:34:09 PM,12/29/2025,
1477,47.7,gf,1.205,mm,OK,--,1:34:09 PM,12/29/2025,
1478,47.5,gf,1.205,mm,OK,--,1:34:09 PM,12/29/2025,
1479,47.5,gf,1.200,mm,OK,--,1:34:09 PM,12/29/2025,
1480,47.5,gf,1.200,mm,OK,--,1:34:09 PM,12/29/2025,
1481,47.4,gf,1.195,mm,OK,--,1:34:09 PM,12/29/2025,
1482,47.4,gf,1.195,mm,OK,--,1:34:09 PM,12/29/2025,
1483,47.5,gf,1.190,mm,OK,--,1:34:09 PM,12/29/2025,
1484,47.4,gf,1.190,mm,OK,--,1:34:09 PM,12/29/2025,
1485,47.4,gf,1.185,mm,OK,--,1:34:10 PM,12/29/2025,
1486,47.5,gf,1.185,mm,OK,--,1:34:10 PM,12/29/2025,
1487,47.4,gf,1.180,mm,OK,--,1:34:10 PM,12/29/2025,
1488,47.4,gf,1.175,mm,OK,--,1:34:10 PM,12/29/2025,
1489,47.4,gf,1.170,mm,OK,--,1:34:10 PM,12/29/2025,
1490,47.4,gf,1.170,mm,OK,--,1:34:10 PM,12/29/2025,
1491,47.3,gf,1.165,mm,OK,--,1:34:10 PM,12/29/2025,
1492,47.4,gf,1.160,mm,OK,--,1:34:10 PM,12/29/2025,
1493,47.3,gf,1.155,mm,OK,--,1:34:10 PM,12/29/2025,
1494,47.2,gf,1.155,mm,OK,--,1:34:10 PM,12/29/2025,
1495,47.2,gf,1.150,mm,OK,--,1:34:11 PM,12/29/2025,
1496,47.2,gf,1.140,mm,OK,--,1:34:11 PM,12/29/2025,
1497,47.2,gf,1.135,mm,OK,--,1:34:11 PM,12/29/2025,
1498,47.2,gf,1.130,mm,OK,--,1:34:11 PM,12/29/2025,
1499,47.2,gf,1.125,mm,OK,--,1:34:11 PM,12/29/2025,
1500,47.2,gf,1.120,mm,OK,--,1:34:11 PM,12/29/2025,
1501,47.1,gf,1.120,mm,OK,--,1:34:11 PM,12/29/2025,
1502,46.9,gf,1.115,mm,OK,--,1:34:11 PM,12/29/2025,
1503,46.9,gf,1.105,mm,OK,--,1:34:11 PM,12/29/2025,
1504,46.9,gf,1.100,mm,OK,--,1:34:11 PM,12/29/2025,
1505,46.9,gf,1.095,mm,OK,--,1:34:12 PM,12/29/2025,
1506,46.9,gf,1.085,mm,OK,--,1:34:12 PM,12/29/2025,
1507,46.9,gf,1.080,mm,OK,--,1:34:12 PM,12/29/2025,
1508,46.8,gf,1.075,mm,OK,--,1:34:12 PM,12/29/2025,
1509,46.7,gf,1.070,mm,OK,--,1:34:12 PM,12/29/2025,
1510,46.7,gf,1.065,mm,OK,--,1:34:12 PM,12/29/2025,
1511,46.7,gf,1.055,mm,OK,--,1:34:12 PM,12/29/2025,
1512,46.7,gf,1.045,mm,OK,--,1:34:12 PM,12/29/2025,
1513,46.6,gf,1.040,mm,OK,--,1:34:12 PM,12/29/2025,
1514,46.6,gf,1.040,mm,OK,--,1:34:12 PM,12/29/2025,
1515,46.6,gf,1.035,mm,OK,--,1:34:13 PM,12/29/2025,
1516,46.6,gf,1.030,mm,OK,--,1:34:13 PM,12/29/2025,
1517,46.5,gf,1.030,mm,OK,--,1:34:13 PM,12/29/2025,
1518,46.4,gf,1.025,mm,OK,--,1:34:13 PM,12/29/2025,
1519,46.4,gf,1.020,mm,OK,--,1:34:13 PM,12/29/2025,
1520,46.5,gf,1.015,mm,OK,--,1:34:13 PM,12/29/2025,
1521,46.5,gf,1.010,mm,OK,--,1:34:13 PM,12/29/2025,
1522,46.4,gf,1.010,mm,OK,--,1:34:13 PM,12/29/2025,
1523,46.4,gf,1.005,mm,OK,--,1:34:13 PM,12/29/2025,
1524,46.4,gf,1.005,mm,OK,--,1:34:13 PM,12/29/2025,
1525,46.2,gf,1.000,mm,OK,--,1:34:14 PM,12/29/2025,
1526,46.1,gf,0.995,mm,OK,--,1:34:14 PM,12/29/2025,
1527,46.2,gf,0.985,mm,OK,--,1:34:14 PM,12/29/2025,
1528,46.2,gf,0.975,mm,OK,--,1:34:14 PM,12/29/2025,
1529,46.2,gf,0.970,mm,OK,--,1:34:14 PM,12/29/2025,
1530,46.2,gf,0.965,mm,OK,--,1:34:14 PM,12/29/2025,
1531,46.1,gf,0.960,mm,OK,--,1:34:14 PM,12/29/2025,
1532,46.1,gf,0.955,mm,OK,--,1:34:14 PM,12/29/2025,
1533,46.0,gf,0.950,mm,OK,--,1:34:14 PM,12/29/2025,
1534,45.9,gf,0.945,mm,OK,--,1:34:14 PM,12/29/2025,
1535,45.9,gf,0.940,mm,OK,--,1:34:15 PM,12/29/2025,
1536,45.9,gf,0.930,mm,OK,--,1:34:15 PM,12/29/2025,
1537,45.9,gf,0.925,mm,OK,--,1:34:15 PM,12/29/2025,
1538,45.8,gf,0.925,mm,OK,--,1:34:15 PM,12/29/2025,
1539,45.8,gf,0.920,mm,OK,--,1:34:15 PM,12/29/2025,
1540,45.7,gf,0.910,mm,OK,--,1:34:15 PM,12/29/2025,
1541,45.7,gf,0.905,mm,OK,--,1:34:15 PM,12/29/2025,
1542,45.5,gf,0.905,mm,OK,--,1:34:15 PM,12/29/2025,
1543,45.5,gf,0.895,mm,OK,--,1:34:15 PM,12/29/2025,
1544,45.6,gf,0.885,mm,OK,--,1:34:15 PM,12/29/2025,
1545,45.6,gf,0.885,mm,OK,--,1:34:16 PM,12/29/2025,
1546,45.5,gf,0.880,mm,OK,--,1:34:16 PM,12/29/2025,
1547,45.3,gf,0.875,mm,OK,--,1:34:16 PM,12/29/2025,
1548,45.4,gf,0.875,mm,OK,--,1:34:16 PM,12/29/2025,
1549,45.4,gf,0.875,mm,OK,--,1:34:16 PM,12/29/2025,
1550,45.3,gf,0.870,mm,OK,--,1:34:16 PM,12/29/2025,
1551,45.1,gf,0.870,mm,OK,--,1:34:16 PM,12/29/2025,
1552,45.2,gf,0.860,mm,OK,--,1:34:16 PM,12/29/2025,
1553,45.2,gf,0.855,mm,OK,--,1:34:16 PM,12/29/2025,
1554,45.2,gf,0.850,mm,OK,--,1:34:16 PM,12/29/2025,
1555,45.1,gf,0.845,mm,OK,--,1:34:17 PM,12/29/2025,
1556,45.0,gf,0.840,mm,OK,--,1:34:17 PM,12/29/2025,
1557,45.0,gf,0.835,mm,OK,--,1:34:17 PM,12/29/2025,
1558,45.0,gf,0.830,mm,OK,--,1:34:17 PM,12/29/2025,
1559,44.9,gf,0.825,mm,OK,--,1:34:17 PM,12/29/2025,
1560,44.9,gf,0.820,mm,OK,--,1:34:17 PM,12/29/2025,
1561,44.9,gf,0.810,mm,OK,--,1:34:17 PM,12/29/2025,
1562,44.8,gf,0.810,mm,OK,--,1:34:17 PM,12/29/2025,
1563,44.8,gf,0.805,mm,OK,--,1:34:17 PM,12/29/2025,
1564,44.7,gf,0.800,mm,OK,--,1:34:17 PM,12/29/2025,
1565,44.7,gf,0.795,mm,OK,--,1:34:18 PM,12/29/2025,
1566,44.6,gf,0.790,mm,OK,--,1:34:18 PM,12/29/2025,
1567,44.6,gf,0.785,mm,OK,--,1:34:18 PM,12/29/2025,
1568,44.6,gf,0.775,mm,OK,--,1:34:18 PM,12/29/2025,
1569,44.6,gf,0.765,mm,OK,--,1:34:18 PM,12/29/2025,
1570,44.6,gf,0.755,mm,OK,--,1:34:18 PM,12/29/2025,
1571,44.6,gf,0.750,mm,OK,--,1:34:18 PM,12/29/2025,
1572,44.6,gf,0.740,mm,OK,--,1:34:18 PM,12/29/2025,
1573,44.6,gf,0.735,mm,OK,--,1:34:18 PM,12/29/2025,
1574,44.5,gf,0.730,mm,OK,--,1:34:18 PM,12/29/2025,
1575,44.4,gf,0.725,mm,OK,--,1:34:19 PM,12/29/2025,
1576,44.4,gf,0.715,mm,OK,--,1:34:19 PM,12/29/2025,
1577,44.4,gf,0.710,mm,OK,--,1:34:19 PM,12/29/2025,
1578,44.4,gf,0.705,mm,OK,--,1:34:19 PM,12/29/2025,
1579,44.4,gf,0.705,mm,OK,--,1:34:19 PM,12/29/2025,
1580,44.3,gf,0.700,mm,OK,--,1:34:19 PM,12/29/2025,
1581,44.2,gf,0.700,mm,OK,--,1:34:19 PM,12/29/2025,
1582,44.1,gf,0.690,mm,OK,--,1:34:19 PM,12/29/2025,
1583,44.2,gf,0.685,mm,OK,--,1:34:19 PM,12/29/2025,
1584,44.2,gf,0.680,mm,OK,--,1:34:19 PM,12/29/2025,
1585,44.2,gf,0.675,mm,OK,--,1:34:20 PM,12/29/2025,
1586,44.2,gf,0.670,mm,OK,--,1:34:20 PM,12/29/2025,
1587,44.1,gf,0.670,mm,OK,--,1:34:20 PM,12/29/2025,
1588,44.1,gf,0.665,mm,OK,--,1:34:20 PM,12/29/2025,
1589,43.9,gf,0.660,mm,OK,--,1:34:20 PM,12/29/2025,
1590,43.9,gf,0.650,mm,OK,--,1:34:20 PM,12/29/2025,
1591,44.0,gf,0.640,mm,OK,--,1:34:20 PM,12/29/2025,
1592,44.0,gf,0.635,mm,OK,--,1:34:20 PM,12/29/2025,
1593,43.9,gf,0.630,mm,OK,--,1:34:20 PM,12/29/2025,
1594,43.8,gf,0.625,mm,OK,--,1:34:20 PM,12/29/2025,
1595,43.8,gf,0.620,mm,OK,--,1:34:21 PM,12/29/2025,
1596,43.7,gf,0.615,mm,OK,--,1:34:21 PM,12/29/2025,
1597,43.7,gf,0.610,mm,OK,--,1:34:21 PM,12/29/2025,
1598,43.6,gf,0.605,mm,OK,--,1:34:21 PM,12/29/2025,
1599,43.6,gf,0.595,mm,OK,--,1:34:21 PM,12/29/2025,
1600,43.6,gf,0.585,mm,OK,--,1:34:21 PM,12/29/2025,
1601,43.6,gf,0.580,mm,OK,--,1:34:21 PM,12/29/2025,
1602,43.5,gf,0.575,mm,OK,--,1:34:21 PM,12/29/2025,
1603,43.5,gf,0.575,mm,OK,--,1:34:21 PM,12/29/2025,
1604,43.4,gf,0.570,mm,OK,--,1:34:21 PM,12/29/2025,
1605,43.4,gf,0.565,mm,OK,--,1:34:22 PM,12/29/2025,
1606,43.4,gf,0.560,mm,OK,--,1:34:22 PM,12/29/2025,
1607,43.3,gf,0.555,mm,OK,--,1:34:22 PM,12/29/2025,
1608,43.3,gf,0.550,mm,OK,--,1:34:22 PM,12/29/2025,
1609,43.3,gf,0.550,mm,OK,--,1:34:22 PM,12/29/2025,
1610,43.3,gf,0.545,mm,OK,--,1:34:22 PM,12/29/2025,
1611,43.2,gf,0.545,mm,OK,--,1:34:22 PM,12/29/2025,
1612,43.2,gf,0.540,mm,OK,--,1:34:22 PM,12/29/2025,
1613,43.1,gf,0.535,mm,OK,--,1:34:22 PM,12/29/2025,
1614,43.1,gf,0.535,mm,OK,--,1:34:22 PM,12/29/2025,
1615,43.1,gf,0.530,mm,OK,--,1:34:23 PM,12/29/2025,
1616,43.1,gf,0.530,mm,OK,--,1:34:23 PM,12/29/2025,
1617,43.1,gf,0.525,mm,OK,--,1:34:23 PM,12/29/2025,
1618,43.1,gf,0.525,mm,OK,--,1:34:23 PM,12/29/2025,
1619,42.9,gf,0.520,mm,OK,--,1:34:23 PM,12/29/2025,
1620,42.9,gf,0.515,mm,OK,--,1:34:23 PM,12/29/2025,
1621,43.0,gf,0.505,mm,OK,--,1:34:23 PM,12/29/2025,
1622,43.1,gf,0.505,mm,OK,--,1:34:23 PM,12/29/2025,
1623,43.1,gf,0.500,mm,OK,--,1:34:23 PM,12/29/2025,
1624,43.0,gf,0.495,mm,OK,--,1:34:23 PM,12/29/2025,
1625,43.0,gf,0.490,mm,OK,--,1:34:24 PM,12/29/2025,
1626,43.0,gf,0.490,mm,OK,--,1:34:24 PM,12/29/2025,
1627,42.9,gf,0.485,mm,OK,--,1:34:24 PM,12/29/2025,
1628,42.9,gf,0.485,mm,OK,--,1:34:24 PM,12/29/2025,
1629,43.0,gf,0.480,mm,OK,--,1:34:24 PM,12/29/2025,
1630,43.0,gf,0.475,mm,OK,--,1:34:24 PM,12/29/2025,
1631,42.9,gf,0.475,mm,OK,--,1:34:24 PM,12/29/2025,
1632,42.8,gf,0.470,mm,OK,--,1:34:24 PM,12/29/2025,
1633,42.9,gf,0.465,mm,OK,--,1:34:24 PM,12/29/2025,
1634,42.9,gf,0.465,mm,OK,--,1:34:24 PM,12/29/2025,
1635,42.8,gf,0.465,mm,OK,--,1:34:25 PM,12/29/2025,
1636,42.8,gf,0.460,mm,OK,--,1:34:25 PM,12/29/2025,
1637,42.8,gf,0.460,mm,OK,--,1:34:25 PM,12/29/2025,
1638,42.8,gf,0.455,mm,OK,--,1:34:25 PM,12/29/2025,
1639,42.6,gf,0.455,mm,OK,--,1:34:25 PM,12/29/2025,
1640,42.6,gf,0.450,mm,OK,--,1:34:25 PM,12/29/2025,
1641,42.7,gf,0.445,mm,OK,--,1:34:25 PM,12/29/2025,
1642,42.7,gf,0.445,mm,OK,--,1:34:25 PM,12/29/2025,
1643,42.7,gf,0.440,mm,OK,--,1:34:25 PM,12/29/2025,
1644,42.5,gf,0.435,mm,OK,--,1:34:25 PM,12/29/2025,
1645,42.7,gf,0.430,mm,OK,--,1:34:26 PM,12/29/2025,
1646,42.7,gf,0.425,mm,OK,--,1:34:26 PM,12/29/2025,
1647,42.6,gf,0.420,mm,OK,--,1:34:26 PM,12/29/2025,
1648,42.6,gf,0.410,mm,OK,--,1:34:26 PM,12/29/2025,
1649,42.7,gf,0.400,mm,OK,--,1:34:26 PM,12/29/2025,
1650,42.8,gf,0.395,mm,OK,--,1:34:26 PM,12/29/2025,
1651,42.6,gf,0.395,mm,OK,--,1:34:26 PM,12/29/2025,
1652,42.6,gf,0.390,mm,OK,--,1:34:26 PM,12/29/2025,
1653,42.6,gf,0.385,mm,OK,--,1:34:26 PM,12/29/2025,
1654,42.6,gf,0.380,mm,OK,--,1:34:26 PM,12/29/2025,
1655,42.6,gf,0.375,mm,OK,--,1:34:27 PM,12/29/2025,
1656,42.5,gf,0.370,mm,OK,--,1:34:27 PM,12/29/2025,
1657,42.5,gf,0.365,mm,OK,--,1:34:27 PM,12/29/2025,
1658,42.4,gf,0.365,mm,OK,--,1:34:27 PM,12/29/2025,
1659,42.4,gf,0.360,mm,OK,--,1:34:27 PM,12/29/2025,
1660,42.4,gf,0.350,mm,OK,--,1:34:27 PM,12/29/2025,
1661,42.5,gf,0.345,mm,OK,--,1:34:27 PM,12/29/2025,
1662,42.6,gf,0.340,mm,OK,--,1:34:27 PM,12/29/2025,
1663,42.5,gf,0.335,mm,OK,--,1:34:27 PM,12/29/2025,
1664,42.5,gf,0.330,mm,OK,--,1:34:27 PM,12/29/2025,
1665,42.5,gf,0.330,mm,OK,--,1:34:28 PM,12/29/2025,
1666,42.5,gf,0.325,mm,OK,--,1:34:28 PM,12/29/2025,
1667,42.5,gf,0.320,mm,OK,--,1:34:28 PM,12/29/2025,
1668,42.5,gf,0.320,mm,OK,--,1:34:28 PM,12/29/2025,
1669,42.4,gf,0.315,mm,OK,--,1:34:28 PM,12/29/2025,
1670,42.5,gf,0.315,mm,OK,--,1:34:28 PM,12/29/2025,
1671,42.5,gf,0.310,mm,OK,--,1:34:28 PM,12/29/2025,
1672,42.4,gf,0.310,mm,OK,--,1:34:28 PM,12/29/2025,
1673,42.4,gf,0.305,mm,OK,--,1:34:28 PM,12/29/2025,
1674,42.4,gf,0.305,mm,OK,--,1:34:28 PM,12/29/2025,
1675,42.4,gf,0.300,mm,OK,--,1:34:29 PM,12/29/2025,
1676,42.3,gf,0.300,mm,OK,--,1:34:29 PM,12/29/2025,
1677,42.3,gf,0.295,mm,OK,--,1:34:29 PM,12/29/2025,
1678,42.3,gf,0.295,mm,OK,--,1:34:29 PM,12/29/2025,
1679,42.3,gf,0.290,mm,OK,--,1:34:29 PM,12/29/2025,
1680,42.2,gf,0.290,mm,OK,--,1:34:29 PM,12/29/2025,
1681,42.2,gf,0.285,mm,OK,--,1:34:29 PM,12/29/2025,
1682,42.2,gf,0.285,mm,OK,--,1:34:29 PM,12/29/2025,
1683,42.2,gf,0.285,mm,OK,--,1:34:29 PM,12/29/2025,
1684,42.0,gf,0.280,mm,OK,--,1:34:29 PM,12/29/2025,
1685,42.1,gf,0.280,mm,OK,--,1:34:30 PM,12/29/2025,
1686,42.0,gf,0.275,mm,OK,--,1:34:30 PM,12/29/2025,
1687,41.9,gf,0.275,mm,OK,--,1:34:30 PM,12/29/2025,
1688,41.8,gf,0.270,mm,OK,--,1:34:30 PM,12/29/2025,
1689,41.8,gf,0.265,mm,OK,--,1:34:30 PM,12/29/2025,
1690,41.7,gf,0.260,mm,OK,--,1:34:30 PM,12/29/2025,
1691,41.5,gf,0.250,mm,OK,--,1:34:30 PM,12/29/2025,
1692,38.6,gf,0.245,mm,OK,--,1:34:30 PM,12/29/2025,
1693,32.1,gf,0.235,mm,OK,--,1:34:30 PM,12/29/2025,
1694,28.4,gf,0.230,mm,OK,--,1:34:30 PM,12/29/2025,
1695,24.2,gf,0.225,mm,OK,--,1:34:31 PM,12/29/2025,
1696,18.0,gf,0.220,mm,OK,--,1:34:31 PM,12/29/2025,
1697,11.4,gf,0.210,mm,OK,--,1:34:31 PM,12/29/2025,
1698,5.9,gf,0.205,mm,OK,--,1:34:31 PM,12/29/2025,
1699,1.1,gf,0.200,mm,OK,--,1:34:31 PM,12/29/2025,
1700,0.1,gf,0.195,mm,OK,--,1:34:31 PM,12/29/2025,
1701,0.0,gf,0.190,mm,OK,--,1:34:31 PM,12/29/2025,
1702,0.1,gf,0.185,mm,OK,--,1:34:31 PM,12/29/2025,
1703,0.1,gf,0.185,mm,OK,--,1:34:31 PM,12/29/2025,
1704,0.0,gf,0.180,mm,OK,--,1:34:31 PM,12/29/2025,
1705,0.1,gf,0.175,mm,OK,--,1:34:32 PM,12/29/2025,
1706,0.1,gf,0.170,mm,OK,--,1:34:32 PM,12/29/2025,
1707,0.0,gf,0.170,mm,OK,--,1:34:32 PM,12/29/2025,
1708,0.0,gf,0.165,mm,OK,--,1:34:32 PM,12/29/2025,
1709,0.0,gf,0.165,mm,OK,--,1:34:32 PM,12/29/2025,
1710,0.1,gf,0.155,mm,OK,--,1:34:32 PM,12/29/2025,
1711,0.1,gf,0.125,mm,OK,--,1:34:32 PM,12/29/2025,
1712,0.0,gf,0.105,mm,OK,--,1:34:32 PM,12/29/2025,
1713,0.0,gf,0.085,mm,OK,--,1:34:32 PM,12/29/2025,
1714,0.0,gf,0.060,mm,OK,--,1:34:32 PM,12/29/2025,
1715,0.0,gf,0.040,mm,OK,--,1:34:33 PM,12/29/2025,
1716,0.1,gf,0.015,mm,OK,--,1:34:33 PM,12/29/2025,
1717,0.0,gf,0.005,mm,OK,--,1:34:33 PM,12/29/2025,
1718,0.0,gf,0.005,mm,OK,--,1:34:33 PM,12/29/2025,
1719,0.0,gf,0.000,mm,OK,--,1:34:33 PM,12/29/2025,
1720,0.0,gf,-0.015,mm,OK,--,1:34:33 PM,12/29/2025,
1721,0.0,gf,-0.020,mm,OK,--,1:34:33 PM,12/29/2025,
1722,-0.2,gf,-0.020,mm,OK,--,1:34:33 PM,12/29/2025,
1723,-0.1,gf,-0.020,mm,OK,--,1:34:33 PM,12/29/2025,
1724,0.0,gf,-0.020,mm,OK,--,1:34:33 PM,12/29/2025,
1725,0.0,gf,-0.020,mm,OK,--,1:34:34 PM,12/29/2025,
1726,0.0,gf,-0.020,mm,OK,--,1:34:34 PM,12/29/2025,
1727,0.0,gf,-0.020,mm,OK,--,1:34:34 PM,12/29/2025,
1728,0.2,gf,-0.020,mm,OK,--,1:34:34 PM,12/29/2025,
1729,-0.1,gf,-0.020,mm,OK,--,1:34:34 PM,12/29/2025,
1730,0.1,gf,-0.015,mm,OK,--,1:34:34 PM,12/29/2025,
1731,0.0,gf,-0.015,mm,OK,--,1:34:34 PM,12/29/2025,
1732,0.0,gf,-0.010,mm,OK,--,1:34:34 PM,12/29/2025,
1733,0.0,gf,-0.010,mm,OK,--,1:34:34 PM,12/29/2025,
1734,0.1,gf,-0.010,mm,OK,--,1:34:34 PM,12/29/2025,
1735,0.0,gf,-0.010,mm,OK,--,1:34:35 PM,12/29/2025,
1736,0.1,gf,-0.005,mm,OK,--,1:34:35 PM,12/29/2025,
1737,0.0,gf,-0.005,mm,OK,--,1:34:35 PM,12/29/2025,
1738,0.0,gf,-0.005,mm,OK,--,1:34:35 PM,12/29/2025,
1739,0.0,gf,-0.005,mm,OK,--,1:34:35 PM,12/29/2025,
1740,0.0,gf,-0.005,mm,OK,--,1:34:35 PM,12/29/2025,
1741,0.0,gf,0.000,mm,OK,--,1:34:35 PM,12/29/2025,
1742,0.0,gf,0.000,mm,OK,--,1:34:35 PM,12/29/2025,
1743,0.0,gf,0.000,mm,OK,--,1:34:35 PM,12/29/2025,
1744,0.0,gf,0.000,mm,OK,--,1:34:35 PM,12/29/2025,
1745,0.0,gf,0.000,mm,OK,--,1:34:36 PM,12/29/2025,
1746,0.1,gf,0.000,mm,OK,--,1:34:36 PM,12/29/2025,
