Maximum,191.8,@,No.995,,,,,,
Minimum,-0.3,@,No.18,,,,,,
Average,44.68,,,,,,,,
Data Quantity,1890,,,,,,,,
Number of NG,0,,,,,,,,
No.,Force,Unit,Displacement,Unit,Judge,Position,Time,Date,
1,0.0,gf,0.005,mm,OK,--,1:39:44 PM,11/27/2025,
2,0.0,gf,0.005,mm,OK,--,1:39:44 PM,11/27/2025,
3,-0.1,gf,0.005,mm,OK,--,1:39:44 PM,11/27/2025,
4,-0.1,gf,0.005,mm,OK,--,1:39:44 PM,11/27/2025,
5,0.0,gf,0.005,mm,OK,--,1:39:45 PM,11/27/2025,
6,0.1,gf,0.005,mm,OK,--,1:39:45 PM,11/27/2025,
7,0.0,gf,0.010,mm,OK,--,1:39:45 PM,11/27/2025,
8,0.0,gf,0.010,mm,OK,--,1:39:45 PM,11/27/2025,
9,0.0,gf,0.010,mm,OK,--,1:39:45 PM,11/27/2025,
10,0.0,gf,0.010,mm,OK,--,1:39:45 PM,11/27/2025,
11,0.0,gf,0.010,mm,OK,--,1:39:45 PM,11/27/2025,
12,0.0,gf,0.015,mm,OK,--,1:39:45 PM,11/27/2025,
13,0.0,gf,0.015,mm,OK,--,1:39:45 PM,11/27/2025,
14,0.0,gf,0.015,mm,OK,--,1:39:45 PM,11/27/2025,
15,0.1,gf,0.015,mm,OK,--,1:39:46 PM,11/27/2025,
16,0.0,gf,0.015,mm,OK,--,1:39:46 PM,11/27/2025,
17,0.1,gf,0.020,mm,OK,--,1:39:46 PM,11/27/2025,
18,-0.3,gf,0.020,mm,OK,--,1:39:46 PM,11/27/2025,
19,0.0,gf,0.025,mm,OK,--,1:39:46 PM,11/27/2025,
20,0.0,gf,0.025,mm,OK,--,1:39:46 PM,11/27/2025,
21,0.3,gf,0.025,mm,OK,--,1:39:46 PM,11/27/2025,
22,0.0,gf,0.025,mm,OK,--,1:39:46 PM,11/27/2025,
23,-0.1,gf,0.030,mm,OK,--,1:39:46 PM,11/27/2025,
24,0.0,gf,0.035,mm,OK,--,1:39:46 PM,11/27/2025,
25,0.1,gf,0.035,mm,OK,--,1:39:47 PM,11/27/2025,
26,0.0,gf,0.040,mm,OK,--,1:39:47 PM,11/27/2025,
27,0.0,gf,0.040,mm,OK,--,1:39:47 PM,11/27/2025,
28,0.0,gf,0.045,mm,OK,--,1:39:47 PM,11/27/2025,
29,0.0,gf,0.050,mm,OK,--,1:39:47 PM,11/27/2025,
30,0.0,gf,0.055,mm,OK,--,1:39:47 PM,11/27/2025,
31,0.1,gf,0.055,mm,OK,--,1:39:47 PM,11/27/2025,
32,0.0,gf,0.060,mm,OK,--,1:39:47 PM,11/27/2025,
33,0.0,gf,0.060,mm,OK,--,1:39:47 PM,11/27/2025,
34,0.8,gf,0.060,mm,OK,--,1:39:47 PM,11/27/2025,
35,1.8,gf,0.060,mm,OK,--,1:39:48 PM,11/27/2025,
36,2.3,gf,0.065,mm,OK,--,1:39:48 PM,11/27/2025,
37,2.8,gf,0.065,mm,OK,--,1:39:48 PM,11/27/2025,
38,3.3,gf,0.065,mm,OK,--,1:39:48 PM,11/27/2025,
39,3.8,gf,0.065,mm,OK,--,1:39:48 PM,11/27/2025,
40,4.6,gf,0.065,mm,OK,--,1:39:48 PM,11/27/2025,
41,5.4,gf,0.065,mm,OK,--,1:39:48 PM,11/27/2025,
42,6.4,gf,0.065,mm,OK,--,1:39:48 PM,11/27/2025,
43,7.4,gf,0.070,mm,OK,--,1:39:48 PM,11/27/2025,
44,8.3,gf,0.070,mm,OK,--,1:39:48 PM,11/27/2025,
45,9.8,gf,0.070,mm,OK,--,1:39:49 PM,11/27/2025,
46,11.3,gf,0.070,mm,OK,--,1:39:49 PM,11/27/2025,
47,12.5,gf,0.075,mm,OK,--,1:39:49 PM,11/27/2025,
48,14.0,gf,0.075,mm,OK,--,1:39:49 PM,11/27/2025,
49,15.5,gf,0.075,mm,OK,--,1:39:49 PM,11/27/2025,
50,16.5,gf,0.080,mm,OK,--,1:39:49 PM,11/27/2025,
51,17.9,gf,0.080,mm,OK,--,1:39:49 PM,11/27/2025,
52,19.1,gf,0.080,mm,OK,--,1:39:49 PM,11/27/2025,
53,20.5,gf,0.085,mm,OK,--,1:39:49 PM,11/27/2025,
54,21.9,gf,0.085,mm,OK,--,1:39:49 PM,11/27/2025,
55,23.5,gf,0.090,mm,OK,--,1:39:50 PM,11/27/2025,
56,25.3,gf,0.090,mm,OK,--,1:39:50 PM,11/27/2025,
57,27.4,gf,0.095,mm,OK,--,1:39:50 PM,11/27/2025,
58,29.7,gf,0.095,mm,OK,--,1:39:50 PM,11/27/2025,
59,31.2,gf,0.100,mm,OK,--,1:39:50 PM,11/27/2025,
60,32.0,gf,0.100,mm,OK,--,1:39:50 PM,11/27/2025,
61,32.8,gf,0.105,mm,OK,--,1:39:50 PM,11/27/2025,
62,33.9,gf,0.105,mm,OK,--,1:39:50 PM,11/27/2025,
63,35.3,gf,0.110,mm,OK,--,1:39:50 PM,11/27/2025,
64,35.9,gf,0.115,mm,OK,--,1:39:50 PM,11/27/2025,
65,36.0,gf,0.115,mm,OK,--,1:39:51 PM,11/27/2025,
66,36.3,gf,0.120,mm,OK,--,1:39:51 PM,11/27/2025,
67,36.5,gf,0.120,mm,OK,--,1:39:51 PM,11/27/2025,
68,36.4,gf,0.120,mm,OK,--,1:39:51 PM,11/27/2025,
69,36.4,gf,0.125,mm,OK,--,1:39:51 PM,11/27/2025,
70,36.4,gf,0.125,mm,OK,--,1:39:51 PM,11/27/2025,
71,36.4,gf,0.125,mm,OK,--,1:39:51 PM,11/27/2025,
72,36.4,gf,0.125,mm,OK,--,1:39:51 PM,11/27/2025,
73,36.6,gf,0.125,mm,OK,--,1:39:51 PM,11/27/2025,
74,36.6,gf,0.130,mm,OK,--,1:39:51 PM,11/27/2025,
75,37.0,gf,0.130,mm,OK,--,1:39:52 PM,11/27/2025,
76,36.7,gf,0.135,mm,OK,--,1:39:52 PM,11/27/2025,
77,36.7,gf,0.140,mm,OK,--,1:39:52 PM,11/27/2025,
78,36.6,gf,0.145,mm,OK,--,1:39:52 PM,11/27/2025,
79,36.5,gf,0.150,mm,OK,--,1:39:52 PM,11/27/2025,
80,36.6,gf,0.155,mm,OK,--,1:39:52 PM,11/27/2025,
81,36.4,gf,0.160,mm,OK,--,1:39:52 PM,11/27/2025,
82,36.3,gf,0.160,mm,OK,--,1:39:52 PM,11/27/2025,
83,36.3,gf,0.165,mm,OK,--,1:39:52 PM,11/27/2025,
84,36.3,gf,0.170,mm,OK,--,1:39:52 PM,11/27/2025,
85,36.2,gf,0.170,mm,OK,--,1:39:53 PM,11/27/2025,
86,36.1,gf,0.175,mm,OK,--,1:39:53 PM,11/27/2025,
87,36.0,gf,0.175,mm,OK,--,1:39:53 PM,11/27/2025,
88,36.0,gf,0.180,mm,OK,--,1:39:53 PM,11/27/2025,
89,35.9,gf,0.180,mm,OK,--,1:39:53 PM,11/27/2025,
90,35.9,gf,0.180,mm,OK,--,1:39:53 PM,11/27/2025,
91,35.9,gf,0.180,mm,OK,--,1:39:53 PM,11/27/2025,
92,35.9,gf,0.180,mm,OK,--,1:39:53 PM,11/27/2025,
93,36.3,gf,0.185,mm,OK,--,1:39:53 PM,11/27/2025,
94,36.4,gf,0.190,mm,OK,--,1:39:53 PM,11/27/2025,
95,36.3,gf,0.195,mm,OK,--,1:39:54 PM,11/27/2025,
96,36.1,gf,0.195,mm,OK,--,1:39:54 PM,11/27/2025,
97,36.2,gf,0.200,mm,OK,--,1:39:54 PM,11/27/2025,
98,36.1,gf,0.205,mm,OK,--,1:39:54 PM,11/27/2025,
99,36.0,gf,0.210,mm,OK,--,1:39:54 PM,11/27/2025,
100,35.9,gf,0.210,mm,OK,--,1:39:54 PM,11/27/2025,
101,36.0,gf,0.215,mm,OK,--,1:39:54 PM,11/27/2025,
102,36.0,gf,0.215,mm,OK,--,1:39:54 PM,11/27/2025,
103,36.0,gf,0.220,mm,OK,--,1:39:54 PM,11/27/2025,
104,35.9,gf,0.220,mm,OK,--,1:39:54 PM,11/27/2025,
105,35.9,gf,0.225,mm,OK,--,1:39:55 PM,11/27/2025,
106,35.8,gf,0.225,mm,OK,--,1:39:55 PM,11/27/2025,
107,35.8,gf,0.225,mm,OK,--,1:39:55 PM,11/27/2025,
108,35.8,gf,0.230,mm,OK,--,1:39:55 PM,11/27/2025,
109,35.9,gf,0.230,mm,OK,--,1:39:55 PM,11/27/2025,
110,36.2,gf,0.235,mm,OK,--,1:39:55 PM,11/27/2025,
111,36.2,gf,0.240,mm,OK,--,1:39:55 PM,11/27/2025,
112,36.1,gf,0.240,mm,OK,--,1:39:55 PM,11/27/2025,
113,36.1,gf,0.250,mm,OK,--,1:39:55 PM,11/27/2025,
114,35.9,gf,0.255,mm,OK,--,1:39:55 PM,11/27/2025,
115,35.9,gf,0.260,mm,OK,--,1:39:56 PM,11/27/2025,
116,36.0,gf,0.265,mm,OK,--,1:39:56 PM,11/27/2025,
117,36.0,gf,0.270,mm,OK,--,1:39:56 PM,11/27/2025,
118,36.0,gf,0.275,mm,OK,--,1:39:56 PM,11/27/2025,
119,35.9,gf,0.275,mm,OK,--,1:39:56 PM,11/27/2025,
120,35.9,gf,0.280,mm,OK,--,1:39:56 PM,11/27/2025,
121,35.9,gf,0.280,mm,OK,--,1:39:56 PM,11/27/2025,
122,35.9,gf,0.280,mm,OK,--,1:39:56 PM,11/27/2025,
123,35.9,gf,0.285,mm,OK,--,1:39:56 PM,11/27/2025,
124,35.9,gf,0.285,mm,OK,--,1:39:56 PM,11/27/2025,
125,35.8,gf,0.285,mm,OK,--,1:39:57 PM,11/27/2025,
126,35.8,gf,0.285,mm,OK,--,1:39:57 PM,11/27/2025,
127,36.0,gf,0.285,mm,OK,--,1:39:57 PM,11/27/2025,
128,36.2,gf,0.290,mm,OK,--,1:39:57 PM,11/27/2025,
129,36.1,gf,0.290,mm,OK,--,1:39:57 PM,11/27/2025,
130,36.1,gf,0.295,mm,OK,--,1:39:57 PM,11/27/2025,
131,36.1,gf,0.300,mm,OK,--,1:39:57 PM,11/27/2025,
132,36.0,gf,0.300,mm,OK,--,1:39:57 PM,11/27/2025,
133,36.1,gf,0.305,mm,OK,--,1:39:57 PM,11/27/2025,
134,35.9,gf,0.305,mm,OK,--,1:39:57 PM,11/27/2025,
135,35.9,gf,0.310,mm,OK,--,1:39:58 PM,11/27/2025,
136,35.9,gf,0.310,mm,OK,--,1:39:58 PM,11/27/2025,
137,35.8,gf,0.310,mm,OK,--,1:39:58 PM,11/27/2025,
138,35.7,gf,0.315,mm,OK,--,1:39:58 PM,11/27/2025,
139,36.4,gf,0.315,mm,OK,--,1:39:58 PM,11/27/2025,
140,36.1,gf,0.325,mm,OK,--,1:39:58 PM,11/27/2025,
141,36.3,gf,0.330,mm,OK,--,1:39:58 PM,11/27/2025,
142,35.9,gf,0.340,mm,OK,--,1:39:58 PM,11/27/2025,
143,35.7,gf,0.340,mm,OK,--,1:39:58 PM,11/27/2025,
144,35.7,gf,0.345,mm,OK,--,1:39:58 PM,11/27/2025,
145,35.9,gf,0.345,mm,OK,--,1:39:59 PM,11/27/2025,
146,35.8,gf,0.345,mm,OK,--,1:39:59 PM,11/27/2025,
147,36.0,gf,0.350,mm,OK,--,1:39:59 PM,11/27/2025,
148,35.9,gf,0.350,mm,OK,--,1:39:59 PM,11/27/2025,
149,35.9,gf,0.355,mm,OK,--,1:39:59 PM,11/27/2025,
150,35.9,gf,0.355,mm,OK,--,1:39:59 PM,11/27/2025,
151,36.0,gf,0.355,mm,OK,--,1:39:59 PM,11/27/2025,
152,36.0,gf,0.355,mm,OK,--,1:39:59 PM,11/27/2025,
153,36.1,gf,0.360,mm,OK,--,1:39:59 PM,11/27/2025,
154,36.1,gf,0.360,mm,OK,--,1:39:59 PM,11/27/2025,
155,36.0,gf,0.365,mm,OK,--,1:40:00 PM,11/27/2025,
156,36.0,gf,0.365,mm,OK,--,1:40:00 PM,11/27/2025,
157,36.0,gf,0.365,mm,OK,--,1:40:00 PM,11/27/2025,
158,36.0,gf,0.370,mm,OK,--,1:40:00 PM,11/27/2025,
159,36.0,gf,0.370,mm,OK,--,1:40:00 PM,11/27/2025,
160,36.1,gf,0.370,mm,OK,--,1:40:00 PM,11/27/2025,
161,36.1,gf,0.375,mm,OK,--,1:40:00 PM,11/27/2025,
162,36.2,gf,0.375,mm,OK,--,1:40:00 PM,11/27/2025,
163,36.1,gf,0.380,mm,OK,--,1:40:00 PM,11/27/2025,
164,35.8,gf,0.380,mm,OK,--,1:40:00 PM,11/27/2025,
165,36.0,gf,0.380,mm,OK,--,1:40:01 PM,11/27/2025,
166,36.0,gf,0.385,mm,OK,--,1:40:01 PM,11/27/2025,
167,36.2,gf,0.385,mm,OK,--,1:40:01 PM,11/27/2025,
168,36.0,gf,0.385,mm,OK,--,1:40:01 PM,11/27/2025,
169,36.1,gf,0.390,mm,OK,--,1:40:01 PM,11/27/2025,
170,36.0,gf,0.390,mm,OK,--,1:40:01 PM,11/27/2025,
171,35.8,gf,0.395,mm,OK,--,1:40:01 PM,11/27/2025,
172,35.9,gf,0.395,mm,OK,--,1:40:01 PM,11/27/2025,
173,36.2,gf,0.400,mm,OK,--,1:40:01 PM,11/27/2025,
174,36.0,gf,0.400,mm,OK,--,1:40:01 PM,11/27/2025,
175,36.0,gf,0.405,mm,OK,--,1:40:02 PM,11/27/2025,
176,35.9,gf,0.410,mm,OK,--,1:40:02 PM,11/27/2025,
177,36.0,gf,0.410,mm,OK,--,1:40:02 PM,11/27/2025,
178,36.0,gf,0.415,mm,OK,--,1:40:02 PM,11/27/2025,
179,35.9,gf,0.415,mm,OK,--,1:40:02 PM,11/27/2025,
180,35.7,gf,0.415,mm,OK,--,1:40:02 PM,11/27/2025,
181,35.7,gf,0.420,mm,OK,--,1:40:02 PM,11/27/2025,
182,35.6,gf,0.420,mm,OK,--,1:40:02 PM,11/27/2025,
183,35.6,gf,0.420,mm,OK,--,1:40:02 PM,11/27/2025,
184,35.7,gf,0.420,mm,OK,--,1:40:02 PM,11/27/2025,
185,35.6,gf,0.420,mm,OK,--,1:40:03 PM,11/27/2025,
186,35.6,gf,0.420,mm,OK,--,1:40:03 PM,11/27/2025,
187,35.6,gf,0.420,mm,OK,--,1:40:03 PM,11/27/2025,
188,35.6,gf,0.420,mm,OK,--,1:40:03 PM,11/27/2025,
189,35.8,gf,0.420,mm,OK,--,1:40:03 PM,11/27/2025,
190,35.7,gf,0.420,mm,OK,--,1:40:03 PM,11/27/2025,
191,35.8,gf,0.425,mm,OK,--,1:40:03 PM,11/27/2025,
192,35.8,gf,0.425,mm,OK,--,1:40:03 PM,11/27/2025,
193,35.8,gf,0.425,mm,OK,--,1:40:03 PM,11/27/2025,
194,36.0,gf,0.430,mm,OK,--,1:40:03 PM,11/27/2025,
195,36.1,gf,0.430,mm,OK,--,1:40:04 PM,11/27/2025,
196,36.0,gf,0.435,mm,OK,--,1:40:04 PM,11/27/2025,
197,35.8,gf,0.435,mm,OK,--,1:40:04 PM,11/27/2025,
198,36.1,gf,0.440,mm,OK,--,1:40:04 PM,11/27/2025,
199,36.2,gf,0.445,mm,OK,--,1:40:04 PM,11/27/2025,
200,35.9,gf,0.450,mm,OK,--,1:40:04 PM,11/27/2025,
201,35.6,gf,0.455,mm,OK,--,1:40:04 PM,11/27/2025,
202,35.6,gf,0.455,mm,OK,--,1:40:04 PM,11/27/2025,
203,35.6,gf,0.455,mm,OK,--,1:40:04 PM,11/27/2025,
204,35.7,gf,0.455,mm,OK,--,1:40:04 PM,11/27/2025,
205,35.9,gf,0.455,mm,OK,--,1:40:05 PM,11/27/2025,
206,35.8,gf,0.455,mm,OK,--,1:40:05 PM,11/27/2025,
207,35.7,gf,0.455,mm,OK,--,1:40:05 PM,11/27/2025,
208,35.9,gf,0.460,mm,OK,--,1:40:05 PM,11/27/2025,
209,36.0,gf,0.460,mm,OK,--,1:40:05 PM,11/27/2025,
210,36.0,gf,0.460,mm,OK,--,1:40:05 PM,11/27/2025,
211,36.0,gf,0.465,mm,OK,--,1:40:05 PM,11/27/2025,
212,36.0,gf,0.465,mm,OK,--,1:40:05 PM,11/27/2025,
213,36.2,gf,0.470,mm,OK,--,1:40:05 PM,11/27/2025,
214,36.1,gf,0.475,mm,OK,--,1:40:05 PM,11/27/2025,
215,36.1,gf,0.475,mm,OK,--,1:40:06 PM,11/27/2025,
216,36.0,gf,0.475,mm,OK,--,1:40:06 PM,11/27/2025,
217,36.0,gf,0.475,mm,OK,--,1:40:06 PM,11/27/2025,
218,35.9,gf,0.480,mm,OK,--,1:40:06 PM,11/27/2025,
219,35.9,gf,0.480,mm,OK,--,1:40:06 PM,11/27/2025,
220,35.9,gf,0.480,mm,OK,--,1:40:06 PM,11/27/2025,
221,35.9,gf,0.480,mm,OK,--,1:40:06 PM,11/27/2025,
222,35.9,gf,0.480,mm,OK,--,1:40:06 PM,11/27/2025,
223,35.8,gf,0.480,mm,OK,--,1:40:06 PM,11/27/2025,
224,36.1,gf,0.485,mm,OK,--,1:40:06 PM,11/27/2025,
225,35.9,gf,0.485,mm,OK,--,1:40:07 PM,11/27/2025,
226,35.9,gf,0.490,mm,OK,--,1:40:07 PM,11/27/2025,
227,36.0,gf,0.490,mm,OK,--,1:40:07 PM,11/27/2025,
228,36.0,gf,0.490,mm,OK,--,1:40:07 PM,11/27/2025,
229,35.9,gf,0.495,mm,OK,--,1:40:07 PM,11/27/2025,
230,35.8,gf,0.495,mm,OK,--,1:40:07 PM,11/27/2025,
231,36.0,gf,0.495,mm,OK,--,1:40:07 PM,11/27/2025,
232,35.8,gf,0.495,mm,OK,--,1:40:07 PM,11/27/2025,
233,35.8,gf,0.500,mm,OK,--,1:40:07 PM,11/27/2025,
234,35.9,gf,0.500,mm,OK,--,1:40:07 PM,11/27/2025,
235,36.0,gf,0.500,mm,OK,--,1:40:08 PM,11/27/2025,
236,36.3,gf,0.500,mm,OK,--,1:40:08 PM,11/27/2025,
237,36.3,gf,0.505,mm,OK,--,1:40:08 PM,11/27/2025,
238,36.2,gf,0.510,mm,OK,--,1:40:08 PM,11/27/2025,
239,36.1,gf,0.510,mm,OK,--,1:40:08 PM,11/27/2025,
240,36.2,gf,0.515,mm,OK,--,1:40:08 PM,11/27/2025,
241,36.3,gf,0.515,mm,OK,--,1:40:08 PM,11/27/2025,
242,36.3,gf,0.520,mm,OK,--,1:40:08 PM,11/27/2025,
243,36.3,gf,0.520,mm,OK,--,1:40:08 PM,11/27/2025,
244,36.2,gf,0.525,mm,OK,--,1:40:08 PM,11/27/2025,
245,36.3,gf,0.525,mm,OK,--,1:40:09 PM,11/27/2025,
246,36.2,gf,0.525,mm,OK,--,1:40:09 PM,11/27/2025,
247,36.2,gf,0.530,mm,OK,--,1:40:09 PM,11/27/2025,
248,36.2,gf,0.530,mm,OK,--,1:40:09 PM,11/27/2025,
249,36.2,gf,0.530,mm,OK,--,1:40:09 PM,11/27/2025,
250,36.2,gf,0.535,mm,OK,--,1:40:09 PM,11/27/2025,
251,36.3,gf,0.535,mm,OK,--,1:40:09 PM,11/27/2025,
252,36.2,gf,0.540,mm,OK,--,1:40:09 PM,11/27/2025,
253,36.0,gf,0.540,mm,OK,--,1:40:09 PM,11/27/2025,
254,36.0,gf,0.540,mm,OK,--,1:40:09 PM,11/27/2025,
255,36.4,gf,0.540,mm,OK,--,1:40:10 PM,11/27/2025,
256,36.3,gf,0.545,mm,OK,--,1:40:10 PM,11/27/2025,
257,36.3,gf,0.550,mm,OK,--,1:40:10 PM,11/27/2025,
258,36.3,gf,0.550,mm,OK,--,1:40:10 PM,11/27/2025,
259,36.3,gf,0.555,mm,OK,--,1:40:10 PM,11/27/2025,
260,36.2,gf,0.555,mm,OK,--,1:40:10 PM,11/27/2025,
261,36.2,gf,0.560,mm,OK,--,1:40:10 PM,11/27/2025,
262,36.2,gf,0.560,mm,OK,--,1:40:10 PM,11/27/2025,
263,36.4,gf,0.560,mm,OK,--,1:40:10 PM,11/27/2025,
264,36.2,gf,0.565,mm,OK,--,1:40:10 PM,11/27/2025,
265,36.2,gf,0.565,mm,OK,--,1:40:11 PM,11/27/2025,
266,36.2,gf,0.570,mm,OK,--,1:40:11 PM,11/27/2025,
267,36.2,gf,0.570,mm,OK,--,1:40:11 PM,11/27/2025,
268,36.3,gf,0.575,mm,OK,--,1:40:11 PM,11/27/2025,
269,36.3,gf,0.575,mm,OK,--,1:40:11 PM,11/27/2025,
270,36.3,gf,0.580,mm,OK,--,1:40:11 PM,11/27/2025,
271,36.4,gf,0.580,mm,OK,--,1:40:11 PM,11/27/2025,
272,36.4,gf,0.585,mm,OK,--,1:40:11 PM,11/27/2025,
273,36.4,gf,0.590,mm,OK,--,1:40:11 PM,11/27/2025,
274,36.4,gf,0.595,mm,OK,--,1:40:11 PM,11/27/2025,
275,36.3,gf,0.600,mm,OK,--,1:40:12 PM,11/27/2025,
276,36.2,gf,0.605,mm,OK,--,1:40:12 PM,11/27/2025,
277,36.2,gf,0.610,mm,OK,--,1:40:12 PM,11/27/2025,
278,36.2,gf,0.615,mm,OK,--,1:40:12 PM,11/27/2025,
279,36.3,gf,0.620,mm,OK,--,1:40:12 PM,11/27/2025,
280,36.3,gf,0.620,mm,OK,--,1:40:12 PM,11/27/2025,
281,36.5,gf,0.625,mm,OK,--,1:40:12 PM,11/27/2025,
282,36.5,gf,0.630,mm,OK,--,1:40:12 PM,11/27/2025,
283,36.5,gf,0.635,mm,OK,--,1:40:12 PM,11/27/2025,
284,36.5,gf,0.640,mm,OK,--,1:40:12 PM,11/27/2025,
285,36.5,gf,0.645,mm,OK,--,1:40:13 PM,11/27/2025,
286,36.6,gf,0.650,mm,OK,--,1:40:13 PM,11/27/2025,
287,36.6,gf,0.660,mm,OK,--,1:40:13 PM,11/27/2025,
288,36.6,gf,0.665,mm,OK,--,1:40:13 PM,11/27/2025,
289,36.6,gf,0.670,mm,OK,--,1:40:13 PM,11/27/2025,
290,36.6,gf,0.680,mm,OK,--,1:40:13 PM,11/27/2025,
291,36.6,gf,0.685,mm,OK,--,1:40:13 PM,11/27/2025,
292,36.5,gf,0.695,mm,OK,--,1:40:13 PM,11/27/2025,
293,36.5,gf,0.705,mm,OK,--,1:40:13 PM,11/27/2025,
294,36.6,gf,0.710,mm,OK,--,1:40:13 PM,11/27/2025,
295,36.6,gf,0.720,mm,OK,--,1:40:14 PM,11/27/2025,
296,36.6,gf,0.725,mm,OK,--,1:40:14 PM,11/27/2025,
297,36.7,gf,0.735,mm,OK,--,1:40:14 PM,11/27/2025,
298,36.7,gf,0.740,mm,OK,--,1:40:14 PM,11/27/2025,
299,36.8,gf,0.750,mm,OK,--,1:40:14 PM,11/27/2025,
300,36.8,gf,0.755,mm,OK,--,1:40:14 PM,11/27/2025,
301,36.8,gf,0.760,mm,OK,--,1:40:14 PM,11/27/2025,
302,36.8,gf,0.765,mm,OK,--,1:40:14 PM,11/27/2025,
303,36.8,gf,0.775,mm,OK,--,1:40:14 PM,11/27/2025,
304,36.7,gf,0.780,mm,OK,--,1:40:14 PM,11/27/2025,
305,36.8,gf,0.785,mm,OK,--,1:40:15 PM,11/27/2025,
306,36.8,gf,0.795,mm,OK,--,1:40:15 PM,11/27/2025,
307,36.8,gf,0.800,mm,OK,--,1:40:15 PM,11/27/2025,
308,36.9,gf,0.805,mm,OK,--,1:40:15 PM,11/27/2025,
309,36.9,gf,0.810,mm,OK,--,1:40:15 PM,11/27/2025,
310,37.0,gf,0.815,mm,OK,--,1:40:15 PM,11/27/2025,
311,37.2,gf,0.820,mm,OK,--,1:40:15 PM,11/27/2025,
312,37.2,gf,0.830,mm,OK,--,1:40:15 PM,11/27/2025,
313,37.2,gf,0.835,mm,OK,--,1:40:15 PM,11/27/2025,
314,37.4,gf,0.845,mm,OK,--,1:40:15 PM,11/27/2025,
315,37.4,gf,0.850,mm,OK,--,1:40:16 PM,11/27/2025,
316,37.4,gf,0.860,mm,OK,--,1:40:16 PM,11/27/2025,
317,37.2,gf,0.870,mm,OK,--,1:40:16 PM,11/27/2025,
318,37.2,gf,0.875,mm,OK,--,1:40:16 PM,11/27/2025,
319,37.2,gf,0.885,mm,OK,--,1:40:16 PM,11/27/2025,
320,37.2,gf,0.895,mm,OK,--,1:40:16 PM,11/27/2025,
321,37.1,gf,0.900,mm,OK,--,1:40:16 PM,11/27/2025,
322,37.2,gf,0.910,mm,OK,--,1:40:16 PM,11/27/2025,
323,37.1,gf,0.915,mm,OK,--,1:40:16 PM,11/27/2025,
324,37.1,gf,0.920,mm,OK,--,1:40:16 PM,11/27/2025,
325,37.0,gf,0.925,mm,OK,--,1:40:17 PM,11/27/2025,
326,37.1,gf,0.930,mm,OK,--,1:40:17 PM,11/27/2025,
327,37.2,gf,0.930,mm,OK,--,1:40:17 PM,11/27/2025,
328,37.2,gf,0.935,mm,OK,--,1:40:17 PM,11/27/2025,
329,37.2,gf,0.940,mm,OK,--,1:40:17 PM,11/27/2025,
330,37.4,gf,0.940,mm,OK,--,1:40:17 PM,11/27/2025,
331,37.5,gf,0.945,mm,OK,--,1:40:17 PM,11/27/2025,
332,37.4,gf,0.950,mm,OK,--,1:40:17 PM,11/27/2025,
333,37.6,gf,0.955,mm,OK,--,1:40:17 PM,11/27/2025,
334,37.5,gf,0.960,mm,OK,--,1:40:17 PM,11/27/2025,
335,37.6,gf,0.965,mm,OK,--,1:40:18 PM,11/27/2025,
336,37.6,gf,0.970,mm,OK,--,1:40:18 PM,11/27/2025,
337,37.8,gf,0.980,mm,OK,--,1:40:18 PM,11/27/2025,
338,37.7,gf,0.985,mm,OK,--,1:40:18 PM,11/27/2025,
339,37.7,gf,0.990,mm,OK,--,1:40:18 PM,11/27/2025,
340,37.5,gf,0.995,mm,OK,--,1:40:18 PM,11/27/2025,
341,37.4,gf,0.995,mm,OK,--,1:40:18 PM,11/27/2025,
342,37.4,gf,1.000,mm,OK,--,1:40:18 PM,11/27/2025,
343,37.5,gf,1.005,mm,OK,--,1:40:18 PM,11/27/2025,
344,37.4,gf,1.010,mm,OK,--,1:40:18 PM,11/27/2025,
345,37.5,gf,1.015,mm,OK,--,1:40:19 PM,11/27/2025,
346,37.5,gf,1.015,mm,OK,--,1:40:19 PM,11/27/2025,
347,37.5,gf,1.020,mm,OK,--,1:40:19 PM,11/27/2025,
348,37.6,gf,1.025,mm,OK,--,1:40:19 PM,11/27/2025,
349,37.7,gf,1.025,mm,OK,--,1:40:19 PM,11/27/2025,
350,37.7,gf,1.030,mm,OK,--,1:40:19 PM,11/27/2025,
351,37.7,gf,1.035,mm,OK,--,1:40:19 PM,11/27/2025,
352,37.7,gf,1.040,mm,OK,--,1:40:19 PM,11/27/2025,
353,37.7,gf,1.040,mm,OK,--,1:40:19 PM,11/27/2025,
354,37.7,gf,1.045,mm,OK,--,1:40:19 PM,11/27/2025,
355,37.7,gf,1.050,mm,OK,--,1:40:20 PM,11/27/2025,
356,37.7,gf,1.055,mm,OK,--,1:40:20 PM,11/27/2025,
357,37.8,gf,1.060,mm,OK,--,1:40:20 PM,11/27/2025,
358,37.8,gf,1.065,mm,OK,--,1:40:20 PM,11/27/2025,
359,37.8,gf,1.065,mm,OK,--,1:40:20 PM,11/27/2025,
360,37.8,gf,1.070,mm,OK,--,1:40:20 PM,11/27/2025,
361,37.8,gf,1.075,mm,OK,--,1:40:20 PM,11/27/2025,
362,37.8,gf,1.080,mm,OK,--,1:40:20 PM,11/27/2025,
363,37.8,gf,1.085,mm,OK,--,1:40:20 PM,11/27/2025,
364,37.8,gf,1.090,mm,OK,--,1:40:20 PM,11/27/2025,
365,37.9,gf,1.095,mm,OK,--,1:40:21 PM,11/27/2025,
366,38.0,gf,1.095,mm,OK,--,1:40:21 PM,11/27/2025,
367,38.1,gf,1.100,mm,OK,--,1:40:21 PM,11/27/2025,
368,38.1,gf,1.105,mm,OK,--,1:40:21 PM,11/27/2025,
369,38.1,gf,1.115,mm,OK,--,1:40:21 PM,11/27/2025,
370,38.2,gf,1.115,mm,OK,--,1:40:21 PM,11/27/2025,
371,38.0,gf,1.120,mm,OK,--,1:40:21 PM,11/27/2025,
372,38.0,gf,1.125,mm,OK,--,1:40:21 PM,11/27/2025,
373,38.0,gf,1.125,mm,OK,--,1:40:21 PM,11/27/2025,
374,38.0,gf,1.130,mm,OK,--,1:40:21 PM,11/27/2025,
375,38.0,gf,1.135,mm,OK,--,1:40:22 PM,11/27/2025,
376,38.0,gf,1.135,mm,OK,--,1:40:22 PM,11/27/2025,
377,38.0,gf,1.140,mm,OK,--,1:40:22 PM,11/27/2025,
378,38.0,gf,1.145,mm,OK,--,1:40:22 PM,11/27/2025,
379,38.0,gf,1.145,mm,OK,--,1:40:22 PM,11/27/2025,
380,38.0,gf,1.150,mm,OK,--,1:40:22 PM,11/27/2025,
381,38.2,gf,1.155,mm,OK,--,1:40:22 PM,11/27/2025,
382,38.2,gf,1.160,mm,OK,--,1:40:22 PM,11/27/2025,
383,38.2,gf,1.165,mm,OK,--,1:40:22 PM,11/27/2025,
384,38.2,gf,1.165,mm,OK,--,1:40:22 PM,11/27/2025,
385,38.2,gf,1.170,mm,OK,--,1:40:23 PM,11/27/2025,
386,38.3,gf,1.175,mm,OK,--,1:40:23 PM,11/27/2025,
387,38.3,gf,1.180,mm,OK,--,1:40:23 PM,11/27/2025,
388,38.3,gf,1.180,mm,OK,--,1:40:23 PM,11/27/2025,
389,38.2,gf,1.185,mm,OK,--,1:40:23 PM,11/27/2025,
390,38.2,gf,1.190,mm,OK,--,1:40:23 PM,11/27/2025,
391,38.2,gf,1.200,mm,OK,--,1:40:23 PM,11/27/2025,
392,38.2,gf,1.205,mm,OK,--,1:40:23 PM,11/27/2025,
393,38.3,gf,1.210,mm,OK,--,1:40:23 PM,11/27/2025,
394,38.3,gf,1.215,mm,OK,--,1:40:23 PM,11/27/2025,
395,38.2,gf,1.215,mm,OK,--,1:40:24 PM,11/27/2025,
396,38.2,gf,1.220,mm,OK,--,1:40:24 PM,11/27/2025,
397,38.3,gf,1.225,mm,OK,--,1:40:24 PM,11/27/2025,
398,38.2,gf,1.230,mm,OK,--,1:40:24 PM,11/27/2025,
399,38.2,gf,1.230,mm,OK,--,1:40:24 PM,11/27/2025,
400,38.2,gf,1.235,mm,OK,--,1:40:24 PM,11/27/2025,
401,38.3,gf,1.240,mm,OK,--,1:40:24 PM,11/27/2025,
402,38.3,gf,1.240,mm,OK,--,1:40:24 PM,11/27/2025,
403,38.3,gf,1.245,mm,OK,--,1:40:24 PM,11/27/2025,
404,38.3,gf,1.245,mm,OK,--,1:40:24 PM,11/27/2025,
405,38.2,gf,1.250,mm,OK,--,1:40:25 PM,11/27/2025,
406,38.2,gf,1.255,mm,OK,--,1:40:25 PM,11/27/2025,
407,38.3,gf,1.260,mm,OK,--,1:40:25 PM,11/27/2025,
408,38.4,gf,1.260,mm,OK,--,1:40:25 PM,11/27/2025,
409,38.5,gf,1.265,mm,OK,--,1:40:25 PM,11/27/2025,
410,38.6,gf,1.270,mm,OK,--,1:40:25 PM,11/27/2025,
411,38.5,gf,1.275,mm,OK,--,1:40:25 PM,11/27/2025,
412,38.4,gf,1.275,mm,OK,--,1:40:25 PM,11/27/2025,
413,38.5,gf,1.280,mm,OK,--,1:40:25 PM,11/27/2025,
414,38.5,gf,1.280,mm,OK,--,1:40:25 PM,11/27/2025,
415,38.6,gf,1.285,mm,OK,--,1:40:26 PM,11/27/2025,
416,38.5,gf,1.290,mm,OK,--,1:40:26 PM,11/27/2025,
417,38.5,gf,1.295,mm,OK,--,1:40:26 PM,11/27/2025,
418,38.5,gf,1.295,mm,OK,--,1:40:26 PM,11/27/2025,
419,38.4,gf,1.300,mm,OK,--,1:40:26 PM,11/27/2025,
420,38.5,gf,1.300,mm,OK,--,1:40:26 PM,11/27/2025,
421,38.5,gf,1.305,mm,OK,--,1:40:26 PM,11/27/2025,
422,38.5,gf,1.305,mm,OK,--,1:40:26 PM,11/27/2025,
423,38.6,gf,1.310,mm,OK,--,1:40:26 PM,11/27/2025,
424,38.5,gf,1.315,mm,OK,--,1:40:26 PM,11/27/2025,
425,38.5,gf,1.315,mm,OK,--,1:40:27 PM,11/27/2025,
426,38.5,gf,1.320,mm,OK,--,1:40:27 PM,11/27/2025,
427,38.5,gf,1.320,mm,OK,--,1:40:27 PM,11/27/2025,
428,38.5,gf,1.325,mm,OK,--,1:40:27 PM,11/27/2025,
429,38.6,gf,1.325,mm,OK,--,1:40:27 PM,11/27/2025,
430,38.7,gf,1.330,mm,OK,--,1:40:27 PM,11/27/2025,
431,38.6,gf,1.330,mm,OK,--,1:40:27 PM,11/27/2025,
432,38.7,gf,1.335,mm,OK,--,1:40:27 PM,11/27/2025,
433,38.7,gf,1.335,mm,OK,--,1:40:27 PM,11/27/2025,
434,38.7,gf,1.340,mm,OK,--,1:40:27 PM,11/27/2025,
435,38.7,gf,1.340,mm,OK,--,1:40:28 PM,11/27/2025,
436,38.7,gf,1.345,mm,OK,--,1:40:28 PM,11/27/2025,
437,38.7,gf,1.350,mm,OK,--,1:40:28 PM,11/27/2025,
438,38.6,gf,1.355,mm,OK,--,1:40:28 PM,11/27/2025,
439,38.5,gf,1.355,mm,OK,--,1:40:28 PM,11/27/2025,
440,38.6,gf,1.355,mm,OK,--,1:40:28 PM,11/27/2025,
441,38.6,gf,1.360,mm,OK,--,1:40:28 PM,11/27/2025,
442,38.7,gf,1.360,mm,OK,--,1:40:28 PM,11/27/2025,
443,38.7,gf,1.365,mm,OK,--,1:40:28 PM,11/27/2025,
444,38.7,gf,1.365,mm,OK,--,1:40:28 PM,11/27/2025,
445,38.7,gf,1.370,mm,OK,--,1:40:29 PM,11/27/2025,
446,38.7,gf,1.370,mm,OK,--,1:40:29 PM,11/27/2025,
447,38.7,gf,1.375,mm,OK,--,1:40:29 PM,11/27/2025,
448,38.7,gf,1.380,mm,OK,--,1:40:29 PM,11/27/2025,
449,38.5,gf,1.380,mm,OK,--,1:40:29 PM,11/27/2025,
450,38.7,gf,1.385,mm,OK,--,1:40:29 PM,11/27/2025,
451,38.8,gf,1.385,mm,OK,--,1:40:29 PM,11/27/2025,
452,38.8,gf,1.390,mm,OK,--,1:40:29 PM,11/27/2025,
453,38.7,gf,1.390,mm,OK,--,1:40:29 PM,11/27/2025,
454,38.8,gf,1.390,mm,OK,--,1:40:29 PM,11/27/2025,
455,38.8,gf,1.395,mm,OK,--,1:40:30 PM,11/27/2025,
456,38.7,gf,1.395,mm,OK,--,1:40:30 PM,11/27/2025,
457,38.8,gf,1.400,mm,OK,--,1:40:30 PM,11/27/2025,
458,38.8,gf,1.400,mm,OK,--,1:40:30 PM,11/27/2025,
459,38.8,gf,1.405,mm,OK,--,1:40:30 PM,11/27/2025,
460,38.8,gf,1.405,mm,OK,--,1:40:30 PM,11/27/2025,
461,38.8,gf,1.410,mm,OK,--,1:40:30 PM,11/27/2025,
462,38.8,gf,1.415,mm,OK,--,1:40:30 PM,11/27/2025,
463,38.8,gf,1.420,mm,OK,--,1:40:30 PM,11/27/2025,
464,38.8,gf,1.425,mm,OK,--,1:40:30 PM,11/27/2025,
465,38.9,gf,1.430,mm,OK,--,1:40:31 PM,11/27/2025,
466,38.9,gf,1.435,mm,OK,--,1:40:31 PM,11/27/2025,
467,38.8,gf,1.435,mm,OK,--,1:40:31 PM,11/27/2025,
468,38.8,gf,1.440,mm,OK,--,1:40:31 PM,11/27/2025,
469,38.8,gf,1.440,mm,OK,--,1:40:31 PM,11/27/2025,
470,38.8,gf,1.445,mm,OK,--,1:40:31 PM,11/27/2025,
471,39.1,gf,1.445,mm,OK,--,1:40:31 PM,11/27/2025,
472,39.1,gf,1.455,mm,OK,--,1:40:31 PM,11/27/2025,
473,38.9,gf,1.460,mm,OK,--,1:40:31 PM,11/27/2025,
474,38.9,gf,1.460,mm,OK,--,1:40:31 PM,11/27/2025,
475,39.0,gf,1.465,mm,OK,--,1:40:32 PM,11/27/2025,
476,39.1,gf,1.470,mm,OK,--,1:40:32 PM,11/27/2025,
477,39.1,gf,1.475,mm,OK,--,1:40:32 PM,11/27/2025,
478,39.2,gf,1.480,mm,OK,--,1:40:32 PM,11/27/2025,
479,39.2,gf,1.485,mm,OK,--,1:40:32 PM,11/27/2025,
480,39.3,gf,1.490,mm,OK,--,1:40:32 PM,11/27/2025,
481,39.2,gf,1.500,mm,OK,--,1:40:32 PM,11/27/2025,
482,39.3,gf,1.505,mm,OK,--,1:40:32 PM,11/27/2025,
483,39.3,gf,1.510,mm,OK,--,1:40:32 PM,11/27/2025,
484,39.3,gf,1.520,mm,OK,--,1:40:32 PM,11/27/2025,
485,39.4,gf,1.525,mm,OK,--,1:40:33 PM,11/27/2025,
486,39.2,gf,1.530,mm,OK,--,1:40:33 PM,11/27/2025,
487,39.2,gf,1.535,mm,OK,--,1:40:33 PM,11/27/2025,
488,39.2,gf,1.535,mm,OK,--,1:40:33 PM,11/27/2025,
489,39.2,gf,1.540,mm,OK,--,1:40:33 PM,11/27/2025,
490,39.1,gf,1.540,mm,OK,--,1:40:33 PM,11/27/2025,
491,39.2,gf,1.540,mm,OK,--,1:40:33 PM,11/27/2025,
492,39.3,gf,1.545,mm,OK,--,1:40:33 PM,11/27/2025,
493,39.3,gf,1.545,mm,OK,--,1:40:33 PM,11/27/2025,
494,39.3,gf,1.545,mm,OK,--,1:40:33 PM,11/27/2025,
495,39.3,gf,1.550,mm,OK,--,1:40:34 PM,11/27/2025,
496,39.3,gf,1.555,mm,OK,--,1:40:34 PM,11/27/2025,
497,39.5,gf,1.560,mm,OK,--,1:40:34 PM,11/27/2025,
498,39.4,gf,1.560,mm,OK,--,1:40:34 PM,11/27/2025,
499,39.3,gf,1.565,mm,OK,--,1:40:34 PM,11/27/2025,
500,39.4,gf,1.570,mm,OK,--,1:40:34 PM,11/27/2025,
501,39.5,gf,1.575,mm,OK,--,1:40:34 PM,11/27/2025,
502,39.3,gf,1.575,mm,OK,--,1:40:34 PM,11/27/2025,
503,39.4,gf,1.580,mm,OK,--,1:40:34 PM,11/27/2025,
504,39.2,gf,1.585,mm,OK,--,1:40:34 PM,11/27/2025,
505,39.2,gf,1.590,mm,OK,--,1:40:35 PM,11/27/2025,
506,39.2,gf,1.595,mm,OK,--,1:40:35 PM,11/27/2025,
507,39.3,gf,1.600,mm,OK,--,1:40:35 PM,11/27/2025,
508,39.5,gf,1.605,mm,OK,--,1:40:35 PM,11/27/2025,
509,39.6,gf,1.615,mm,OK,--,1:40:35 PM,11/27/2025,
510,39.6,gf,1.625,mm,OK,--,1:40:35 PM,11/27/2025,
511,39.6,gf,1.635,mm,OK,--,1:40:35 PM,11/27/2025,
512,39.6,gf,1.645,mm,OK,--,1:40:35 PM,11/27/2025,
513,39.6,gf,1.650,mm,OK,--,1:40:35 PM,11/27/2025,
514,39.6,gf,1.655,mm,OK,--,1:40:35 PM,11/27/2025,
515,39.7,gf,1.660,mm,OK,--,1:40:36 PM,11/27/2025,
516,39.8,gf,1.670,mm,OK,--,1:40:36 PM,11/27/2025,
517,39.8,gf,1.675,mm,OK,--,1:40:36 PM,11/27/2025,
518,39.8,gf,1.680,mm,OK,--,1:40:36 PM,11/27/2025,
519,39.7,gf,1.690,mm,OK,--,1:40:36 PM,11/27/2025,
520,39.5,gf,1.690,mm,OK,--,1:40:36 PM,11/27/2025,
521,39.6,gf,1.695,mm,OK,--,1:40:36 PM,11/27/2025,
522,39.6,gf,1.700,mm,OK,--,1:40:36 PM,11/27/2025,
523,39.5,gf,1.705,mm,OK,--,1:40:36 PM,11/27/2025,
524,39.6,gf,1.710,mm,OK,--,1:40:36 PM,11/27/2025,
525,39.6,gf,1.715,mm,OK,--,1:40:37 PM,11/27/2025,
526,39.6,gf,1.720,mm,OK,--,1:40:37 PM,11/27/2025,
527,39.7,gf,1.725,mm,OK,--,1:40:37 PM,11/27/2025,
528,39.7,gf,1.725,mm,OK,--,1:40:37 PM,11/27/2025,
529,39.8,gf,1.730,mm,OK,--,1:40:37 PM,11/27/2025,
530,39.8,gf,1.735,mm,OK,--,1:40:37 PM,11/27/2025,
531,39.7,gf,1.735,mm,OK,--,1:40:37 PM,11/27/2025,
532,39.8,gf,1.740,mm,OK,--,1:40:37 PM,11/27/2025,
533,39.8,gf,1.745,mm,OK,--,1:40:37 PM,11/27/2025,
534,39.8,gf,1.750,mm,OK,--,1:40:37 PM,11/27/2025,
535,39.8,gf,1.755,mm,OK,--,1:40:38 PM,11/27/2025,
536,39.7,gf,1.755,mm,OK,--,1:40:38 PM,11/27/2025,
537,39.7,gf,1.760,mm,OK,--,1:40:38 PM,11/27/2025,
538,39.8,gf,1.765,mm,OK,--,1:40:38 PM,11/27/2025,
539,39.8,gf,1.765,mm,OK,--,1:40:38 PM,11/27/2025,
540,39.9,gf,1.770,mm,OK,--,1:40:38 PM,11/27/2025,
541,40.0,gf,1.775,mm,OK,--,1:40:38 PM,11/27/2025,
542,40.1,gf,1.780,mm,OK,--,1:40:38 PM,11/27/2025,
543,40.1,gf,1.785,mm,OK,--,1:40:38 PM,11/27/2025,
544,40.0,gf,1.790,mm,OK,--,1:40:38 PM,11/27/2025,
545,40.0,gf,1.795,mm,OK,--,1:40:39 PM,11/27/2025,
546,40.0,gf,1.800,mm,OK,--,1:40:39 PM,11/27/2025,
547,40.0,gf,1.805,mm,OK,--,1:40:39 PM,11/27/2025,
548,40.0,gf,1.805,mm,OK,--,1:40:39 PM,11/27/2025,
549,40.1,gf,1.810,mm,OK,--,1:40:39 PM,11/27/2025,
550,40.2,gf,1.815,mm,OK,--,1:40:39 PM,11/27/2025,
551,40.2,gf,1.820,mm,OK,--,1:40:39 PM,11/27/2025,
552,40.2,gf,1.825,mm,OK,--,1:40:39 PM,11/27/2025,
553,40.2,gf,1.830,mm,OK,--,1:40:39 PM,11/27/2025,
554,40.2,gf,1.835,mm,OK,--,1:40:39 PM,11/27/2025,
555,40.2,gf,1.840,mm,OK,--,1:40:40 PM,11/27/2025,
556,40.2,gf,1.845,mm,OK,--,1:40:40 PM,11/27/2025,
557,40.3,gf,1.850,mm,OK,--,1:40:40 PM,11/27/2025,
558,40.3,gf,1.855,mm,OK,--,1:40:40 PM,11/27/2025,
559,40.3,gf,1.860,mm,OK,--,1:40:40 PM,11/27/2025,
560,40.2,gf,1.865,mm,OK,--,1:40:40 PM,11/27/2025,
561,40.3,gf,1.865,mm,OK,--,1:40:40 PM,11/27/2025,
562,40.3,gf,1.870,mm,OK,--,1:40:40 PM,11/27/2025,
563,40.3,gf,1.875,mm,OK,--,1:40:40 PM,11/27/2025,
564,40.4,gf,1.875,mm,OK,--,1:40:40 PM,11/27/2025,
565,40.4,gf,1.880,mm,OK,--,1:40:41 PM,11/27/2025,
566,40.3,gf,1.885,mm,OK,--,1:40:41 PM,11/27/2025,
567,40.4,gf,1.885,mm,OK,--,1:40:41 PM,11/27/2025,
568,40.4,gf,1.890,mm,OK,--,1:40:41 PM,11/27/2025,
569,40.4,gf,1.895,mm,OK,--,1:40:41 PM,11/27/2025,
570,40.4,gf,1.895,mm,OK,--,1:40:41 PM,11/27/2025,
571,40.4,gf,1.900,mm,OK,--,1:40:41 PM,11/27/2025,
572,40.5,gf,1.905,mm,OK,--,1:40:41 PM,11/27/2025,
573,40.5,gf,1.910,mm,OK,--,1:40:41 PM,11/27/2025,
574,40.5,gf,1.910,mm,OK,--,1:40:41 PM,11/27/2025,
575,40.5,gf,1.910,mm,OK,--,1:40:42 PM,11/27/2025,
576,40.5,gf,1.915,mm,OK,--,1:40:42 PM,11/27/2025,
577,40.4,gf,1.920,mm,OK,--,1:40:42 PM,11/27/2025,
578,40.4,gf,1.920,mm,OK,--,1:40:42 PM,11/27/2025,
579,40.4,gf,1.925,mm,OK,--,1:40:42 PM,11/27/2025,
580,40.4,gf,1.925,mm,OK,--,1:40:42 PM,11/27/2025,
581,40.4,gf,1.930,mm,OK,--,1:40:42 PM,11/27/2025,
582,40.4,gf,1.930,mm,OK,--,1:40:42 PM,11/27/2025,
583,40.4,gf,1.935,mm,OK,--,1:40:42 PM,11/27/2025,
584,40.5,gf,1.940,mm,OK,--,1:40:42 PM,11/27/2025,
585,40.6,gf,1.940,mm,OK,--,1:40:43 PM,11/27/2025,
586,40.6,gf,1.945,mm,OK,--,1:40:43 PM,11/27/2025,
587,40.7,gf,1.950,mm,OK,--,1:40:43 PM,11/27/2025,
588,40.8,gf,1.955,mm,OK,--,1:40:43 PM,11/27/2025,
589,40.7,gf,1.955,mm,OK,--,1:40:43 PM,11/27/2025,
590,40.9,gf,1.960,mm,OK,--,1:40:43 PM,11/27/2025,
591,40.9,gf,1.965,mm,OK,--,1:40:43 PM,11/27/2025,
592,40.9,gf,1.970,mm,OK,--,1:40:43 PM,11/27/2025,
593,40.9,gf,1.975,mm,OK,--,1:40:43 PM,11/27/2025,
594,41.0,gf,1.980,mm,OK,--,1:40:43 PM,11/27/2025,
595,40.8,gf,1.985,mm,OK,--,1:40:44 PM,11/27/2025,
596,40.8,gf,1.990,mm,OK,--,1:40:44 PM,11/27/2025,
597,40.8,gf,1.995,mm,OK,--,1:40:44 PM,11/27/2025,
598,40.8,gf,2.000,mm,OK,--,1:40:44 PM,11/27/2025,
599,40.8,gf,2.005,mm,OK,--,1:40:44 PM,11/27/2025,
600,40.8,gf,2.015,mm,OK,--,1:40:44 PM,11/27/2025,
601,40.7,gf,2.015,mm,OK,--,1:40:44 PM,11/27/2025,
602,40.8,gf,2.020,mm,OK,--,1:40:44 PM,11/27/2025,
603,40.9,gf,2.020,mm,OK,--,1:40:44 PM,11/27/2025,
604,40.9,gf,2.025,mm,OK,--,1:40:44 PM,11/27/2025,
605,40.8,gf,2.030,mm,OK,--,1:40:45 PM,11/27/2025,
606,40.9,gf,2.035,mm,OK,--,1:40:45 PM,11/27/2025,
607,41.0,gf,2.040,mm,OK,--,1:40:45 PM,11/27/2025,
608,39.7,gf,2.045,mm,OK,--,1:40:45 PM,11/27/2025,
609,38.7,gf,2.045,mm,OK,--,1:40:45 PM,11/27/2025,
610,39.4,gf,2.050,mm,OK,--,1:40:45 PM,11/27/2025,
611,39.8,gf,2.055,mm,OK,--,1:40:45 PM,11/27/2025,
612,40.0,gf,2.060,mm,OK,--,1:40:45 PM,11/27/2025,
613,40.1,gf,2.060,mm,OK,--,1:40:45 PM,11/27/2025,
614,40.2,gf,2.065,mm,OK,--,1:40:45 PM,11/27/2025,
615,40.2,gf,2.065,mm,OK,--,1:40:46 PM,11/27/2025,
616,40.3,gf,2.070,mm,OK,--,1:40:46 PM,11/27/2025,
617,40.5,gf,2.070,mm,OK,--,1:40:46 PM,11/27/2025,
618,40.5,gf,2.075,mm,OK,--,1:40:46 PM,11/27/2025,
619,40.2,gf,2.075,mm,OK,--,1:40:46 PM,11/27/2025,
620,40.4,gf,2.080,mm,OK,--,1:40:46 PM,11/27/2025,
621,40.5,gf,2.080,mm,OK,--,1:40:46 PM,11/27/2025,
622,40.5,gf,2.085,mm,OK,--,1:40:46 PM,11/27/2025,
623,40.6,gf,2.085,mm,OK,--,1:40:46 PM,11/27/2025,
624,40.7,gf,2.090,mm,OK,--,1:40:46 PM,11/27/2025,
625,40.4,gf,2.090,mm,OK,--,1:40:47 PM,11/27/2025,
626,40.3,gf,2.095,mm,OK,--,1:40:47 PM,11/27/2025,
627,40.5,gf,2.095,mm,OK,--,1:40:47 PM,11/27/2025,
628,40.7,gf,2.100,mm,OK,--,1:40:47 PM,11/27/2025,
629,40.9,gf,2.105,mm,OK,--,1:40:47 PM,11/27/2025,
630,40.9,gf,2.110,mm,OK,--,1:40:47 PM,11/27/2025,
631,41.0,gf,2.115,mm,OK,--,1:40:47 PM,11/27/2025,
632,40.8,gf,2.115,mm,OK,--,1:40:47 PM,11/27/2025,
633,40.7,gf,2.120,mm,OK,--,1:40:47 PM,11/27/2025,
634,40.8,gf,2.125,mm,OK,--,1:40:47 PM,11/27/2025,
635,41.0,gf,2.125,mm,OK,--,1:40:48 PM,11/27/2025,
636,41.1,gf,2.130,mm,OK,--,1:40:48 PM,11/27/2025,
637,41.0,gf,2.135,mm,OK,--,1:40:48 PM,11/27/2025,
638,41.0,gf,2.135,mm,OK,--,1:40:48 PM,11/27/2025,
639,41.1,gf,2.140,mm,OK,--,1:40:48 PM,11/27/2025,
640,40.9,gf,2.140,mm,OK,--,1:40:48 PM,11/27/2025,
641,41.0,gf,2.145,mm,OK,--,1:40:48 PM,11/27/2025,
642,41.0,gf,2.150,mm,OK,--,1:40:48 PM,11/27/2025,
643,41.0,gf,2.150,mm,OK,--,1:40:48 PM,11/27/2025,
644,41.1,gf,2.155,mm,OK,--,1:40:48 PM,11/27/2025,
645,41.1,gf,2.160,mm,OK,--,1:40:49 PM,11/27/2025,
646,41.1,gf,2.160,mm,OK,--,1:40:49 PM,11/27/2025,
647,41.1,gf,2.165,mm,OK,--,1:40:49 PM,11/27/2025,
648,41.2,gf,2.170,mm,OK,--,1:40:49 PM,11/27/2025,
649,41.2,gf,2.170,mm,OK,--,1:40:49 PM,11/27/2025,
650,41.1,gf,2.175,mm,OK,--,1:40:49 PM,11/27/2025,
651,41.0,gf,2.180,mm,OK,--,1:40:49 PM,11/27/2025,
652,41.2,gf,2.185,mm,OK,--,1:40:49 PM,11/27/2025,
653,41.2,gf,2.190,mm,OK,--,1:40:49 PM,11/27/2025,
654,41.3,gf,2.195,mm,OK,--,1:40:49 PM,11/27/2025,
655,41.3,gf,2.200,mm,OK,--,1:40:50 PM,11/27/2025,
656,41.2,gf,2.205,mm,OK,--,1:40:50 PM,11/27/2025,
657,41.2,gf,2.210,mm,OK,--,1:40:50 PM,11/27/2025,
658,41.3,gf,2.215,mm,OK,--,1:40:50 PM,11/27/2025,
659,41.3,gf,2.220,mm,OK,--,1:40:50 PM,11/27/2025,
660,41.4,gf,2.225,mm,OK,--,1:40:50 PM,11/27/2025,
661,41.4,gf,2.235,mm,OK,--,1:40:50 PM,11/27/2025,
662,41.4,gf,2.240,mm,OK,--,1:40:50 PM,11/27/2025,
663,41.4,gf,2.245,mm,OK,--,1:40:50 PM,11/27/2025,
664,41.4,gf,2.245,mm,OK,--,1:40:50 PM,11/27/2025,
665,41.5,gf,2.255,mm,OK,--,1:40:51 PM,11/27/2025,
666,41.6,gf,2.260,mm,OK,--,1:40:51 PM,11/27/2025,
667,41.7,gf,2.265,mm,OK,--,1:40:51 PM,11/27/2025,
668,41.7,gf,2.270,mm,OK,--,1:40:51 PM,11/27/2025,
669,41.7,gf,2.270,mm,OK,--,1:40:51 PM,11/27/2025,
670,41.8,gf,2.275,mm,OK,--,1:40:51 PM,11/27/2025,
671,41.9,gf,2.280,mm,OK,--,1:40:51 PM,11/27/2025,
672,41.9,gf,2.280,mm,OK,--,1:40:51 PM,11/27/2025,
673,41.8,gf,2.285,mm,OK,--,1:40:51 PM,11/27/2025,
674,41.9,gf,2.290,mm,OK,--,1:40:51 PM,11/27/2025,
675,41.9,gf,2.290,mm,OK,--,1:40:52 PM,11/27/2025,
676,41.9,gf,2.295,mm,OK,--,1:40:52 PM,11/27/2025,
677,41.9,gf,2.295,mm,OK,--,1:40:52 PM,11/27/2025,
678,41.9,gf,2.300,mm,OK,--,1:40:52 PM,11/27/2025,
679,42.1,gf,2.305,mm,OK,--,1:40:52 PM,11/27/2025,
680,42.1,gf,2.310,mm,OK,--,1:40:52 PM,11/27/2025,
681,42.1,gf,2.315,mm,OK,--,1:40:52 PM,11/27/2025,
682,42.1,gf,2.320,mm,OK,--,1:40:52 PM,11/27/2025,
683,42.1,gf,2.320,mm,OK,--,1:40:52 PM,11/27/2025,
684,42.2,gf,2.325,mm,OK,--,1:40:52 PM,11/27/2025,
685,42.1,gf,2.330,mm,OK,--,1:40:53 PM,11/27/2025,
686,42.0,gf,2.335,mm,OK,--,1:40:53 PM,11/27/2025,
687,42.1,gf,2.335,mm,OK,--,1:40:53 PM,11/27/2025,
688,42.2,gf,2.340,mm,OK,--,1:40:53 PM,11/27/2025,
689,42.2,gf,2.345,mm,OK,--,1:40:53 PM,11/27/2025,
690,42.2,gf,2.350,mm,OK,--,1:40:53 PM,11/27/2025,
691,42.2,gf,2.355,mm,OK,--,1:40:53 PM,11/27/2025,
692,42.3,gf,2.360,mm,OK,--,1:40:53 PM,11/27/2025,
693,42.4,gf,2.370,mm,OK,--,1:40:53 PM,11/27/2025,
694,42.5,gf,2.380,mm,OK,--,1:40:53 PM,11/27/2025,
695,42.5,gf,2.390,mm,OK,--,1:40:54 PM,11/27/2025,
696,42.7,gf,2.395,mm,OK,--,1:40:54 PM,11/27/2025,
697,42.8,gf,2.405,mm,OK,--,1:40:54 PM,11/27/2025,
698,42.8,gf,2.415,mm,OK,--,1:40:54 PM,11/27/2025,
699,43.0,gf,2.430,mm,OK,--,1:40:54 PM,11/27/2025,
700,43.3,gf,2.455,mm,OK,--,1:40:54 PM,11/27/2025,
701,43.5,gf,2.475,mm,OK,--,1:40:54 PM,11/27/2025,
702,43.5,gf,2.495,mm,OK,--,1:40:54 PM,11/27/2025,
703,43.5,gf,2.515,mm,OK,--,1:40:54 PM,11/27/2025,
704,43.5,gf,2.530,mm,OK,--,1:40:54 PM,11/27/2025,
705,43.6,gf,2.545,mm,OK,--,1:40:55 PM,11/27/2025,
706,43.6,gf,2.555,mm,OK,--,1:40:55 PM,11/27/2025,
707,43.6,gf,2.560,mm,OK,--,1:40:55 PM,11/27/2025,
708,43.7,gf,2.565,mm,OK,--,1:40:55 PM,11/27/2025,
709,43.7,gf,2.575,mm,OK,--,1:40:55 PM,11/27/2025,
710,43.7,gf,2.580,mm,OK,--,1:40:55 PM,11/27/2025,
711,43.8,gf,2.585,mm,OK,--,1:40:55 PM,11/27/2025,
712,43.8,gf,2.590,mm,OK,--,1:40:55 PM,11/27/2025,
713,43.8,gf,2.595,mm,OK,--,1:40:55 PM,11/27/2025,
714,43.8,gf,2.605,mm,OK,--,1:40:55 PM,11/27/2025,
715,43.8,gf,2.610,mm,OK,--,1:40:56 PM,11/27/2025,
716,43.8,gf,2.615,mm,OK,--,1:40:56 PM,11/27/2025,
717,43.8,gf,2.620,mm,OK,--,1:40:56 PM,11/27/2025,
718,43.9,gf,2.625,mm,OK,--,1:40:56 PM,11/27/2025,
719,44.0,gf,2.630,mm,OK,--,1:40:56 PM,11/27/2025,
720,44.0,gf,2.640,mm,OK,--,1:40:56 PM,11/27/2025,
721,44.0,gf,2.640,mm,OK,--,1:40:56 PM,11/27/2025,
722,44.0,gf,2.645,mm,OK,--,1:40:56 PM,11/27/2025,
723,44.0,gf,2.655,mm,OK,--,1:40:56 PM,11/27/2025,
724,44.0,gf,2.660,mm,OK,--,1:40:56 PM,11/27/2025,
725,44.0,gf,2.665,mm,OK,--,1:40:57 PM,11/27/2025,
726,44.1,gf,2.670,mm,OK,--,1:40:57 PM,11/27/2025,
727,44.0,gf,2.680,mm,OK,--,1:40:57 PM,11/27/2025,
728,44.0,gf,2.685,mm,OK,--,1:40:57 PM,11/27/2025,
729,44.0,gf,2.690,mm,OK,--,1:40:57 PM,11/27/2025,
730,44.1,gf,2.695,mm,OK,--,1:40:57 PM,11/27/2025,
731,44.1,gf,2.695,mm,OK,--,1:40:57 PM,11/27/2025,
732,44.1,gf,2.700,mm,OK,--,1:40:57 PM,11/27/2025,
733,44.1,gf,2.700,mm,OK,--,1:40:57 PM,11/27/2025,
734,44.1,gf,2.705,mm,OK,--,1:40:57 PM,11/27/2025,
735,44.1,gf,2.710,mm,OK,--,1:40:58 PM,11/27/2025,
736,44.1,gf,2.715,mm,OK,--,1:40:58 PM,11/27/2025,
737,44.1,gf,2.720,mm,OK,--,1:40:58 PM,11/27/2025,
738,44.2,gf,2.725,mm,OK,--,1:40:58 PM,11/27/2025,
739,44.2,gf,2.730,mm,OK,--,1:40:58 PM,11/27/2025,
740,44.2,gf,2.735,mm,OK,--,1:40:58 PM,11/27/2025,
741,44.3,gf,2.740,mm,OK,--,1:40:58 PM,11/27/2025,
742,44.3,gf,2.745,mm,OK,--,1:40:58 PM,11/27/2025,
743,44.3,gf,2.750,mm,OK,--,1:40:58 PM,11/27/2025,
744,44.2,gf,2.755,mm,OK,--,1:40:58 PM,11/27/2025,
745,44.2,gf,2.755,mm,OK,--,1:40:59 PM,11/27/2025,
746,44.3,gf,2.760,mm,OK,--,1:40:59 PM,11/27/2025,
747,44.2,gf,2.770,mm,OK,--,1:40:59 PM,11/27/2025,
748,44.3,gf,2.775,mm,OK,--,1:40:59 PM,11/27/2025,
749,44.3,gf,2.780,mm,OK,--,1:40:59 PM,11/27/2025,
750,44.3,gf,2.785,mm,OK,--,1:40:59 PM,11/27/2025,
751,44.3,gf,2.790,mm,OK,--,1:40:59 PM,11/27/2025,
752,44.3,gf,2.795,mm,OK,--,1:40:59 PM,11/27/2025,
753,44.3,gf,2.795,mm,OK,--,1:40:59 PM,11/27/2025,
754,44.4,gf,2.800,mm,OK,--,1:40:59 PM,11/27/2025,
755,44.3,gf,2.800,mm,OK,--,1:41:00 PM,11/27/2025,
756,44.4,gf,2.805,mm,OK,--,1:41:00 PM,11/27/2025,
757,44.4,gf,2.810,mm,OK,--,1:41:00 PM,11/27/2025,
758,44.5,gf,2.815,mm,OK,--,1:41:00 PM,11/27/2025,
759,44.5,gf,2.825,mm,OK,--,1:41:00 PM,11/27/2025,
760,44.6,gf,2.835,mm,OK,--,1:41:00 PM,11/27/2025,
761,44.6,gf,2.840,mm,OK,--,1:41:00 PM,11/27/2025,
762,44.6,gf,2.850,mm,OK,--,1:41:00 PM,11/27/2025,
763,44.6,gf,2.855,mm,OK,--,1:41:00 PM,11/27/2025,
764,44.6,gf,2.860,mm,OK,--,1:41:00 PM,11/27/2025,
765,44.6,gf,2.865,mm,OK,--,1:41:01 PM,11/27/2025,
766,44.7,gf,2.870,mm,OK,--,1:41:01 PM,11/27/2025,
767,44.7,gf,2.875,mm,OK,--,1:41:01 PM,11/27/2025,
768,44.7,gf,2.875,mm,OK,--,1:41:01 PM,11/27/2025,
769,44.7,gf,2.885,mm,OK,--,1:41:01 PM,11/27/2025,
770,44.7,gf,2.890,mm,OK,--,1:41:01 PM,11/27/2025,
771,44.7,gf,2.895,mm,OK,--,1:41:01 PM,11/27/2025,
772,44.7,gf,2.900,mm,OK,--,1:41:01 PM,11/27/2025,
773,44.7,gf,2.905,mm,OK,--,1:41:01 PM,11/27/2025,
774,44.7,gf,2.915,mm,OK,--,1:41:01 PM,11/27/2025,
775,44.7,gf,2.920,mm,OK,--,1:41:02 PM,11/27/2025,
776,44.7,gf,2.925,mm,OK,--,1:41:02 PM,11/27/2025,
777,44.8,gf,2.930,mm,OK,--,1:41:02 PM,11/27/2025,
778,44.8,gf,2.940,mm,OK,--,1:41:02 PM,11/27/2025,
779,44.9,gf,2.945,mm,OK,--,1:41:02 PM,11/27/2025,
780,44.9,gf,2.955,mm,OK,--,1:41:02 PM,11/27/2025,
781,44.9,gf,2.960,mm,OK,--,1:41:02 PM,11/27/2025,
782,44.9,gf,2.970,mm,OK,--,1:41:02 PM,11/27/2025,
783,44.9,gf,2.975,mm,OK,--,1:41:02 PM,11/27/2025,
784,44.9,gf,2.980,mm,OK,--,1:41:02 PM,11/27/2025,
785,45.0,gf,2.990,mm,OK,--,1:41:03 PM,11/27/2025,
786,45.0,gf,2.995,mm,OK,--,1:41:03 PM,11/27/2025,
787,45.0,gf,3.005,mm,OK,--,1:41:03 PM,11/27/2025,
788,45.1,gf,3.015,mm,OK,--,1:41:03 PM,11/27/2025,
789,45.1,gf,3.020,mm,OK,--,1:41:03 PM,11/27/2025,
790,45.2,gf,3.025,mm,OK,--,1:41:03 PM,11/27/2025,
791,45.2,gf,3.035,mm,OK,--,1:41:03 PM,11/27/2025,
792,45.2,gf,3.040,mm,OK,--,1:41:03 PM,11/27/2025,
793,45.2,gf,3.045,mm,OK,--,1:41:03 PM,11/27/2025,
794,45.2,gf,3.050,mm,OK,--,1:41:03 PM,11/27/2025,
795,45.2,gf,3.060,mm,OK,--,1:41:04 PM,11/27/2025,
796,45.3,gf,3.065,mm,OK,--,1:41:04 PM,11/27/2025,
797,45.3,gf,3.070,mm,OK,--,1:41:04 PM,11/27/2025,
798,45.3,gf,3.075,mm,OK,--,1:41:04 PM,11/27/2025,
799,45.3,gf,3.080,mm,OK,--,1:41:04 PM,11/27/2025,
800,45.3,gf,3.085,mm,OK,--,1:41:04 PM,11/27/2025,
801,45.3,gf,3.090,mm,OK,--,1:41:04 PM,11/27/2025,
802,45.3,gf,3.090,mm,OK,--,1:41:04 PM,11/27/2025,
803,45.3,gf,3.095,mm,OK,--,1:41:04 PM,11/27/2025,
804,45.3,gf,3.100,mm,OK,--,1:41:04 PM,11/27/2025,
805,45.3,gf,3.105,mm,OK,--,1:41:05 PM,11/27/2025,
806,45.4,gf,3.105,mm,OK,--,1:41:05 PM,11/27/2025,
807,45.4,gf,3.110,mm,OK,--,1:41:05 PM,11/27/2025,
808,45.4,gf,3.115,mm,OK,--,1:41:05 PM,11/27/2025,
809,45.4,gf,3.120,mm,OK,--,1:41:05 PM,11/27/2025,
810,45.4,gf,3.125,mm,OK,--,1:41:05 PM,11/27/2025,
811,45.4,gf,3.130,mm,OK,--,1:41:05 PM,11/27/2025,
812,45.4,gf,3.135,mm,OK,--,1:41:05 PM,11/27/2025,
813,45.5,gf,3.140,mm,OK,--,1:41:05 PM,11/27/2025,
814,45.5,gf,3.145,mm,OK,--,1:41:05 PM,11/27/2025,
815,45.5,gf,3.150,mm,OK,--,1:41:06 PM,11/27/2025,
816,45.5,gf,3.160,mm,OK,--,1:41:06 PM,11/27/2025,
817,45.6,gf,3.165,mm,OK,--,1:41:06 PM,11/27/2025,
818,45.5,gf,3.170,mm,OK,--,1:41:06 PM,11/27/2025,
819,45.5,gf,3.175,mm,OK,--,1:41:06 PM,11/27/2025,
820,45.5,gf,3.180,mm,OK,--,1:41:06 PM,11/27/2025,
821,45.6,gf,3.185,mm,OK,--,1:41:06 PM,11/27/2025,
822,45.6,gf,3.190,mm,OK,--,1:41:06 PM,11/27/2025,
823,45.7,gf,3.190,mm,OK,--,1:41:06 PM,11/27/2025,
824,45.7,gf,3.195,mm,OK,--,1:41:06 PM,11/27/2025,
825,45.7,gf,3.200,mm,OK,--,1:41:07 PM,11/27/2025,
826,45.7,gf,3.200,mm,OK,--,1:41:07 PM,11/27/2025,
827,45.8,gf,3.200,mm,OK,--,1:41:07 PM,11/27/2025,
828,45.7,gf,3.205,mm,OK,--,1:41:07 PM,11/27/2025,
829,45.7,gf,3.210,mm,OK,--,1:41:07 PM,11/27/2025,
830,45.8,gf,3.210,mm,OK,--,1:41:07 PM,11/27/2025,
831,45.8,gf,3.215,mm,OK,--,1:41:07 PM,11/27/2025,
832,45.8,gf,3.220,mm,OK,--,1:41:07 PM,11/27/2025,
833,45.9,gf,3.225,mm,OK,--,1:41:07 PM,11/27/2025,
834,45.8,gf,3.230,mm,OK,--,1:41:07 PM,11/27/2025,
835,45.8,gf,3.230,mm,OK,--,1:41:08 PM,11/27/2025,
836,45.9,gf,3.235,mm,OK,--,1:41:08 PM,11/27/2025,
837,45.8,gf,3.240,mm,OK,--,1:41:08 PM,11/27/2025,
838,45.9,gf,3.240,mm,OK,--,1:41:08 PM,11/27/2025,
839,45.9,gf,3.245,mm,OK,--,1:41:08 PM,11/27/2025,
840,45.9,gf,3.245,mm,OK,--,1:41:08 PM,11/27/2025,
841,45.9,gf,3.245,mm,OK,--,1:41:08 PM,11/27/2025,
842,45.9,gf,3.245,mm,OK,--,1:41:08 PM,11/27/2025,
843,45.9,gf,3.250,mm,OK,--,1:41:08 PM,11/27/2025,
844,45.9,gf,3.250,mm,OK,--,1:41:08 PM,11/27/2025,
845,45.9,gf,3.250,mm,OK,--,1:41:09 PM,11/27/2025,
846,45.9,gf,3.255,mm,OK,--,1:41:09 PM,11/27/2025,
847,46.0,gf,3.255,mm,OK,--,1:41:09 PM,11/27/2025,
848,46.0,gf,3.255,mm,OK,--,1:41:09 PM,11/27/2025,
849,46.0,gf,3.260,mm,OK,--,1:41:09 PM,11/27/2025,
850,46.0,gf,3.265,mm,OK,--,1:41:09 PM,11/27/2025,
851,46.0,gf,3.270,mm,OK,--,1:41:09 PM,11/27/2025,
852,46.0,gf,3.275,mm,OK,--,1:41:09 PM,11/27/2025,
853,46.1,gf,3.280,mm,OK,--,1:41:09 PM,11/27/2025,
854,46.1,gf,3.285,mm,OK,--,1:41:09 PM,11/27/2025,
855,46.1,gf,3.285,mm,OK,--,1:41:10 PM,11/27/2025,
856,46.1,gf,3.285,mm,OK,--,1:41:10 PM,11/27/2025,
857,46.2,gf,3.290,mm,OK,--,1:41:10 PM,11/27/2025,
858,46.2,gf,3.290,mm,OK,--,1:41:10 PM,11/27/2025,
859,46.3,gf,3.295,mm,OK,--,1:41:10 PM,11/27/2025,
860,46.3,gf,3.295,mm,OK,--,1:41:10 PM,11/27/2025,
861,46.3,gf,3.300,mm,OK,--,1:41:10 PM,11/27/2025,
862,46.3,gf,3.300,mm,OK,--,1:41:10 PM,11/27/2025,
863,46.3,gf,3.300,mm,OK,--,1:41:10 PM,11/27/2025,
864,46.3,gf,3.305,mm,OK,--,1:41:10 PM,11/27/2025,
865,46.3,gf,3.305,mm,OK,--,1:41:11 PM,11/27/2025,
866,46.3,gf,3.310,mm,OK,--,1:41:11 PM,11/27/2025,
867,46.3,gf,3.315,mm,OK,--,1:41:11 PM,11/27/2025,
868,46.3,gf,3.320,mm,OK,--,1:41:11 PM,11/27/2025,
869,46.3,gf,3.325,mm,OK,--,1:41:11 PM,11/27/2025,
870,46.3,gf,3.325,mm,OK,--,1:41:11 PM,11/27/2025,
871,46.4,gf,3.330,mm,OK,--,1:41:11 PM,11/27/2025,
872,46.4,gf,3.330,mm,OK,--,1:41:11 PM,11/27/2025,
873,46.4,gf,3.335,mm,OK,--,1:41:11 PM,11/27/2025,
874,46.4,gf,3.335,mm,OK,--,1:41:11 PM,11/27/2025,
875,46.4,gf,3.340,mm,OK,--,1:41:12 PM,11/27/2025,
876,46.4,gf,3.340,mm,OK,--,1:41:12 PM,11/27/2025,
877,46.4,gf,3.345,mm,OK,--,1:41:12 PM,11/27/2025,
878,46.4,gf,3.350,mm,OK,--,1:41:12 PM,11/27/2025,
879,46.4,gf,3.355,mm,OK,--,1:41:12 PM,11/27/2025,
880,46.4,gf,3.355,mm,OK,--,1:41:12 PM,11/27/2025,
881,46.4,gf,3.360,mm,OK,--,1:41:12 PM,11/27/2025,
882,46.4,gf,3.365,mm,OK,--,1:41:12 PM,11/27/2025,
883,46.5,gf,3.370,mm,OK,--,1:41:12 PM,11/27/2025,
884,46.5,gf,3.380,mm,OK,--,1:41:12 PM,11/27/2025,
885,46.5,gf,3.385,mm,OK,--,1:41:13 PM,11/27/2025,
886,46.5,gf,3.390,mm,OK,--,1:41:13 PM,11/27/2025,
887,46.5,gf,3.395,mm,OK,--,1:41:13 PM,11/27/2025,
888,46.5,gf,3.400,mm,OK,--,1:41:13 PM,11/27/2025,
889,46.6,gf,3.410,mm,OK,--,1:41:13 PM,11/27/2025,
890,46.6,gf,3.415,mm,OK,--,1:41:13 PM,11/27/2025,
891,46.6,gf,3.420,mm,OK,--,1:41:13 PM,11/27/2025,
892,46.6,gf,3.425,mm,OK,--,1:41:13 PM,11/27/2025,
893,46.7,gf,3.435,mm,OK,--,1:41:13 PM,11/27/2025,
894,46.7,gf,3.440,mm,OK,--,1:41:13 PM,11/27/2025,
895,46.7,gf,3.450,mm,OK,--,1:41:14 PM,11/27/2025,
896,46.7,gf,3.455,mm,OK,--,1:41:14 PM,11/27/2025,
897,46.7,gf,3.465,mm,OK,--,1:41:14 PM,11/27/2025,
898,46.8,gf,3.475,mm,OK,--,1:41:14 PM,11/27/2025,
899,46.8,gf,3.485,mm,OK,--,1:41:14 PM,11/27/2025,
900,46.8,gf,3.490,mm,OK,--,1:41:14 PM,11/27/2025,
901,46.9,gf,3.500,mm,OK,--,1:41:14 PM,11/27/2025,
902,46.9,gf,3.505,mm,OK,--,1:41:14 PM,11/27/2025,
903,47.0,gf,3.515,mm,OK,--,1:41:14 PM,11/27/2025,
904,47.0,gf,3.520,mm,OK,--,1:41:14 PM,11/27/2025,
905,47.0,gf,3.530,mm,OK,--,1:41:15 PM,11/27/2025,
906,47.0,gf,3.535,mm,OK,--,1:41:15 PM,11/27/2025,
907,47.1,gf,3.535,mm,OK,--,1:41:15 PM,11/27/2025,
908,47.1,gf,3.540,mm,OK,--,1:41:15 PM,11/27/2025,
909,47.1,gf,3.545,mm,OK,--,1:41:15 PM,11/27/2025,
910,47.1,gf,3.550,mm,OK,--,1:41:15 PM,11/27/2025,
911,47.1,gf,3.555,mm,OK,--,1:41:15 PM,11/27/2025,
912,47.1,gf,3.555,mm,OK,--,1:41:15 PM,11/27/2025,
913,47.1,gf,3.560,mm,OK,--,1:41:15 PM,11/27/2025,
914,47.1,gf,3.560,mm,OK,--,1:41:15 PM,11/27/2025,
915,47.1,gf,3.565,mm,OK,--,1:41:16 PM,11/27/2025,
916,47.1,gf,3.570,mm,OK,--,1:41:16 PM,11/27/2025,
917,47.1,gf,3.570,mm,OK,--,1:41:16 PM,11/27/2025,
918,47.1,gf,3.575,mm,OK,--,1:41:16 PM,11/27/2025,
919,47.2,gf,3.575,mm,OK,--,1:41:16 PM,11/27/2025,
920,47.2,gf,3.580,mm,OK,--,1:41:16 PM,11/27/2025,
921,47.2,gf,3.580,mm,OK,--,1:41:16 PM,11/27/2025,
922,47.2,gf,3.585,mm,OK,--,1:41:16 PM,11/27/2025,
923,47.2,gf,3.590,mm,OK,--,1:41:16 PM,11/27/2025,
924,47.2,gf,3.590,mm,OK,--,1:41:16 PM,11/27/2025,
925,47.2,gf,3.595,mm,OK,--,1:41:17 PM,11/27/2025,
926,47.2,gf,3.595,mm,OK,--,1:41:17 PM,11/27/2025,
927,47.3,gf,3.600,mm,OK,--,1:41:17 PM,11/27/2025,
928,47.3,gf,3.600,mm,OK,--,1:41:17 PM,11/27/2025,
929,48.1,gf,3.600,mm,OK,--,1:41:17 PM,11/27/2025,
930,49.5,gf,3.605,mm,OK,--,1:41:17 PM,11/27/2025,
931,51.0,gf,3.605,mm,OK,--,1:41:17 PM,11/27/2025,
932,52.4,gf,3.605,mm,OK,--,1:41:17 PM,11/27/2025,
933,53.8,gf,3.610,mm,OK,--,1:41:17 PM,11/27/2025,
934,54.9,gf,3.610,mm,OK,--,1:41:17 PM,11/27/2025,
935,56.0,gf,3.610,mm,OK,--,1:41:18 PM,11/27/2025,
936,56.9,gf,3.610,mm,OK,--,1:41:18 PM,11/27/2025,
937,57.7,gf,3.610,mm,OK,--,1:41:18 PM,11/27/2025,
938,58.8,gf,3.615,mm,OK,--,1:41:18 PM,11/27/2025,
939,60.1,gf,3.615,mm,OK,--,1:41:18 PM,11/27/2025,
940,61.3,gf,3.615,mm,OK,--,1:41:18 PM,11/27/2025,
941,62.5,gf,3.615,mm,OK,--,1:41:18 PM,11/27/2025,
942,64.0,gf,3.620,mm,OK,--,1:41:18 PM,11/27/2025,
943,65.4,gf,3.620,mm,OK,--,1:41:18 PM,11/27/2025,
944,66.7,gf,3.620,mm,OK,--,1:41:18 PM,11/27/2025,
945,68.3,gf,3.620,mm,OK,--,1:41:19 PM,11/27/2025,
946,70.2,gf,3.625,mm,OK,--,1:41:19 PM,11/27/2025,
947,72.7,gf,3.625,mm,OK,--,1:41:19 PM,11/27/2025,
948,75.4,gf,3.630,mm,OK,--,1:41:19 PM,11/27/2025,
949,77.3,gf,3.630,mm,OK,--,1:41:19 PM,11/27/2025,
950,79.2,gf,3.635,mm,OK,--,1:41:19 PM,11/27/2025,
951,80.6,gf,3.635,mm,OK,--,1:41:19 PM,11/27/2025,
952,82.1,gf,3.635,mm,OK,--,1:41:19 PM,11/27/2025,
953,83.6,gf,3.640,mm,OK,--,1:41:19 PM,11/27/2025,
954,84.9,gf,3.640,mm,OK,--,1:41:19 PM,11/27/2025,
955,86.7,gf,3.640,mm,OK,--,1:41:20 PM,11/27/2025,
956,88.3,gf,3.645,mm,OK,--,1:41:20 PM,11/27/2025,
957,90.0,gf,3.645,mm,OK,--,1:41:20 PM,11/27/2025,
958,92.0,gf,3.645,mm,OK,--,1:41:20 PM,11/27/2025,
959,94.2,gf,3.650,mm,OK,--,1:41:20 PM,11/27/2025,
960,96.2,gf,3.650,mm,OK,--,1:41:20 PM,11/27/2025,
961,98.6,gf,3.655,mm,OK,--,1:41:20 PM,11/27/2025,
962,101.4,gf,3.655,mm,OK,--,1:41:20 PM,11/27/2025,
963,104.1,gf,3.660,mm,OK,--,1:41:20 PM,11/27/2025,
964,106.8,gf,3.660,mm,OK,--,1:41:20 PM,11/27/2025,
965,109.2,gf,3.665,mm,OK,--,1:41:21 PM,11/27/2025,
966,111.9,gf,3.665,mm,OK,--,1:41:21 PM,11/27/2025,
967,115.8,gf,3.670,mm,OK,--,1:41:21 PM,11/27/2025,
968,119.8,gf,3.675,mm,OK,--,1:41:21 PM,11/27/2025,
969,123.1,gf,3.680,mm,OK,--,1:41:21 PM,11/27/2025,
970,126.1,gf,3.680,mm,OK,--,1:41:21 PM,11/27/2025,
971,129.2,gf,3.685,mm,OK,--,1:41:21 PM,11/27/2025,
972,133.6,gf,3.690,mm,OK,--,1:41:21 PM,11/27/2025,
973,138.9,gf,3.695,mm,OK,--,1:41:21 PM,11/27/2025,
974,144.1,gf,3.700,mm,OK,--,1:41:21 PM,11/27/2025,
975,148.3,gf,3.700,mm,OK,--,1:41:22 PM,11/27/2025,
976,152.5,gf,3.705,mm,OK,--,1:41:22 PM,11/27/2025,
977,157.2,gf,3.710,mm,OK,--,1:41:22 PM,11/27/2025,
978,162.6,gf,3.715,mm,OK,--,1:41:22 PM,11/27/2025,
979,167.6,gf,3.720,mm,OK,--,1:41:22 PM,11/27/2025,
980,172.9,gf,3.725,mm,OK,--,1:41:22 PM,11/27/2025,
981,176.4,gf,3.730,mm,OK,--,1:41:22 PM,11/27/2025,
982,177.8,gf,3.730,mm,OK,--,1:41:22 PM,11/27/2025,
983,179.3,gf,3.735,mm,OK,--,1:41:22 PM,11/27/2025,
984,181.7,gf,3.735,mm,OK,--,1:41:22 PM,11/27/2025,
985,184.2,gf,3.740,mm,OK,--,1:41:23 PM,11/27/2025,
986,186.1,gf,3.740,mm,OK,--,1:41:23 PM,11/27/2025,
987,187.2,gf,3.740,mm,OK,--,1:41:23 PM,11/27/2025,
988,188.1,gf,3.740,mm,OK,--,1:41:23 PM,11/27/2025,
989,188.5,gf,3.740,mm,OK,--,1:41:23 PM,11/27/2025,
990,188.8,gf,3.740,mm,OK,--,1:41:23 PM,11/27/2025,
991,189.9,gf,3.745,mm,OK,--,1:41:23 PM,11/27/2025,
992,190.5,gf,3.745,mm,OK,--,1:41:23 PM,11/27/2025,
993,191.3,gf,3.745,mm,OK,--,1:41:23 PM,11/27/2025,
994,191.7,gf,3.745,mm,OK,--,1:41:23 PM,11/27/2025,
995,191.8,gf,3.745,mm,OK,--,1:41:24 PM,11/27/2025,
996,191.8,gf,3.745,mm,OK,--,1:41:24 PM,11/27/2025,
997,191.6,gf,3.745,mm,OK,--,1:41:24 PM,11/27/2025,
998,191.5,gf,3.745,mm,OK,--,1:41:24 PM,11/27/2025,
999,191.5,gf,3.745,mm,OK,--,1:41:24 PM,11/27/2025,
1000,191.5,gf,3.745,mm,OK,--,1:41:24 PM,11/27/2025,
1001,191.5,gf,3.745,mm,OK,--,1:41:24 PM,11/27/2025,
1002,191.5,gf,3.745,mm,OK,--,1:41:24 PM,11/27/2025,
1003,191.4,gf,3.745,mm,OK,--,1:41:24 PM,11/27/2025,
1004,191.4,gf,3.745,mm,OK,--,1:41:24 PM,11/27/2025,
1005,191.4,gf,3.745,mm,OK,--,1:41:25 PM,11/27/2025,
1006,191.3,gf,3.745,mm,OK,--,1:41:25 PM,11/27/2025,
1007,191.3,gf,3.745,mm,OK,--,1:41:25 PM,11/27/2025,
1008,191.4,gf,3.745,mm,OK,--,1:41:25 PM,11/27/2025,
1009,191.4,gf,3.745,mm,OK,--,1:41:25 PM,11/27/2025,
1010,191.3,gf,3.745,mm,OK,--,1:41:25 PM,11/27/2025,
1011,190.8,gf,3.745,mm,OK,--,1:41:25 PM,11/27/2025,
1012,190.6,gf,3.745,mm,OK,--,1:41:25 PM,11/27/2025,
1013,190.5,gf,3.745,mm,OK,--,1:41:25 PM,11/27/2025,
1014,190.0,gf,3.745,mm,OK,--,1:41:25 PM,11/27/2025,
1015,188.4,gf,3.745,mm,OK,--,1:41:26 PM,11/27/2025,
1016,186.3,gf,3.740,mm,OK,--,1:41:26 PM,11/27/2025,
1017,184.4,gf,3.740,mm,OK,--,1:41:26 PM,11/27/2025,
1018,183.2,gf,3.740,mm,OK,--,1:41:26 PM,11/27/2025,
1019,182.1,gf,3.740,mm,OK,--,1:41:26 PM,11/27/2025,
1020,180.8,gf,3.735,mm,OK,--,1:41:26 PM,11/27/2025,
1021,178.6,gf,3.735,mm,OK,--,1:41:26 PM,11/27/2025,
1022,177.1,gf,3.735,mm,OK,--,1:41:26 PM,11/27/2025,
1023,175.4,gf,3.730,mm,OK,--,1:41:26 PM,11/27/2025,
1024,174.0,gf,3.730,mm,OK,--,1:41:26 PM,11/27/2025,
1025,172.9,gf,3.730,mm,OK,--,1:41:27 PM,11/27/2025,
1026,172.2,gf,3.730,mm,OK,--,1:41:27 PM,11/27/2025,
1027,171.7,gf,3.730,mm,OK,--,1:41:27 PM,11/27/2025,
1028,171.1,gf,3.730,mm,OK,--,1:41:27 PM,11/27/2025,
1029,170.6,gf,3.730,mm,OK,--,1:41:27 PM,11/27/2025,
1030,170.1,gf,3.725,mm,OK,--,1:41:27 PM,11/27/2025,
1031,169.6,gf,3.725,mm,OK,--,1:41:27 PM,11/27/2025,
1032,169.2,gf,3.725,mm,OK,--,1:41:27 PM,11/27/2025,
1033,168.9,gf,3.725,mm,OK,--,1:41:27 PM,11/27/2025,
1034,168.5,gf,3.725,mm,OK,--,1:41:27 PM,11/27/2025,
1035,167.9,gf,3.725,mm,OK,--,1:41:28 PM,11/27/2025,
1036,165.5,gf,3.725,mm,OK,--,1:41:28 PM,11/27/2025,
1037,161.1,gf,3.720,mm,OK,--,1:41:28 PM,11/27/2025,
1038,157.8,gf,3.715,mm,OK,--,1:41:28 PM,11/27/2025,
1039,155.1,gf,3.715,mm,OK,--,1:41:28 PM,11/27/2025,
1040,151.4,gf,3.710,mm,OK,--,1:41:28 PM,11/27/2025,
1041,148.9,gf,3.705,mm,OK,--,1:41:28 PM,11/27/2025,
1042,147.6,gf,3.705,mm,OK,--,1:41:28 PM,11/27/2025,
1043,146.7,gf,3.705,mm,OK,--,1:41:28 PM,11/27/2025,
1044,146.1,gf,3.705,mm,OK,--,1:41:28 PM,11/27/2025,
1045,145.6,gf,3.705,mm,OK,--,1:41:29 PM,11/27/2025,
1046,145.1,gf,3.700,mm,OK,--,1:41:29 PM,11/27/2025,
1047,144.4,gf,3.700,mm,OK,--,1:41:29 PM,11/27/2025,
1048,143.6,gf,3.700,mm,OK,--,1:41:29 PM,11/27/2025,
1049,142.7,gf,3.700,mm,OK,--,1:41:29 PM,11/27/2025,
1050,141.9,gf,3.700,mm,OK,--,1:41:29 PM,11/27/2025,
1051,141.0,gf,3.700,mm,OK,--,1:41:29 PM,11/27/2025,
1052,140.5,gf,3.700,mm,OK,--,1:41:29 PM,11/27/2025,
1053,139.9,gf,3.700,mm,OK,--,1:41:29 PM,11/27/2025,
1054,139.0,gf,3.695,mm,OK,--,1:41:29 PM,11/27/2025,
1055,137.9,gf,3.695,mm,OK,--,1:41:30 PM,11/27/2025,
1056,136.6,gf,3.695,mm,OK,--,1:41:30 PM,11/27/2025,
1057,135.6,gf,3.695,mm,OK,--,1:41:30 PM,11/27/2025,
1058,134.6,gf,3.695,mm,OK,--,1:41:30 PM,11/27/2025,
1059,133.7,gf,3.690,mm,OK,--,1:41:30 PM,11/27/2025,
1060,133.0,gf,3.690,mm,OK,--,1:41:30 PM,11/27/2025,
1061,132.3,gf,3.690,mm,OK,--,1:41:30 PM,11/27/2025,
1062,131.4,gf,3.690,mm,OK,--,1:41:30 PM,11/27/2025,
1063,130.4,gf,3.690,mm,OK,--,1:41:30 PM,11/27/2025,
1064,129.3,gf,3.685,mm,OK,--,1:41:30 PM,11/27/2025,
1065,128.5,gf,3.685,mm,OK,--,1:41:31 PM,11/27/2025,
1066,127.5,gf,3.685,mm,OK,--,1:41:31 PM,11/27/2025,
1067,126.7,gf,3.685,mm,OK,--,1:41:31 PM,11/27/2025,
1068,125.9,gf,3.685,mm,OK,--,1:41:31 PM,11/27/2025,
1069,125.1,gf,3.685,mm,OK,--,1:41:31 PM,11/27/2025,
1070,124.0,gf,3.680,mm,OK,--,1:41:31 PM,11/27/2025,
1071,122.8,gf,3.680,mm,OK,--,1:41:31 PM,11/27/2025,
1072,121.5,gf,3.680,mm,OK,--,1:41:31 PM,11/27/2025,
1073,120.4,gf,3.680,mm,OK,--,1:41:31 PM,11/27/2025,
1074,119.2,gf,3.680,mm,OK,--,1:41:31 PM,11/27/2025,
1075,117.9,gf,3.675,mm,OK,--,1:41:32 PM,11/27/2025,
1076,116.7,gf,3.675,mm,OK,--,1:41:32 PM,11/27/2025,
1077,115.7,gf,3.675,mm,OK,--,1:41:32 PM,11/27/2025,
1078,115.0,gf,3.675,mm,OK,--,1:41:32 PM,11/27/2025,
1079,114.1,gf,3.675,mm,OK,--,1:41:32 PM,11/27/2025,
1080,113.2,gf,3.670,mm,OK,--,1:41:32 PM,11/27/2025,
1081,111.8,gf,3.670,mm,OK,--,1:41:32 PM,11/27/2025,
1082,110.6,gf,3.670,mm,OK,--,1:41:32 PM,11/27/2025,
1083,109.2,gf,3.670,mm,OK,--,1:41:32 PM,11/27/2025,
1084,108.2,gf,3.670,mm,OK,--,1:41:32 PM,11/27/2025,
1085,107.0,gf,3.665,mm,OK,--,1:41:33 PM,11/27/2025,
1086,106.0,gf,3.665,mm,OK,--,1:41:33 PM,11/27/2025,
1087,104.8,gf,3.665,mm,OK,--,1:41:33 PM,11/27/2025,
1088,103.6,gf,3.665,mm,OK,--,1:41:33 PM,11/27/2025,
1089,101.5,gf,3.660,mm,OK,--,1:41:33 PM,11/27/2025,
1090,99.8,gf,3.660,mm,OK,--,1:41:33 PM,11/27/2025,
1091,97.9,gf,3.660,mm,OK,--,1:41:33 PM,11/27/2025,
1092,96.2,gf,3.655,mm,OK,--,1:41:33 PM,11/27/2025,
1093,94.6,gf,3.655,mm,OK,--,1:41:33 PM,11/27/2025,
1094,92.9,gf,3.655,mm,OK,--,1:41:33 PM,11/27/2025,
1095,91.3,gf,3.650,mm,OK,--,1:41:34 PM,11/27/2025,
1096,90.2,gf,3.650,mm,OK,--,1:41:34 PM,11/27/2025,
1097,89.0,gf,3.650,mm,OK,--,1:41:34 PM,11/27/2025,
1098,88.2,gf,3.650,mm,OK,--,1:41:34 PM,11/27/2025,
1099,87.5,gf,3.645,mm,OK,--,1:41:34 PM,11/27/2025,
1100,86.8,gf,3.645,mm,OK,--,1:41:34 PM,11/27/2025,
1101,86.3,gf,3.645,mm,OK,--,1:41:34 PM,11/27/2025,
1102,85.8,gf,3.645,mm,OK,--,1:41:34 PM,11/27/2025,
1103,85.2,gf,3.645,mm,OK,--,1:41:34 PM,11/27/2025,
1104,84.7,gf,3.645,mm,OK,--,1:41:34 PM,11/27/2025,
1105,84.0,gf,3.645,mm,OK,--,1:41:35 PM,11/27/2025,
1106,83.3,gf,3.645,mm,OK,--,1:41:35 PM,11/27/2025,
1107,81.0,gf,3.640,mm,OK,--,1:41:35 PM,11/27/2025,
1108,78.4,gf,3.640,mm,OK,--,1:41:35 PM,11/27/2025,
1109,76.0,gf,3.635,mm,OK,--,1:41:35 PM,11/27/2025,
1110,74.0,gf,3.635,mm,OK,--,1:41:35 PM,11/27/2025,
1111,72.5,gf,3.630,mm,OK,--,1:41:35 PM,11/27/2025,
1112,71.1,gf,3.630,mm,OK,--,1:41:35 PM,11/27/2025,
1113,69.7,gf,3.630,mm,OK,--,1:41:35 PM,11/27/2025,
1114,68.1,gf,3.625,mm,OK,--,1:41:35 PM,11/27/2025,
1115,66.6,gf,3.625,mm,OK,--,1:41:36 PM,11/27/2025,
1116,65.1,gf,3.625,mm,OK,--,1:41:36 PM,11/27/2025,
1117,63.5,gf,3.620,mm,OK,--,1:41:36 PM,11/27/2025,
1118,62.0,gf,3.620,mm,OK,--,1:41:36 PM,11/27/2025,
1119,60.3,gf,3.620,mm,OK,--,1:41:36 PM,11/27/2025,
1120,58.8,gf,3.615,mm,OK,--,1:41:36 PM,11/27/2025,
1121,57.7,gf,3.615,mm,OK,--,1:41:36 PM,11/27/2025,
1122,56.4,gf,3.615,mm,OK,--,1:41:36 PM,11/27/2025,
1123,54.9,gf,3.615,mm,OK,--,1:41:36 PM,11/27/2025,
1124,53.9,gf,3.610,mm,OK,--,1:41:36 PM,11/27/2025,
1125,52.9,gf,3.610,mm,OK,--,1:41:37 PM,11/27/2025,
1126,51.6,gf,3.610,mm,OK,--,1:41:37 PM,11/27/2025,
1127,50.5,gf,3.610,mm,OK,--,1:41:37 PM,11/27/2025,
1128,49.5,gf,3.610,mm,OK,--,1:41:37 PM,11/27/2025,
1129,48.3,gf,3.605,mm,OK,--,1:41:37 PM,11/27/2025,
1130,46.6,gf,3.605,mm,OK,--,1:41:37 PM,11/27/2025,
1131,45.9,gf,3.600,mm,OK,--,1:41:37 PM,11/27/2025,
1132,45.9,gf,3.600,mm,OK,--,1:41:37 PM,11/27/2025,
1133,45.9,gf,3.600,mm,OK,--,1:41:37 PM,11/27/2025,
1134,45.9,gf,3.595,mm,OK,--,1:41:37 PM,11/27/2025,
1135,45.9,gf,3.590,mm,OK,--,1:41:38 PM,11/27/2025,
1136,45.8,gf,3.590,mm,OK,--,1:41:38 PM,11/27/2025,
1137,45.8,gf,3.585,mm,OK,--,1:41:38 PM,11/27/2025,
1138,45.7,gf,3.580,mm,OK,--,1:41:38 PM,11/27/2025,
1139,45.7,gf,3.575,mm,OK,--,1:41:38 PM,11/27/2025,
1140,45.7,gf,3.575,mm,OK,--,1:41:38 PM,11/27/2025,
1141,45.7,gf,3.570,mm,OK,--,1:41:38 PM,11/27/2025,
1142,45.6,gf,3.565,mm,OK,--,1:41:38 PM,11/27/2025,
1143,45.6,gf,3.560,mm,OK,--,1:41:38 PM,11/27/2025,
1144,45.6,gf,3.555,mm,OK,--,1:41:38 PM,11/27/2025,
1145,45.5,gf,3.550,mm,OK,--,1:41:39 PM,11/27/2025,
1146,45.4,gf,3.540,mm,OK,--,1:41:39 PM,11/27/2025,
1147,45.4,gf,3.535,mm,OK,--,1:41:39 PM,11/27/2025,
1148,45.4,gf,3.530,mm,OK,--,1:41:39 PM,11/27/2025,
1149,45.3,gf,3.520,mm,OK,--,1:41:39 PM,11/27/2025,
1150,45.3,gf,3.510,mm,OK,--,1:41:39 PM,11/27/2025,
1151,45.2,gf,3.505,mm,OK,--,1:41:39 PM,11/27/2025,
1152,45.2,gf,3.495,mm,OK,--,1:41:39 PM,11/27/2025,
1153,45.2,gf,3.490,mm,OK,--,1:41:39 PM,11/27/2025,
1154,45.2,gf,3.480,mm,OK,--,1:41:39 PM,11/27/2025,
1155,45.1,gf,3.475,mm,OK,--,1:41:40 PM,11/27/2025,
1156,45.1,gf,3.465,mm,OK,--,1:41:40 PM,11/27/2025,
1157,44.9,gf,3.455,mm,OK,--,1:41:40 PM,11/27/2025,
1158,44.9,gf,3.445,mm,OK,--,1:41:40 PM,11/27/2025,
1159,44.9,gf,3.440,mm,OK,--,1:41:40 PM,11/27/2025,
1160,44.9,gf,3.435,mm,OK,--,1:41:40 PM,11/27/2025,
1161,44.9,gf,3.430,mm,OK,--,1:41:40 PM,11/27/2025,
1162,44.8,gf,3.425,mm,OK,--,1:41:40 PM,11/27/2025,
1163,44.8,gf,3.420,mm,OK,--,1:41:40 PM,11/27/2025,
1164,44.7,gf,3.415,mm,OK,--,1:41:40 PM,11/27/2025,
1165,44.7,gf,3.410,mm,OK,--,1:41:41 PM,11/27/2025,
1166,44.7,gf,3.405,mm,OK,--,1:41:41 PM,11/27/2025,
1167,44.6,gf,3.405,mm,OK,--,1:41:41 PM,11/27/2025,
1168,44.6,gf,3.395,mm,OK,--,1:41:41 PM,11/27/2025,
1169,44.6,gf,3.390,mm,OK,--,1:41:41 PM,11/27/2025,
1170,44.6,gf,3.380,mm,OK,--,1:41:41 PM,11/27/2025,
1171,44.5,gf,3.375,mm,OK,--,1:41:41 PM,11/27/2025,
1172,44.5,gf,3.370,mm,OK,--,1:41:41 PM,11/27/2025,
1173,44.5,gf,3.365,mm,OK,--,1:41:41 PM,11/27/2025,
1174,44.5,gf,3.355,mm,OK,--,1:41:41 PM,11/27/2025,
1175,44.4,gf,3.350,mm,OK,--,1:41:42 PM,11/27/2025,
1176,44.4,gf,3.345,mm,OK,--,1:41:42 PM,11/27/2025,
1177,44.4,gf,3.340,mm,OK,--,1:41:42 PM,11/27/2025,
1178,44.4,gf,3.340,mm,OK,--,1:41:42 PM,11/27/2025,
1179,44.4,gf,3.335,mm,OK,--,1:41:42 PM,11/27/2025,
1180,44.4,gf,3.330,mm,OK,--,1:41:42 PM,11/27/2025,
1181,44.4,gf,3.325,mm,OK,--,1:41:42 PM,11/27/2025,
1182,44.3,gf,3.320,mm,OK,--,1:41:42 PM,11/27/2025,
1183,44.3,gf,3.315,mm,OK,--,1:41:42 PM,11/27/2025,
1184,44.3,gf,3.315,mm,OK,--,1:41:42 PM,11/27/2025,
1185,44.3,gf,3.310,mm,OK,--,1:41:43 PM,11/27/2025,
1186,44.4,gf,3.305,mm,OK,--,1:41:43 PM,11/27/2025,
1187,44.3,gf,3.300,mm,OK,--,1:41:43 PM,11/27/2025,
1188,44.3,gf,3.295,mm,OK,--,1:41:43 PM,11/27/2025,
1189,44.2,gf,3.285,mm,OK,--,1:41:43 PM,11/27/2025,
1190,44.2,gf,3.280,mm,OK,--,1:41:43 PM,11/27/2025,
1191,44.1,gf,3.270,mm,OK,--,1:41:43 PM,11/27/2025,
1192,44.0,gf,3.265,mm,OK,--,1:41:43 PM,11/27/2025,
1193,44.0,gf,3.260,mm,OK,--,1:41:43 PM,11/27/2025,
1194,43.9,gf,3.250,mm,OK,--,1:41:43 PM,11/27/2025,
1195,43.9,gf,3.245,mm,OK,--,1:41:44 PM,11/27/2025,
1196,43.9,gf,3.235,mm,OK,--,1:41:44 PM,11/27/2025,
1197,43.9,gf,3.225,mm,OK,--,1:41:44 PM,11/27/2025,
1198,43.8,gf,3.215,mm,OK,--,1:41:44 PM,11/27/2025,
1199,43.8,gf,3.200,mm,OK,--,1:41:44 PM,11/27/2025,
1200,43.7,gf,3.185,mm,OK,--,1:41:44 PM,11/27/2025,
1201,43.6,gf,3.175,mm,OK,--,1:41:44 PM,11/27/2025,
1202,43.6,gf,3.160,mm,OK,--,1:41:44 PM,11/27/2025,
1203,43.6,gf,3.145,mm,OK,--,1:41:44 PM,11/27/2025,
1204,43.6,gf,3.125,mm,OK,--,1:41:44 PM,11/27/2025,
1205,43.6,gf,3.115,mm,OK,--,1:41:45 PM,11/27/2025,
1206,43.7,gf,3.100,mm,OK,--,1:41:45 PM,11/27/2025,
1207,43.5,gf,3.085,mm,OK,--,1:41:45 PM,11/27/2025,
1208,43.5,gf,3.065,mm,OK,--,1:41:45 PM,11/27/2025,
1209,43.5,gf,3.045,mm,OK,--,1:41:45 PM,11/27/2025,
1210,43.4,gf,3.030,mm,OK,--,1:41:45 PM,11/27/2025,
1211,43.4,gf,3.015,mm,OK,--,1:41:45 PM,11/27/2025,
1212,43.3,gf,3.000,mm,OK,--,1:41:45 PM,11/27/2025,
1213,43.3,gf,2.990,mm,OK,--,1:41:45 PM,11/27/2025,
1214,43.3,gf,2.980,mm,OK,--,1:41:45 PM,11/27/2025,
1215,43.3,gf,2.965,mm,OK,--,1:41:46 PM,11/27/2025,
1216,43.3,gf,2.960,mm,OK,--,1:41:46 PM,11/27/2025,
1217,43.3,gf,2.950,mm,OK,--,1:41:46 PM,11/27/2025,
1218,43.2,gf,2.940,mm,OK,--,1:41:46 PM,11/27/2025,
1219,43.3,gf,2.935,mm,OK,--,1:41:46 PM,11/27/2025,
1220,43.2,gf,2.925,mm,OK,--,1:41:46 PM,11/27/2025,
1221,43.2,gf,2.920,mm,OK,--,1:41:46 PM,11/27/2025,
1222,43.2,gf,2.915,mm,OK,--,1:41:46 PM,11/27/2025,
1223,43.2,gf,2.910,mm,OK,--,1:41:46 PM,11/27/2025,
1224,43.1,gf,2.900,mm,OK,--,1:41:46 PM,11/27/2025,
1225,43.1,gf,2.895,mm,OK,--,1:41:47 PM,11/27/2025,
1226,43.1,gf,2.885,mm,OK,--,1:41:47 PM,11/27/2025,
1227,43.1,gf,2.880,mm,OK,--,1:41:47 PM,11/27/2025,
1228,43.1,gf,2.875,mm,OK,--,1:41:47 PM,11/27/2025,
1229,43.0,gf,2.870,mm,OK,--,1:41:47 PM,11/27/2025,
1230,43.0,gf,2.865,mm,OK,--,1:41:47 PM,11/27/2025,
1231,43.0,gf,2.855,mm,OK,--,1:41:47 PM,11/27/2025,
1232,42.9,gf,2.850,mm,OK,--,1:41:47 PM,11/27/2025,
1233,42.9,gf,2.840,mm,OK,--,1:41:47 PM,11/27/2025,
1234,43.0,gf,2.835,mm,OK,--,1:41:47 PM,11/27/2025,
1235,42.9,gf,2.825,mm,OK,--,1:41:48 PM,11/27/2025,
1236,42.9,gf,2.815,mm,OK,--,1:41:48 PM,11/27/2025,
1237,42.9,gf,2.810,mm,OK,--,1:41:48 PM,11/27/2025,
1238,42.8,gf,2.800,mm,OK,--,1:41:48 PM,11/27/2025,
1239,42.8,gf,2.790,mm,OK,--,1:41:48 PM,11/27/2025,
1240,42.8,gf,2.780,mm,OK,--,1:41:48 PM,11/27/2025,
1241,42.8,gf,2.775,mm,OK,--,1:41:48 PM,11/27/2025,
1242,42.8,gf,2.765,mm,OK,--,1:41:48 PM,11/27/2025,
1243,42.8,gf,2.760,mm,OK,--,1:41:48 PM,11/27/2025,
1244,42.8,gf,2.760,mm,OK,--,1:41:48 PM,11/27/2025,
1245,42.8,gf,2.755,mm,OK,--,1:41:49 PM,11/27/2025,
1246,42.8,gf,2.750,mm,OK,--,1:41:49 PM,11/27/2025,
1247,42.8,gf,2.740,mm,OK,--,1:41:49 PM,11/27/2025,
1248,42.7,gf,2.735,mm,OK,--,1:41:49 PM,11/27/2025,
1249,42.7,gf,2.725,mm,OK,--,1:41:49 PM,11/27/2025,
1250,42.7,gf,2.720,mm,OK,--,1:41:49 PM,11/27/2025,
1251,42.7,gf,2.715,mm,OK,--,1:41:49 PM,11/27/2025,
1252,42.6,gf,2.715,mm,OK,--,1:41:49 PM,11/27/2025,
1253,42.6,gf,2.710,mm,OK,--,1:41:49 PM,11/27/2025,
1254,42.6,gf,2.705,mm,OK,--,1:41:49 PM,11/27/2025,
1255,42.6,gf,2.700,mm,OK,--,1:41:50 PM,11/27/2025,
1256,42.6,gf,2.695,mm,OK,--,1:41:50 PM,11/27/2025,
1257,42.6,gf,2.690,mm,OK,--,1:41:50 PM,11/27/2025,
1258,42.5,gf,2.685,mm,OK,--,1:41:50 PM,11/27/2025,
1259,42.5,gf,2.680,mm,OK,--,1:41:50 PM,11/27/2025,
1260,42.5,gf,2.675,mm,OK,--,1:41:50 PM,11/27/2025,
1261,42.4,gf,2.670,mm,OK,--,1:41:50 PM,11/27/2025,
1262,42.5,gf,2.665,mm,OK,--,1:41:50 PM,11/27/2025,
1263,42.5,gf,2.660,mm,OK,--,1:41:50 PM,11/27/2025,
1264,42.4,gf,2.650,mm,OK,--,1:41:50 PM,11/27/2025,
1265,42.4,gf,2.645,mm,OK,--,1:41:51 PM,11/27/2025,
1266,42.3,gf,2.635,mm,OK,--,1:41:51 PM,11/27/2025,
1267,42.3,gf,2.630,mm,OK,--,1:41:51 PM,11/27/2025,
1268,42.2,gf,2.620,mm,OK,--,1:41:51 PM,11/27/2025,
1269,42.2,gf,2.610,mm,OK,--,1:41:51 PM,11/27/2025,
1270,42.2,gf,2.600,mm,OK,--,1:41:51 PM,11/27/2025,
1271,42.2,gf,2.590,mm,OK,--,1:41:51 PM,11/27/2025,
1272,42.2,gf,2.580,mm,OK,--,1:41:51 PM,11/27/2025,
1273,42.0,gf,2.565,mm,OK,--,1:41:51 PM,11/27/2025,
1274,42.1,gf,2.550,mm,OK,--,1:41:51 PM,11/27/2025,
1275,42.1,gf,2.540,mm,OK,--,1:41:52 PM,11/27/2025,
1276,42.0,gf,2.530,mm,OK,--,1:41:52 PM,11/27/2025,
1277,42.1,gf,2.520,mm,OK,--,1:41:52 PM,11/27/2025,
1278,42.0,gf,2.510,mm,OK,--,1:41:52 PM,11/27/2025,
1279,42.0,gf,2.505,mm,OK,--,1:41:52 PM,11/27/2025,
1280,41.9,gf,2.500,mm,OK,--,1:41:52 PM,11/27/2025,
1281,41.9,gf,2.495,mm,OK,--,1:41:52 PM,11/27/2025,
1282,41.9,gf,2.490,mm,OK,--,1:41:52 PM,11/27/2025,
1283,41.8,gf,2.485,mm,OK,--,1:41:52 PM,11/27/2025,
1284,41.7,gf,2.480,mm,OK,--,1:41:52 PM,11/27/2025,
1285,41.6,gf,2.470,mm,OK,--,1:41:53 PM,11/27/2025,
1286,41.4,gf,2.465,mm,OK,--,1:41:53 PM,11/27/2025,
1287,41.3,gf,2.455,mm,OK,--,1:41:53 PM,11/27/2025,
1288,41.2,gf,2.450,mm,OK,--,1:41:53 PM,11/27/2025,
1289,41.1,gf,2.440,mm,OK,--,1:41:53 PM,11/27/2025,
1290,41.0,gf,2.435,mm,OK,--,1:41:53 PM,11/27/2025,
1291,40.8,gf,2.430,mm,OK,--,1:41:53 PM,11/27/2025,
1292,40.7,gf,2.425,mm,OK,--,1:41:53 PM,11/27/2025,
1293,40.6,gf,2.410,mm,OK,--,1:41:53 PM,11/27/2025,
1294,40.3,gf,2.400,mm,OK,--,1:41:53 PM,11/27/2025,
1295,40.3,gf,2.385,mm,OK,--,1:41:54 PM,11/27/2025,
1296,40.1,gf,2.375,mm,OK,--,1:41:54 PM,11/27/2025,
1297,39.8,gf,2.365,mm,OK,--,1:41:54 PM,11/27/2025,
1298,39.6,gf,2.355,mm,OK,--,1:41:54 PM,11/27/2025,
1299,39.5,gf,2.345,mm,OK,--,1:41:54 PM,11/27/2025,
1300,39.4,gf,2.340,mm,OK,--,1:41:54 PM,11/27/2025,
1301,39.4,gf,2.335,mm,OK,--,1:41:54 PM,11/27/2025,
1302,39.2,gf,2.325,mm,OK,--,1:41:54 PM,11/27/2025,
1303,38.9,gf,2.315,mm,OK,--,1:41:54 PM,11/27/2025,
1304,38.5,gf,2.305,mm,OK,--,1:41:54 PM,11/27/2025,
1305,38.3,gf,2.295,mm,OK,--,1:41:55 PM,11/27/2025,
1306,38.3,gf,2.290,mm,OK,--,1:41:55 PM,11/27/2025,
1307,38.1,gf,2.290,mm,OK,--,1:41:55 PM,11/27/2025,
1308,38.0,gf,2.285,mm,OK,--,1:41:55 PM,11/27/2025,
1309,37.8,gf,2.280,mm,OK,--,1:41:55 PM,11/27/2025,
1310,37.6,gf,2.275,mm,OK,--,1:41:55 PM,11/27/2025,
1311,37.3,gf,2.265,mm,OK,--,1:41:55 PM,11/27/2025,
1312,37.1,gf,2.260,mm,OK,--,1:41:55 PM,11/27/2025,
1313,37.0,gf,2.255,mm,OK,--,1:41:55 PM,11/27/2025,
1314,36.9,gf,2.250,mm,OK,--,1:41:55 PM,11/27/2025,
1315,36.7,gf,2.245,mm,OK,--,1:41:56 PM,11/27/2025,
1316,36.6,gf,2.240,mm,OK,--,1:41:56 PM,11/27/2025,
1317,36.4,gf,2.235,mm,OK,--,1:41:56 PM,11/27/2025,
1318,36.4,gf,2.230,mm,OK,--,1:41:56 PM,11/27/2025,
1319,36.2,gf,2.225,mm,OK,--,1:41:56 PM,11/27/2025,
1320,36.0,gf,2.220,mm,OK,--,1:41:56 PM,11/27/2025,
1321,35.8,gf,2.215,mm,OK,--,1:41:56 PM,11/27/2025,
1322,35.5,gf,2.205,mm,OK,--,1:41:56 PM,11/27/2025,
1323,35.4,gf,2.195,mm,OK,--,1:41:56 PM,11/27/2025,
1324,35.1,gf,2.185,mm,OK,--,1:41:56 PM,11/27/2025,
1325,35.1,gf,2.170,mm,OK,--,1:41:57 PM,11/27/2025,
1326,34.9,gf,2.160,mm,OK,--,1:41:57 PM,11/27/2025,
1327,34.9,gf,2.155,mm,OK,--,1:41:57 PM,11/27/2025,
1328,35.1,gf,2.150,mm,OK,--,1:41:57 PM,11/27/2025,
1329,34.9,gf,2.140,mm,OK,--,1:41:57 PM,11/27/2025,
1330,35.0,gf,2.135,mm,OK,--,1:41:57 PM,11/27/2025,
1331,35.0,gf,2.130,mm,OK,--,1:41:57 PM,11/27/2025,
1332,35.1,gf,2.125,mm,OK,--,1:41:57 PM,11/27/2025,
1333,35.0,gf,2.120,mm,OK,--,1:41:57 PM,11/27/2025,
1334,34.9,gf,2.115,mm,OK,--,1:41:57 PM,11/27/2025,
1335,34.9,gf,2.110,mm,OK,--,1:41:58 PM,11/27/2025,
1336,35.0,gf,2.105,mm,OK,--,1:41:58 PM,11/27/2025,
1337,35.0,gf,2.095,mm,OK,--,1:41:58 PM,11/27/2025,
1338,35.0,gf,2.095,mm,OK,--,1:41:58 PM,11/27/2025,
1339,34.9,gf,2.090,mm,OK,--,1:41:58 PM,11/27/2025,
1340,34.9,gf,2.085,mm,OK,--,1:41:58 PM,11/27/2025,
1341,34.9,gf,2.085,mm,OK,--,1:41:58 PM,11/27/2025,
1342,34.8,gf,2.080,mm,OK,--,1:41:58 PM,11/27/2025,
1343,34.8,gf,2.075,mm,OK,--,1:41:58 PM,11/27/2025,
1344,34.9,gf,2.070,mm,OK,--,1:41:58 PM,11/27/2025,
1345,34.9,gf,2.070,mm,OK,--,1:41:59 PM,11/27/2025,
1346,34.7,gf,2.065,mm,OK,--,1:41:59 PM,11/27/2025,
1347,34.8,gf,2.060,mm,OK,--,1:41:59 PM,11/27/2025,
1348,34.8,gf,2.060,mm,OK,--,1:41:59 PM,11/27/2025,
1349,34.8,gf,2.055,mm,OK,--,1:41:59 PM,11/27/2025,
1350,34.8,gf,2.050,mm,OK,--,1:41:59 PM,11/27/2025,
1351,34.8,gf,2.045,mm,OK,--,1:41:59 PM,11/27/2025,
1352,34.7,gf,2.040,mm,OK,--,1:41:59 PM,11/27/2025,
1353,34.6,gf,2.035,mm,OK,--,1:41:59 PM,11/27/2025,
1354,34.6,gf,2.030,mm,OK,--,1:41:59 PM,11/27/2025,
1355,34.4,gf,2.020,mm,OK,--,1:42:00 PM,11/27/2025,
1356,34.4,gf,2.015,mm,OK,--,1:42:00 PM,11/27/2025,
1357,34.4,gf,2.010,mm,OK,--,1:42:00 PM,11/27/2025,
1358,34.3,gf,2.005,mm,OK,--,1:42:00 PM,11/27/2025,
1359,34.3,gf,2.000,mm,OK,--,1:42:00 PM,11/27/2025,
1360,34.3,gf,1.995,mm,OK,--,1:42:00 PM,11/27/2025,
1361,34.3,gf,1.990,mm,OK,--,1:42:00 PM,11/27/2025,
1362,34.4,gf,1.990,mm,OK,--,1:42:00 PM,11/27/2025,
1363,34.4,gf,1.985,mm,OK,--,1:42:00 PM,11/27/2025,
1364,34.3,gf,1.985,mm,OK,--,1:42:00 PM,11/27/2025,
1365,34.3,gf,1.980,mm,OK,--,1:42:01 PM,11/27/2025,
1366,34.2,gf,1.980,mm,OK,--,1:42:01 PM,11/27/2025,
1367,34.3,gf,1.975,mm,OK,--,1:42:01 PM,11/27/2025,
1368,34.3,gf,1.965,mm,OK,--,1:42:01 PM,11/27/2025,
1369,34.4,gf,1.960,mm,OK,--,1:42:01 PM,11/27/2025,
1370,34.4,gf,1.955,mm,OK,--,1:42:01 PM,11/27/2025,
1371,34.5,gf,1.950,mm,OK,--,1:42:01 PM,11/27/2025,
1372,34.5,gf,1.945,mm,OK,--,1:42:01 PM,11/27/2025,
1373,34.4,gf,1.945,mm,OK,--,1:42:01 PM,11/27/2025,
1374,34.3,gf,1.940,mm,OK,--,1:42:01 PM,11/27/2025,
1375,34.3,gf,1.940,mm,OK,--,1:42:02 PM,11/27/2025,
1376,34.2,gf,1.935,mm,OK,--,1:42:02 PM,11/27/2025,
1377,34.1,gf,1.925,mm,OK,--,1:42:02 PM,11/27/2025,
1378,34.1,gf,1.920,mm,OK,--,1:42:02 PM,11/27/2025,
1379,34.1,gf,1.915,mm,OK,--,1:42:02 PM,11/27/2025,
1380,34.1,gf,1.905,mm,OK,--,1:42:02 PM,11/27/2025,
1381,34.1,gf,1.900,mm,OK,--,1:42:02 PM,11/27/2025,
1382,34.1,gf,1.895,mm,OK,--,1:42:02 PM,11/27/2025,
1383,34.1,gf,1.890,mm,OK,--,1:42:02 PM,11/27/2025,
1384,34.0,gf,1.885,mm,OK,--,1:42:02 PM,11/27/2025,
1385,34.0,gf,1.880,mm,OK,--,1:42:03 PM,11/27/2025,
1386,33.8,gf,1.875,mm,OK,--,1:42:03 PM,11/27/2025,
1387,33.8,gf,1.870,mm,OK,--,1:42:03 PM,11/27/2025,
1388,33.8,gf,1.865,mm,OK,--,1:42:03 PM,11/27/2025,
1389,33.8,gf,1.865,mm,OK,--,1:42:03 PM,11/27/2025,
1390,33.9,gf,1.860,mm,OK,--,1:42:03 PM,11/27/2025,
1391,33.8,gf,1.855,mm,OK,--,1:42:03 PM,11/27/2025,
1392,33.8,gf,1.855,mm,OK,--,1:42:03 PM,11/27/2025,
1393,33.9,gf,1.850,mm,OK,--,1:42:03 PM,11/27/2025,
1394,33.8,gf,1.840,mm,OK,--,1:42:03 PM,11/27/2025,
1395,33.9,gf,1.830,mm,OK,--,1:42:04 PM,11/27/2025,
1396,33.8,gf,1.825,mm,OK,--,1:42:04 PM,11/27/2025,
1397,33.8,gf,1.820,mm,OK,--,1:42:04 PM,11/27/2025,
1398,33.8,gf,1.810,mm,OK,--,1:42:04 PM,11/27/2025,
1399,33.7,gf,1.800,mm,OK,--,1:42:04 PM,11/27/2025,
1400,33.7,gf,1.790,mm,OK,--,1:42:04 PM,11/27/2025,
1401,33.8,gf,1.785,mm,OK,--,1:42:04 PM,11/27/2025,
1402,33.5,gf,1.785,mm,OK,--,1:42:04 PM,11/27/2025,
1403,33.6,gf,1.775,mm,OK,--,1:42:04 PM,11/27/2025,
1404,33.6,gf,1.770,mm,OK,--,1:42:04 PM,11/27/2025,
1405,33.6,gf,1.765,mm,OK,--,1:42:05 PM,11/27/2025,
1406,33.6,gf,1.760,mm,OK,--,1:42:05 PM,11/27/2025,
1407,33.6,gf,1.760,mm,OK,--,1:42:05 PM,11/27/2025,
1408,33.5,gf,1.755,mm,OK,--,1:42:05 PM,11/27/2025,
1409,33.4,gf,1.745,mm,OK,--,1:42:05 PM,11/27/2025,
1410,33.4,gf,1.735,mm,OK,--,1:42:05 PM,11/27/2025,
1411,33.5,gf,1.730,mm,OK,--,1:42:05 PM,11/27/2025,
1412,33.4,gf,1.725,mm,OK,--,1:42:05 PM,11/27/2025,
1413,33.3,gf,1.720,mm,OK,--,1:42:05 PM,11/27/2025,
1414,33.2,gf,1.715,mm,OK,--,1:42:05 PM,11/27/2025,
1415,33.2,gf,1.705,mm,OK,--,1:42:06 PM,11/27/2025,
1416,33.2,gf,1.700,mm,OK,--,1:42:06 PM,11/27/2025,
1417,33.2,gf,1.695,mm,OK,--,1:42:06 PM,11/27/2025,
1418,33.1,gf,1.690,mm,OK,--,1:42:06 PM,11/27/2025,
1419,33.1,gf,1.685,mm,OK,--,1:42:06 PM,11/27/2025,
1420,33.0,gf,1.680,mm,OK,--,1:42:06 PM,11/27/2025,
1421,32.8,gf,1.670,mm,OK,--,1:42:06 PM,11/27/2025,
1422,32.9,gf,1.665,mm,OK,--,1:42:06 PM,11/27/2025,
1423,32.8,gf,1.655,mm,OK,--,1:42:06 PM,11/27/2025,
1424,32.9,gf,1.645,mm,OK,--,1:42:06 PM,11/27/2025,
1425,32.9,gf,1.635,mm,OK,--,1:42:07 PM,11/27/2025,
1426,32.8,gf,1.630,mm,OK,--,1:42:07 PM,11/27/2025,
1427,32.7,gf,1.620,mm,OK,--,1:42:07 PM,11/27/2025,
1428,32.6,gf,1.615,mm,OK,--,1:42:07 PM,11/27/2025,
1429,32.6,gf,1.610,mm,OK,--,1:42:07 PM,11/27/2025,
1430,32.5,gf,1.605,mm,OK,--,1:42:07 PM,11/27/2025,
1431,32.4,gf,1.600,mm,OK,--,1:42:07 PM,11/27/2025,
1432,32.7,gf,1.595,mm,OK,--,1:42:07 PM,11/27/2025,
1433,32.5,gf,1.590,mm,OK,--,1:42:07 PM,11/27/2025,
1434,32.5,gf,1.585,mm,OK,--,1:42:07 PM,11/27/2025,
1435,32.6,gf,1.580,mm,OK,--,1:42:08 PM,11/27/2025,
1436,32.5,gf,1.580,mm,OK,--,1:42:08 PM,11/27/2025,
1437,32.6,gf,1.575,mm,OK,--,1:42:08 PM,11/27/2025,
1438,32.4,gf,1.575,mm,OK,--,1:42:08 PM,11/27/2025,
1439,32.5,gf,1.570,mm,OK,--,1:42:08 PM,11/27/2025,
1440,32.4,gf,1.565,mm,OK,--,1:42:08 PM,11/27/2025,
1441,32.4,gf,1.565,mm,OK,--,1:42:08 PM,11/27/2025,
1442,32.4,gf,1.560,mm,OK,--,1:42:08 PM,11/27/2025,
1443,32.4,gf,1.560,mm,OK,--,1:42:08 PM,11/27/2025,
1444,32.5,gf,1.555,mm,OK,--,1:42:08 PM,11/27/2025,
1445,32.6,gf,1.555,mm,OK,--,1:42:09 PM,11/27/2025,
1446,32.6,gf,1.550,mm,OK,--,1:42:09 PM,11/27/2025,
1447,32.5,gf,1.550,mm,OK,--,1:42:09 PM,11/27/2025,
1448,32.6,gf,1.545,mm,OK,--,1:42:09 PM,11/27/2025,
1449,32.6,gf,1.545,mm,OK,--,1:42:09 PM,11/27/2025,
1450,32.6,gf,1.545,mm,OK,--,1:42:09 PM,11/27/2025,
1451,32.5,gf,1.540,mm,OK,--,1:42:09 PM,11/27/2025,
1452,32.4,gf,1.540,mm,OK,--,1:42:09 PM,11/27/2025,
1453,32.3,gf,1.535,mm,OK,--,1:42:09 PM,11/27/2025,
1454,32.2,gf,1.535,mm,OK,--,1:42:09 PM,11/27/2025,
1455,32.1,gf,1.530,mm,OK,--,1:42:10 PM,11/27/2025,
1456,32.1,gf,1.525,mm,OK,--,1:42:10 PM,11/27/2025,
1457,32.2,gf,1.525,mm,OK,--,1:42:10 PM,11/27/2025,
1458,32.1,gf,1.520,mm,OK,--,1:42:10 PM,11/27/2025,
1459,32.2,gf,1.520,mm,OK,--,1:42:10 PM,11/27/2025,
1460,32.3,gf,1.515,mm,OK,--,1:42:10 PM,11/27/2025,
1461,32.4,gf,1.515,mm,OK,--,1:42:10 PM,11/27/2025,
1462,32.4,gf,1.515,mm,OK,--,1:42:10 PM,11/27/2025,
1463,32.4,gf,1.515,mm,OK,--,1:42:10 PM,11/27/2025,
1464,32.3,gf,1.515,mm,OK,--,1:42:10 PM,11/27/2025,
1465,32.3,gf,1.510,mm,OK,--,1:42:11 PM,11/27/2025,
1466,32.1,gf,1.510,mm,OK,--,1:42:11 PM,11/27/2025,
1467,32.1,gf,1.510,mm,OK,--,1:42:11 PM,11/27/2025,
1468,32.0,gf,1.505,mm,OK,--,1:42:11 PM,11/27/2025,
1469,32.0,gf,1.505,mm,OK,--,1:42:11 PM,11/27/2025,
1470,32.1,gf,1.505,mm,OK,--,1:42:11 PM,11/27/2025,
1471,32.1,gf,1.500,mm,OK,--,1:42:11 PM,11/27/2025,
1472,32.2,gf,1.500,mm,OK,--,1:42:11 PM,11/27/2025,
1473,32.1,gf,1.500,mm,OK,--,1:42:11 PM,11/27/2025,
1474,32.0,gf,1.495,mm,OK,--,1:42:11 PM,11/27/2025,
1475,31.8,gf,1.495,mm,OK,--,1:42:12 PM,11/27/2025,
1476,31.9,gf,1.490,mm,OK,--,1:42:12 PM,11/27/2025,
1477,31.7,gf,1.485,mm,OK,--,1:42:12 PM,11/27/2025,
1478,31.7,gf,1.475,mm,OK,--,1:42:12 PM,11/27/2025,
1479,31.7,gf,1.470,mm,OK,--,1:42:12 PM,11/27/2025,
1480,31.7,gf,1.465,mm,OK,--,1:42:12 PM,11/27/2025,
1481,31.7,gf,1.460,mm,OK,--,1:42:12 PM,11/27/2025,
1482,31.7,gf,1.460,mm,OK,--,1:42:12 PM,11/27/2025,
1483,31.6,gf,1.455,mm,OK,--,1:42:12 PM,11/27/2025,
1484,31.6,gf,1.450,mm,OK,--,1:42:12 PM,11/27/2025,
1485,31.4,gf,1.440,mm,OK,--,1:42:13 PM,11/27/2025,
1486,31.4,gf,1.430,mm,OK,--,1:42:13 PM,11/27/2025,
1487,31.4,gf,1.420,mm,OK,--,1:42:13 PM,11/27/2025,
1488,31.4,gf,1.410,mm,OK,--,1:42:13 PM,11/27/2025,
1489,31.4,gf,1.405,mm,OK,--,1:42:13 PM,11/27/2025,
1490,31.3,gf,1.400,mm,OK,--,1:42:13 PM,11/27/2025,
1491,31.2,gf,1.390,mm,OK,--,1:42:13 PM,11/27/2025,
1492,31.1,gf,1.380,mm,OK,--,1:42:13 PM,11/27/2025,
1493,31.1,gf,1.375,mm,OK,--,1:42:13 PM,11/27/2025,
1494,31.1,gf,1.365,mm,OK,--,1:42:13 PM,11/27/2025,
1495,31.0,gf,1.355,mm,OK,--,1:42:14 PM,11/27/2025,
1496,31.0,gf,1.340,mm,OK,--,1:42:14 PM,11/27/2025,
1497,31.1,gf,1.335,mm,OK,--,1:42:14 PM,11/27/2025,
1498,30.9,gf,1.330,mm,OK,--,1:42:14 PM,11/27/2025,
1499,30.9,gf,1.320,mm,OK,--,1:42:14 PM,11/27/2025,
1500,30.6,gf,1.315,mm,OK,--,1:42:14 PM,11/27/2025,
1501,30.7,gf,1.300,mm,OK,--,1:42:14 PM,11/27/2025,
1502,30.7,gf,1.290,mm,OK,--,1:42:14 PM,11/27/2025,
1503,30.7,gf,1.285,mm,OK,--,1:42:14 PM,11/27/2025,
1504,30.6,gf,1.275,mm,OK,--,1:42:14 PM,11/27/2025,
1505,30.6,gf,1.270,mm,OK,--,1:42:15 PM,11/27/2025,
1506,30.6,gf,1.265,mm,OK,--,1:42:15 PM,11/27/2025,
1507,30.5,gf,1.260,mm,OK,--,1:42:15 PM,11/27/2025,
1508,30.5,gf,1.260,mm,OK,--,1:42:15 PM,11/27/2025,
1509,30.4,gf,1.255,mm,OK,--,1:42:15 PM,11/27/2025,
1510,30.2,gf,1.250,mm,OK,--,1:42:15 PM,11/27/2025,
1511,30.2,gf,1.245,mm,OK,--,1:42:15 PM,11/27/2025,
1512,30.1,gf,1.240,mm,OK,--,1:42:15 PM,11/27/2025,
1513,30.1,gf,1.235,mm,OK,--,1:42:15 PM,11/27/2025,
1514,30.2,gf,1.230,mm,OK,--,1:42:15 PM,11/27/2025,
1515,30.1,gf,1.225,mm,OK,--,1:42:16 PM,11/27/2025,
1516,30.1,gf,1.220,mm,OK,--,1:42:16 PM,11/27/2025,
1517,30.1,gf,1.215,mm,OK,--,1:42:16 PM,11/27/2025,
1518,30.2,gf,1.210,mm,OK,--,1:42:16 PM,11/27/2025,
1519,30.2,gf,1.210,mm,OK,--,1:42:16 PM,11/27/2025,
1520,30.1,gf,1.205,mm,OK,--,1:42:16 PM,11/27/2025,
1521,31.5,gf,1.200,mm,OK,--,1:42:16 PM,11/27/2025,
1522,31.1,gf,1.190,mm,OK,--,1:42:16 PM,11/27/2025,
1523,31.2,gf,1.185,mm,OK,--,1:42:16 PM,11/27/2025,
1524,31.4,gf,1.175,mm,OK,--,1:42:16 PM,11/27/2025,
1525,31.2,gf,1.165,mm,OK,--,1:42:17 PM,11/27/2025,
1526,31.3,gf,1.160,mm,OK,--,1:42:17 PM,11/27/2025,
1527,31.1,gf,1.150,mm,OK,--,1:42:17 PM,11/27/2025,
1528,31.0,gf,1.145,mm,OK,--,1:42:17 PM,11/27/2025,
1529,31.0,gf,1.145,mm,OK,--,1:42:17 PM,11/27/2025,
1530,31.0,gf,1.140,mm,OK,--,1:42:17 PM,11/27/2025,
1531,31.3,gf,1.135,mm,OK,--,1:42:17 PM,11/27/2025,
1532,31.5,gf,1.130,mm,OK,--,1:42:17 PM,11/27/2025,
1533,31.4,gf,1.130,mm,OK,--,1:42:17 PM,11/27/2025,
1534,31.4,gf,1.125,mm,OK,--,1:42:17 PM,11/27/2025,
1535,31.4,gf,1.120,mm,OK,--,1:42:18 PM,11/27/2025,
1536,31.3,gf,1.120,mm,OK,--,1:42:18 PM,11/27/2025,
1537,31.2,gf,1.115,mm,OK,--,1:42:18 PM,11/27/2025,
1538,31.3,gf,1.115,mm,OK,--,1:42:18 PM,11/27/2025,
1539,31.1,gf,1.110,mm,OK,--,1:42:18 PM,11/27/2025,
1540,30.9,gf,1.110,mm,OK,--,1:42:18 PM,11/27/2025,
1541,31.0,gf,1.105,mm,OK,--,1:42:18 PM,11/27/2025,
1542,31.0,gf,1.105,mm,OK,--,1:42:18 PM,11/27/2025,
1543,31.0,gf,1.100,mm,OK,--,1:42:18 PM,11/27/2025,
1544,31.1,gf,1.100,mm,OK,--,1:42:18 PM,11/27/2025,
1545,31.0,gf,1.095,mm,OK,--,1:42:19 PM,11/27/2025,
1546,31.0,gf,1.095,mm,OK,--,1:42:19 PM,11/27/2025,
1547,30.9,gf,1.095,mm,OK,--,1:42:19 PM,11/27/2025,
1548,30.9,gf,1.090,mm,OK,--,1:42:19 PM,11/27/2025,
1549,30.9,gf,1.085,mm,OK,--,1:42:19 PM,11/27/2025,
1550,30.8,gf,1.085,mm,OK,--,1:42:19 PM,11/27/2025,
1551,30.7,gf,1.080,mm,OK,--,1:42:19 PM,11/27/2025,
1552,30.7,gf,1.070,mm,OK,--,1:42:19 PM,11/27/2025,
1553,30.8,gf,1.065,mm,OK,--,1:42:19 PM,11/27/2025,
1554,31.0,gf,1.060,mm,OK,--,1:42:19 PM,11/27/2025,
1555,30.6,gf,1.060,mm,OK,--,1:42:20 PM,11/27/2025,
1556,30.4,gf,1.050,mm,OK,--,1:42:20 PM,11/27/2025,
1557,30.6,gf,1.040,mm,OK,--,1:42:20 PM,11/27/2025,
1558,30.7,gf,1.040,mm,OK,--,1:42:20 PM,11/27/2025,
1559,30.7,gf,1.035,mm,OK,--,1:42:20 PM,11/27/2025,
1560,30.7,gf,1.035,mm,OK,--,1:42:20 PM,11/27/2025,
1561,30.8,gf,1.030,mm,OK,--,1:42:20 PM,11/27/2025,
1562,30.7,gf,1.025,mm,OK,--,1:42:20 PM,11/27/2025,
1563,30.7,gf,1.020,mm,OK,--,1:42:20 PM,11/27/2025,
1564,30.6,gf,1.015,mm,OK,--,1:42:20 PM,11/27/2025,
1565,30.7,gf,1.010,mm,OK,--,1:42:21 PM,11/27/2025,
1566,30.6,gf,1.010,mm,OK,--,1:42:21 PM,11/27/2025,
1567,30.7,gf,1.005,mm,OK,--,1:42:21 PM,11/27/2025,
1568,30.7,gf,1.005,mm,OK,--,1:42:21 PM,11/27/2025,
1569,30.6,gf,1.000,mm,OK,--,1:42:21 PM,11/27/2025,
1570,30.5,gf,1.000,mm,OK,--,1:42:21 PM,11/27/2025,
1571,30.4,gf,0.995,mm,OK,--,1:42:21 PM,11/27/2025,
1572,30.3,gf,0.990,mm,OK,--,1:42:21 PM,11/27/2025,
1573,30.2,gf,0.985,mm,OK,--,1:42:21 PM,11/27/2025,
1574,30.1,gf,0.980,mm,OK,--,1:42:21 PM,11/27/2025,
1575,29.9,gf,0.975,mm,OK,--,1:42:22 PM,11/27/2025,
1576,30.1,gf,0.965,mm,OK,--,1:42:22 PM,11/27/2025,
1577,30.1,gf,0.960,mm,OK,--,1:42:22 PM,11/27/2025,
1578,30.2,gf,0.955,mm,OK,--,1:42:22 PM,11/27/2025,
1579,30.2,gf,0.950,mm,OK,--,1:42:22 PM,11/27/2025,
1580,30.2,gf,0.945,mm,OK,--,1:42:22 PM,11/27/2025,
1581,30.2,gf,0.940,mm,OK,--,1:42:22 PM,11/27/2025,
1582,30.3,gf,0.935,mm,OK,--,1:42:22 PM,11/27/2025,
1583,30.3,gf,0.930,mm,OK,--,1:42:22 PM,11/27/2025,
1584,30.3,gf,0.920,mm,OK,--,1:42:22 PM,11/27/2025,
1585,30.3,gf,0.915,mm,OK,--,1:42:23 PM,11/27/2025,
1586,30.2,gf,0.905,mm,OK,--,1:42:23 PM,11/27/2025,
1587,30.2,gf,0.900,mm,OK,--,1:42:23 PM,11/27/2025,
1588,30.2,gf,0.890,mm,OK,--,1:42:23 PM,11/27/2025,
1589,30.2,gf,0.880,mm,OK,--,1:42:23 PM,11/27/2025,
1590,30.1,gf,0.875,mm,OK,--,1:42:23 PM,11/27/2025,
1591,30.1,gf,0.870,mm,OK,--,1:42:23 PM,11/27/2025,
1592,30.2,gf,0.865,mm,OK,--,1:42:23 PM,11/27/2025,
1593,30.1,gf,0.860,mm,OK,--,1:42:23 PM,11/27/2025,
1594,30.1,gf,0.855,mm,OK,--,1:42:23 PM,11/27/2025,
1595,30.1,gf,0.850,mm,OK,--,1:42:24 PM,11/27/2025,
1596,30.1,gf,0.845,mm,OK,--,1:42:24 PM,11/27/2025,
1597,30.0,gf,0.840,mm,OK,--,1:42:24 PM,11/27/2025,
1598,30.0,gf,0.830,mm,OK,--,1:42:24 PM,11/27/2025,
1599,30.0,gf,0.825,mm,OK,--,1:42:24 PM,11/27/2025,
1600,30.0,gf,0.815,mm,OK,--,1:42:24 PM,11/27/2025,
1601,30.0,gf,0.810,mm,OK,--,1:42:24 PM,11/27/2025,
1602,29.8,gf,0.805,mm,OK,--,1:42:24 PM,11/27/2025,
1603,29.8,gf,0.800,mm,OK,--,1:42:24 PM,11/27/2025,
1604,29.7,gf,0.795,mm,OK,--,1:42:24 PM,11/27/2025,
1605,29.7,gf,0.790,mm,OK,--,1:42:25 PM,11/27/2025,
1606,29.5,gf,0.785,mm,OK,--,1:42:25 PM,11/27/2025,
1607,29.5,gf,0.780,mm,OK,--,1:42:25 PM,11/27/2025,
1608,29.4,gf,0.775,mm,OK,--,1:42:25 PM,11/27/2025,
1609,29.4,gf,0.770,mm,OK,--,1:42:25 PM,11/27/2025,
1610,29.4,gf,0.765,mm,OK,--,1:42:25 PM,11/27/2025,
1611,29.3,gf,0.760,mm,OK,--,1:42:25 PM,11/27/2025,
1612,29.5,gf,0.750,mm,OK,--,1:42:25 PM,11/27/2025,
1613,29.7,gf,0.745,mm,OK,--,1:42:25 PM,11/27/2025,
1614,29.6,gf,0.740,mm,OK,--,1:42:25 PM,11/27/2025,
1615,29.6,gf,0.735,mm,OK,--,1:42:26 PM,11/27/2025,
1616,29.7,gf,0.730,mm,OK,--,1:42:26 PM,11/27/2025,
1617,29.8,gf,0.725,mm,OK,--,1:42:26 PM,11/27/2025,
1618,29.8,gf,0.725,mm,OK,--,1:42:26 PM,11/27/2025,
1619,29.8,gf,0.720,mm,OK,--,1:42:26 PM,11/27/2025,
1620,29.7,gf,0.720,mm,OK,--,1:42:26 PM,11/27/2025,
1621,29.6,gf,0.715,mm,OK,--,1:42:26 PM,11/27/2025,
1622,29.5,gf,0.710,mm,OK,--,1:42:26 PM,11/27/2025,
1623,29.5,gf,0.705,mm,OK,--,1:42:26 PM,11/27/2025,
1624,29.5,gf,0.700,mm,OK,--,1:42:26 PM,11/27/2025,
1625,29.4,gf,0.695,mm,OK,--,1:42:27 PM,11/27/2025,
1626,29.2,gf,0.690,mm,OK,--,1:42:27 PM,11/27/2025,
1627,29.3,gf,0.685,mm,OK,--,1:42:27 PM,11/27/2025,
1628,29.3,gf,0.680,mm,OK,--,1:42:27 PM,11/27/2025,
1629,29.3,gf,0.675,mm,OK,--,1:42:27 PM,11/27/2025,
1630,29.3,gf,0.670,mm,OK,--,1:42:27 PM,11/27/2025,
1631,29.3,gf,0.670,mm,OK,--,1:42:27 PM,11/27/2025,
1632,29.1,gf,0.665,mm,OK,--,1:42:27 PM,11/27/2025,
1633,29.1,gf,0.665,mm,OK,--,1:42:27 PM,11/27/2025,
1634,29.0,gf,0.660,mm,OK,--,1:42:27 PM,11/27/2025,
1635,29.1,gf,0.660,mm,OK,--,1:42:28 PM,11/27/2025,
1636,29.0,gf,0.655,mm,OK,--,1:42:28 PM,11/27/2025,
1637,29.0,gf,0.655,mm,OK,--,1:42:28 PM,11/27/2025,
1638,28.9,gf,0.650,mm,OK,--,1:42:28 PM,11/27/2025,
1639,29.0,gf,0.650,mm,OK,--,1:42:28 PM,11/27/2025,
1640,28.9,gf,0.650,mm,OK,--,1:42:28 PM,11/27/2025,
1641,28.8,gf,0.645,mm,OK,--,1:42:28 PM,11/27/2025,
1642,28.9,gf,0.645,mm,OK,--,1:42:28 PM,11/27/2025,
1643,29.0,gf,0.640,mm,OK,--,1:42:28 PM,11/27/2025,
1644,29.1,gf,0.640,mm,OK,--,1:42:28 PM,11/27/2025,
1645,29.1,gf,0.635,mm,OK,--,1:42:29 PM,11/27/2025,
1646,29.2,gf,0.635,mm,OK,--,1:42:29 PM,11/27/2025,
1647,29.0,gf,0.635,mm,OK,--,1:42:29 PM,11/27/2025,
1648,29.1,gf,0.635,mm,OK,--,1:42:29 PM,11/27/2025,
1649,29.0,gf,0.630,mm,OK,--,1:42:29 PM,11/27/2025,
1650,28.9,gf,0.630,mm,OK,--,1:42:29 PM,11/27/2025,
1651,28.9,gf,0.630,mm,OK,--,1:42:29 PM,11/27/2025,
1652,29.1,gf,0.625,mm,OK,--,1:42:29 PM,11/27/2025,
1653,29.1,gf,0.625,mm,OK,--,1:42:29 PM,11/27/2025,
1654,29.1,gf,0.620,mm,OK,--,1:42:29 PM,11/27/2025,
1655,29.1,gf,0.620,mm,OK,--,1:42:30 PM,11/27/2025,
1656,29.1,gf,0.615,mm,OK,--,1:42:30 PM,11/27/2025,
1657,29.0,gf,0.615,mm,OK,--,1:42:30 PM,11/27/2025,
1658,29.1,gf,0.615,mm,OK,--,1:42:30 PM,11/27/2025,
1659,29.1,gf,0.610,mm,OK,--,1:42:30 PM,11/27/2025,
1660,29.0,gf,0.605,mm,OK,--,1:42:30 PM,11/27/2025,
1661,28.9,gf,0.605,mm,OK,--,1:42:30 PM,11/27/2025,
1662,28.9,gf,0.600,mm,OK,--,1:42:30 PM,11/27/2025,
1663,29.0,gf,0.595,mm,OK,--,1:42:30 PM,11/27/2025,
1664,28.9,gf,0.590,mm,OK,--,1:42:30 PM,11/27/2025,
1665,28.9,gf,0.585,mm,OK,--,1:42:31 PM,11/27/2025,
1666,28.9,gf,0.585,mm,OK,--,1:42:31 PM,11/27/2025,
1667,28.8,gf,0.580,mm,OK,--,1:42:31 PM,11/27/2025,
1668,28.9,gf,0.580,mm,OK,--,1:42:31 PM,11/27/2025,
1669,28.9,gf,0.575,mm,OK,--,1:42:31 PM,11/27/2025,
1670,28.8,gf,0.575,mm,OK,--,1:42:31 PM,11/27/2025,
1671,28.7,gf,0.570,mm,OK,--,1:42:31 PM,11/27/2025,
1672,28.8,gf,0.570,mm,OK,--,1:42:31 PM,11/27/2025,
1673,28.8,gf,0.565,mm,OK,--,1:42:31 PM,11/27/2025,
1674,28.9,gf,0.565,mm,OK,--,1:42:31 PM,11/27/2025,
1675,28.9,gf,0.560,mm,OK,--,1:42:32 PM,11/27/2025,
1676,28.9,gf,0.560,mm,OK,--,1:42:32 PM,11/27/2025,
1677,28.8,gf,0.560,mm,OK,--,1:42:32 PM,11/27/2025,
1678,28.8,gf,0.555,mm,OK,--,1:42:32 PM,11/27/2025,
1679,28.8,gf,0.555,mm,OK,--,1:42:32 PM,11/27/2025,
1680,28.8,gf,0.555,mm,OK,--,1:42:32 PM,11/27/2025,
1681,28.8,gf,0.550,mm,OK,--,1:42:32 PM,11/27/2025,
1682,28.6,gf,0.550,mm,OK,--,1:42:32 PM,11/27/2025,
1683,28.6,gf,0.550,mm,OK,--,1:42:32 PM,11/27/2025,
1684,28.6,gf,0.545,mm,OK,--,1:42:32 PM,11/27/2025,
1685,28.4,gf,0.545,mm,OK,--,1:42:33 PM,11/27/2025,
1686,28.5,gf,0.540,mm,OK,--,1:42:33 PM,11/27/2025,
1687,28.5,gf,0.535,mm,OK,--,1:42:33 PM,11/27/2025,
1688,28.5,gf,0.535,mm,OK,--,1:42:33 PM,11/27/2025,
1689,28.5,gf,0.530,mm,OK,--,1:42:33 PM,11/27/2025,
1690,28.5,gf,0.530,mm,OK,--,1:42:33 PM,11/27/2025,
1691,28.5,gf,0.525,mm,OK,--,1:42:33 PM,11/27/2025,
1692,28.5,gf,0.525,mm,OK,--,1:42:33 PM,11/27/2025,
1693,28.5,gf,0.520,mm,OK,--,1:42:33 PM,11/27/2025,
1694,28.5,gf,0.520,mm,OK,--,1:42:33 PM,11/27/2025,
1695,28.5,gf,0.520,mm,OK,--,1:42:34 PM,11/27/2025,
1696,28.6,gf,0.515,mm,OK,--,1:42:34 PM,11/27/2025,
1697,28.4,gf,0.510,mm,OK,--,1:42:34 PM,11/27/2025,
1698,28.6,gf,0.505,mm,OK,--,1:42:34 PM,11/27/2025,
1699,28.7,gf,0.505,mm,OK,--,1:42:34 PM,11/27/2025,
1700,28.7,gf,0.500,mm,OK,--,1:42:34 PM,11/27/2025,
1701,28.7,gf,0.500,mm,OK,--,1:42:34 PM,11/27/2025,
1702,28.7,gf,0.500,mm,OK,--,1:42:34 PM,11/27/2025,
1703,28.6,gf,0.495,mm,OK,--,1:42:34 PM,11/27/2025,
1704,28.6,gf,0.495,mm,OK,--,1:42:34 PM,11/27/2025,
1705,28.2,gf,0.490,mm,OK,--,1:42:35 PM,11/27/2025,
1706,28.4,gf,0.480,mm,OK,--,1:42:35 PM,11/27/2025,
1707,28.6,gf,0.475,mm,OK,--,1:42:35 PM,11/27/2025,
1708,28.5,gf,0.470,mm,OK,--,1:42:35 PM,11/27/2025,
1709,28.4,gf,0.470,mm,OK,--,1:42:35 PM,11/27/2025,
1710,28.3,gf,0.465,mm,OK,--,1:42:35 PM,11/27/2025,
1711,28.3,gf,0.465,mm,OK,--,1:42:35 PM,11/27/2025,
1712,28.4,gf,0.460,mm,OK,--,1:42:35 PM,11/27/2025,
1713,28.4,gf,0.460,mm,OK,--,1:42:35 PM,11/27/2025,
1714,28.4,gf,0.460,mm,OK,--,1:42:35 PM,11/27/2025,
1715,28.3,gf,0.455,mm,OK,--,1:42:36 PM,11/27/2025,
1716,28.4,gf,0.455,mm,OK,--,1:42:36 PM,11/27/2025,
1717,28.4,gf,0.455,mm,OK,--,1:42:36 PM,11/27/2025,
1718,28.4,gf,0.450,mm,OK,--,1:42:36 PM,11/27/2025,
1719,28.4,gf,0.450,mm,OK,--,1:42:36 PM,11/27/2025,
1720,28.4,gf,0.450,mm,OK,--,1:42:36 PM,11/27/2025,
1721,28.4,gf,0.450,mm,OK,--,1:42:36 PM,11/27/2025,
1722,28.3,gf,0.450,mm,OK,--,1:42:36 PM,11/27/2025,
1723,28.2,gf,0.445,mm,OK,--,1:42:36 PM,11/27/2025,
1724,28.2,gf,0.445,mm,OK,--,1:42:36 PM,11/27/2025,
1725,28.2,gf,0.445,mm,OK,--,1:42:37 PM,11/27/2025,
1726,28.2,gf,0.440,mm,OK,--,1:42:37 PM,11/27/2025,
1727,28.0,gf,0.440,mm,OK,--,1:42:37 PM,11/27/2025,
1728,28.0,gf,0.440,mm,OK,--,1:42:37 PM,11/27/2025,
1729,28.0,gf,0.435,mm,OK,--,1:42:37 PM,11/27/2025,
1730,27.9,gf,0.435,mm,OK,--,1:42:37 PM,11/27/2025,
1731,28.0,gf,0.430,mm,OK,--,1:42:37 PM,11/27/2025,
1732,27.9,gf,0.430,mm,OK,--,1:42:37 PM,11/27/2025,
1733,27.8,gf,0.425,mm,OK,--,1:42:37 PM,11/27/2025,
1734,27.9,gf,0.425,mm,OK,--,1:42:37 PM,11/27/2025,
1735,27.9,gf,0.420,mm,OK,--,1:42:38 PM,11/27/2025,
1736,27.8,gf,0.420,mm,OK,--,1:42:38 PM,11/27/2025,
1737,27.8,gf,0.415,mm,OK,--,1:42:38 PM,11/27/2025,
1738,27.9,gf,0.415,mm,OK,--,1:42:38 PM,11/27/2025,
1739,27.8,gf,0.410,mm,OK,--,1:42:38 PM,11/27/2025,
1740,27.9,gf,0.405,mm,OK,--,1:42:38 PM,11/27/2025,
1741,28.0,gf,0.405,mm,OK,--,1:42:38 PM,11/27/2025,
1742,28.0,gf,0.400,mm,OK,--,1:42:38 PM,11/27/2025,
1743,28.1,gf,0.400,mm,OK,--,1:42:38 PM,11/27/2025,
1744,28.0,gf,0.395,mm,OK,--,1:42:38 PM,11/27/2025,
1745,28.1,gf,0.390,mm,OK,--,1:42:39 PM,11/27/2025,
1746,28.2,gf,0.385,mm,OK,--,1:42:39 PM,11/27/2025,
1747,28.2,gf,0.380,mm,OK,--,1:42:39 PM,11/27/2025,
1748,28.2,gf,0.380,mm,OK,--,1:42:39 PM,11/27/2025,
1749,28.1,gf,0.375,mm,OK,--,1:42:39 PM,11/27/2025,
1750,28.2,gf,0.370,mm,OK,--,1:42:39 PM,11/27/2025,
1751,28.0,gf,0.370,mm,OK,--,1:42:39 PM,11/27/2025,
1752,28.2,gf,0.365,mm,OK,--,1:42:39 PM,11/27/2025,
1753,28.2,gf,0.365,mm,OK,--,1:42:39 PM,11/27/2025,
1754,28.1,gf,0.365,mm,OK,--,1:42:39 PM,11/27/2025,
1755,28.1,gf,0.360,mm,OK,--,1:42:40 PM,11/27/2025,
1756,28.2,gf,0.360,mm,OK,--,1:42:40 PM,11/27/2025,
1757,28.2,gf,0.360,mm,OK,--,1:42:40 PM,11/27/2025,
1758,28.1,gf,0.360,mm,OK,--,1:42:40 PM,11/27/2025,
1759,28.0,gf,0.355,mm,OK,--,1:42:40 PM,11/27/2025,
1760,27.9,gf,0.355,mm,OK,--,1:42:40 PM,11/27/2025,
1761,27.9,gf,0.355,mm,OK,--,1:42:40 PM,11/27/2025,
1762,27.9,gf,0.350,mm,OK,--,1:42:40 PM,11/27/2025,
1763,27.8,gf,0.350,mm,OK,--,1:42:40 PM,11/27/2025,
1764,27.8,gf,0.350,mm,OK,--,1:42:40 PM,11/27/2025,
1765,27.8,gf,0.345,mm,OK,--,1:42:41 PM,11/27/2025,
1766,27.8,gf,0.345,mm,OK,--,1:42:41 PM,11/27/2025,
1767,27.8,gf,0.345,mm,OK,--,1:42:41 PM,11/27/2025,
1768,27.9,gf,0.345,mm,OK,--,1:42:41 PM,11/27/2025,
1769,27.9,gf,0.345,mm,OK,--,1:42:41 PM,11/27/2025,
1770,27.9,gf,0.340,mm,OK,--,1:42:41 PM,11/27/2025,
1771,27.8,gf,0.340,mm,OK,--,1:42:41 PM,11/27/2025,
1772,27.6,gf,0.340,mm,OK,--,1:42:41 PM,11/27/2025,
1773,27.7,gf,0.340,mm,OK,--,1:42:41 PM,11/27/2025,
1774,27.5,gf,0.335,mm,OK,--,1:42:41 PM,11/27/2025,
1775,27.7,gf,0.335,mm,OK,--,1:42:42 PM,11/27/2025,
1776,27.7,gf,0.330,mm,OK,--,1:42:42 PM,11/27/2025,
1777,27.6,gf,0.330,mm,OK,--,1:42:42 PM,11/27/2025,
1778,27.7,gf,0.325,mm,OK,--,1:42:42 PM,11/27/2025,
1779,27.9,gf,0.325,mm,OK,--,1:42:42 PM,11/27/2025,
1780,27.8,gf,0.325,mm,OK,--,1:42:42 PM,11/27/2025,
1781,27.4,gf,0.320,mm,OK,--,1:42:42 PM,11/27/2025,
1782,27.5,gf,0.315,mm,OK,--,1:42:42 PM,11/27/2025,
1783,27.6,gf,0.310,mm,OK,--,1:42:42 PM,11/27/2025,
1784,27.6,gf,0.305,mm,OK,--,1:42:42 PM,11/27/2025,
1785,27.3,gf,0.290,mm,OK,--,1:42:43 PM,11/27/2025,
1786,27.7,gf,0.265,mm,OK,--,1:42:43 PM,11/27/2025,
1787,27.7,gf,0.255,mm,OK,--,1:42:43 PM,11/27/2025,
1788,27.8,gf,0.250,mm,OK,--,1:42:43 PM,11/27/2025,
1789,27.6,gf,0.250,mm,OK,--,1:42:43 PM,11/27/2025,
1790,27.6,gf,0.245,mm,OK,--,1:42:43 PM,11/27/2025,
1791,27.6,gf,0.245,mm,OK,--,1:42:43 PM,11/27/2025,
1792,27.5,gf,0.245,mm,OK,--,1:42:43 PM,11/27/2025,
1793,27.6,gf,0.240,mm,OK,--,1:42:43 PM,11/27/2025,
1794,27.6,gf,0.240,mm,OK,--,1:42:43 PM,11/27/2025,
1795,27.6,gf,0.235,mm,OK,--,1:42:44 PM,11/27/2025,
1796,27.5,gf,0.235,mm,OK,--,1:42:44 PM,11/27/2025,
1797,27.5,gf,0.235,mm,OK,--,1:42:44 PM,11/27/2025,
1798,27.5,gf,0.230,mm,OK,--,1:42:44 PM,11/27/2025,
1799,27.3,gf,0.230,mm,OK,--,1:42:44 PM,11/27/2025,
1800,27.5,gf,0.225,mm,OK,--,1:42:44 PM,11/27/2025,
1801,27.5,gf,0.220,mm,OK,--,1:42:44 PM,11/27/2025,
1802,27.5,gf,0.220,mm,OK,--,1:42:44 PM,11/27/2025,
1803,27.5,gf,0.215,mm,OK,--,1:42:44 PM,11/27/2025,
1804,27.5,gf,0.215,mm,OK,--,1:42:44 PM,11/27/2025,
1805,27.4,gf,0.210,mm,OK,--,1:42:45 PM,11/27/2025,
1806,27.4,gf,0.210,mm,OK,--,1:42:45 PM,11/27/2025,
1807,27.3,gf,0.205,mm,OK,--,1:42:45 PM,11/27/2025,
1808,27.3,gf,0.205,mm,OK,--,1:42:45 PM,11/27/2025,
1809,27.3,gf,0.200,mm,OK,--,1:42:45 PM,11/27/2025,
1810,27.3,gf,0.200,mm,OK,--,1:42:45 PM,11/27/2025,
1811,27.3,gf,0.195,mm,OK,--,1:42:45 PM,11/27/2025,
1812,27.3,gf,0.195,mm,OK,--,1:42:45 PM,11/27/2025,
1813,27.2,gf,0.190,mm,OK,--,1:42:45 PM,11/27/2025,
1814,27.4,gf,0.185,mm,OK,--,1:42:45 PM,11/27/2025,
1815,27.3,gf,0.185,mm,OK,--,1:42:46 PM,11/27/2025,
1816,27.4,gf,0.185,mm,OK,--,1:42:46 PM,11/27/2025,
1817,27.4,gf,0.180,mm,OK,--,1:42:46 PM,11/27/2025,
1818,27.3,gf,0.180,mm,OK,--,1:42:46 PM,11/27/2025,
1819,27.3,gf,0.180,mm,OK,--,1:42:46 PM,11/27/2025,
1820,26.9,gf,0.175,mm,OK,--,1:42:46 PM,11/27/2025,
1821,27.1,gf,0.170,mm,OK,--,1:42:46 PM,11/27/2025,
1822,27.1,gf,0.165,mm,OK,--,1:42:46 PM,11/27/2025,
1823,27.0,gf,0.165,mm,OK,--,1:42:46 PM,11/27/2025,
1824,27.1,gf,0.160,mm,OK,--,1:42:46 PM,11/27/2025,
1825,27.1,gf,0.160,mm,OK,--,1:42:47 PM,11/27/2025,
1826,27.0,gf,0.160,mm,OK,--,1:42:47 PM,11/27/2025,
1827,27.0,gf,0.160,mm,OK,--,1:42:47 PM,11/27/2025,
1828,27.0,gf,0.160,mm,OK,--,1:42:47 PM,11/27/2025,
1829,26.9,gf,0.155,mm,OK,--,1:42:47 PM,11/27/2025,
1830,26.8,gf,0.155,mm,OK,--,1:42:47 PM,11/27/2025,
1831,26.8,gf,0.155,mm,OK,--,1:42:47 PM,11/27/2025,
1832,26.3,gf,0.155,mm,OK,--,1:42:47 PM,11/27/2025,
1833,25.6,gf,0.150,mm,OK,--,1:42:47 PM,11/27/2025,
1834,24.8,gf,0.150,mm,OK,--,1:42:47 PM,11/27/2025,
1835,23.9,gf,0.150,mm,OK,--,1:42:48 PM,11/27/2025,
1836,23.5,gf,0.150,mm,OK,--,1:42:48 PM,11/27/2025,
1837,23.3,gf,0.145,mm,OK,--,1:42:48 PM,11/27/2025,
1838,23.0,gf,0.145,mm,OK,--,1:42:48 PM,11/27/2025,
1839,22.5,gf,0.145,mm,OK,--,1:42:48 PM,11/27/2025,
1840,22.2,gf,0.140,mm,OK,--,1:42:48 PM,11/27/2025,
1841,21.8,gf,0.140,mm,OK,--,1:42:48 PM,11/27/2025,
1842,21.5,gf,0.140,mm,OK,--,1:42:48 PM,11/27/2025,
1843,21.0,gf,0.135,mm,OK,--,1:42:48 PM,11/27/2025,
1844,20.6,gf,0.135,mm,OK,--,1:42:48 PM,11/27/2025,
1845,20.1,gf,0.130,mm,OK,--,1:42:49 PM,11/27/2025,
1846,19.7,gf,0.130,mm,OK,--,1:42:49 PM,11/27/2025,
1847,19.4,gf,0.125,mm,OK,--,1:42:49 PM,11/27/2025,
1848,19.3,gf,0.120,mm,OK,--,1:42:49 PM,11/27/2025,
1849,19.5,gf,0.115,mm,OK,--,1:42:49 PM,11/27/2025,
1850,18.9,gf,0.115,mm,OK,--,1:42:49 PM,11/27/2025,
1851,18.4,gf,0.110,mm,OK,--,1:42:49 PM,11/27/2025,
1852,18.1,gf,0.100,mm,OK,--,1:42:49 PM,11/27/2025,
1853,17.5,gf,0.095,mm,OK,--,1:42:49 PM,11/27/2025,
1854,15.9,gf,0.090,mm,OK,--,1:42:49 PM,11/27/2025,
1855,14.1,gf,0.085,mm,OK,--,1:42:50 PM,11/27/2025,
1856,11.8,gf,0.080,mm,OK,--,1:42:50 PM,11/27/2025,
1857,7.2,gf,0.075,mm,OK,--,1:42:50 PM,11/27/2025,
1858,-0.1,gf,0.060,mm,OK,--,1:42:50 PM,11/27/2025,
1859,0.1,gf,0.055,mm,OK,--,1:42:50 PM,11/27/2025,
1860,0.0,gf,0.045,mm,OK,--,1:42:50 PM,11/27/2025,
1861,0.1,gf,0.035,mm,OK,--,1:42:50 PM,11/27/2025,
1862,0.1,gf,0.030,mm,OK,--,1:42:50 PM,11/27/2025,
1863,0.0,gf,0.025,mm,OK,--,1:42:50 PM,11/27/2025,
1864,0.1,gf,0.020,mm,OK,--,1:42:50 PM,11/27/2025,
1865,0.0,gf,0.010,mm,OK,--,1:42:51 PM,11/27/2025,
1866,0.0,gf,0.005,mm,OK,--,1:42:51 PM,11/27/2025,
1867,0.0,gf,0.000,mm,OK,--,1:42:51 PM,11/27/2025,
1868,0.0,gf,-0.005,mm,OK,--,1:42:51 PM,11/27/2025,
1869,0.1,gf,-0.010,mm,OK,--,1:42:51 PM,11/27/2025,
1870,-0.2,gf,-0.010,mm,OK,--,1:42:51 PM,11/27/2025,
1871,0.1,gf,-0.010,mm,OK,--,1:42:51 PM,11/27/2025,
1872,0.0,gf,-0.010,mm,OK,--,1:42:51 PM,11/27/2025,
1873,0.0,gf,-0.010,mm,OK,--,1:42:51 PM,11/27/2025,
1874,0.0,gf,-0.010,mm,OK,--,1:42:51 PM,11/27/2025,
1875,0.1,gf,-0.010,mm,OK,--,1:42:52 PM,11/27/2025,
1876,0.1,gf,-0.010,mm,OK,--,1:42:52 PM,11/27/2025,
1877,0.3,gf,-0.005,mm,OK,--,1:42:52 PM,11/27/2025,
1878,0.1,gf,-0.005,mm,OK,--,1:42:52 PM,11/27/2025,
1879,0.0,gf,0.000,mm,OK,--,1:42:52 PM,11/27/2025,
1880,0.0,gf,0.000,mm,OK,--,1:42:52 PM,11/27/2025,
1881,0.0,gf,0.005,mm,OK,--,1:42:52 PM,11/27/2025,
1882,0.0,gf,0.005,mm,OK,--,1:42:52 PM,11/27/2025,
1883,0.0,gf,0.010,mm,OK,--,1:42:52 PM,11/27/2025,
1884,0.0,gf,0.010,mm,OK,--,1:42:52 PM,11/27/2025,
1885,0.0,gf,0.015,mm,OK,--,1:42:53 PM,11/27/2025,
1886,-0.1,gf,0.015,mm,OK,--,1:42:53 PM,11/27/2025,
1887,0.0,gf,0.015,mm,OK,--,1:42:53 PM,11/27/2025,
1888,0.1,gf,0.020,mm,OK,--,1:42:53 PM,11/27/2025,
1889,0.0,gf,0.020,mm,OK,--,1:42:53 PM,11/27/2025,
1890,-0.1,gf,0.025,mm,OK,--,1:42:53 PM,11/27/2025,
