Maximum,191.7,@,No.928,,,,,,
Minimum,-0.3,@,No.28,,,,,,
Average,55.61,,,,,,,,
Data Quantity,1881,,,,,,,,
Number of NG,0,,,,,,,,
No.,Force,Unit,Displacement,Unit,Judge,Position,Time,Date,
1,-0.1,gf,0.000,mm,OK,--,9:22:51 AM,1/10/2026,
2,0.0,gf,0.000,mm,OK,--,9:22:51 AM,1/10/2026,
3,0.0,gf,0.005,mm,OK,--,9:22:51 AM,1/10/2026,
4,0.0,gf,0.005,mm,OK,--,9:22:51 AM,1/10/2026,
5,0.0,gf,0.005,mm,OK,--,9:22:51 AM,1/10/2026,
6,0.0,gf,0.005,mm,OK,--,9:22:51 AM,1/10/2026,
7,0.0,gf,0.005,mm,OK,--,9:22:51 AM,1/10/2026,
8,0.0,gf,0.005,mm,OK,--,9:22:52 AM,1/10/2026,
9,0.2,gf,0.010,mm,OK,--,9:22:52 AM,1/10/2026,
10,0.1,gf,0.010,mm,OK,--,9:22:52 AM,1/10/2026,
11,0.0,gf,0.010,mm,OK,--,9:22:52 AM,1/10/2026,
12,0.1,gf,0.010,mm,OK,--,9:22:52 AM,1/10/2026,
13,0.0,gf,0.010,mm,OK,--,9:22:52 AM,1/10/2026,
14,-0.1,gf,0.015,mm,OK,--,9:22:52 AM,1/10/2026,
15,0.0,gf,0.015,mm,OK,--,9:22:52 AM,1/10/2026,
16,0.1,gf,0.015,mm,OK,--,9:22:52 AM,1/10/2026,
17,0.1,gf,0.015,mm,OK,--,9:22:52 AM,1/10/2026,
18,-0.1,gf,0.015,mm,OK,--,9:22:53 AM,1/10/2026,
19,0.0,gf,0.020,mm,OK,--,9:22:53 AM,1/10/2026,
20,0.0,gf,0.020,mm,OK,--,9:22:53 AM,1/10/2026,
21,0.0,gf,0.020,mm,OK,--,9:22:53 AM,1/10/2026,
22,0.1,gf,0.020,mm,OK,--,9:22:53 AM,1/10/2026,
23,0.0,gf,0.025,mm,OK,--,9:22:53 AM,1/10/2026,
24,0.0,gf,0.025,mm,OK,--,9:22:53 AM,1/10/2026,
25,0.0,gf,0.025,mm,OK,--,9:22:53 AM,1/10/2026,
26,0.0,gf,0.030,mm,OK,--,9:22:53 AM,1/10/2026,
27,-0.2,gf,0.030,mm,OK,--,9:22:53 AM,1/10/2026,
28,-0.3,gf,0.030,mm,OK,--,9:22:54 AM,1/10/2026,
29,0.2,gf,0.035,mm,OK,--,9:22:54 AM,1/10/2026,
30,0.3,gf,0.035,mm,OK,--,9:22:54 AM,1/10/2026,
31,0.1,gf,0.040,mm,OK,--,9:22:54 AM,1/10/2026,
32,0.0,gf,0.040,mm,OK,--,9:22:54 AM,1/10/2026,
33,-0.1,gf,0.045,mm,OK,--,9:22:54 AM,1/10/2026,
34,0.0,gf,0.045,mm,OK,--,9:22:54 AM,1/10/2026,
35,0.0,gf,0.050,mm,OK,--,9:22:54 AM,1/10/2026,
36,0.0,gf,0.050,mm,OK,--,9:22:54 AM,1/10/2026,
37,0.0,gf,0.055,mm,OK,--,9:22:54 AM,1/10/2026,
38,0.0,gf,0.060,mm,OK,--,9:22:55 AM,1/10/2026,
39,0.0,gf,0.065,mm,OK,--,9:22:55 AM,1/10/2026,
40,0.0,gf,0.070,mm,OK,--,9:22:55 AM,1/10/2026,
41,0.0,gf,0.075,mm,OK,--,9:22:55 AM,1/10/2026,
42,0.0,gf,0.080,mm,OK,--,9:22:55 AM,1/10/2026,
43,3.0,gf,0.090,mm,OK,--,9:22:55 AM,1/10/2026,
44,7.8,gf,0.095,mm,OK,--,9:22:55 AM,1/10/2026,
45,12.1,gf,0.100,mm,OK,--,9:22:55 AM,1/10/2026,
46,15.9,gf,0.100,mm,OK,--,9:22:55 AM,1/10/2026,
47,19.7,gf,0.105,mm,OK,--,9:22:55 AM,1/10/2026,
48,23.5,gf,0.110,mm,OK,--,9:22:56 AM,1/10/2026,
49,27.4,gf,0.115,mm,OK,--,9:22:56 AM,1/10/2026,
50,31.4,gf,0.120,mm,OK,--,9:22:56 AM,1/10/2026,
51,35.2,gf,0.120,mm,OK,--,9:22:56 AM,1/10/2026,
52,38.4,gf,0.125,mm,OK,--,9:22:56 AM,1/10/2026,
53,41.2,gf,0.130,mm,OK,--,9:22:56 AM,1/10/2026,
54,42.4,gf,0.135,mm,OK,--,9:22:56 AM,1/10/2026,
55,44.6,gf,0.135,mm,OK,--,9:22:56 AM,1/10/2026,
56,43.0,gf,0.140,mm,OK,--,9:22:56 AM,1/10/2026,
57,43.1,gf,0.145,mm,OK,--,9:22:56 AM,1/10/2026,
58,43.4,gf,0.150,mm,OK,--,9:22:57 AM,1/10/2026,
59,43.8,gf,0.155,mm,OK,--,9:22:57 AM,1/10/2026,
60,44.1,gf,0.160,mm,OK,--,9:22:57 AM,1/10/2026,
61,44.4,gf,0.170,mm,OK,--,9:22:57 AM,1/10/2026,
62,44.7,gf,0.175,mm,OK,--,9:22:57 AM,1/10/2026,
63,44.8,gf,0.180,mm,OK,--,9:22:57 AM,1/10/2026,
64,45.0,gf,0.185,mm,OK,--,9:22:57 AM,1/10/2026,
65,45.5,gf,0.190,mm,OK,--,9:22:57 AM,1/10/2026,
66,45.8,gf,0.200,mm,OK,--,9:22:57 AM,1/10/2026,
67,46.1,gf,0.205,mm,OK,--,9:22:57 AM,1/10/2026,
68,46.2,gf,0.210,mm,OK,--,9:22:58 AM,1/10/2026,
69,46.4,gf,0.220,mm,OK,--,9:22:58 AM,1/10/2026,
70,46.5,gf,0.225,mm,OK,--,9:22:58 AM,1/10/2026,
71,46.5,gf,0.230,mm,OK,--,9:22:58 AM,1/10/2026,
72,46.7,gf,0.235,mm,OK,--,9:22:58 AM,1/10/2026,
73,46.9,gf,0.240,mm,OK,--,9:22:58 AM,1/10/2026,
74,47.0,gf,0.245,mm,OK,--,9:22:58 AM,1/10/2026,
75,47.1,gf,0.245,mm,OK,--,9:22:58 AM,1/10/2026,
76,47.2,gf,0.250,mm,OK,--,9:22:58 AM,1/10/2026,
77,47.3,gf,0.250,mm,OK,--,9:22:58 AM,1/10/2026,
78,47.4,gf,0.255,mm,OK,--,9:22:59 AM,1/10/2026,
79,47.3,gf,0.260,mm,OK,--,9:22:59 AM,1/10/2026,
80,47.5,gf,0.260,mm,OK,--,9:22:59 AM,1/10/2026,
81,47.6,gf,0.265,mm,OK,--,9:22:59 AM,1/10/2026,
82,47.7,gf,0.270,mm,OK,--,9:22:59 AM,1/10/2026,
83,47.8,gf,0.270,mm,OK,--,9:22:59 AM,1/10/2026,
84,48.0,gf,0.275,mm,OK,--,9:22:59 AM,1/10/2026,
85,48.1,gf,0.280,mm,OK,--,9:22:59 AM,1/10/2026,
86,48.0,gf,0.280,mm,OK,--,9:22:59 AM,1/10/2026,
87,48.1,gf,0.285,mm,OK,--,9:22:59 AM,1/10/2026,
88,47.8,gf,0.295,mm,OK,--,9:23:00 AM,1/10/2026,
89,47.8,gf,0.300,mm,OK,--,9:23:00 AM,1/10/2026,
90,48.1,gf,0.305,mm,OK,--,9:23:00 AM,1/10/2026,
91,48.2,gf,0.310,mm,OK,--,9:23:00 AM,1/10/2026,
92,48.2,gf,0.315,mm,OK,--,9:23:00 AM,1/10/2026,
93,48.3,gf,0.315,mm,OK,--,9:23:00 AM,1/10/2026,
94,48.3,gf,0.320,mm,OK,--,9:23:00 AM,1/10/2026,
95,48.3,gf,0.320,mm,OK,--,9:23:00 AM,1/10/2026,
96,48.3,gf,0.325,mm,OK,--,9:23:00 AM,1/10/2026,
97,48.4,gf,0.330,mm,OK,--,9:23:00 AM,1/10/2026,
98,48.5,gf,0.335,mm,OK,--,9:23:01 AM,1/10/2026,
99,48.6,gf,0.340,mm,OK,--,9:23:01 AM,1/10/2026,
100,48.7,gf,0.345,mm,OK,--,9:23:01 AM,1/10/2026,
101,48.7,gf,0.350,mm,OK,--,9:23:01 AM,1/10/2026,
102,48.8,gf,0.355,mm,OK,--,9:23:01 AM,1/10/2026,
103,48.9,gf,0.360,mm,OK,--,9:23:01 AM,1/10/2026,
104,49.0,gf,0.365,mm,OK,--,9:23:01 AM,1/10/2026,
105,49.1,gf,0.370,mm,OK,--,9:23:01 AM,1/10/2026,
106,49.2,gf,0.375,mm,OK,--,9:23:01 AM,1/10/2026,
107,49.4,gf,0.380,mm,OK,--,9:23:01 AM,1/10/2026,
108,49.5,gf,0.385,mm,OK,--,9:23:02 AM,1/10/2026,
109,49.5,gf,0.390,mm,OK,--,9:23:02 AM,1/10/2026,
110,49.6,gf,0.395,mm,OK,--,9:23:02 AM,1/10/2026,
111,49.7,gf,0.400,mm,OK,--,9:23:02 AM,1/10/2026,
112,49.7,gf,0.405,mm,OK,--,9:23:02 AM,1/10/2026,
113,49.7,gf,0.410,mm,OK,--,9:23:02 AM,1/10/2026,
114,49.7,gf,0.415,mm,OK,--,9:23:02 AM,1/10/2026,
115,49.8,gf,0.420,mm,OK,--,9:23:02 AM,1/10/2026,
116,49.7,gf,0.425,mm,OK,--,9:23:02 AM,1/10/2026,
117,49.6,gf,0.435,mm,OK,--,9:23:02 AM,1/10/2026,
118,49.7,gf,0.435,mm,OK,--,9:23:03 AM,1/10/2026,
119,49.8,gf,0.440,mm,OK,--,9:23:03 AM,1/10/2026,
120,49.7,gf,0.450,mm,OK,--,9:23:03 AM,1/10/2026,
121,49.9,gf,0.455,mm,OK,--,9:23:03 AM,1/10/2026,
122,49.8,gf,0.460,mm,OK,--,9:23:03 AM,1/10/2026,
123,49.7,gf,0.465,mm,OK,--,9:23:03 AM,1/10/2026,
124,49.9,gf,0.470,mm,OK,--,9:23:03 AM,1/10/2026,
125,49.8,gf,0.470,mm,OK,--,9:23:03 AM,1/10/2026,
126,49.8,gf,0.475,mm,OK,--,9:23:03 AM,1/10/2026,
127,49.9,gf,0.480,mm,OK,--,9:23:03 AM,1/10/2026,
128,49.9,gf,0.485,mm,OK,--,9:23:04 AM,1/10/2026,
129,49.7,gf,0.490,mm,OK,--,9:23:04 AM,1/10/2026,
130,49.7,gf,0.490,mm,OK,--,9:23:04 AM,1/10/2026,
131,49.6,gf,0.495,mm,OK,--,9:23:04 AM,1/10/2026,
132,49.6,gf,0.500,mm,OK,--,9:23:04 AM,1/10/2026,
133,49.5,gf,0.505,mm,OK,--,9:23:04 AM,1/10/2026,
134,49.6,gf,0.510,mm,OK,--,9:23:04 AM,1/10/2026,
135,49.5,gf,0.515,mm,OK,--,9:23:04 AM,1/10/2026,
136,49.4,gf,0.520,mm,OK,--,9:23:04 AM,1/10/2026,
137,49.4,gf,0.525,mm,OK,--,9:23:04 AM,1/10/2026,
138,49.3,gf,0.530,mm,OK,--,9:23:05 AM,1/10/2026,
139,49.3,gf,0.535,mm,OK,--,9:23:05 AM,1/10/2026,
140,49.3,gf,0.540,mm,OK,--,9:23:05 AM,1/10/2026,
141,49.3,gf,0.540,mm,OK,--,9:23:05 AM,1/10/2026,
142,49.2,gf,0.545,mm,OK,--,9:23:05 AM,1/10/2026,
143,49.2,gf,0.550,mm,OK,--,9:23:05 AM,1/10/2026,
144,49.1,gf,0.555,mm,OK,--,9:23:05 AM,1/10/2026,
145,49.0,gf,0.560,mm,OK,--,9:23:05 AM,1/10/2026,
146,49.0,gf,0.565,mm,OK,--,9:23:05 AM,1/10/2026,
147,49.0,gf,0.575,mm,OK,--,9:23:05 AM,1/10/2026,
148,48.9,gf,0.580,mm,OK,--,9:23:06 AM,1/10/2026,
149,48.9,gf,0.585,mm,OK,--,9:23:06 AM,1/10/2026,
150,48.8,gf,0.595,mm,OK,--,9:23:06 AM,1/10/2026,
151,48.8,gf,0.600,mm,OK,--,9:23:06 AM,1/10/2026,
152,48.8,gf,0.605,mm,OK,--,9:23:06 AM,1/10/2026,
153,48.7,gf,0.615,mm,OK,--,9:23:06 AM,1/10/2026,
154,48.6,gf,0.620,mm,OK,--,9:23:06 AM,1/10/2026,
155,48.4,gf,0.625,mm,OK,--,9:23:06 AM,1/10/2026,
156,48.3,gf,0.630,mm,OK,--,9:23:06 AM,1/10/2026,
157,48.4,gf,0.640,mm,OK,--,9:23:06 AM,1/10/2026,
158,48.3,gf,0.645,mm,OK,--,9:23:07 AM,1/10/2026,
159,48.1,gf,0.650,mm,OK,--,9:23:07 AM,1/10/2026,
160,48.0,gf,0.660,mm,OK,--,9:23:07 AM,1/10/2026,
161,48.1,gf,0.665,mm,OK,--,9:23:07 AM,1/10/2026,
162,48.0,gf,0.675,mm,OK,--,9:23:07 AM,1/10/2026,
163,47.8,gf,0.680,mm,OK,--,9:23:07 AM,1/10/2026,
164,47.8,gf,0.685,mm,OK,--,9:23:07 AM,1/10/2026,
165,47.8,gf,0.690,mm,OK,--,9:23:07 AM,1/10/2026,
166,47.7,gf,0.695,mm,OK,--,9:23:07 AM,1/10/2026,
167,47.8,gf,0.700,mm,OK,--,9:23:07 AM,1/10/2026,
168,47.8,gf,0.705,mm,OK,--,9:23:08 AM,1/10/2026,
169,47.8,gf,0.710,mm,OK,--,9:23:08 AM,1/10/2026,
170,47.7,gf,0.715,mm,OK,--,9:23:08 AM,1/10/2026,
171,47.8,gf,0.715,mm,OK,--,9:23:08 AM,1/10/2026,
172,47.7,gf,0.720,mm,OK,--,9:23:08 AM,1/10/2026,
173,47.7,gf,0.725,mm,OK,--,9:23:08 AM,1/10/2026,
174,47.6,gf,0.730,mm,OK,--,9:23:08 AM,1/10/2026,
175,47.5,gf,0.735,mm,OK,--,9:23:08 AM,1/10/2026,
176,47.3,gf,0.735,mm,OK,--,9:23:08 AM,1/10/2026,
177,47.2,gf,0.740,mm,OK,--,9:23:08 AM,1/10/2026,
178,47.2,gf,0.745,mm,OK,--,9:23:09 AM,1/10/2026,
179,47.1,gf,0.745,mm,OK,--,9:23:09 AM,1/10/2026,
180,46.9,gf,0.750,mm,OK,--,9:23:09 AM,1/10/2026,
181,46.8,gf,0.755,mm,OK,--,9:23:09 AM,1/10/2026,
182,46.9,gf,0.760,mm,OK,--,9:23:09 AM,1/10/2026,
183,46.9,gf,0.765,mm,OK,--,9:23:09 AM,1/10/2026,
184,46.9,gf,0.770,mm,OK,--,9:23:09 AM,1/10/2026,
185,46.8,gf,0.770,mm,OK,--,9:23:09 AM,1/10/2026,
186,46.7,gf,0.775,mm,OK,--,9:23:09 AM,1/10/2026,
187,46.6,gf,0.780,mm,OK,--,9:23:09 AM,1/10/2026,
188,46.6,gf,0.785,mm,OK,--,9:23:10 AM,1/10/2026,
189,46.6,gf,0.790,mm,OK,--,9:23:10 AM,1/10/2026,
190,46.6,gf,0.795,mm,OK,--,9:23:10 AM,1/10/2026,
191,46.5,gf,0.795,mm,OK,--,9:23:10 AM,1/10/2026,
192,46.4,gf,0.800,mm,OK,--,9:23:10 AM,1/10/2026,
193,46.3,gf,0.805,mm,OK,--,9:23:10 AM,1/10/2026,
194,46.2,gf,0.810,mm,OK,--,9:23:10 AM,1/10/2026,
195,46.2,gf,0.815,mm,OK,--,9:23:10 AM,1/10/2026,
196,46.2,gf,0.820,mm,OK,--,9:23:10 AM,1/10/2026,
197,46.1,gf,0.820,mm,OK,--,9:23:10 AM,1/10/2026,
198,46.1,gf,0.825,mm,OK,--,9:23:11 AM,1/10/2026,
199,46.1,gf,0.830,mm,OK,--,9:23:11 AM,1/10/2026,
200,46.0,gf,0.835,mm,OK,--,9:23:11 AM,1/10/2026,
201,46.0,gf,0.840,mm,OK,--,9:23:11 AM,1/10/2026,
202,45.9,gf,0.840,mm,OK,--,9:23:11 AM,1/10/2026,
203,45.9,gf,0.845,mm,OK,--,9:23:11 AM,1/10/2026,
204,45.8,gf,0.850,mm,OK,--,9:23:11 AM,1/10/2026,
205,45.7,gf,0.855,mm,OK,--,9:23:11 AM,1/10/2026,
206,45.7,gf,0.860,mm,OK,--,9:23:11 AM,1/10/2026,
207,45.7,gf,0.865,mm,OK,--,9:23:11 AM,1/10/2026,
208,45.7,gf,0.870,mm,OK,--,9:23:12 AM,1/10/2026,
209,45.7,gf,0.875,mm,OK,--,9:23:12 AM,1/10/2026,
210,45.6,gf,0.880,mm,OK,--,9:23:12 AM,1/10/2026,
211,45.6,gf,0.885,mm,OK,--,9:23:12 AM,1/10/2026,
212,45.5,gf,0.890,mm,OK,--,9:23:12 AM,1/10/2026,
213,45.5,gf,0.895,mm,OK,--,9:23:12 AM,1/10/2026,
214,45.4,gf,0.900,mm,OK,--,9:23:12 AM,1/10/2026,
215,45.3,gf,0.910,mm,OK,--,9:23:12 AM,1/10/2026,
216,45.4,gf,0.915,mm,OK,--,9:23:12 AM,1/10/2026,
217,45.3,gf,0.920,mm,OK,--,9:23:12 AM,1/10/2026,
218,45.2,gf,0.925,mm,OK,--,9:23:13 AM,1/10/2026,
219,45.3,gf,0.930,mm,OK,--,9:23:13 AM,1/10/2026,
220,45.2,gf,0.930,mm,OK,--,9:23:13 AM,1/10/2026,
221,45.1,gf,0.935,mm,OK,--,9:23:13 AM,1/10/2026,
222,45.1,gf,0.940,mm,OK,--,9:23:13 AM,1/10/2026,
223,45.0,gf,0.945,mm,OK,--,9:23:13 AM,1/10/2026,
224,45.0,gf,0.950,mm,OK,--,9:23:13 AM,1/10/2026,
225,45.0,gf,0.955,mm,OK,--,9:23:13 AM,1/10/2026,
226,44.8,gf,0.960,mm,OK,--,9:23:13 AM,1/10/2026,
227,44.8,gf,0.965,mm,OK,--,9:23:13 AM,1/10/2026,
228,44.6,gf,0.970,mm,OK,--,9:23:14 AM,1/10/2026,
229,44.6,gf,0.970,mm,OK,--,9:23:14 AM,1/10/2026,
230,44.7,gf,0.975,mm,OK,--,9:23:14 AM,1/10/2026,
231,44.7,gf,0.980,mm,OK,--,9:23:14 AM,1/10/2026,
232,44.6,gf,0.985,mm,OK,--,9:23:14 AM,1/10/2026,
233,44.7,gf,0.990,mm,OK,--,9:23:14 AM,1/10/2026,
234,44.7,gf,0.995,mm,OK,--,9:23:14 AM,1/10/2026,
235,44.7,gf,1.000,mm,OK,--,9:23:14 AM,1/10/2026,
236,44.6,gf,1.010,mm,OK,--,9:23:14 AM,1/10/2026,
237,44.4,gf,1.015,mm,OK,--,9:23:14 AM,1/10/2026,
238,44.4,gf,1.020,mm,OK,--,9:23:15 AM,1/10/2026,
239,44.4,gf,1.030,mm,OK,--,9:23:15 AM,1/10/2026,
240,44.5,gf,1.035,mm,OK,--,9:23:15 AM,1/10/2026,
241,44.4,gf,1.040,mm,OK,--,9:23:15 AM,1/10/2026,
242,44.3,gf,1.045,mm,OK,--,9:23:15 AM,1/10/2026,
243,44.4,gf,1.050,mm,OK,--,9:23:15 AM,1/10/2026,
244,44.4,gf,1.055,mm,OK,--,9:23:15 AM,1/10/2026,
245,44.3,gf,1.060,mm,OK,--,9:23:15 AM,1/10/2026,
246,44.3,gf,1.060,mm,OK,--,9:23:15 AM,1/10/2026,
247,44.4,gf,1.065,mm,OK,--,9:23:15 AM,1/10/2026,
248,44.4,gf,1.070,mm,OK,--,9:23:16 AM,1/10/2026,
249,44.4,gf,1.075,mm,OK,--,9:23:16 AM,1/10/2026,
250,44.4,gf,1.080,mm,OK,--,9:23:16 AM,1/10/2026,
251,44.3,gf,1.085,mm,OK,--,9:23:16 AM,1/10/2026,
252,44.4,gf,1.085,mm,OK,--,9:23:16 AM,1/10/2026,
253,44.5,gf,1.090,mm,OK,--,9:23:16 AM,1/10/2026,
254,44.5,gf,1.095,mm,OK,--,9:23:16 AM,1/10/2026,
255,44.5,gf,1.100,mm,OK,--,9:23:16 AM,1/10/2026,
256,44.5,gf,1.105,mm,OK,--,9:23:16 AM,1/10/2026,
257,44.5,gf,1.110,mm,OK,--,9:23:16 AM,1/10/2026,
258,44.4,gf,1.115,mm,OK,--,9:23:17 AM,1/10/2026,
259,44.3,gf,1.125,mm,OK,--,9:23:17 AM,1/10/2026,
260,44.4,gf,1.130,mm,OK,--,9:23:17 AM,1/10/2026,
261,44.4,gf,1.135,mm,OK,--,9:23:17 AM,1/10/2026,
262,44.5,gf,1.145,mm,OK,--,9:23:17 AM,1/10/2026,
263,44.5,gf,1.150,mm,OK,--,9:23:17 AM,1/10/2026,
264,44.4,gf,1.155,mm,OK,--,9:23:17 AM,1/10/2026,
265,44.4,gf,1.165,mm,OK,--,9:23:17 AM,1/10/2026,
266,44.3,gf,1.170,mm,OK,--,9:23:17 AM,1/10/2026,
267,44.2,gf,1.175,mm,OK,--,9:23:17 AM,1/10/2026,
268,44.2,gf,1.180,mm,OK,--,9:23:18 AM,1/10/2026,
269,44.3,gf,1.185,mm,OK,--,9:23:18 AM,1/10/2026,
270,44.3,gf,1.190,mm,OK,--,9:23:18 AM,1/10/2026,
271,44.3,gf,1.195,mm,OK,--,9:23:18 AM,1/10/2026,
272,44.3,gf,1.200,mm,OK,--,9:23:18 AM,1/10/2026,
273,44.3,gf,1.205,mm,OK,--,9:23:18 AM,1/10/2026,
274,44.2,gf,1.210,mm,OK,--,9:23:18 AM,1/10/2026,
275,44.1,gf,1.210,mm,OK,--,9:23:18 AM,1/10/2026,
276,44.0,gf,1.215,mm,OK,--,9:23:18 AM,1/10/2026,
277,44.1,gf,1.220,mm,OK,--,9:23:18 AM,1/10/2026,
278,44.2,gf,1.225,mm,OK,--,9:23:19 AM,1/10/2026,
279,44.1,gf,1.230,mm,OK,--,9:23:19 AM,1/10/2026,
280,44.0,gf,1.235,mm,OK,--,9:23:19 AM,1/10/2026,
281,43.7,gf,1.245,mm,OK,--,9:23:19 AM,1/10/2026,
282,43.8,gf,1.255,mm,OK,--,9:23:19 AM,1/10/2026,
283,43.6,gf,1.260,mm,OK,--,9:23:19 AM,1/10/2026,
284,43.6,gf,1.270,mm,OK,--,9:23:19 AM,1/10/2026,
285,43.4,gf,1.275,mm,OK,--,9:23:19 AM,1/10/2026,
286,43.3,gf,1.285,mm,OK,--,9:23:19 AM,1/10/2026,
287,43.2,gf,1.290,mm,OK,--,9:23:19 AM,1/10/2026,
288,43.1,gf,1.295,mm,OK,--,9:23:20 AM,1/10/2026,
289,43.0,gf,1.305,mm,OK,--,9:23:20 AM,1/10/2026,
290,43.0,gf,1.310,mm,OK,--,9:23:20 AM,1/10/2026,
291,43.0,gf,1.320,mm,OK,--,9:23:20 AM,1/10/2026,
292,42.8,gf,1.325,mm,OK,--,9:23:20 AM,1/10/2026,
293,42.7,gf,1.335,mm,OK,--,9:23:20 AM,1/10/2026,
294,42.6,gf,1.340,mm,OK,--,9:23:20 AM,1/10/2026,
295,42.6,gf,1.350,mm,OK,--,9:23:20 AM,1/10/2026,
296,42.6,gf,1.355,mm,OK,--,9:23:20 AM,1/10/2026,
297,42.6,gf,1.360,mm,OK,--,9:23:20 AM,1/10/2026,
298,42.6,gf,1.365,mm,OK,--,9:23:21 AM,1/10/2026,
299,42.5,gf,1.370,mm,OK,--,9:23:21 AM,1/10/2026,
300,42.5,gf,1.375,mm,OK,--,9:23:21 AM,1/10/2026,
301,42.5,gf,1.380,mm,OK,--,9:23:21 AM,1/10/2026,
302,42.5,gf,1.385,mm,OK,--,9:23:21 AM,1/10/2026,
303,42.5,gf,1.390,mm,OK,--,9:23:21 AM,1/10/2026,
304,42.3,gf,1.395,mm,OK,--,9:23:21 AM,1/10/2026,
305,42.1,gf,1.400,mm,OK,--,9:23:21 AM,1/10/2026,
306,41.9,gf,1.405,mm,OK,--,9:23:21 AM,1/10/2026,
307,41.7,gf,1.410,mm,OK,--,9:23:21 AM,1/10/2026,
308,41.6,gf,1.415,mm,OK,--,9:23:22 AM,1/10/2026,
309,41.6,gf,1.420,mm,OK,--,9:23:22 AM,1/10/2026,
310,41.6,gf,1.425,mm,OK,--,9:23:22 AM,1/10/2026,
311,41.6,gf,1.430,mm,OK,--,9:23:22 AM,1/10/2026,
312,41.6,gf,1.430,mm,OK,--,9:23:22 AM,1/10/2026,
313,41.7,gf,1.435,mm,OK,--,9:23:22 AM,1/10/2026,
314,41.8,gf,1.435,mm,OK,--,9:23:22 AM,1/10/2026,
315,41.8,gf,1.440,mm,OK,--,9:23:22 AM,1/10/2026,
316,41.7,gf,1.440,mm,OK,--,9:23:22 AM,1/10/2026,
317,41.8,gf,1.445,mm,OK,--,9:23:22 AM,1/10/2026,
318,41.8,gf,1.445,mm,OK,--,9:23:23 AM,1/10/2026,
319,41.6,gf,1.445,mm,OK,--,9:23:23 AM,1/10/2026,
320,41.7,gf,1.450,mm,OK,--,9:23:23 AM,1/10/2026,
321,41.7,gf,1.450,mm,OK,--,9:23:23 AM,1/10/2026,
322,41.7,gf,1.450,mm,OK,--,9:23:23 AM,1/10/2026,
323,41.6,gf,1.450,mm,OK,--,9:23:23 AM,1/10/2026,
324,41.7,gf,1.455,mm,OK,--,9:23:23 AM,1/10/2026,
325,41.6,gf,1.455,mm,OK,--,9:23:23 AM,1/10/2026,
326,41.6,gf,1.460,mm,OK,--,9:23:23 AM,1/10/2026,
327,41.5,gf,1.460,mm,OK,--,9:23:23 AM,1/10/2026,
328,41.5,gf,1.465,mm,OK,--,9:23:24 AM,1/10/2026,
329,41.5,gf,1.470,mm,OK,--,9:23:24 AM,1/10/2026,
330,41.4,gf,1.470,mm,OK,--,9:23:24 AM,1/10/2026,
331,41.3,gf,1.475,mm,OK,--,9:23:24 AM,1/10/2026,
332,41.2,gf,1.480,mm,OK,--,9:23:24 AM,1/10/2026,
333,41.1,gf,1.485,mm,OK,--,9:23:24 AM,1/10/2026,
334,41.0,gf,1.490,mm,OK,--,9:23:24 AM,1/10/2026,
335,40.9,gf,1.495,mm,OK,--,9:23:24 AM,1/10/2026,
336,40.9,gf,1.500,mm,OK,--,9:23:24 AM,1/10/2026,
337,40.8,gf,1.505,mm,OK,--,9:23:24 AM,1/10/2026,
338,40.8,gf,1.510,mm,OK,--,9:23:25 AM,1/10/2026,
339,40.6,gf,1.515,mm,OK,--,9:23:25 AM,1/10/2026,
340,40.2,gf,1.520,mm,OK,--,9:23:25 AM,1/10/2026,
341,40.1,gf,1.525,mm,OK,--,9:23:25 AM,1/10/2026,
342,40.0,gf,1.530,mm,OK,--,9:23:25 AM,1/10/2026,
343,39.9,gf,1.535,mm,OK,--,9:23:25 AM,1/10/2026,
344,39.8,gf,1.535,mm,OK,--,9:23:25 AM,1/10/2026,
345,39.7,gf,1.540,mm,OK,--,9:23:25 AM,1/10/2026,
346,40.1,gf,1.540,mm,OK,--,9:23:25 AM,1/10/2026,
347,39.8,gf,1.545,mm,OK,--,9:23:25 AM,1/10/2026,
348,39.9,gf,1.550,mm,OK,--,9:23:26 AM,1/10/2026,
349,39.8,gf,1.555,mm,OK,--,9:23:26 AM,1/10/2026,
350,39.9,gf,1.560,mm,OK,--,9:23:26 AM,1/10/2026,
351,39.7,gf,1.565,mm,OK,--,9:23:26 AM,1/10/2026,
352,39.7,gf,1.570,mm,OK,--,9:23:26 AM,1/10/2026,
353,39.6,gf,1.575,mm,OK,--,9:23:26 AM,1/10/2026,
354,39.5,gf,1.580,mm,OK,--,9:23:26 AM,1/10/2026,
355,39.4,gf,1.585,mm,OK,--,9:23:26 AM,1/10/2026,
356,39.2,gf,1.590,mm,OK,--,9:23:26 AM,1/10/2026,
357,39.1,gf,1.595,mm,OK,--,9:23:26 AM,1/10/2026,
358,39.1,gf,1.600,mm,OK,--,9:23:27 AM,1/10/2026,
359,38.9,gf,1.605,mm,OK,--,9:23:27 AM,1/10/2026,
360,38.8,gf,1.610,mm,OK,--,9:23:27 AM,1/10/2026,
361,38.6,gf,1.620,mm,OK,--,9:23:27 AM,1/10/2026,
362,38.4,gf,1.625,mm,OK,--,9:23:27 AM,1/10/2026,
363,38.4,gf,1.630,mm,OK,--,9:23:27 AM,1/10/2026,
364,38.3,gf,1.635,mm,OK,--,9:23:27 AM,1/10/2026,
365,38.4,gf,1.640,mm,OK,--,9:23:27 AM,1/10/2026,
366,38.4,gf,1.645,mm,OK,--,9:23:27 AM,1/10/2026,
367,38.4,gf,1.645,mm,OK,--,9:23:27 AM,1/10/2026,
368,38.3,gf,1.650,mm,OK,--,9:23:28 AM,1/10/2026,
369,38.5,gf,1.650,mm,OK,--,9:23:28 AM,1/10/2026,
370,38.3,gf,1.655,mm,OK,--,9:23:28 AM,1/10/2026,
371,38.4,gf,1.655,mm,OK,--,9:23:28 AM,1/10/2026,
372,38.4,gf,1.660,mm,OK,--,9:23:28 AM,1/10/2026,
373,38.2,gf,1.660,mm,OK,--,9:23:28 AM,1/10/2026,
374,38.2,gf,1.665,mm,OK,--,9:23:28 AM,1/10/2026,
375,38.4,gf,1.665,mm,OK,--,9:23:28 AM,1/10/2026,
376,38.2,gf,1.665,mm,OK,--,9:23:28 AM,1/10/2026,
377,38.3,gf,1.665,mm,OK,--,9:23:28 AM,1/10/2026,
378,38.3,gf,1.670,mm,OK,--,9:23:29 AM,1/10/2026,
379,38.3,gf,1.670,mm,OK,--,9:23:29 AM,1/10/2026,
380,38.2,gf,1.670,mm,OK,--,9:23:29 AM,1/10/2026,
381,38.2,gf,1.675,mm,OK,--,9:23:29 AM,1/10/2026,
382,38.2,gf,1.675,mm,OK,--,9:23:29 AM,1/10/2026,
383,38.2,gf,1.675,mm,OK,--,9:23:29 AM,1/10/2026,
384,38.0,gf,1.675,mm,OK,--,9:23:29 AM,1/10/2026,
385,37.9,gf,1.680,mm,OK,--,9:23:29 AM,1/10/2026,
386,37.8,gf,1.680,mm,OK,--,9:23:29 AM,1/10/2026,
387,37.9,gf,1.680,mm,OK,--,9:23:29 AM,1/10/2026,
388,37.9,gf,1.685,mm,OK,--,9:23:30 AM,1/10/2026,
389,37.6,gf,1.685,mm,OK,--,9:23:30 AM,1/10/2026,
390,37.6,gf,1.690,mm,OK,--,9:23:30 AM,1/10/2026,
391,37.6,gf,1.695,mm,OK,--,9:23:30 AM,1/10/2026,
392,37.6,gf,1.700,mm,OK,--,9:23:30 AM,1/10/2026,
393,37.4,gf,1.710,mm,OK,--,9:23:30 AM,1/10/2026,
394,37.5,gf,1.715,mm,OK,--,9:23:30 AM,1/10/2026,
395,37.5,gf,1.720,mm,OK,--,9:23:30 AM,1/10/2026,
396,37.5,gf,1.725,mm,OK,--,9:23:30 AM,1/10/2026,
397,37.5,gf,1.730,mm,OK,--,9:23:30 AM,1/10/2026,
398,37.6,gf,1.730,mm,OK,--,9:23:31 AM,1/10/2026,
399,37.6,gf,1.735,mm,OK,--,9:23:31 AM,1/10/2026,
400,37.6,gf,1.745,mm,OK,--,9:23:31 AM,1/10/2026,
401,37.5,gf,1.750,mm,OK,--,9:23:31 AM,1/10/2026,
402,37.6,gf,1.755,mm,OK,--,9:23:31 AM,1/10/2026,
403,37.6,gf,1.760,mm,OK,--,9:23:31 AM,1/10/2026,
404,37.6,gf,1.765,mm,OK,--,9:23:31 AM,1/10/2026,
405,37.7,gf,1.765,mm,OK,--,9:23:31 AM,1/10/2026,
406,37.9,gf,1.765,mm,OK,--,9:23:31 AM,1/10/2026,
407,37.7,gf,1.770,mm,OK,--,9:23:31 AM,1/10/2026,
408,37.8,gf,1.775,mm,OK,--,9:23:32 AM,1/10/2026,
409,37.7,gf,1.775,mm,OK,--,9:23:32 AM,1/10/2026,
410,37.6,gf,1.780,mm,OK,--,9:23:32 AM,1/10/2026,
411,37.6,gf,1.785,mm,OK,--,9:23:32 AM,1/10/2026,
412,37.7,gf,1.785,mm,OK,--,9:23:32 AM,1/10/2026,
413,37.7,gf,1.790,mm,OK,--,9:23:32 AM,1/10/2026,
414,37.5,gf,1.800,mm,OK,--,9:23:32 AM,1/10/2026,
415,37.4,gf,1.805,mm,OK,--,9:23:32 AM,1/10/2026,
416,37.3,gf,1.815,mm,OK,--,9:23:32 AM,1/10/2026,
417,37.0,gf,1.820,mm,OK,--,9:23:32 AM,1/10/2026,
418,36.9,gf,1.830,mm,OK,--,9:23:33 AM,1/10/2026,
419,37.0,gf,1.840,mm,OK,--,9:23:33 AM,1/10/2026,
420,37.0,gf,1.845,mm,OK,--,9:23:33 AM,1/10/2026,
421,36.9,gf,1.855,mm,OK,--,9:23:33 AM,1/10/2026,
422,37.0,gf,1.860,mm,OK,--,9:23:33 AM,1/10/2026,
423,37.1,gf,1.870,mm,OK,--,9:23:33 AM,1/10/2026,
424,37.0,gf,1.875,mm,OK,--,9:23:33 AM,1/10/2026,
425,37.1,gf,1.885,mm,OK,--,9:23:33 AM,1/10/2026,
426,37.3,gf,1.895,mm,OK,--,9:23:33 AM,1/10/2026,
427,37.3,gf,1.905,mm,OK,--,9:23:33 AM,1/10/2026,
428,37.3,gf,1.915,mm,OK,--,9:23:34 AM,1/10/2026,
429,37.2,gf,1.920,mm,OK,--,9:23:34 AM,1/10/2026,
430,37.4,gf,1.930,mm,OK,--,9:23:34 AM,1/10/2026,
431,37.6,gf,1.935,mm,OK,--,9:23:34 AM,1/10/2026,
432,37.6,gf,1.940,mm,OK,--,9:23:34 AM,1/10/2026,
433,37.7,gf,1.945,mm,OK,--,9:23:34 AM,1/10/2026,
434,37.8,gf,1.950,mm,OK,--,9:23:34 AM,1/10/2026,
435,37.7,gf,1.955,mm,OK,--,9:23:34 AM,1/10/2026,
436,37.8,gf,1.960,mm,OK,--,9:23:34 AM,1/10/2026,
437,37.9,gf,1.965,mm,OK,--,9:23:34 AM,1/10/2026,
438,38.0,gf,1.970,mm,OK,--,9:23:35 AM,1/10/2026,
439,38.1,gf,1.975,mm,OK,--,9:23:35 AM,1/10/2026,
440,38.1,gf,1.980,mm,OK,--,9:23:35 AM,1/10/2026,
441,38.0,gf,1.985,mm,OK,--,9:23:35 AM,1/10/2026,
442,38.1,gf,1.990,mm,OK,--,9:23:35 AM,1/10/2026,
443,38.1,gf,1.995,mm,OK,--,9:23:35 AM,1/10/2026,
444,38.3,gf,2.000,mm,OK,--,9:23:35 AM,1/10/2026,
445,38.3,gf,2.005,mm,OK,--,9:23:35 AM,1/10/2026,
446,38.4,gf,2.015,mm,OK,--,9:23:35 AM,1/10/2026,
447,38.4,gf,2.020,mm,OK,--,9:23:35 AM,1/10/2026,
448,38.5,gf,2.025,mm,OK,--,9:23:36 AM,1/10/2026,
449,38.4,gf,2.030,mm,OK,--,9:23:36 AM,1/10/2026,
450,38.6,gf,2.035,mm,OK,--,9:23:36 AM,1/10/2026,
451,38.6,gf,2.040,mm,OK,--,9:23:36 AM,1/10/2026,
452,38.7,gf,2.045,mm,OK,--,9:23:36 AM,1/10/2026,
453,38.9,gf,2.050,mm,OK,--,9:23:36 AM,1/10/2026,
454,38.9,gf,2.055,mm,OK,--,9:23:36 AM,1/10/2026,
455,39.0,gf,2.065,mm,OK,--,9:23:36 AM,1/10/2026,
456,39.1,gf,2.070,mm,OK,--,9:23:36 AM,1/10/2026,
457,39.2,gf,2.075,mm,OK,--,9:23:36 AM,1/10/2026,
458,39.3,gf,2.080,mm,OK,--,9:23:37 AM,1/10/2026,
459,39.2,gf,2.090,mm,OK,--,9:23:37 AM,1/10/2026,
460,39.2,gf,2.095,mm,OK,--,9:23:37 AM,1/10/2026,
461,39.2,gf,2.100,mm,OK,--,9:23:37 AM,1/10/2026,
462,39.2,gf,2.105,mm,OK,--,9:23:37 AM,1/10/2026,
463,39.2,gf,2.110,mm,OK,--,9:23:37 AM,1/10/2026,
464,39.5,gf,2.120,mm,OK,--,9:23:37 AM,1/10/2026,
465,39.5,gf,2.125,mm,OK,--,9:23:37 AM,1/10/2026,
466,39.7,gf,2.130,mm,OK,--,9:23:37 AM,1/10/2026,
467,39.6,gf,2.135,mm,OK,--,9:23:37 AM,1/10/2026,
468,39.7,gf,2.145,mm,OK,--,9:23:38 AM,1/10/2026,
469,39.7,gf,2.150,mm,OK,--,9:23:38 AM,1/10/2026,
470,39.7,gf,2.155,mm,OK,--,9:23:38 AM,1/10/2026,
471,39.8,gf,2.160,mm,OK,--,9:23:38 AM,1/10/2026,
472,39.9,gf,2.165,mm,OK,--,9:23:38 AM,1/10/2026,
473,39.9,gf,2.165,mm,OK,--,9:23:38 AM,1/10/2026,
474,40.0,gf,2.170,mm,OK,--,9:23:38 AM,1/10/2026,
475,40.0,gf,2.175,mm,OK,--,9:23:38 AM,1/10/2026,
476,40.1,gf,2.180,mm,OK,--,9:23:38 AM,1/10/2026,
477,40.0,gf,2.180,mm,OK,--,9:23:38 AM,1/10/2026,
478,40.1,gf,2.185,mm,OK,--,9:23:39 AM,1/10/2026,
479,40.1,gf,2.190,mm,OK,--,9:23:39 AM,1/10/2026,
480,40.2,gf,2.195,mm,OK,--,9:23:39 AM,1/10/2026,
481,40.2,gf,2.195,mm,OK,--,9:23:39 AM,1/10/2026,
482,40.2,gf,2.200,mm,OK,--,9:23:39 AM,1/10/2026,
483,40.2,gf,2.205,mm,OK,--,9:23:39 AM,1/10/2026,
484,40.2,gf,2.205,mm,OK,--,9:23:39 AM,1/10/2026,
485,40.2,gf,2.210,mm,OK,--,9:23:39 AM,1/10/2026,
486,40.2,gf,2.215,mm,OK,--,9:23:39 AM,1/10/2026,
487,40.3,gf,2.220,mm,OK,--,9:23:39 AM,1/10/2026,
488,40.3,gf,2.220,mm,OK,--,9:23:40 AM,1/10/2026,
489,40.3,gf,2.225,mm,OK,--,9:23:40 AM,1/10/2026,
490,40.3,gf,2.225,mm,OK,--,9:23:40 AM,1/10/2026,
491,40.3,gf,2.230,mm,OK,--,9:23:40 AM,1/10/2026,
492,40.4,gf,2.235,mm,OK,--,9:23:40 AM,1/10/2026,
493,40.4,gf,2.235,mm,OK,--,9:23:40 AM,1/10/2026,
494,40.4,gf,2.240,mm,OK,--,9:23:40 AM,1/10/2026,
495,40.4,gf,2.245,mm,OK,--,9:23:40 AM,1/10/2026,
496,40.5,gf,2.250,mm,OK,--,9:23:40 AM,1/10/2026,
497,40.4,gf,2.255,mm,OK,--,9:23:40 AM,1/10/2026,
498,40.5,gf,2.260,mm,OK,--,9:23:41 AM,1/10/2026,
499,40.5,gf,2.260,mm,OK,--,9:23:41 AM,1/10/2026,
500,40.5,gf,2.265,mm,OK,--,9:23:41 AM,1/10/2026,
501,40.6,gf,2.270,mm,OK,--,9:23:41 AM,1/10/2026,
502,40.6,gf,2.275,mm,OK,--,9:23:41 AM,1/10/2026,
503,40.6,gf,2.280,mm,OK,--,9:23:41 AM,1/10/2026,
504,40.9,gf,2.280,mm,OK,--,9:23:41 AM,1/10/2026,
505,40.7,gf,2.285,mm,OK,--,9:23:41 AM,1/10/2026,
506,40.8,gf,2.290,mm,OK,--,9:23:41 AM,1/10/2026,
507,40.9,gf,2.295,mm,OK,--,9:23:41 AM,1/10/2026,
508,41.1,gf,2.300,mm,OK,--,9:23:42 AM,1/10/2026,
509,41.2,gf,2.305,mm,OK,--,9:23:42 AM,1/10/2026,
510,41.2,gf,2.310,mm,OK,--,9:23:42 AM,1/10/2026,
511,41.1,gf,2.315,mm,OK,--,9:23:42 AM,1/10/2026,
512,41.3,gf,2.320,mm,OK,--,9:23:42 AM,1/10/2026,
513,41.2,gf,2.325,mm,OK,--,9:23:42 AM,1/10/2026,
514,41.3,gf,2.330,mm,OK,--,9:23:42 AM,1/10/2026,
515,41.3,gf,2.330,mm,OK,--,9:23:42 AM,1/10/2026,
516,41.2,gf,2.335,mm,OK,--,9:23:42 AM,1/10/2026,
517,41.3,gf,2.335,mm,OK,--,9:23:42 AM,1/10/2026,
518,41.3,gf,2.340,mm,OK,--,9:23:43 AM,1/10/2026,
519,41.4,gf,2.345,mm,OK,--,9:23:43 AM,1/10/2026,
520,41.4,gf,2.345,mm,OK,--,9:23:43 AM,1/10/2026,
521,41.6,gf,2.350,mm,OK,--,9:23:43 AM,1/10/2026,
522,41.5,gf,2.350,mm,OK,--,9:23:43 AM,1/10/2026,
523,41.7,gf,2.355,mm,OK,--,9:23:43 AM,1/10/2026,
524,41.7,gf,2.355,mm,OK,--,9:23:43 AM,1/10/2026,
525,41.6,gf,2.360,mm,OK,--,9:23:43 AM,1/10/2026,
526,41.6,gf,2.365,mm,OK,--,9:23:43 AM,1/10/2026,
527,41.6,gf,2.365,mm,OK,--,9:23:43 AM,1/10/2026,
528,41.6,gf,2.370,mm,OK,--,9:23:44 AM,1/10/2026,
529,41.6,gf,2.370,mm,OK,--,9:23:44 AM,1/10/2026,
530,41.6,gf,2.375,mm,OK,--,9:23:44 AM,1/10/2026,
531,41.6,gf,2.375,mm,OK,--,9:23:44 AM,1/10/2026,
532,41.6,gf,2.380,mm,OK,--,9:23:44 AM,1/10/2026,
533,41.6,gf,2.380,mm,OK,--,9:23:44 AM,1/10/2026,
534,41.7,gf,2.385,mm,OK,--,9:23:44 AM,1/10/2026,
535,41.7,gf,2.385,mm,OK,--,9:23:44 AM,1/10/2026,
536,41.7,gf,2.390,mm,OK,--,9:23:44 AM,1/10/2026,
537,41.8,gf,2.390,mm,OK,--,9:23:44 AM,1/10/2026,
538,41.9,gf,2.390,mm,OK,--,9:23:45 AM,1/10/2026,
539,42.1,gf,2.395,mm,OK,--,9:23:45 AM,1/10/2026,
540,42.3,gf,2.395,mm,OK,--,9:23:45 AM,1/10/2026,
541,42.5,gf,2.395,mm,OK,--,9:23:45 AM,1/10/2026,
542,42.7,gf,2.400,mm,OK,--,9:23:45 AM,1/10/2026,
543,42.8,gf,2.400,mm,OK,--,9:23:45 AM,1/10/2026,
544,43.0,gf,2.405,mm,OK,--,9:23:45 AM,1/10/2026,
545,43.2,gf,2.405,mm,OK,--,9:23:45 AM,1/10/2026,
546,43.4,gf,2.405,mm,OK,--,9:23:45 AM,1/10/2026,
547,43.6,gf,2.410,mm,OK,--,9:23:45 AM,1/10/2026,
548,43.9,gf,2.410,mm,OK,--,9:23:46 AM,1/10/2026,
549,44.1,gf,2.415,mm,OK,--,9:23:46 AM,1/10/2026,
550,44.2,gf,2.420,mm,OK,--,9:23:46 AM,1/10/2026,
551,44.4,gf,2.420,mm,OK,--,9:23:46 AM,1/10/2026,
552,44.6,gf,2.425,mm,OK,--,9:23:46 AM,1/10/2026,
553,44.7,gf,2.425,mm,OK,--,9:23:46 AM,1/10/2026,
554,44.9,gf,2.430,mm,OK,--,9:23:46 AM,1/10/2026,
555,45.1,gf,2.435,mm,OK,--,9:23:46 AM,1/10/2026,
556,45.2,gf,2.440,mm,OK,--,9:23:46 AM,1/10/2026,
557,45.4,gf,2.445,mm,OK,--,9:23:46 AM,1/10/2026,
558,45.6,gf,2.445,mm,OK,--,9:23:47 AM,1/10/2026,
559,45.9,gf,2.450,mm,OK,--,9:23:47 AM,1/10/2026,
560,46.2,gf,2.455,mm,OK,--,9:23:47 AM,1/10/2026,
561,46.5,gf,2.460,mm,OK,--,9:23:47 AM,1/10/2026,
562,46.8,gf,2.460,mm,OK,--,9:23:47 AM,1/10/2026,
563,47.1,gf,2.465,mm,OK,--,9:23:47 AM,1/10/2026,
564,47.3,gf,2.470,mm,OK,--,9:23:47 AM,1/10/2026,
565,47.4,gf,2.475,mm,OK,--,9:23:47 AM,1/10/2026,
566,47.6,gf,2.480,mm,OK,--,9:23:47 AM,1/10/2026,
567,47.6,gf,2.485,mm,OK,--,9:23:47 AM,1/10/2026,
568,47.6,gf,2.485,mm,OK,--,9:23:48 AM,1/10/2026,
569,47.5,gf,2.490,mm,OK,--,9:23:48 AM,1/10/2026,
570,47.6,gf,2.495,mm,OK,--,9:23:48 AM,1/10/2026,
571,47.6,gf,2.495,mm,OK,--,9:23:48 AM,1/10/2026,
572,47.6,gf,2.500,mm,OK,--,9:23:48 AM,1/10/2026,
573,47.7,gf,2.505,mm,OK,--,9:23:48 AM,1/10/2026,
574,47.7,gf,2.510,mm,OK,--,9:23:48 AM,1/10/2026,
575,47.7,gf,2.510,mm,OK,--,9:23:48 AM,1/10/2026,
576,47.7,gf,2.515,mm,OK,--,9:23:48 AM,1/10/2026,
577,47.7,gf,2.520,mm,OK,--,9:23:48 AM,1/10/2026,
578,47.7,gf,2.520,mm,OK,--,9:23:49 AM,1/10/2026,
579,47.8,gf,2.525,mm,OK,--,9:23:49 AM,1/10/2026,
580,47.8,gf,2.530,mm,OK,--,9:23:49 AM,1/10/2026,
581,47.8,gf,2.530,mm,OK,--,9:23:49 AM,1/10/2026,
582,47.8,gf,2.535,mm,OK,--,9:23:49 AM,1/10/2026,
583,47.8,gf,2.535,mm,OK,--,9:23:49 AM,1/10/2026,
584,47.8,gf,2.535,mm,OK,--,9:23:49 AM,1/10/2026,
585,47.8,gf,2.540,mm,OK,--,9:23:49 AM,1/10/2026,
586,47.8,gf,2.545,mm,OK,--,9:23:49 AM,1/10/2026,
587,47.8,gf,2.550,mm,OK,--,9:23:49 AM,1/10/2026,
588,47.8,gf,2.555,mm,OK,--,9:23:50 AM,1/10/2026,
589,47.8,gf,2.560,mm,OK,--,9:23:50 AM,1/10/2026,
590,47.9,gf,2.565,mm,OK,--,9:23:50 AM,1/10/2026,
591,47.9,gf,2.570,mm,OK,--,9:23:50 AM,1/10/2026,
592,47.9,gf,2.575,mm,OK,--,9:23:50 AM,1/10/2026,
593,48.0,gf,2.580,mm,OK,--,9:23:50 AM,1/10/2026,
594,48.0,gf,2.585,mm,OK,--,9:23:50 AM,1/10/2026,
595,48.0,gf,2.590,mm,OK,--,9:23:50 AM,1/10/2026,
596,48.1,gf,2.595,mm,OK,--,9:23:50 AM,1/10/2026,
597,48.1,gf,2.600,mm,OK,--,9:23:50 AM,1/10/2026,
598,48.2,gf,2.605,mm,OK,--,9:23:51 AM,1/10/2026,
599,48.2,gf,2.610,mm,OK,--,9:23:51 AM,1/10/2026,
600,48.2,gf,2.615,mm,OK,--,9:23:51 AM,1/10/2026,
601,48.2,gf,2.620,mm,OK,--,9:23:51 AM,1/10/2026,
602,48.2,gf,2.625,mm,OK,--,9:23:51 AM,1/10/2026,
603,48.2,gf,2.630,mm,OK,--,9:23:51 AM,1/10/2026,
604,48.2,gf,2.635,mm,OK,--,9:23:51 AM,1/10/2026,
605,48.2,gf,2.640,mm,OK,--,9:23:51 AM,1/10/2026,
606,48.3,gf,2.645,mm,OK,--,9:23:51 AM,1/10/2026,
607,48.3,gf,2.650,mm,OK,--,9:23:51 AM,1/10/2026,
608,48.3,gf,2.655,mm,OK,--,9:23:52 AM,1/10/2026,
609,48.3,gf,2.655,mm,OK,--,9:23:52 AM,1/10/2026,
610,48.3,gf,2.660,mm,OK,--,9:23:52 AM,1/10/2026,
611,48.4,gf,2.660,mm,OK,--,9:23:52 AM,1/10/2026,
612,48.4,gf,2.665,mm,OK,--,9:23:52 AM,1/10/2026,
613,48.5,gf,2.670,mm,OK,--,9:23:52 AM,1/10/2026,
614,48.4,gf,2.675,mm,OK,--,9:23:52 AM,1/10/2026,
615,48.5,gf,2.675,mm,OK,--,9:23:52 AM,1/10/2026,
616,48.5,gf,2.680,mm,OK,--,9:23:52 AM,1/10/2026,
617,48.5,gf,2.685,mm,OK,--,9:23:52 AM,1/10/2026,
618,48.5,gf,2.690,mm,OK,--,9:23:53 AM,1/10/2026,
619,48.5,gf,2.695,mm,OK,--,9:23:53 AM,1/10/2026,
620,48.4,gf,2.700,mm,OK,--,9:23:53 AM,1/10/2026,
621,48.5,gf,2.705,mm,OK,--,9:23:53 AM,1/10/2026,
622,48.5,gf,2.710,mm,OK,--,9:23:53 AM,1/10/2026,
623,48.5,gf,2.715,mm,OK,--,9:23:53 AM,1/10/2026,
624,48.6,gf,2.720,mm,OK,--,9:23:53 AM,1/10/2026,
625,48.5,gf,2.720,mm,OK,--,9:23:53 AM,1/10/2026,
626,48.6,gf,2.725,mm,OK,--,9:23:53 AM,1/10/2026,
627,48.6,gf,2.725,mm,OK,--,9:23:53 AM,1/10/2026,
628,48.6,gf,2.730,mm,OK,--,9:23:54 AM,1/10/2026,
629,48.6,gf,2.730,mm,OK,--,9:23:54 AM,1/10/2026,
630,48.6,gf,2.735,mm,OK,--,9:23:54 AM,1/10/2026,
631,48.6,gf,2.735,mm,OK,--,9:23:54 AM,1/10/2026,
632,48.6,gf,2.740,mm,OK,--,9:23:54 AM,1/10/2026,
633,48.6,gf,2.740,mm,OK,--,9:23:54 AM,1/10/2026,
634,48.6,gf,2.745,mm,OK,--,9:23:54 AM,1/10/2026,
635,48.7,gf,2.750,mm,OK,--,9:23:54 AM,1/10/2026,
636,48.7,gf,2.750,mm,OK,--,9:23:54 AM,1/10/2026,
637,48.7,gf,2.755,mm,OK,--,9:23:54 AM,1/10/2026,
638,48.7,gf,2.755,mm,OK,--,9:23:55 AM,1/10/2026,
639,48.8,gf,2.760,mm,OK,--,9:23:55 AM,1/10/2026,
640,48.8,gf,2.765,mm,OK,--,9:23:55 AM,1/10/2026,
641,48.8,gf,2.770,mm,OK,--,9:23:55 AM,1/10/2026,
642,48.8,gf,2.775,mm,OK,--,9:23:55 AM,1/10/2026,
643,48.9,gf,2.780,mm,OK,--,9:23:55 AM,1/10/2026,
644,48.9,gf,2.785,mm,OK,--,9:23:55 AM,1/10/2026,
645,48.9,gf,2.790,mm,OK,--,9:23:55 AM,1/10/2026,
646,48.9,gf,2.800,mm,OK,--,9:23:55 AM,1/10/2026,
647,48.9,gf,2.805,mm,OK,--,9:23:55 AM,1/10/2026,
648,49.0,gf,2.815,mm,OK,--,9:23:56 AM,1/10/2026,
649,49.0,gf,2.820,mm,OK,--,9:23:56 AM,1/10/2026,
650,49.1,gf,2.830,mm,OK,--,9:23:56 AM,1/10/2026,
651,49.2,gf,2.835,mm,OK,--,9:23:56 AM,1/10/2026,
652,49.2,gf,2.845,mm,OK,--,9:23:56 AM,1/10/2026,
653,49.2,gf,2.855,mm,OK,--,9:23:56 AM,1/10/2026,
654,49.2,gf,2.865,mm,OK,--,9:23:56 AM,1/10/2026,
655,49.4,gf,2.870,mm,OK,--,9:23:56 AM,1/10/2026,
656,49.4,gf,2.875,mm,OK,--,9:23:56 AM,1/10/2026,
657,49.4,gf,2.880,mm,OK,--,9:23:56 AM,1/10/2026,
658,49.4,gf,2.885,mm,OK,--,9:23:57 AM,1/10/2026,
659,49.4,gf,2.890,mm,OK,--,9:23:57 AM,1/10/2026,
660,49.5,gf,2.895,mm,OK,--,9:23:57 AM,1/10/2026,
661,49.5,gf,2.900,mm,OK,--,9:23:57 AM,1/10/2026,
662,49.5,gf,2.905,mm,OK,--,9:23:57 AM,1/10/2026,
663,49.5,gf,2.910,mm,OK,--,9:23:57 AM,1/10/2026,
664,49.5,gf,2.915,mm,OK,--,9:23:57 AM,1/10/2026,
665,49.5,gf,2.920,mm,OK,--,9:23:57 AM,1/10/2026,
666,49.5,gf,2.925,mm,OK,--,9:23:57 AM,1/10/2026,
667,49.5,gf,2.930,mm,OK,--,9:23:57 AM,1/10/2026,
668,49.6,gf,2.935,mm,OK,--,9:23:58 AM,1/10/2026,
669,49.6,gf,2.940,mm,OK,--,9:23:58 AM,1/10/2026,
670,49.6,gf,2.940,mm,OK,--,9:23:58 AM,1/10/2026,
671,49.7,gf,2.945,mm,OK,--,9:23:58 AM,1/10/2026,
672,49.7,gf,2.950,mm,OK,--,9:23:58 AM,1/10/2026,
673,49.7,gf,2.950,mm,OK,--,9:23:58 AM,1/10/2026,
674,49.8,gf,2.955,mm,OK,--,9:23:58 AM,1/10/2026,
675,49.8,gf,2.960,mm,OK,--,9:23:58 AM,1/10/2026,
676,49.8,gf,2.960,mm,OK,--,9:23:58 AM,1/10/2026,
677,49.8,gf,2.965,mm,OK,--,9:23:58 AM,1/10/2026,
678,49.8,gf,2.970,mm,OK,--,9:23:59 AM,1/10/2026,
679,49.8,gf,2.970,mm,OK,--,9:23:59 AM,1/10/2026,
680,49.7,gf,2.975,mm,OK,--,9:23:59 AM,1/10/2026,
681,49.8,gf,2.980,mm,OK,--,9:23:59 AM,1/10/2026,
682,49.8,gf,2.985,mm,OK,--,9:23:59 AM,1/10/2026,
683,49.8,gf,2.985,mm,OK,--,9:23:59 AM,1/10/2026,
684,49.8,gf,2.990,mm,OK,--,9:23:59 AM,1/10/2026,
685,49.8,gf,2.995,mm,OK,--,9:23:59 AM,1/10/2026,
686,49.8,gf,3.000,mm,OK,--,9:23:59 AM,1/10/2026,
687,49.9,gf,3.005,mm,OK,--,9:23:59 AM,1/10/2026,
688,49.9,gf,3.010,mm,OK,--,9:24:00 AM,1/10/2026,
689,49.9,gf,3.015,mm,OK,--,9:24:00 AM,1/10/2026,
690,50.0,gf,3.020,mm,OK,--,9:24:00 AM,1/10/2026,
691,50.0,gf,3.025,mm,OK,--,9:24:00 AM,1/10/2026,
692,50.0,gf,3.030,mm,OK,--,9:24:00 AM,1/10/2026,
693,50.0,gf,3.030,mm,OK,--,9:24:00 AM,1/10/2026,
694,50.1,gf,3.035,mm,OK,--,9:24:00 AM,1/10/2026,
695,50.1,gf,3.040,mm,OK,--,9:24:00 AM,1/10/2026,
696,50.1,gf,3.040,mm,OK,--,9:24:00 AM,1/10/2026,
697,50.1,gf,3.045,mm,OK,--,9:24:00 AM,1/10/2026,
698,50.1,gf,3.050,mm,OK,--,9:24:01 AM,1/10/2026,
699,50.2,gf,3.055,mm,OK,--,9:24:01 AM,1/10/2026,
700,50.2,gf,3.060,mm,OK,--,9:24:01 AM,1/10/2026,
701,50.3,gf,3.065,mm,OK,--,9:24:01 AM,1/10/2026,
702,50.3,gf,3.070,mm,OK,--,9:24:01 AM,1/10/2026,
703,50.3,gf,3.075,mm,OK,--,9:24:01 AM,1/10/2026,
704,50.3,gf,3.075,mm,OK,--,9:24:01 AM,1/10/2026,
705,50.3,gf,3.080,mm,OK,--,9:24:01 AM,1/10/2026,
706,50.3,gf,3.080,mm,OK,--,9:24:01 AM,1/10/2026,
707,50.4,gf,3.085,mm,OK,--,9:24:01 AM,1/10/2026,
708,50.4,gf,3.090,mm,OK,--,9:24:02 AM,1/10/2026,
709,50.4,gf,3.090,mm,OK,--,9:24:02 AM,1/10/2026,
710,50.5,gf,3.095,mm,OK,--,9:24:02 AM,1/10/2026,
711,50.5,gf,3.100,mm,OK,--,9:24:02 AM,1/10/2026,
712,50.4,gf,3.105,mm,OK,--,9:24:02 AM,1/10/2026,
713,50.4,gf,3.105,mm,OK,--,9:24:02 AM,1/10/2026,
714,50.4,gf,3.110,mm,OK,--,9:24:02 AM,1/10/2026,
715,50.4,gf,3.110,mm,OK,--,9:24:02 AM,1/10/2026,
716,50.4,gf,3.110,mm,OK,--,9:24:02 AM,1/10/2026,
717,50.4,gf,3.110,mm,OK,--,9:24:02 AM,1/10/2026,
718,50.4,gf,3.115,mm,OK,--,9:24:03 AM,1/10/2026,
719,50.4,gf,3.115,mm,OK,--,9:24:03 AM,1/10/2026,
720,50.4,gf,3.115,mm,OK,--,9:24:03 AM,1/10/2026,
721,50.4,gf,3.115,mm,OK,--,9:24:03 AM,1/10/2026,
722,50.4,gf,3.115,mm,OK,--,9:24:03 AM,1/10/2026,
723,50.4,gf,3.120,mm,OK,--,9:24:03 AM,1/10/2026,
724,50.5,gf,3.130,mm,OK,--,9:24:03 AM,1/10/2026,
725,50.6,gf,3.135,mm,OK,--,9:24:03 AM,1/10/2026,
726,50.6,gf,3.140,mm,OK,--,9:24:03 AM,1/10/2026,
727,50.7,gf,3.145,mm,OK,--,9:24:03 AM,1/10/2026,
728,50.7,gf,3.150,mm,OK,--,9:24:04 AM,1/10/2026,
729,50.7,gf,3.150,mm,OK,--,9:24:04 AM,1/10/2026,
730,50.8,gf,3.155,mm,OK,--,9:24:04 AM,1/10/2026,
731,50.8,gf,3.160,mm,OK,--,9:24:04 AM,1/10/2026,
732,50.8,gf,3.165,mm,OK,--,9:24:04 AM,1/10/2026,
733,50.9,gf,3.170,mm,OK,--,9:24:04 AM,1/10/2026,
734,50.9,gf,3.175,mm,OK,--,9:24:04 AM,1/10/2026,
735,50.9,gf,3.180,mm,OK,--,9:24:04 AM,1/10/2026,
736,50.9,gf,3.185,mm,OK,--,9:24:04 AM,1/10/2026,
737,51.0,gf,3.190,mm,OK,--,9:24:04 AM,1/10/2026,
738,51.0,gf,3.195,mm,OK,--,9:24:05 AM,1/10/2026,
739,51.0,gf,3.205,mm,OK,--,9:24:05 AM,1/10/2026,
740,51.2,gf,3.215,mm,OK,--,9:24:05 AM,1/10/2026,
741,51.3,gf,3.225,mm,OK,--,9:24:05 AM,1/10/2026,
742,51.5,gf,3.235,mm,OK,--,9:24:05 AM,1/10/2026,
743,51.5,gf,3.250,mm,OK,--,9:24:05 AM,1/10/2026,
744,51.6,gf,3.260,mm,OK,--,9:24:05 AM,1/10/2026,
745,51.6,gf,3.270,mm,OK,--,9:24:05 AM,1/10/2026,
746,51.7,gf,3.280,mm,OK,--,9:24:05 AM,1/10/2026,
747,51.7,gf,3.285,mm,OK,--,9:24:05 AM,1/10/2026,
748,51.8,gf,3.290,mm,OK,--,9:24:06 AM,1/10/2026,
749,51.8,gf,3.295,mm,OK,--,9:24:06 AM,1/10/2026,
750,51.8,gf,3.305,mm,OK,--,9:24:06 AM,1/10/2026,
751,51.8,gf,3.310,mm,OK,--,9:24:06 AM,1/10/2026,
752,51.9,gf,3.315,mm,OK,--,9:24:06 AM,1/10/2026,
753,51.9,gf,3.320,mm,OK,--,9:24:06 AM,1/10/2026,
754,51.9,gf,3.325,mm,OK,--,9:24:06 AM,1/10/2026,
755,52.0,gf,3.330,mm,OK,--,9:24:06 AM,1/10/2026,
756,52.1,gf,3.340,mm,OK,--,9:24:06 AM,1/10/2026,
757,52.1,gf,3.345,mm,OK,--,9:24:06 AM,1/10/2026,
758,52.2,gf,3.350,mm,OK,--,9:24:07 AM,1/10/2026,
759,52.2,gf,3.355,mm,OK,--,9:24:07 AM,1/10/2026,
760,52.3,gf,3.360,mm,OK,--,9:24:07 AM,1/10/2026,
761,52.4,gf,3.365,mm,OK,--,9:24:07 AM,1/10/2026,
762,52.4,gf,3.370,mm,OK,--,9:24:07 AM,1/10/2026,
763,52.4,gf,3.375,mm,OK,--,9:24:07 AM,1/10/2026,
764,52.5,gf,3.380,mm,OK,--,9:24:07 AM,1/10/2026,
765,52.5,gf,3.385,mm,OK,--,9:24:07 AM,1/10/2026,
766,52.6,gf,3.390,mm,OK,--,9:24:07 AM,1/10/2026,
767,52.6,gf,3.395,mm,OK,--,9:24:07 AM,1/10/2026,
768,52.7,gf,3.405,mm,OK,--,9:24:08 AM,1/10/2026,
769,52.7,gf,3.410,mm,OK,--,9:24:08 AM,1/10/2026,
770,52.7,gf,3.415,mm,OK,--,9:24:08 AM,1/10/2026,
771,52.7,gf,3.420,mm,OK,--,9:24:08 AM,1/10/2026,
772,52.7,gf,3.420,mm,OK,--,9:24:08 AM,1/10/2026,
773,52.7,gf,3.425,mm,OK,--,9:24:08 AM,1/10/2026,
774,52.8,gf,3.430,mm,OK,--,9:24:08 AM,1/10/2026,
775,52.8,gf,3.430,mm,OK,--,9:24:08 AM,1/10/2026,
776,52.8,gf,3.435,mm,OK,--,9:24:08 AM,1/10/2026,
777,52.9,gf,3.435,mm,OK,--,9:24:08 AM,1/10/2026,
778,52.9,gf,3.440,mm,OK,--,9:24:09 AM,1/10/2026,
779,52.9,gf,3.445,mm,OK,--,9:24:09 AM,1/10/2026,
780,53.0,gf,3.450,mm,OK,--,9:24:09 AM,1/10/2026,
781,53.1,gf,3.455,mm,OK,--,9:24:09 AM,1/10/2026,
782,53.1,gf,3.455,mm,OK,--,9:24:09 AM,1/10/2026,
783,53.1,gf,3.460,mm,OK,--,9:24:09 AM,1/10/2026,
784,53.2,gf,3.465,mm,OK,--,9:24:09 AM,1/10/2026,
785,53.2,gf,3.470,mm,OK,--,9:24:09 AM,1/10/2026,
786,53.2,gf,3.475,mm,OK,--,9:24:09 AM,1/10/2026,
787,53.3,gf,3.480,mm,OK,--,9:24:09 AM,1/10/2026,
788,53.3,gf,3.485,mm,OK,--,9:24:10 AM,1/10/2026,
789,53.4,gf,3.490,mm,OK,--,9:24:10 AM,1/10/2026,
790,53.5,gf,3.495,mm,OK,--,9:24:10 AM,1/10/2026,
791,53.5,gf,3.500,mm,OK,--,9:24:10 AM,1/10/2026,
792,53.6,gf,3.505,mm,OK,--,9:24:10 AM,1/10/2026,
793,53.7,gf,3.510,mm,OK,--,9:24:10 AM,1/10/2026,
794,53.7,gf,3.515,mm,OK,--,9:24:10 AM,1/10/2026,
795,53.8,gf,3.520,mm,OK,--,9:24:10 AM,1/10/2026,
796,53.8,gf,3.525,mm,OK,--,9:24:10 AM,1/10/2026,
797,53.9,gf,3.530,mm,OK,--,9:24:10 AM,1/10/2026,
798,53.9,gf,3.535,mm,OK,--,9:24:11 AM,1/10/2026,
799,54.0,gf,3.540,mm,OK,--,9:24:11 AM,1/10/2026,
800,54.1,gf,3.545,mm,OK,--,9:24:11 AM,1/10/2026,
801,54.2,gf,3.550,mm,OK,--,9:24:11 AM,1/10/2026,
802,54.2,gf,3.555,mm,OK,--,9:24:11 AM,1/10/2026,
803,54.3,gf,3.560,mm,OK,--,9:24:11 AM,1/10/2026,
804,54.4,gf,3.565,mm,OK,--,9:24:11 AM,1/10/2026,
805,54.5,gf,3.570,mm,OK,--,9:24:11 AM,1/10/2026,
806,54.6,gf,3.575,mm,OK,--,9:24:11 AM,1/10/2026,
807,54.6,gf,3.580,mm,OK,--,9:24:11 AM,1/10/2026,
808,54.7,gf,3.585,mm,OK,--,9:24:12 AM,1/10/2026,
809,54.7,gf,3.590,mm,OK,--,9:24:12 AM,1/10/2026,
810,54.8,gf,3.595,mm,OK,--,9:24:12 AM,1/10/2026,
811,54.8,gf,3.600,mm,OK,--,9:24:12 AM,1/10/2026,
812,54.9,gf,3.600,mm,OK,--,9:24:12 AM,1/10/2026,
813,54.9,gf,3.605,mm,OK,--,9:24:12 AM,1/10/2026,
814,55.0,gf,3.610,mm,OK,--,9:24:12 AM,1/10/2026,
815,55.1,gf,3.615,mm,OK,--,9:24:12 AM,1/10/2026,
816,55.2,gf,3.620,mm,OK,--,9:24:12 AM,1/10/2026,
817,55.3,gf,3.625,mm,OK,--,9:24:12 AM,1/10/2026,
818,55.4,gf,3.630,mm,OK,--,9:24:12 AM,1/10/2026,
819,55.5,gf,3.635,mm,OK,--,9:24:13 AM,1/10/2026,
820,55.6,gf,3.640,mm,OK,--,9:24:13 AM,1/10/2026,
821,55.6,gf,3.645,mm,OK,--,9:24:13 AM,1/10/2026,
822,56.6,gf,3.650,mm,OK,--,9:24:13 AM,1/10/2026,
823,60.0,gf,3.655,mm,OK,--,9:24:13 AM,1/10/2026,
824,63.5,gf,3.660,mm,OK,--,9:24:13 AM,1/10/2026,
825,66.9,gf,3.660,mm,OK,--,9:24:13 AM,1/10/2026,
826,70.3,gf,3.665,mm,OK,--,9:24:13 AM,1/10/2026,
827,73.3,gf,3.670,mm,OK,--,9:24:13 AM,1/10/2026,
828,75.4,gf,3.675,mm,OK,--,9:24:13 AM,1/10/2026,
829,75.2,gf,3.675,mm,OK,--,9:24:14 AM,1/10/2026,
830,72.3,gf,3.680,mm,OK,--,9:24:14 AM,1/10/2026,
831,72.9,gf,3.685,mm,OK,--,9:24:14 AM,1/10/2026,
832,74.6,gf,3.685,mm,OK,--,9:24:14 AM,1/10/2026,
833,76.9,gf,3.690,mm,OK,--,9:24:14 AM,1/10/2026,
834,79.4,gf,3.690,mm,OK,--,9:24:14 AM,1/10/2026,
835,81.8,gf,3.695,mm,OK,--,9:24:14 AM,1/10/2026,
836,84.2,gf,3.700,mm,OK,--,9:24:14 AM,1/10/2026,
837,86.7,gf,3.700,mm,OK,--,9:24:14 AM,1/10/2026,
838,89.1,gf,3.705,mm,OK,--,9:24:14 AM,1/10/2026,
839,91.8,gf,3.710,mm,OK,--,9:24:15 AM,1/10/2026,
840,94.3,gf,3.710,mm,OK,--,9:24:15 AM,1/10/2026,
841,96.7,gf,3.715,mm,OK,--,9:24:15 AM,1/10/2026,
842,98.7,gf,3.715,mm,OK,--,9:24:15 AM,1/10/2026,
843,101.4,gf,3.720,mm,OK,--,9:24:15 AM,1/10/2026,
844,103.5,gf,3.720,mm,OK,--,9:24:15 AM,1/10/2026,
845,105.5,gf,3.725,mm,OK,--,9:24:15 AM,1/10/2026,
846,107.8,gf,3.730,mm,OK,--,9:24:15 AM,1/10/2026,
847,110.1,gf,3.730,mm,OK,--,9:24:15 AM,1/10/2026,
848,112.1,gf,3.735,mm,OK,--,9:24:16 AM,1/10/2026,
849,113.6,gf,3.735,mm,OK,--,9:24:16 AM,1/10/2026,
850,114.8,gf,3.735,mm,OK,--,9:24:16 AM,1/10/2026,
851,115.7,gf,3.740,mm,OK,--,9:24:16 AM,1/10/2026,
852,116.5,gf,3.740,mm,OK,--,9:24:16 AM,1/10/2026,
853,117.5,gf,3.740,mm,OK,--,9:24:16 AM,1/10/2026,
854,118.4,gf,3.740,mm,OK,--,9:24:16 AM,1/10/2026,
855,119.5,gf,3.745,mm,OK,--,9:24:16 AM,1/10/2026,
856,120.7,gf,3.745,mm,OK,--,9:24:16 AM,1/10/2026,
857,122.2,gf,3.745,mm,OK,--,9:24:16 AM,1/10/2026,
858,124.5,gf,3.750,mm,OK,--,9:24:17 AM,1/10/2026,
859,126.7,gf,3.750,mm,OK,--,9:24:17 AM,1/10/2026,
860,128.6,gf,3.755,mm,OK,--,9:24:17 AM,1/10/2026,
861,130.0,gf,3.755,mm,OK,--,9:24:17 AM,1/10/2026,
862,131.2,gf,3.760,mm,OK,--,9:24:17 AM,1/10/2026,
863,132.4,gf,3.760,mm,OK,--,9:24:17 AM,1/10/2026,
864,133.7,gf,3.760,mm,OK,--,9:24:17 AM,1/10/2026,
865,135.4,gf,3.760,mm,OK,--,9:24:17 AM,1/10/2026,
866,137.2,gf,3.765,mm,OK,--,9:24:17 AM,1/10/2026,
867,138.5,gf,3.765,mm,OK,--,9:24:17 AM,1/10/2026,
868,139.4,gf,3.765,mm,OK,--,9:24:18 AM,1/10/2026,
869,141.3,gf,3.770,mm,OK,--,9:24:18 AM,1/10/2026,
870,143.1,gf,3.770,mm,OK,--,9:24:18 AM,1/10/2026,
871,144.7,gf,3.770,mm,OK,--,9:24:18 AM,1/10/2026,
872,145.9,gf,3.775,mm,OK,--,9:24:18 AM,1/10/2026,
873,146.7,gf,3.775,mm,OK,--,9:24:18 AM,1/10/2026,
874,147.2,gf,3.775,mm,OK,--,9:24:18 AM,1/10/2026,
875,147.7,gf,3.775,mm,OK,--,9:24:18 AM,1/10/2026,
876,148.2,gf,3.775,mm,OK,--,9:24:18 AM,1/10/2026,
877,148.8,gf,3.775,mm,OK,--,9:24:18 AM,1/10/2026,
878,149.1,gf,3.775,mm,OK,--,9:24:18 AM,1/10/2026,
879,149.6,gf,3.775,mm,OK,--,9:24:19 AM,1/10/2026,
880,150.0,gf,3.775,mm,OK,--,9:24:19 AM,1/10/2026,
881,150.3,gf,3.780,mm,OK,--,9:24:19 AM,1/10/2026,
882,150.9,gf,3.780,mm,OK,--,9:24:19 AM,1/10/2026,
883,151.6,gf,3.780,mm,OK,--,9:24:19 AM,1/10/2026,
884,152.3,gf,3.780,mm,OK,--,9:24:19 AM,1/10/2026,
885,152.6,gf,3.780,mm,OK,--,9:24:19 AM,1/10/2026,
886,152.9,gf,3.780,mm,OK,--,9:24:19 AM,1/10/2026,
887,153.1,gf,3.780,mm,OK,--,9:24:19 AM,1/10/2026,
888,153.4,gf,3.780,mm,OK,--,9:24:19 AM,1/10/2026,
889,153.9,gf,3.780,mm,OK,--,9:24:20 AM,1/10/2026,
890,154.4,gf,3.780,mm,OK,--,9:24:20 AM,1/10/2026,
891,155.3,gf,3.785,mm,OK,--,9:24:20 AM,1/10/2026,
892,156.3,gf,3.785,mm,OK,--,9:24:20 AM,1/10/2026,
893,157.1,gf,3.785,mm,OK,--,9:24:20 AM,1/10/2026,
894,157.7,gf,3.785,mm,OK,--,9:24:20 AM,1/10/2026,
895,158.2,gf,3.785,mm,OK,--,9:24:20 AM,1/10/2026,
896,158.9,gf,3.785,mm,OK,--,9:24:20 AM,1/10/2026,
897,159.2,gf,3.785,mm,OK,--,9:24:20 AM,1/10/2026,
898,159.7,gf,3.790,mm,OK,--,9:24:21 AM,1/10/2026,
899,160.2,gf,3.790,mm,OK,--,9:24:21 AM,1/10/2026,
900,160.9,gf,3.790,mm,OK,--,9:24:21 AM,1/10/2026,
901,161.7,gf,3.790,mm,OK,--,9:24:21 AM,1/10/2026,
902,162.6,gf,3.790,mm,OK,--,9:24:21 AM,1/10/2026,
903,163.4,gf,3.790,mm,OK,--,9:24:21 AM,1/10/2026,
904,164.4,gf,3.790,mm,OK,--,9:24:21 AM,1/10/2026,
905,165.3,gf,3.795,mm,OK,--,9:24:21 AM,1/10/2026,
906,166.2,gf,3.795,mm,OK,--,9:24:21 AM,1/10/2026,
907,167.2,gf,3.795,mm,OK,--,9:24:21 AM,1/10/2026,
908,168.2,gf,3.795,mm,OK,--,9:24:22 AM,1/10/2026,
909,169.4,gf,3.800,mm,OK,--,9:24:22 AM,1/10/2026,
910,170.7,gf,3.800,mm,OK,--,9:24:22 AM,1/10/2026,
911,172.0,gf,3.800,mm,OK,--,9:24:22 AM,1/10/2026,
912,173.3,gf,3.800,mm,OK,--,9:24:22 AM,1/10/2026,
913,174.6,gf,3.805,mm,OK,--,9:24:22 AM,1/10/2026,
914,175.8,gf,3.805,mm,OK,--,9:24:22 AM,1/10/2026,
915,177.1,gf,3.805,mm,OK,--,9:24:22 AM,1/10/2026,
916,178.5,gf,3.810,mm,OK,--,9:24:22 AM,1/10/2026,
917,180.0,gf,3.810,mm,OK,--,9:24:22 AM,1/10/2026,
918,181.3,gf,3.810,mm,OK,--,9:24:22 AM,1/10/2026,
919,182.6,gf,3.810,mm,OK,--,9:24:23 AM,1/10/2026,
920,183.5,gf,3.815,mm,OK,--,9:24:23 AM,1/10/2026,
921,184.7,gf,3.815,mm,OK,--,9:24:23 AM,1/10/2026,
922,186.0,gf,3.815,mm,OK,--,9:24:23 AM,1/10/2026,
923,187.2,gf,3.820,mm,OK,--,9:24:23 AM,1/10/2026,
924,188.3,gf,3.820,mm,OK,--,9:24:23 AM,1/10/2026,
925,189.4,gf,3.820,mm,OK,--,9:24:23 AM,1/10/2026,
926,190.5,gf,3.820,mm,OK,--,9:24:23 AM,1/10/2026,
927,191.2,gf,3.820,mm,OK,--,9:24:23 AM,1/10/2026,
928,191.7,gf,3.825,mm,OK,--,9:24:23 AM,1/10/2026,
929,191.7,gf,3.825,mm,OK,--,9:24:24 AM,1/10/2026,
930,191.4,gf,3.825,mm,OK,--,9:24:24 AM,1/10/2026,
931,191.4,gf,3.825,mm,OK,--,9:24:24 AM,1/10/2026,
932,191.3,gf,3.825,mm,OK,--,9:24:24 AM,1/10/2026,
933,191.2,gf,3.825,mm,OK,--,9:24:24 AM,1/10/2026,
934,191.2,gf,3.825,mm,OK,--,9:24:24 AM,1/10/2026,
935,191.1,gf,3.825,mm,OK,--,9:24:24 AM,1/10/2026,
936,191.1,gf,3.825,mm,OK,--,9:24:24 AM,1/10/2026,
937,191.1,gf,3.825,mm,OK,--,9:24:24 AM,1/10/2026,
938,191.1,gf,3.825,mm,OK,--,9:24:24 AM,1/10/2026,
939,191.1,gf,3.825,mm,OK,--,9:24:25 AM,1/10/2026,
940,191.0,gf,3.825,mm,OK,--,9:24:25 AM,1/10/2026,
941,191.0,gf,3.825,mm,OK,--,9:24:25 AM,1/10/2026,
942,191.0,gf,3.825,mm,OK,--,9:24:25 AM,1/10/2026,
943,191.0,gf,3.825,mm,OK,--,9:24:25 AM,1/10/2026,
944,190.9,gf,3.825,mm,OK,--,9:24:25 AM,1/10/2026,
945,190.9,gf,3.825,mm,OK,--,9:24:25 AM,1/10/2026,
946,190.8,gf,3.825,mm,OK,--,9:24:25 AM,1/10/2026,
947,190.7,gf,3.825,mm,OK,--,9:24:25 AM,1/10/2026,
948,190.5,gf,3.825,mm,OK,--,9:24:25 AM,1/10/2026,
949,190.2,gf,3.825,mm,OK,--,9:24:26 AM,1/10/2026,
950,190.2,gf,3.825,mm,OK,--,9:24:26 AM,1/10/2026,
951,189.8,gf,3.825,mm,OK,--,9:24:26 AM,1/10/2026,
952,189.8,gf,3.825,mm,OK,--,9:24:26 AM,1/10/2026,
953,189.8,gf,3.825,mm,OK,--,9:24:26 AM,1/10/2026,
954,190.0,gf,3.825,mm,OK,--,9:24:26 AM,1/10/2026,
955,189.8,gf,3.825,mm,OK,--,9:24:26 AM,1/10/2026,
956,189.5,gf,3.825,mm,OK,--,9:24:26 AM,1/10/2026,
957,189.4,gf,3.825,mm,OK,--,9:24:26 AM,1/10/2026,
958,189.4,gf,3.825,mm,OK,--,9:24:26 AM,1/10/2026,
959,189.1,gf,3.825,mm,OK,--,9:24:27 AM,1/10/2026,
960,188.4,gf,3.820,mm,OK,--,9:24:27 AM,1/10/2026,
961,187.1,gf,3.820,mm,OK,--,9:24:27 AM,1/10/2026,
962,184.2,gf,3.820,mm,OK,--,9:24:27 AM,1/10/2026,
963,181.2,gf,3.815,mm,OK,--,9:24:27 AM,1/10/2026,
964,178.8,gf,3.815,mm,OK,--,9:24:27 AM,1/10/2026,
965,176.9,gf,3.810,mm,OK,--,9:24:27 AM,1/10/2026,
966,175.4,gf,3.810,mm,OK,--,9:24:27 AM,1/10/2026,
967,173.9,gf,3.810,mm,OK,--,9:24:27 AM,1/10/2026,
968,173.2,gf,3.810,mm,OK,--,9:24:27 AM,1/10/2026,
969,172.8,gf,3.810,mm,OK,--,9:24:28 AM,1/10/2026,
970,172.4,gf,3.805,mm,OK,--,9:24:28 AM,1/10/2026,
971,171.6,gf,3.805,mm,OK,--,9:24:28 AM,1/10/2026,
972,171.0,gf,3.805,mm,OK,--,9:24:28 AM,1/10/2026,
973,170.8,gf,3.805,mm,OK,--,9:24:28 AM,1/10/2026,
974,170.5,gf,3.805,mm,OK,--,9:24:28 AM,1/10/2026,
975,170.1,gf,3.805,mm,OK,--,9:24:28 AM,1/10/2026,
976,169.7,gf,3.805,mm,OK,--,9:24:28 AM,1/10/2026,
977,169.3,gf,3.805,mm,OK,--,9:24:28 AM,1/10/2026,
978,169.3,gf,3.805,mm,OK,--,9:24:28 AM,1/10/2026,
979,169.2,gf,3.805,mm,OK,--,9:24:29 AM,1/10/2026,
980,168.7,gf,3.805,mm,OK,--,9:24:29 AM,1/10/2026,
981,168.4,gf,3.805,mm,OK,--,9:24:29 AM,1/10/2026,
982,168.1,gf,3.800,mm,OK,--,9:24:29 AM,1/10/2026,
983,167.9,gf,3.800,mm,OK,--,9:24:29 AM,1/10/2026,
984,167.8,gf,3.800,mm,OK,--,9:24:29 AM,1/10/2026,
985,167.6,gf,3.800,mm,OK,--,9:24:29 AM,1/10/2026,
986,167.2,gf,3.800,mm,OK,--,9:24:29 AM,1/10/2026,
987,166.8,gf,3.800,mm,OK,--,9:24:29 AM,1/10/2026,
988,166.4,gf,3.800,mm,OK,--,9:24:29 AM,1/10/2026,
989,166.0,gf,3.800,mm,OK,--,9:24:30 AM,1/10/2026,
990,165.4,gf,3.800,mm,OK,--,9:24:30 AM,1/10/2026,
991,164.8,gf,3.800,mm,OK,--,9:24:30 AM,1/10/2026,
992,164.3,gf,3.800,mm,OK,--,9:24:30 AM,1/10/2026,
993,163.8,gf,3.800,mm,OK,--,9:24:30 AM,1/10/2026,
994,163.3,gf,3.800,mm,OK,--,9:24:30 AM,1/10/2026,
995,162.8,gf,3.795,mm,OK,--,9:24:30 AM,1/10/2026,
996,162.6,gf,3.795,mm,OK,--,9:24:30 AM,1/10/2026,
997,162.4,gf,3.795,mm,OK,--,9:24:30 AM,1/10/2026,
998,162.0,gf,3.795,mm,OK,--,9:24:30 AM,1/10/2026,
999,161.4,gf,3.795,mm,OK,--,9:24:31 AM,1/10/2026,
1000,160.9,gf,3.795,mm,OK,--,9:24:31 AM,1/10/2026,
1001,160.2,gf,3.795,mm,OK,--,9:24:31 AM,1/10/2026,
1002,159.3,gf,3.795,mm,OK,--,9:24:31 AM,1/10/2026,
1003,158.6,gf,3.795,mm,OK,--,9:24:31 AM,1/10/2026,
1004,158.0,gf,3.795,mm,OK,--,9:24:31 AM,1/10/2026,
1005,157.5,gf,3.790,mm,OK,--,9:24:31 AM,1/10/2026,
1006,157.3,gf,3.790,mm,OK,--,9:24:31 AM,1/10/2026,
1007,156.7,gf,3.790,mm,OK,--,9:24:31 AM,1/10/2026,
1008,155.8,gf,3.790,mm,OK,--,9:24:31 AM,1/10/2026,
1009,154.8,gf,3.790,mm,OK,--,9:24:32 AM,1/10/2026,
1010,154.2,gf,3.790,mm,OK,--,9:24:32 AM,1/10/2026,
1011,153.6,gf,3.790,mm,OK,--,9:24:32 AM,1/10/2026,
1012,153.3,gf,3.790,mm,OK,--,9:24:32 AM,1/10/2026,
1013,153.1,gf,3.790,mm,OK,--,9:24:32 AM,1/10/2026,
1014,152.8,gf,3.790,mm,OK,--,9:24:32 AM,1/10/2026,
1015,152.6,gf,3.785,mm,OK,--,9:24:32 AM,1/10/2026,
1016,152.3,gf,3.785,mm,OK,--,9:24:32 AM,1/10/2026,
1017,151.9,gf,3.785,mm,OK,--,9:24:32 AM,1/10/2026,
1018,151.5,gf,3.785,mm,OK,--,9:24:32 AM,1/10/2026,
1019,151.0,gf,3.785,mm,OK,--,9:24:33 AM,1/10/2026,
1020,150.4,gf,3.785,mm,OK,--,9:24:33 AM,1/10/2026,
1021,150.0,gf,3.785,mm,OK,--,9:24:33 AM,1/10/2026,
1022,149.5,gf,3.785,mm,OK,--,9:24:33 AM,1/10/2026,
1023,149.1,gf,3.785,mm,OK,--,9:24:33 AM,1/10/2026,
1024,148.7,gf,3.785,mm,OK,--,9:24:33 AM,1/10/2026,
1025,148.4,gf,3.785,mm,OK,--,9:24:33 AM,1/10/2026,
1026,148.0,gf,3.785,mm,OK,--,9:24:33 AM,1/10/2026,
1027,147.6,gf,3.780,mm,OK,--,9:24:33 AM,1/10/2026,
1028,147.1,gf,3.780,mm,OK,--,9:24:33 AM,1/10/2026,
1029,146.4,gf,3.780,mm,OK,--,9:24:34 AM,1/10/2026,
1030,145.7,gf,3.780,mm,OK,--,9:24:34 AM,1/10/2026,
1031,145.1,gf,3.780,mm,OK,--,9:24:34 AM,1/10/2026,
1032,145.0,gf,3.780,mm,OK,--,9:24:34 AM,1/10/2026,
1033,144.7,gf,3.780,mm,OK,--,9:24:34 AM,1/10/2026,
1034,144.4,gf,3.780,mm,OK,--,9:24:34 AM,1/10/2026,
1035,144.2,gf,3.780,mm,OK,--,9:24:34 AM,1/10/2026,
1036,143.9,gf,3.780,mm,OK,--,9:24:34 AM,1/10/2026,
1037,143.6,gf,3.780,mm,OK,--,9:24:34 AM,1/10/2026,
1038,143.3,gf,3.780,mm,OK,--,9:24:34 AM,1/10/2026,
1039,142.9,gf,3.780,mm,OK,--,9:24:35 AM,1/10/2026,
1040,142.5,gf,3.775,mm,OK,--,9:24:35 AM,1/10/2026,
1041,142.3,gf,3.775,mm,OK,--,9:24:35 AM,1/10/2026,
1042,142.0,gf,3.775,mm,OK,--,9:24:35 AM,1/10/2026,
1043,141.7,gf,3.775,mm,OK,--,9:24:35 AM,1/10/2026,
1044,141.3,gf,3.775,mm,OK,--,9:24:35 AM,1/10/2026,
1045,141.0,gf,3.775,mm,OK,--,9:24:35 AM,1/10/2026,
1046,140.6,gf,3.775,mm,OK,--,9:24:35 AM,1/10/2026,
1047,140.2,gf,3.775,mm,OK,--,9:24:35 AM,1/10/2026,
1048,139.7,gf,3.775,mm,OK,--,9:24:35 AM,1/10/2026,
1049,139.3,gf,3.775,mm,OK,--,9:24:36 AM,1/10/2026,
1050,138.9,gf,3.775,mm,OK,--,9:24:36 AM,1/10/2026,
1051,138.5,gf,3.775,mm,OK,--,9:24:36 AM,1/10/2026,
1052,138.1,gf,3.775,mm,OK,--,9:24:36 AM,1/10/2026,
1053,137.8,gf,3.775,mm,OK,--,9:24:36 AM,1/10/2026,
1054,137.3,gf,3.770,mm,OK,--,9:24:36 AM,1/10/2026,
1055,136.9,gf,3.770,mm,OK,--,9:24:36 AM,1/10/2026,
1056,136.5,gf,3.770,mm,OK,--,9:24:36 AM,1/10/2026,
1057,136.0,gf,3.770,mm,OK,--,9:24:36 AM,1/10/2026,
1058,135.6,gf,3.770,mm,OK,--,9:24:36 AM,1/10/2026,
1059,135.1,gf,3.770,mm,OK,--,9:24:37 AM,1/10/2026,
1060,134.7,gf,3.770,mm,OK,--,9:24:37 AM,1/10/2026,
1061,134.3,gf,3.770,mm,OK,--,9:24:37 AM,1/10/2026,
1062,133.9,gf,3.770,mm,OK,--,9:24:37 AM,1/10/2026,
1063,133.5,gf,3.770,mm,OK,--,9:24:37 AM,1/10/2026,
1064,133.1,gf,3.770,mm,OK,--,9:24:37 AM,1/10/2026,
1065,132.8,gf,3.770,mm,OK,--,9:24:37 AM,1/10/2026,
1066,132.5,gf,3.765,mm,OK,--,9:24:37 AM,1/10/2026,
1067,132.1,gf,3.765,mm,OK,--,9:24:37 AM,1/10/2026,
1068,131.5,gf,3.765,mm,OK,--,9:24:37 AM,1/10/2026,
1069,130.8,gf,3.765,mm,OK,--,9:24:38 AM,1/10/2026,
1070,130.0,gf,3.765,mm,OK,--,9:24:38 AM,1/10/2026,
1071,129.0,gf,3.765,mm,OK,--,9:24:38 AM,1/10/2026,
1072,127.8,gf,3.765,mm,OK,--,9:24:38 AM,1/10/2026,
1073,126.7,gf,3.760,mm,OK,--,9:24:38 AM,1/10/2026,
1074,125.5,gf,3.760,mm,OK,--,9:24:38 AM,1/10/2026,
1075,124.0,gf,3.760,mm,OK,--,9:24:38 AM,1/10/2026,
1076,122.3,gf,3.755,mm,OK,--,9:24:38 AM,1/10/2026,
1077,120.4,gf,3.755,mm,OK,--,9:24:38 AM,1/10/2026,
1078,118.2,gf,3.755,mm,OK,--,9:24:38 AM,1/10/2026,
1079,115.7,gf,3.750,mm,OK,--,9:24:39 AM,1/10/2026,
1080,113.1,gf,3.745,mm,OK,--,9:24:39 AM,1/10/2026,
1081,110.3,gf,3.745,mm,OK,--,9:24:39 AM,1/10/2026,
1082,106.6,gf,3.740,mm,OK,--,9:24:39 AM,1/10/2026,
1083,101.7,gf,3.735,mm,OK,--,9:24:39 AM,1/10/2026,
1084,96.9,gf,3.730,mm,OK,--,9:24:39 AM,1/10/2026,
1085,91.4,gf,3.720,mm,OK,--,9:24:39 AM,1/10/2026,
1086,87.7,gf,3.715,mm,OK,--,9:24:39 AM,1/10/2026,
1087,85.4,gf,3.715,mm,OK,--,9:24:39 AM,1/10/2026,
1088,83.4,gf,3.710,mm,OK,--,9:24:39 AM,1/10/2026,
1089,81.2,gf,3.710,mm,OK,--,9:24:40 AM,1/10/2026,
1090,79.2,gf,3.705,mm,OK,--,9:24:40 AM,1/10/2026,
1091,77.3,gf,3.705,mm,OK,--,9:24:40 AM,1/10/2026,
1092,75.1,gf,3.700,mm,OK,--,9:24:40 AM,1/10/2026,
1093,72.9,gf,3.700,mm,OK,--,9:24:40 AM,1/10/2026,
1094,70.7,gf,3.695,mm,OK,--,9:24:40 AM,1/10/2026,
1095,68.3,gf,3.690,mm,OK,--,9:24:40 AM,1/10/2026,
1096,66.2,gf,3.690,mm,OK,--,9:24:40 AM,1/10/2026,
1097,64.3,gf,3.685,mm,OK,--,9:24:40 AM,1/10/2026,
1098,62.9,gf,3.685,mm,OK,--,9:24:40 AM,1/10/2026,
1099,61.8,gf,3.685,mm,OK,--,9:24:41 AM,1/10/2026,
1100,61.0,gf,3.685,mm,OK,--,9:24:41 AM,1/10/2026,
1101,60.3,gf,3.680,mm,OK,--,9:24:41 AM,1/10/2026,
1102,59.7,gf,3.680,mm,OK,--,9:24:41 AM,1/10/2026,
1103,59.2,gf,3.680,mm,OK,--,9:24:41 AM,1/10/2026,
1104,58.7,gf,3.680,mm,OK,--,9:24:41 AM,1/10/2026,
1105,58.1,gf,3.680,mm,OK,--,9:24:41 AM,1/10/2026,
1106,57.5,gf,3.680,mm,OK,--,9:24:41 AM,1/10/2026,
1107,56.9,gf,3.675,mm,OK,--,9:24:41 AM,1/10/2026,
1108,56.2,gf,3.675,mm,OK,--,9:24:41 AM,1/10/2026,
1109,55.5,gf,3.675,mm,OK,--,9:24:42 AM,1/10/2026,
1110,54.7,gf,3.675,mm,OK,--,9:24:42 AM,1/10/2026,
1111,53.9,gf,3.675,mm,OK,--,9:24:42 AM,1/10/2026,
1112,53.0,gf,3.670,mm,OK,--,9:24:42 AM,1/10/2026,
1113,52.2,gf,3.670,mm,OK,--,9:24:42 AM,1/10/2026,
1114,51.6,gf,3.670,mm,OK,--,9:24:42 AM,1/10/2026,
1115,51.0,gf,3.670,mm,OK,--,9:24:42 AM,1/10/2026,
1116,50.5,gf,3.665,mm,OK,--,9:24:42 AM,1/10/2026,
1117,50.3,gf,3.665,mm,OK,--,9:24:42 AM,1/10/2026,
1118,50.3,gf,3.665,mm,OK,--,9:24:42 AM,1/10/2026,
1119,50.3,gf,3.665,mm,OK,--,9:24:43 AM,1/10/2026,
1120,50.2,gf,3.665,mm,OK,--,9:24:43 AM,1/10/2026,
1121,50.3,gf,3.660,mm,OK,--,9:24:43 AM,1/10/2026,
1122,50.2,gf,3.660,mm,OK,--,9:24:43 AM,1/10/2026,
1123,50.1,gf,3.660,mm,OK,--,9:24:43 AM,1/10/2026,
1124,50.0,gf,3.655,mm,OK,--,9:24:43 AM,1/10/2026,
1125,50.0,gf,3.655,mm,OK,--,9:24:43 AM,1/10/2026,
1126,49.9,gf,3.650,mm,OK,--,9:24:43 AM,1/10/2026,
1127,49.9,gf,3.650,mm,OK,--,9:24:43 AM,1/10/2026,
1128,49.9,gf,3.650,mm,OK,--,9:24:43 AM,1/10/2026,
1129,49.8,gf,3.645,mm,OK,--,9:24:44 AM,1/10/2026,
1130,49.7,gf,3.640,mm,OK,--,9:24:44 AM,1/10/2026,
1131,49.7,gf,3.635,mm,OK,--,9:24:44 AM,1/10/2026,
1132,49.5,gf,3.630,mm,OK,--,9:24:44 AM,1/10/2026,
1133,49.5,gf,3.625,mm,OK,--,9:24:44 AM,1/10/2026,
1134,49.4,gf,3.615,mm,OK,--,9:24:44 AM,1/10/2026,
1135,49.3,gf,3.610,mm,OK,--,9:24:44 AM,1/10/2026,
1136,49.2,gf,3.600,mm,OK,--,9:24:44 AM,1/10/2026,
1137,49.2,gf,3.585,mm,OK,--,9:24:44 AM,1/10/2026,
1138,49.3,gf,3.575,mm,OK,--,9:24:44 AM,1/10/2026,
1139,49.3,gf,3.570,mm,OK,--,9:24:45 AM,1/10/2026,
1140,49.3,gf,3.565,mm,OK,--,9:24:45 AM,1/10/2026,
1141,49.3,gf,3.555,mm,OK,--,9:24:45 AM,1/10/2026,
1142,49.2,gf,3.550,mm,OK,--,9:24:45 AM,1/10/2026,
1143,49.2,gf,3.545,mm,OK,--,9:24:45 AM,1/10/2026,
1144,49.2,gf,3.540,mm,OK,--,9:24:45 AM,1/10/2026,
1145,49.2,gf,3.535,mm,OK,--,9:24:45 AM,1/10/2026,
1146,49.2,gf,3.535,mm,OK,--,9:24:45 AM,1/10/2026,
1147,49.2,gf,3.530,mm,OK,--,9:24:45 AM,1/10/2026,
1148,49.2,gf,3.525,mm,OK,--,9:24:45 AM,1/10/2026,
1149,49.3,gf,3.520,mm,OK,--,9:24:46 AM,1/10/2026,
1150,49.2,gf,3.515,mm,OK,--,9:24:46 AM,1/10/2026,
1151,49.2,gf,3.515,mm,OK,--,9:24:46 AM,1/10/2026,
1152,49.2,gf,3.510,mm,OK,--,9:24:46 AM,1/10/2026,
1153,49.2,gf,3.505,mm,OK,--,9:24:46 AM,1/10/2026,
1154,49.2,gf,3.505,mm,OK,--,9:24:46 AM,1/10/2026,
1155,49.3,gf,3.500,mm,OK,--,9:24:46 AM,1/10/2026,
1156,49.2,gf,3.495,mm,OK,--,9:24:46 AM,1/10/2026,
1157,49.2,gf,3.490,mm,OK,--,9:24:46 AM,1/10/2026,
1158,49.2,gf,3.485,mm,OK,--,9:24:46 AM,1/10/2026,
1159,49.2,gf,3.480,mm,OK,--,9:24:47 AM,1/10/2026,
1160,49.2,gf,3.480,mm,OK,--,9:24:47 AM,1/10/2026,
1161,49.2,gf,3.475,mm,OK,--,9:24:47 AM,1/10/2026,
1162,49.2,gf,3.470,mm,OK,--,9:24:47 AM,1/10/2026,
1163,49.2,gf,3.470,mm,OK,--,9:24:47 AM,1/10/2026,
1164,49.2,gf,3.465,mm,OK,--,9:24:47 AM,1/10/2026,
1165,49.2,gf,3.460,mm,OK,--,9:24:47 AM,1/10/2026,
1166,49.2,gf,3.455,mm,OK,--,9:24:47 AM,1/10/2026,
1167,49.2,gf,3.450,mm,OK,--,9:24:47 AM,1/10/2026,
1168,49.1,gf,3.445,mm,OK,--,9:24:47 AM,1/10/2026,
1169,49.0,gf,3.440,mm,OK,--,9:24:48 AM,1/10/2026,
1170,49.1,gf,3.430,mm,OK,--,9:24:48 AM,1/10/2026,
1171,49.1,gf,3.425,mm,OK,--,9:24:48 AM,1/10/2026,
1172,49.1,gf,3.415,mm,OK,--,9:24:48 AM,1/10/2026,
1173,49.0,gf,3.410,mm,OK,--,9:24:48 AM,1/10/2026,
1174,49.0,gf,3.405,mm,OK,--,9:24:48 AM,1/10/2026,
1175,48.9,gf,3.400,mm,OK,--,9:24:48 AM,1/10/2026,
1176,48.9,gf,3.390,mm,OK,--,9:24:48 AM,1/10/2026,
1177,48.9,gf,3.385,mm,OK,--,9:24:48 AM,1/10/2026,
1178,48.9,gf,3.380,mm,OK,--,9:24:48 AM,1/10/2026,
1179,49.0,gf,3.375,mm,OK,--,9:24:49 AM,1/10/2026,
1180,49.0,gf,3.365,mm,OK,--,9:24:49 AM,1/10/2026,
1181,48.9,gf,3.360,mm,OK,--,9:24:49 AM,1/10/2026,
1182,49.0,gf,3.355,mm,OK,--,9:24:49 AM,1/10/2026,
1183,48.9,gf,3.345,mm,OK,--,9:24:49 AM,1/10/2026,
1184,49.0,gf,3.340,mm,OK,--,9:24:49 AM,1/10/2026,
1185,49.0,gf,3.330,mm,OK,--,9:24:49 AM,1/10/2026,
1186,48.9,gf,3.325,mm,OK,--,9:24:49 AM,1/10/2026,
1187,48.9,gf,3.320,mm,OK,--,9:24:49 AM,1/10/2026,
1188,48.9,gf,3.315,mm,OK,--,9:24:49 AM,1/10/2026,
1189,48.9,gf,3.310,mm,OK,--,9:24:50 AM,1/10/2026,
1190,48.9,gf,3.305,mm,OK,--,9:24:50 AM,1/10/2026,
1191,48.9,gf,3.295,mm,OK,--,9:24:50 AM,1/10/2026,
1192,48.9,gf,3.290,mm,OK,--,9:24:50 AM,1/10/2026,
1193,49.0,gf,3.285,mm,OK,--,9:24:50 AM,1/10/2026,
1194,48.8,gf,3.285,mm,OK,--,9:24:50 AM,1/10/2026,
1195,48.9,gf,3.280,mm,OK,--,9:24:50 AM,1/10/2026,
1196,48.9,gf,3.270,mm,OK,--,9:24:50 AM,1/10/2026,
1197,48.9,gf,3.265,mm,OK,--,9:24:50 AM,1/10/2026,
1198,48.9,gf,3.260,mm,OK,--,9:24:50 AM,1/10/2026,
1199,48.9,gf,3.260,mm,OK,--,9:24:51 AM,1/10/2026,
1200,48.9,gf,3.255,mm,OK,--,9:24:51 AM,1/10/2026,
1201,48.8,gf,3.250,mm,OK,--,9:24:51 AM,1/10/2026,
1202,48.8,gf,3.250,mm,OK,--,9:24:51 AM,1/10/2026,
1203,48.8,gf,3.245,mm,OK,--,9:24:51 AM,1/10/2026,
1204,48.7,gf,3.240,mm,OK,--,9:24:51 AM,1/10/2026,
1205,48.8,gf,3.235,mm,OK,--,9:24:51 AM,1/10/2026,
1206,48.8,gf,3.230,mm,OK,--,9:24:51 AM,1/10/2026,
1207,48.7,gf,3.230,mm,OK,--,9:24:51 AM,1/10/2026,
1208,48.9,gf,3.225,mm,OK,--,9:24:51 AM,1/10/2026,
1209,48.9,gf,3.220,mm,OK,--,9:24:52 AM,1/10/2026,
1210,48.9,gf,3.220,mm,OK,--,9:24:52 AM,1/10/2026,
1211,48.8,gf,3.210,mm,OK,--,9:24:52 AM,1/10/2026,
1212,48.8,gf,3.205,mm,OK,--,9:24:52 AM,1/10/2026,
1213,48.8,gf,3.200,mm,OK,--,9:24:52 AM,1/10/2026,
1214,48.6,gf,3.190,mm,OK,--,9:24:52 AM,1/10/2026,
1215,48.5,gf,3.185,mm,OK,--,9:24:52 AM,1/10/2026,
1216,48.5,gf,3.180,mm,OK,--,9:24:52 AM,1/10/2026,
1217,48.6,gf,3.170,mm,OK,--,9:24:52 AM,1/10/2026,
1218,48.7,gf,3.160,mm,OK,--,9:24:52 AM,1/10/2026,
1219,48.6,gf,3.150,mm,OK,--,9:24:53 AM,1/10/2026,
1220,48.6,gf,3.140,mm,OK,--,9:24:53 AM,1/10/2026,
1221,48.4,gf,3.135,mm,OK,--,9:24:53 AM,1/10/2026,
1222,48.4,gf,3.125,mm,OK,--,9:24:53 AM,1/10/2026,
1223,48.4,gf,3.115,mm,OK,--,9:24:53 AM,1/10/2026,
1224,48.4,gf,3.105,mm,OK,--,9:24:53 AM,1/10/2026,
1225,48.3,gf,3.095,mm,OK,--,9:24:53 AM,1/10/2026,
1226,48.4,gf,3.085,mm,OK,--,9:24:53 AM,1/10/2026,
1227,48.4,gf,3.075,mm,OK,--,9:24:53 AM,1/10/2026,
1228,48.3,gf,3.065,mm,OK,--,9:24:53 AM,1/10/2026,
1229,48.2,gf,3.055,mm,OK,--,9:24:54 AM,1/10/2026,
1230,48.2,gf,3.045,mm,OK,--,9:24:54 AM,1/10/2026,
1231,48.3,gf,3.035,mm,OK,--,9:24:54 AM,1/10/2026,
1232,48.1,gf,3.025,mm,OK,--,9:24:54 AM,1/10/2026,
1233,48.2,gf,3.015,mm,OK,--,9:24:54 AM,1/10/2026,
1234,48.1,gf,3.010,mm,OK,--,9:24:54 AM,1/10/2026,
1235,48.1,gf,3.000,mm,OK,--,9:24:54 AM,1/10/2026,
1236,48.1,gf,2.995,mm,OK,--,9:24:54 AM,1/10/2026,
1237,48.0,gf,2.985,mm,OK,--,9:24:54 AM,1/10/2026,
1238,48.0,gf,2.975,mm,OK,--,9:24:54 AM,1/10/2026,
1239,48.1,gf,2.970,mm,OK,--,9:24:55 AM,1/10/2026,
1240,48.1,gf,2.960,mm,OK,--,9:24:55 AM,1/10/2026,
1241,48.0,gf,2.950,mm,OK,--,9:24:55 AM,1/10/2026,
1242,48.0,gf,2.940,mm,OK,--,9:24:55 AM,1/10/2026,
1243,47.9,gf,2.935,mm,OK,--,9:24:55 AM,1/10/2026,
1244,47.9,gf,2.925,mm,OK,--,9:24:55 AM,1/10/2026,
1245,47.9,gf,2.920,mm,OK,--,9:24:55 AM,1/10/2026,
1246,47.8,gf,2.910,mm,OK,--,9:24:55 AM,1/10/2026,
1247,47.7,gf,2.905,mm,OK,--,9:24:55 AM,1/10/2026,
1248,47.7,gf,2.900,mm,OK,--,9:24:55 AM,1/10/2026,
1249,47.6,gf,2.895,mm,OK,--,9:24:56 AM,1/10/2026,
1250,47.7,gf,2.885,mm,OK,--,9:24:56 AM,1/10/2026,
1251,47.6,gf,2.875,mm,OK,--,9:24:56 AM,1/10/2026,
1252,47.6,gf,2.870,mm,OK,--,9:24:56 AM,1/10/2026,
1253,47.6,gf,2.865,mm,OK,--,9:24:56 AM,1/10/2026,
1254,47.6,gf,2.860,mm,OK,--,9:24:56 AM,1/10/2026,
1255,47.5,gf,2.855,mm,OK,--,9:24:56 AM,1/10/2026,
1256,47.5,gf,2.845,mm,OK,--,9:24:56 AM,1/10/2026,
1257,47.5,gf,2.840,mm,OK,--,9:24:56 AM,1/10/2026,
1258,47.5,gf,2.835,mm,OK,--,9:24:56 AM,1/10/2026,
1259,47.5,gf,2.830,mm,OK,--,9:24:57 AM,1/10/2026,
1260,47.5,gf,2.820,mm,OK,--,9:24:57 AM,1/10/2026,
1261,47.4,gf,2.810,mm,OK,--,9:24:57 AM,1/10/2026,
1262,47.4,gf,2.800,mm,OK,--,9:24:57 AM,1/10/2026,
1263,47.3,gf,2.795,mm,OK,--,9:24:57 AM,1/10/2026,
1264,47.4,gf,2.785,mm,OK,--,9:24:57 AM,1/10/2026,
1265,47.4,gf,2.780,mm,OK,--,9:24:57 AM,1/10/2026,
1266,47.3,gf,2.770,mm,OK,--,9:24:57 AM,1/10/2026,
1267,47.3,gf,2.765,mm,OK,--,9:24:57 AM,1/10/2026,
1268,47.3,gf,2.760,mm,OK,--,9:24:57 AM,1/10/2026,
1269,47.2,gf,2.755,mm,OK,--,9:24:58 AM,1/10/2026,
1270,47.2,gf,2.745,mm,OK,--,9:24:58 AM,1/10/2026,
1271,47.2,gf,2.740,mm,OK,--,9:24:58 AM,1/10/2026,
1272,47.1,gf,2.735,mm,OK,--,9:24:58 AM,1/10/2026,
1273,47.0,gf,2.730,mm,OK,--,9:24:58 AM,1/10/2026,
1274,47.0,gf,2.725,mm,OK,--,9:24:58 AM,1/10/2026,
1275,46.9,gf,2.720,mm,OK,--,9:24:58 AM,1/10/2026,
1276,47.1,gf,2.715,mm,OK,--,9:24:58 AM,1/10/2026,
1277,47.0,gf,2.710,mm,OK,--,9:24:58 AM,1/10/2026,
1278,47.0,gf,2.705,mm,OK,--,9:24:58 AM,1/10/2026,
1279,47.0,gf,2.705,mm,OK,--,9:24:59 AM,1/10/2026,
1280,47.1,gf,2.700,mm,OK,--,9:24:59 AM,1/10/2026,
1281,47.0,gf,2.690,mm,OK,--,9:24:59 AM,1/10/2026,
1282,47.1,gf,2.685,mm,OK,--,9:24:59 AM,1/10/2026,
1283,46.9,gf,2.675,mm,OK,--,9:24:59 AM,1/10/2026,
1284,46.9,gf,2.670,mm,OK,--,9:24:59 AM,1/10/2026,
1285,46.9,gf,2.665,mm,OK,--,9:24:59 AM,1/10/2026,
1286,46.8,gf,2.660,mm,OK,--,9:24:59 AM,1/10/2026,
1287,46.9,gf,2.650,mm,OK,--,9:24:59 AM,1/10/2026,
1288,46.9,gf,2.645,mm,OK,--,9:24:59 AM,1/10/2026,
1289,46.8,gf,2.640,mm,OK,--,9:25:00 AM,1/10/2026,
1290,46.9,gf,2.630,mm,OK,--,9:25:00 AM,1/10/2026,
1291,46.8,gf,2.625,mm,OK,--,9:25:00 AM,1/10/2026,
1292,46.8,gf,2.615,mm,OK,--,9:25:00 AM,1/10/2026,
1293,46.8,gf,2.610,mm,OK,--,9:25:00 AM,1/10/2026,
1294,46.8,gf,2.600,mm,OK,--,9:25:00 AM,1/10/2026,
1295,46.7,gf,2.595,mm,OK,--,9:25:00 AM,1/10/2026,
1296,46.7,gf,2.595,mm,OK,--,9:25:00 AM,1/10/2026,
1297,46.8,gf,2.590,mm,OK,--,9:25:00 AM,1/10/2026,
1298,46.8,gf,2.585,mm,OK,--,9:25:00 AM,1/10/2026,
1299,46.8,gf,2.580,mm,OK,--,9:25:01 AM,1/10/2026,
1300,46.7,gf,2.575,mm,OK,--,9:25:01 AM,1/10/2026,
1301,46.7,gf,2.570,mm,OK,--,9:25:01 AM,1/10/2026,
1302,46.7,gf,2.570,mm,OK,--,9:25:01 AM,1/10/2026,
1303,46.5,gf,2.565,mm,OK,--,9:25:01 AM,1/10/2026,
1304,46.4,gf,2.560,mm,OK,--,9:25:01 AM,1/10/2026,
1305,46.6,gf,2.555,mm,OK,--,9:25:01 AM,1/10/2026,
1306,46.4,gf,2.545,mm,OK,--,9:25:01 AM,1/10/2026,
1307,46.6,gf,2.540,mm,OK,--,9:25:01 AM,1/10/2026,
1308,46.5,gf,2.530,mm,OK,--,9:25:01 AM,1/10/2026,
1309,45.9,gf,2.520,mm,OK,--,9:25:02 AM,1/10/2026,
1310,45.4,gf,2.510,mm,OK,--,9:25:02 AM,1/10/2026,
1311,44.8,gf,2.500,mm,OK,--,9:25:02 AM,1/10/2026,
1312,44.3,gf,2.495,mm,OK,--,9:25:02 AM,1/10/2026,
1313,44.0,gf,2.490,mm,OK,--,9:25:02 AM,1/10/2026,
1314,43.8,gf,2.485,mm,OK,--,9:25:02 AM,1/10/2026,
1315,43.5,gf,2.475,mm,OK,--,9:25:02 AM,1/10/2026,
1316,43.4,gf,2.470,mm,OK,--,9:25:02 AM,1/10/2026,
1317,43.3,gf,2.465,mm,OK,--,9:25:02 AM,1/10/2026,
1318,43.2,gf,2.460,mm,OK,--,9:25:02 AM,1/10/2026,
1319,43.1,gf,2.455,mm,OK,--,9:25:03 AM,1/10/2026,
1320,42.6,gf,2.450,mm,OK,--,9:25:03 AM,1/10/2026,
1321,41.9,gf,2.445,mm,OK,--,9:25:03 AM,1/10/2026,
1322,41.6,gf,2.440,mm,OK,--,9:25:03 AM,1/10/2026,
1323,41.3,gf,2.440,mm,OK,--,9:25:03 AM,1/10/2026,
1324,41.2,gf,2.435,mm,OK,--,9:25:03 AM,1/10/2026,
1325,41.0,gf,2.435,mm,OK,--,9:25:03 AM,1/10/2026,
1326,40.8,gf,2.430,mm,OK,--,9:25:03 AM,1/10/2026,
1327,40.5,gf,2.430,mm,OK,--,9:25:03 AM,1/10/2026,
1328,40.4,gf,2.430,mm,OK,--,9:25:03 AM,1/10/2026,
1329,40.3,gf,2.425,mm,OK,--,9:25:04 AM,1/10/2026,
1330,40.0,gf,2.425,mm,OK,--,9:25:04 AM,1/10/2026,
1331,39.7,gf,2.425,mm,OK,--,9:25:04 AM,1/10/2026,
1332,39.4,gf,2.420,mm,OK,--,9:25:04 AM,1/10/2026,
1333,39.2,gf,2.420,mm,OK,--,9:25:04 AM,1/10/2026,
1334,38.9,gf,2.415,mm,OK,--,9:25:04 AM,1/10/2026,
1335,38.5,gf,2.415,mm,OK,--,9:25:04 AM,1/10/2026,
1336,38.2,gf,2.410,mm,OK,--,9:25:04 AM,1/10/2026,
1337,37.8,gf,2.405,mm,OK,--,9:25:04 AM,1/10/2026,
1338,37.4,gf,2.400,mm,OK,--,9:25:04 AM,1/10/2026,
1339,36.8,gf,2.395,mm,OK,--,9:25:05 AM,1/10/2026,
1340,36.3,gf,2.390,mm,OK,--,9:25:05 AM,1/10/2026,
1341,35.8,gf,2.385,mm,OK,--,9:25:05 AM,1/10/2026,
1342,35.4,gf,2.380,mm,OK,--,9:25:05 AM,1/10/2026,
1343,35.1,gf,2.380,mm,OK,--,9:25:05 AM,1/10/2026,
1344,34.9,gf,2.375,mm,OK,--,9:25:05 AM,1/10/2026,
1345,34.8,gf,2.370,mm,OK,--,9:25:05 AM,1/10/2026,
1346,34.7,gf,2.370,mm,OK,--,9:25:05 AM,1/10/2026,
1347,34.6,gf,2.365,mm,OK,--,9:25:05 AM,1/10/2026,
1348,34.5,gf,2.365,mm,OK,--,9:25:05 AM,1/10/2026,
1349,34.4,gf,2.360,mm,OK,--,9:25:06 AM,1/10/2026,
1350,34.1,gf,2.355,mm,OK,--,9:25:06 AM,1/10/2026,
1351,33.9,gf,2.350,mm,OK,--,9:25:06 AM,1/10/2026,
1352,33.8,gf,2.350,mm,OK,--,9:25:06 AM,1/10/2026,
1353,33.6,gf,2.345,mm,OK,--,9:25:06 AM,1/10/2026,
1354,33.4,gf,2.340,mm,OK,--,9:25:06 AM,1/10/2026,
1355,33.2,gf,2.335,mm,OK,--,9:25:06 AM,1/10/2026,
1356,32.9,gf,2.330,mm,OK,--,9:25:06 AM,1/10/2026,
1357,32.6,gf,2.325,mm,OK,--,9:25:06 AM,1/10/2026,
1358,32.4,gf,2.320,mm,OK,--,9:25:06 AM,1/10/2026,
1359,32.1,gf,2.310,mm,OK,--,9:25:07 AM,1/10/2026,
1360,32.0,gf,2.300,mm,OK,--,9:25:07 AM,1/10/2026,
1361,32.0,gf,2.295,mm,OK,--,9:25:07 AM,1/10/2026,
1362,31.6,gf,2.285,mm,OK,--,9:25:07 AM,1/10/2026,
1363,31.7,gf,2.275,mm,OK,--,9:25:07 AM,1/10/2026,
1364,31.7,gf,2.270,mm,OK,--,9:25:07 AM,1/10/2026,
1365,31.6,gf,2.265,mm,OK,--,9:25:07 AM,1/10/2026,
1366,31.5,gf,2.260,mm,OK,--,9:25:07 AM,1/10/2026,
1367,31.5,gf,2.255,mm,OK,--,9:25:07 AM,1/10/2026,
1368,31.4,gf,2.250,mm,OK,--,9:25:07 AM,1/10/2026,
1369,31.3,gf,2.245,mm,OK,--,9:25:08 AM,1/10/2026,
1370,31.3,gf,2.240,mm,OK,--,9:25:08 AM,1/10/2026,
1371,31.4,gf,2.235,mm,OK,--,9:25:08 AM,1/10/2026,
1372,31.3,gf,2.230,mm,OK,--,9:25:08 AM,1/10/2026,
1373,31.2,gf,2.230,mm,OK,--,9:25:08 AM,1/10/2026,
1374,31.2,gf,2.225,mm,OK,--,9:25:08 AM,1/10/2026,
1375,30.9,gf,2.220,mm,OK,--,9:25:08 AM,1/10/2026,
1376,30.7,gf,2.215,mm,OK,--,9:25:08 AM,1/10/2026,
1377,30.5,gf,2.210,mm,OK,--,9:25:08 AM,1/10/2026,
1378,30.6,gf,2.200,mm,OK,--,9:25:08 AM,1/10/2026,
1379,30.4,gf,2.190,mm,OK,--,9:25:09 AM,1/10/2026,
1380,30.1,gf,2.185,mm,OK,--,9:25:09 AM,1/10/2026,
1381,30.1,gf,2.175,mm,OK,--,9:25:09 AM,1/10/2026,
1382,29.8,gf,2.175,mm,OK,--,9:25:09 AM,1/10/2026,
1383,29.8,gf,2.170,mm,OK,--,9:25:09 AM,1/10/2026,
1384,30.0,gf,2.165,mm,OK,--,9:25:09 AM,1/10/2026,
1385,29.9,gf,2.160,mm,OK,--,9:25:09 AM,1/10/2026,
1386,29.7,gf,2.160,mm,OK,--,9:25:09 AM,1/10/2026,
1387,29.7,gf,2.155,mm,OK,--,9:25:09 AM,1/10/2026,
1388,29.7,gf,2.150,mm,OK,--,9:25:09 AM,1/10/2026,
1389,29.8,gf,2.145,mm,OK,--,9:25:10 AM,1/10/2026,
1390,29.7,gf,2.145,mm,OK,--,9:25:10 AM,1/10/2026,
1391,29.8,gf,2.140,mm,OK,--,9:25:10 AM,1/10/2026,
1392,29.8,gf,2.135,mm,OK,--,9:25:10 AM,1/10/2026,
1393,29.8,gf,2.130,mm,OK,--,9:25:10 AM,1/10/2026,
1394,29.8,gf,2.125,mm,OK,--,9:25:10 AM,1/10/2026,
1395,29.7,gf,2.120,mm,OK,--,9:25:10 AM,1/10/2026,
1396,29.5,gf,2.115,mm,OK,--,9:25:10 AM,1/10/2026,
1397,29.4,gf,2.110,mm,OK,--,9:25:10 AM,1/10/2026,
1398,29.3,gf,2.100,mm,OK,--,9:25:10 AM,1/10/2026,
1399,29.3,gf,2.095,mm,OK,--,9:25:11 AM,1/10/2026,
1400,29.3,gf,2.090,mm,OK,--,9:25:11 AM,1/10/2026,
1401,29.0,gf,2.085,mm,OK,--,9:25:11 AM,1/10/2026,
1402,28.7,gf,2.080,mm,OK,--,9:25:11 AM,1/10/2026,
1403,28.5,gf,2.080,mm,OK,--,9:25:11 AM,1/10/2026,
1404,28.5,gf,2.075,mm,OK,--,9:25:11 AM,1/10/2026,
1405,28.6,gf,2.070,mm,OK,--,9:25:11 AM,1/10/2026,
1406,28.8,gf,2.065,mm,OK,--,9:25:11 AM,1/10/2026,
1407,28.6,gf,2.060,mm,OK,--,9:25:11 AM,1/10/2026,
1408,28.6,gf,2.055,mm,OK,--,9:25:11 AM,1/10/2026,
1409,28.6,gf,2.050,mm,OK,--,9:25:12 AM,1/10/2026,
1410,28.8,gf,2.045,mm,OK,--,9:25:12 AM,1/10/2026,
1411,28.6,gf,2.040,mm,OK,--,9:25:12 AM,1/10/2026,
1412,28.4,gf,2.035,mm,OK,--,9:25:12 AM,1/10/2026,
1413,28.6,gf,2.035,mm,OK,--,9:25:12 AM,1/10/2026,
1414,28.6,gf,2.030,mm,OK,--,9:25:12 AM,1/10/2026,
1415,28.7,gf,2.025,mm,OK,--,9:25:12 AM,1/10/2026,
1416,28.6,gf,2.025,mm,OK,--,9:25:12 AM,1/10/2026,
1417,28.1,gf,2.020,mm,OK,--,9:25:12 AM,1/10/2026,
1418,28.4,gf,2.015,mm,OK,--,9:25:12 AM,1/10/2026,
1419,28.5,gf,2.015,mm,OK,--,9:25:13 AM,1/10/2026,
1420,28.4,gf,2.010,mm,OK,--,9:25:13 AM,1/10/2026,
1421,28.3,gf,2.005,mm,OK,--,9:25:13 AM,1/10/2026,
1422,28.2,gf,2.005,mm,OK,--,9:25:13 AM,1/10/2026,
1423,28.2,gf,2.000,mm,OK,--,9:25:13 AM,1/10/2026,
1424,28.0,gf,2.000,mm,OK,--,9:25:13 AM,1/10/2026,
1425,27.7,gf,1.995,mm,OK,--,9:25:13 AM,1/10/2026,
1426,27.8,gf,1.990,mm,OK,--,9:25:13 AM,1/10/2026,
1427,27.9,gf,1.985,mm,OK,--,9:25:13 AM,1/10/2026,
1428,27.8,gf,1.980,mm,OK,--,9:25:13 AM,1/10/2026,
1429,27.8,gf,1.975,mm,OK,--,9:25:14 AM,1/10/2026,
1430,27.7,gf,1.970,mm,OK,--,9:25:14 AM,1/10/2026,
1431,27.4,gf,1.970,mm,OK,--,9:25:14 AM,1/10/2026,
1432,27.7,gf,1.960,mm,OK,--,9:25:14 AM,1/10/2026,
1433,27.8,gf,1.960,mm,OK,--,9:25:14 AM,1/10/2026,
1434,27.7,gf,1.955,mm,OK,--,9:25:14 AM,1/10/2026,
1435,27.9,gf,1.950,mm,OK,--,9:25:14 AM,1/10/2026,
1436,27.9,gf,1.945,mm,OK,--,9:25:14 AM,1/10/2026,
1437,28.1,gf,1.940,mm,OK,--,9:25:14 AM,1/10/2026,
1438,27.9,gf,1.935,mm,OK,--,9:25:14 AM,1/10/2026,
1439,28.0,gf,1.930,mm,OK,--,9:25:15 AM,1/10/2026,
1440,27.8,gf,1.925,mm,OK,--,9:25:15 AM,1/10/2026,
1441,27.5,gf,1.915,mm,OK,--,9:25:15 AM,1/10/2026,
1442,27.8,gf,1.905,mm,OK,--,9:25:15 AM,1/10/2026,
1443,27.7,gf,1.900,mm,OK,--,9:25:15 AM,1/10/2026,
1444,27.8,gf,1.895,mm,OK,--,9:25:15 AM,1/10/2026,
1445,27.5,gf,1.885,mm,OK,--,9:25:15 AM,1/10/2026,
1446,27.7,gf,1.880,mm,OK,--,9:25:15 AM,1/10/2026,
1447,27.4,gf,1.875,mm,OK,--,9:25:15 AM,1/10/2026,
1448,27.2,gf,1.870,mm,OK,--,9:25:15 AM,1/10/2026,
1449,27.0,gf,1.860,mm,OK,--,9:25:16 AM,1/10/2026,
1450,27.3,gf,1.855,mm,OK,--,9:25:16 AM,1/10/2026,
1451,27.3,gf,1.845,mm,OK,--,9:25:16 AM,1/10/2026,
1452,27.6,gf,1.835,mm,OK,--,9:25:16 AM,1/10/2026,
1453,27.4,gf,1.825,mm,OK,--,9:25:16 AM,1/10/2026,
1454,27.5,gf,1.815,mm,OK,--,9:25:16 AM,1/10/2026,
1455,27.5,gf,1.810,mm,OK,--,9:25:16 AM,1/10/2026,
1456,27.5,gf,1.805,mm,OK,--,9:25:16 AM,1/10/2026,
1457,27.6,gf,1.795,mm,OK,--,9:25:16 AM,1/10/2026,
1458,27.7,gf,1.790,mm,OK,--,9:25:16 AM,1/10/2026,
1459,27.7,gf,1.790,mm,OK,--,9:25:17 AM,1/10/2026,
1460,27.7,gf,1.785,mm,OK,--,9:25:17 AM,1/10/2026,
1461,27.7,gf,1.780,mm,OK,--,9:25:17 AM,1/10/2026,
1462,27.7,gf,1.780,mm,OK,--,9:25:17 AM,1/10/2026,
1463,27.7,gf,1.775,mm,OK,--,9:25:17 AM,1/10/2026,
1464,27.8,gf,1.775,mm,OK,--,9:25:17 AM,1/10/2026,
1465,27.8,gf,1.770,mm,OK,--,9:25:17 AM,1/10/2026,
1466,27.8,gf,1.770,mm,OK,--,9:25:17 AM,1/10/2026,
1467,27.9,gf,1.765,mm,OK,--,9:25:17 AM,1/10/2026,
1468,28.2,gf,1.760,mm,OK,--,9:25:17 AM,1/10/2026,
1469,28.2,gf,1.755,mm,OK,--,9:25:18 AM,1/10/2026,
1470,28.6,gf,1.745,mm,OK,--,9:25:18 AM,1/10/2026,
1471,28.7,gf,1.740,mm,OK,--,9:25:18 AM,1/10/2026,
1472,28.8,gf,1.735,mm,OK,--,9:25:18 AM,1/10/2026,
1473,29.2,gf,1.730,mm,OK,--,9:25:18 AM,1/10/2026,
1474,29.2,gf,1.720,mm,OK,--,9:25:18 AM,1/10/2026,
1475,29.3,gf,1.715,mm,OK,--,9:25:18 AM,1/10/2026,
1476,29.4,gf,1.710,mm,OK,--,9:25:18 AM,1/10/2026,
1477,29.5,gf,1.710,mm,OK,--,9:25:18 AM,1/10/2026,
1478,29.5,gf,1.705,mm,OK,--,9:25:18 AM,1/10/2026,
1479,29.5,gf,1.700,mm,OK,--,9:25:19 AM,1/10/2026,
1480,29.5,gf,1.700,mm,OK,--,9:25:19 AM,1/10/2026,
1481,29.5,gf,1.700,mm,OK,--,9:25:19 AM,1/10/2026,
1482,29.5,gf,1.695,mm,OK,--,9:25:19 AM,1/10/2026,
1483,29.5,gf,1.695,mm,OK,--,9:25:19 AM,1/10/2026,
1484,29.5,gf,1.690,mm,OK,--,9:25:19 AM,1/10/2026,
1485,29.5,gf,1.690,mm,OK,--,9:25:19 AM,1/10/2026,
1486,29.5,gf,1.685,mm,OK,--,9:25:19 AM,1/10/2026,
1487,29.7,gf,1.680,mm,OK,--,9:25:19 AM,1/10/2026,
1488,29.8,gf,1.680,mm,OK,--,9:25:19 AM,1/10/2026,
1489,29.9,gf,1.675,mm,OK,--,9:25:20 AM,1/10/2026,
1490,30.0,gf,1.675,mm,OK,--,9:25:20 AM,1/10/2026,
1491,29.9,gf,1.670,mm,OK,--,9:25:20 AM,1/10/2026,
1492,29.9,gf,1.665,mm,OK,--,9:25:20 AM,1/10/2026,
1493,29.9,gf,1.665,mm,OK,--,9:25:20 AM,1/10/2026,
1494,29.8,gf,1.660,mm,OK,--,9:25:20 AM,1/10/2026,
1495,29.9,gf,1.655,mm,OK,--,9:25:20 AM,1/10/2026,
1496,30.1,gf,1.650,mm,OK,--,9:25:20 AM,1/10/2026,
1497,30.3,gf,1.645,mm,OK,--,9:25:20 AM,1/10/2026,
1498,30.4,gf,1.640,mm,OK,--,9:25:20 AM,1/10/2026,
1499,30.3,gf,1.635,mm,OK,--,9:25:21 AM,1/10/2026,
1500,30.2,gf,1.630,mm,OK,--,9:25:21 AM,1/10/2026,
1501,30.3,gf,1.625,mm,OK,--,9:25:21 AM,1/10/2026,
1502,30.4,gf,1.620,mm,OK,--,9:25:21 AM,1/10/2026,
1503,30.5,gf,1.615,mm,OK,--,9:25:21 AM,1/10/2026,
1504,30.6,gf,1.615,mm,OK,--,9:25:21 AM,1/10/2026,
1505,30.6,gf,1.610,mm,OK,--,9:25:21 AM,1/10/2026,
1506,30.6,gf,1.610,mm,OK,--,9:25:21 AM,1/10/2026,
1507,30.7,gf,1.605,mm,OK,--,9:25:21 AM,1/10/2026,
1508,30.7,gf,1.600,mm,OK,--,9:25:21 AM,1/10/2026,
1509,30.5,gf,1.600,mm,OK,--,9:25:22 AM,1/10/2026,
1510,30.6,gf,1.595,mm,OK,--,9:25:22 AM,1/10/2026,
1511,30.6,gf,1.590,mm,OK,--,9:25:22 AM,1/10/2026,
1512,30.8,gf,1.585,mm,OK,--,9:25:22 AM,1/10/2026,
1513,30.8,gf,1.585,mm,OK,--,9:25:22 AM,1/10/2026,
1514,30.8,gf,1.580,mm,OK,--,9:25:22 AM,1/10/2026,
1515,30.9,gf,1.575,mm,OK,--,9:25:22 AM,1/10/2026,
1516,31.0,gf,1.575,mm,OK,--,9:25:22 AM,1/10/2026,
1517,31.1,gf,1.570,mm,OK,--,9:25:22 AM,1/10/2026,
1518,31.0,gf,1.570,mm,OK,--,9:25:22 AM,1/10/2026,
1519,31.3,gf,1.565,mm,OK,--,9:25:23 AM,1/10/2026,
1520,31.3,gf,1.565,mm,OK,--,9:25:23 AM,1/10/2026,
1521,31.3,gf,1.560,mm,OK,--,9:25:23 AM,1/10/2026,
1522,31.9,gf,1.550,mm,OK,--,9:25:23 AM,1/10/2026,
1523,31.9,gf,1.545,mm,OK,--,9:25:23 AM,1/10/2026,
1524,32.0,gf,1.545,mm,OK,--,9:25:23 AM,1/10/2026,
1525,32.1,gf,1.540,mm,OK,--,9:25:23 AM,1/10/2026,
1526,32.1,gf,1.540,mm,OK,--,9:25:23 AM,1/10/2026,
1527,32.2,gf,1.535,mm,OK,--,9:25:23 AM,1/10/2026,
1528,32.3,gf,1.535,mm,OK,--,9:25:23 AM,1/10/2026,
1529,32.3,gf,1.535,mm,OK,--,9:25:24 AM,1/10/2026,
1530,32.2,gf,1.535,mm,OK,--,9:25:24 AM,1/10/2026,
1531,32.1,gf,1.530,mm,OK,--,9:25:24 AM,1/10/2026,
1532,32.4,gf,1.530,mm,OK,--,9:25:24 AM,1/10/2026,
1533,32.6,gf,1.525,mm,OK,--,9:25:24 AM,1/10/2026,
1534,32.5,gf,1.525,mm,OK,--,9:25:24 AM,1/10/2026,
1535,32.3,gf,1.525,mm,OK,--,9:25:24 AM,1/10/2026,
1536,32.4,gf,1.520,mm,OK,--,9:25:24 AM,1/10/2026,
1537,32.4,gf,1.520,mm,OK,--,9:25:24 AM,1/10/2026,
1538,32.5,gf,1.515,mm,OK,--,9:25:24 AM,1/10/2026,
1539,32.5,gf,1.510,mm,OK,--,9:25:25 AM,1/10/2026,
1540,32.8,gf,1.510,mm,OK,--,9:25:25 AM,1/10/2026,
1541,32.8,gf,1.505,mm,OK,--,9:25:25 AM,1/10/2026,
1542,33.0,gf,1.500,mm,OK,--,9:25:25 AM,1/10/2026,
1543,33.0,gf,1.495,mm,OK,--,9:25:25 AM,1/10/2026,
1544,33.1,gf,1.490,mm,OK,--,9:25:25 AM,1/10/2026,
1545,33.2,gf,1.485,mm,OK,--,9:25:25 AM,1/10/2026,
1546,33.2,gf,1.475,mm,OK,--,9:25:25 AM,1/10/2026,
1547,33.6,gf,1.470,mm,OK,--,9:25:25 AM,1/10/2026,
1548,33.5,gf,1.465,mm,OK,--,9:25:25 AM,1/10/2026,
1549,33.6,gf,1.455,mm,OK,--,9:25:26 AM,1/10/2026,
1550,33.9,gf,1.445,mm,OK,--,9:25:26 AM,1/10/2026,
1551,34.1,gf,1.440,mm,OK,--,9:25:26 AM,1/10/2026,
1552,34.0,gf,1.440,mm,OK,--,9:25:26 AM,1/10/2026,
1553,33.8,gf,1.435,mm,OK,--,9:25:26 AM,1/10/2026,
1554,33.5,gf,1.435,mm,OK,--,9:25:26 AM,1/10/2026,
1555,33.8,gf,1.435,mm,OK,--,9:25:26 AM,1/10/2026,
1556,33.8,gf,1.430,mm,OK,--,9:25:26 AM,1/10/2026,
1557,33.8,gf,1.425,mm,OK,--,9:25:26 AM,1/10/2026,
1558,33.7,gf,1.425,mm,OK,--,9:25:26 AM,1/10/2026,
1559,33.8,gf,1.420,mm,OK,--,9:25:27 AM,1/10/2026,
1560,33.8,gf,1.415,mm,OK,--,9:25:27 AM,1/10/2026,
1561,33.8,gf,1.415,mm,OK,--,9:25:27 AM,1/10/2026,
1562,33.7,gf,1.410,mm,OK,--,9:25:27 AM,1/10/2026,
1563,34.2,gf,1.400,mm,OK,--,9:25:27 AM,1/10/2026,
1564,34.3,gf,1.395,mm,OK,--,9:25:27 AM,1/10/2026,
1565,34.5,gf,1.385,mm,OK,--,9:25:27 AM,1/10/2026,
1566,34.3,gf,1.380,mm,OK,--,9:25:27 AM,1/10/2026,
1567,34.4,gf,1.380,mm,OK,--,9:25:27 AM,1/10/2026,
1568,34.6,gf,1.375,mm,OK,--,9:25:27 AM,1/10/2026,
1569,34.8,gf,1.365,mm,OK,--,9:25:28 AM,1/10/2026,
1570,34.8,gf,1.360,mm,OK,--,9:25:28 AM,1/10/2026,
1571,34.9,gf,1.355,mm,OK,--,9:25:28 AM,1/10/2026,
1572,34.9,gf,1.350,mm,OK,--,9:25:28 AM,1/10/2026,
1573,34.8,gf,1.345,mm,OK,--,9:25:28 AM,1/10/2026,
1574,34.8,gf,1.340,mm,OK,--,9:25:28 AM,1/10/2026,
1575,35.0,gf,1.335,mm,OK,--,9:25:28 AM,1/10/2026,
1576,35.0,gf,1.330,mm,OK,--,9:25:28 AM,1/10/2026,
1577,35.0,gf,1.325,mm,OK,--,9:25:28 AM,1/10/2026,
1578,35.2,gf,1.320,mm,OK,--,9:25:28 AM,1/10/2026,
1579,35.5,gf,1.315,mm,OK,--,9:25:29 AM,1/10/2026,
1580,35.6,gf,1.310,mm,OK,--,9:25:29 AM,1/10/2026,
1581,35.8,gf,1.305,mm,OK,--,9:25:29 AM,1/10/2026,
1582,35.8,gf,1.300,mm,OK,--,9:25:29 AM,1/10/2026,
1583,35.9,gf,1.295,mm,OK,--,9:25:29 AM,1/10/2026,
1584,36.0,gf,1.290,mm,OK,--,9:25:29 AM,1/10/2026,
1585,36.0,gf,1.285,mm,OK,--,9:25:29 AM,1/10/2026,
1586,36.1,gf,1.280,mm,OK,--,9:25:29 AM,1/10/2026,
1587,36.1,gf,1.270,mm,OK,--,9:25:29 AM,1/10/2026,
1588,36.2,gf,1.265,mm,OK,--,9:25:29 AM,1/10/2026,
1589,36.2,gf,1.255,mm,OK,--,9:25:30 AM,1/10/2026,
1590,36.1,gf,1.250,mm,OK,--,9:25:30 AM,1/10/2026,
1591,36.0,gf,1.245,mm,OK,--,9:25:30 AM,1/10/2026,
1592,36.1,gf,1.235,mm,OK,--,9:25:30 AM,1/10/2026,
1593,36.3,gf,1.230,mm,OK,--,9:25:30 AM,1/10/2026,
1594,36.4,gf,1.220,mm,OK,--,9:25:30 AM,1/10/2026,
1595,36.5,gf,1.215,mm,OK,--,9:25:30 AM,1/10/2026,
1596,36.7,gf,1.205,mm,OK,--,9:25:30 AM,1/10/2026,
1597,36.8,gf,1.195,mm,OK,--,9:25:30 AM,1/10/2026,
1598,36.9,gf,1.190,mm,OK,--,9:25:30 AM,1/10/2026,
1599,36.9,gf,1.180,mm,OK,--,9:25:31 AM,1/10/2026,
1600,36.9,gf,1.175,mm,OK,--,9:25:31 AM,1/10/2026,
1601,36.9,gf,1.165,mm,OK,--,9:25:31 AM,1/10/2026,
1602,37.1,gf,1.155,mm,OK,--,9:25:31 AM,1/10/2026,
1603,37.1,gf,1.150,mm,OK,--,9:25:31 AM,1/10/2026,
1604,37.1,gf,1.140,mm,OK,--,9:25:31 AM,1/10/2026,
1605,37.3,gf,1.135,mm,OK,--,9:25:31 AM,1/10/2026,
1606,37.3,gf,1.125,mm,OK,--,9:25:31 AM,1/10/2026,
1607,37.5,gf,1.120,mm,OK,--,9:25:31 AM,1/10/2026,
1608,37.5,gf,1.110,mm,OK,--,9:25:31 AM,1/10/2026,
1609,37.4,gf,1.105,mm,OK,--,9:25:32 AM,1/10/2026,
1610,37.5,gf,1.100,mm,OK,--,9:25:32 AM,1/10/2026,
1611,37.5,gf,1.095,mm,OK,--,9:25:32 AM,1/10/2026,
1612,37.5,gf,1.095,mm,OK,--,9:25:32 AM,1/10/2026,
1613,37.7,gf,1.090,mm,OK,--,9:25:32 AM,1/10/2026,
1614,37.7,gf,1.090,mm,OK,--,9:25:32 AM,1/10/2026,
1615,37.6,gf,1.085,mm,OK,--,9:25:32 AM,1/10/2026,
1616,37.5,gf,1.085,mm,OK,--,9:25:32 AM,1/10/2026,
1617,37.4,gf,1.080,mm,OK,--,9:25:32 AM,1/10/2026,
1618,37.3,gf,1.080,mm,OK,--,9:25:32 AM,1/10/2026,
1619,37.5,gf,1.075,mm,OK,--,9:25:33 AM,1/10/2026,
1620,37.5,gf,1.075,mm,OK,--,9:25:33 AM,1/10/2026,
1621,37.7,gf,1.070,mm,OK,--,9:25:33 AM,1/10/2026,
1622,37.6,gf,1.065,mm,OK,--,9:25:33 AM,1/10/2026,
1623,37.5,gf,1.060,mm,OK,--,9:25:33 AM,1/10/2026,
1624,37.6,gf,1.055,mm,OK,--,9:25:33 AM,1/10/2026,
1625,37.7,gf,1.055,mm,OK,--,9:25:33 AM,1/10/2026,
1626,37.5,gf,1.050,mm,OK,--,9:25:33 AM,1/10/2026,
1627,37.7,gf,1.045,mm,OK,--,9:25:33 AM,1/10/2026,
1628,37.8,gf,1.040,mm,OK,--,9:25:33 AM,1/10/2026,
1629,37.8,gf,1.035,mm,OK,--,9:25:34 AM,1/10/2026,
1630,37.7,gf,1.025,mm,OK,--,9:25:34 AM,1/10/2026,
1631,37.7,gf,1.025,mm,OK,--,9:25:34 AM,1/10/2026,
1632,37.6,gf,1.020,mm,OK,--,9:25:34 AM,1/10/2026,
1633,37.7,gf,1.015,mm,OK,--,9:25:34 AM,1/10/2026,
1634,37.8,gf,1.010,mm,OK,--,9:25:34 AM,1/10/2026,
1635,37.6,gf,1.005,mm,OK,--,9:25:34 AM,1/10/2026,
1636,38.1,gf,1.005,mm,OK,--,9:25:34 AM,1/10/2026,
1637,38.0,gf,1.000,mm,OK,--,9:25:34 AM,1/10/2026,
1638,37.9,gf,1.000,mm,OK,--,9:25:34 AM,1/10/2026,
1639,37.6,gf,1.000,mm,OK,--,9:25:35 AM,1/10/2026,
1640,37.6,gf,1.000,mm,OK,--,9:25:35 AM,1/10/2026,
1641,37.7,gf,0.995,mm,OK,--,9:25:35 AM,1/10/2026,
1642,37.8,gf,0.995,mm,OK,--,9:25:35 AM,1/10/2026,
1643,37.8,gf,0.990,mm,OK,--,9:25:35 AM,1/10/2026,
1644,37.9,gf,0.990,mm,OK,--,9:25:35 AM,1/10/2026,
1645,37.8,gf,0.985,mm,OK,--,9:25:35 AM,1/10/2026,
1646,38.0,gf,0.980,mm,OK,--,9:25:35 AM,1/10/2026,
1647,38.1,gf,0.975,mm,OK,--,9:25:35 AM,1/10/2026,
1648,38.0,gf,0.970,mm,OK,--,9:25:35 AM,1/10/2026,
1649,37.9,gf,0.965,mm,OK,--,9:25:36 AM,1/10/2026,
1650,37.9,gf,0.955,mm,OK,--,9:25:36 AM,1/10/2026,
1651,38.0,gf,0.950,mm,OK,--,9:25:36 AM,1/10/2026,
1652,37.8,gf,0.940,mm,OK,--,9:25:36 AM,1/10/2026,
1653,37.7,gf,0.940,mm,OK,--,9:25:36 AM,1/10/2026,
1654,37.5,gf,0.935,mm,OK,--,9:25:36 AM,1/10/2026,
1655,37.6,gf,0.930,mm,OK,--,9:25:36 AM,1/10/2026,
1656,37.8,gf,0.925,mm,OK,--,9:25:36 AM,1/10/2026,
1657,37.8,gf,0.920,mm,OK,--,9:25:36 AM,1/10/2026,
1658,37.7,gf,0.915,mm,OK,--,9:25:36 AM,1/10/2026,
1659,37.8,gf,0.910,mm,OK,--,9:25:37 AM,1/10/2026,
1660,38.0,gf,0.900,mm,OK,--,9:25:37 AM,1/10/2026,
1661,38.0,gf,0.890,mm,OK,--,9:25:37 AM,1/10/2026,
1662,38.0,gf,0.880,mm,OK,--,9:25:37 AM,1/10/2026,
1663,38.2,gf,0.870,mm,OK,--,9:25:37 AM,1/10/2026,
1664,38.2,gf,0.865,mm,OK,--,9:25:37 AM,1/10/2026,
1665,38.1,gf,0.860,mm,OK,--,9:25:37 AM,1/10/2026,
1666,38.4,gf,0.855,mm,OK,--,9:25:37 AM,1/10/2026,
1667,38.5,gf,0.850,mm,OK,--,9:25:37 AM,1/10/2026,
1668,38.6,gf,0.845,mm,OK,--,9:25:37 AM,1/10/2026,
1669,38.7,gf,0.840,mm,OK,--,9:25:38 AM,1/10/2026,
1670,38.6,gf,0.835,mm,OK,--,9:25:38 AM,1/10/2026,
1671,38.5,gf,0.830,mm,OK,--,9:25:38 AM,1/10/2026,
1672,38.5,gf,0.825,mm,OK,--,9:25:38 AM,1/10/2026,
1673,38.6,gf,0.820,mm,OK,--,9:25:38 AM,1/10/2026,
1674,38.6,gf,0.815,mm,OK,--,9:25:38 AM,1/10/2026,
1675,38.7,gf,0.805,mm,OK,--,9:25:38 AM,1/10/2026,
1676,38.9,gf,0.795,mm,OK,--,9:25:38 AM,1/10/2026,
1677,38.9,gf,0.785,mm,OK,--,9:25:38 AM,1/10/2026,
1678,39.1,gf,0.775,mm,OK,--,9:25:38 AM,1/10/2026,
1679,39.4,gf,0.770,mm,OK,--,9:25:39 AM,1/10/2026,
1680,39.4,gf,0.760,mm,OK,--,9:25:39 AM,1/10/2026,
1681,39.7,gf,0.755,mm,OK,--,9:25:39 AM,1/10/2026,
1682,39.6,gf,0.755,mm,OK,--,9:25:39 AM,1/10/2026,
1683,39.6,gf,0.750,mm,OK,--,9:25:39 AM,1/10/2026,
1684,39.8,gf,0.740,mm,OK,--,9:25:39 AM,1/10/2026,
1685,39.8,gf,0.735,mm,OK,--,9:25:39 AM,1/10/2026,
1686,39.8,gf,0.730,mm,OK,--,9:25:39 AM,1/10/2026,
1687,39.9,gf,0.730,mm,OK,--,9:25:39 AM,1/10/2026,
1688,39.8,gf,0.725,mm,OK,--,9:25:39 AM,1/10/2026,
1689,39.8,gf,0.725,mm,OK,--,9:25:40 AM,1/10/2026,
1690,39.9,gf,0.720,mm,OK,--,9:25:40 AM,1/10/2026,
1691,40.0,gf,0.720,mm,OK,--,9:25:40 AM,1/10/2026,
1692,40.0,gf,0.720,mm,OK,--,9:25:40 AM,1/10/2026,
1693,40.0,gf,0.715,mm,OK,--,9:25:40 AM,1/10/2026,
1694,40.1,gf,0.715,mm,OK,--,9:25:40 AM,1/10/2026,
1695,40.1,gf,0.710,mm,OK,--,9:25:40 AM,1/10/2026,
1696,40.1,gf,0.710,mm,OK,--,9:25:40 AM,1/10/2026,
1697,40.1,gf,0.705,mm,OK,--,9:25:40 AM,1/10/2026,
1698,40.1,gf,0.705,mm,OK,--,9:25:40 AM,1/10/2026,
1699,39.9,gf,0.705,mm,OK,--,9:25:41 AM,1/10/2026,
1700,39.8,gf,0.700,mm,OK,--,9:25:41 AM,1/10/2026,
1701,39.6,gf,0.700,mm,OK,--,9:25:41 AM,1/10/2026,
1702,39.5,gf,0.695,mm,OK,--,9:25:41 AM,1/10/2026,
1703,39.6,gf,0.695,mm,OK,--,9:25:41 AM,1/10/2026,
1704,39.7,gf,0.690,mm,OK,--,9:25:41 AM,1/10/2026,
1705,39.8,gf,0.690,mm,OK,--,9:25:41 AM,1/10/2026,
1706,40.0,gf,0.685,mm,OK,--,9:25:41 AM,1/10/2026,
1707,39.8,gf,0.680,mm,OK,--,9:25:41 AM,1/10/2026,
1708,39.8,gf,0.680,mm,OK,--,9:25:41 AM,1/10/2026,
1709,39.8,gf,0.675,mm,OK,--,9:25:42 AM,1/10/2026,
1710,39.9,gf,0.670,mm,OK,--,9:25:42 AM,1/10/2026,
1711,39.9,gf,0.665,mm,OK,--,9:25:42 AM,1/10/2026,
1712,40.2,gf,0.660,mm,OK,--,9:25:42 AM,1/10/2026,
1713,40.5,gf,0.655,mm,OK,--,9:25:42 AM,1/10/2026,
1714,40.5,gf,0.650,mm,OK,--,9:25:42 AM,1/10/2026,
1715,40.5,gf,0.645,mm,OK,--,9:25:42 AM,1/10/2026,
1716,40.6,gf,0.640,mm,OK,--,9:25:42 AM,1/10/2026,
1717,40.6,gf,0.635,mm,OK,--,9:25:42 AM,1/10/2026,
1718,40.6,gf,0.635,mm,OK,--,9:25:42 AM,1/10/2026,
1719,40.7,gf,0.630,mm,OK,--,9:25:43 AM,1/10/2026,
1720,40.6,gf,0.630,mm,OK,--,9:25:43 AM,1/10/2026,
1721,40.5,gf,0.625,mm,OK,--,9:25:43 AM,1/10/2026,
1722,40.5,gf,0.620,mm,OK,--,9:25:43 AM,1/10/2026,
1723,40.5,gf,0.615,mm,OK,--,9:25:43 AM,1/10/2026,
1724,40.7,gf,0.610,mm,OK,--,9:25:43 AM,1/10/2026,
1725,40.7,gf,0.605,mm,OK,--,9:25:43 AM,1/10/2026,
1726,40.8,gf,0.600,mm,OK,--,9:25:43 AM,1/10/2026,
1727,40.8,gf,0.595,mm,OK,--,9:25:43 AM,1/10/2026,
1728,41.1,gf,0.595,mm,OK,--,9:25:43 AM,1/10/2026,
1729,41.2,gf,0.590,mm,OK,--,9:25:44 AM,1/10/2026,
1730,41.3,gf,0.585,mm,OK,--,9:25:44 AM,1/10/2026,
1731,41.4,gf,0.585,mm,OK,--,9:25:44 AM,1/10/2026,
1732,41.5,gf,0.580,mm,OK,--,9:25:44 AM,1/10/2026,
1733,41.6,gf,0.580,mm,OK,--,9:25:44 AM,1/10/2026,
1734,41.5,gf,0.575,mm,OK,--,9:25:44 AM,1/10/2026,
1735,41.4,gf,0.575,mm,OK,--,9:25:44 AM,1/10/2026,
1736,41.4,gf,0.575,mm,OK,--,9:25:44 AM,1/10/2026,
1737,41.2,gf,0.570,mm,OK,--,9:25:44 AM,1/10/2026,
1738,41.3,gf,0.565,mm,OK,--,9:25:44 AM,1/10/2026,
1739,41.5,gf,0.560,mm,OK,--,9:25:45 AM,1/10/2026,
1740,41.7,gf,0.555,mm,OK,--,9:25:45 AM,1/10/2026,
1741,41.8,gf,0.555,mm,OK,--,9:25:45 AM,1/10/2026,
1742,41.8,gf,0.550,mm,OK,--,9:25:45 AM,1/10/2026,
1743,42.0,gf,0.545,mm,OK,--,9:25:45 AM,1/10/2026,
1744,42.3,gf,0.540,mm,OK,--,9:25:45 AM,1/10/2026,
1745,42.4,gf,0.535,mm,OK,--,9:25:45 AM,1/10/2026,
1746,42.4,gf,0.530,mm,OK,--,9:25:45 AM,1/10/2026,
1747,42.4,gf,0.525,mm,OK,--,9:25:45 AM,1/10/2026,
1748,42.7,gf,0.515,mm,OK,--,9:25:45 AM,1/10/2026,
1749,42.7,gf,0.510,mm,OK,--,9:25:46 AM,1/10/2026,
1750,42.6,gf,0.505,mm,OK,--,9:25:46 AM,1/10/2026,
1751,42.6,gf,0.500,mm,OK,--,9:25:46 AM,1/10/2026,
1752,42.7,gf,0.490,mm,OK,--,9:25:46 AM,1/10/2026,
1753,42.6,gf,0.485,mm,OK,--,9:25:46 AM,1/10/2026,
1754,42.7,gf,0.485,mm,OK,--,9:25:46 AM,1/10/2026,
1755,42.7,gf,0.480,mm,OK,--,9:25:46 AM,1/10/2026,
1756,42.8,gf,0.475,mm,OK,--,9:25:46 AM,1/10/2026,
1757,42.7,gf,0.470,mm,OK,--,9:25:46 AM,1/10/2026,
1758,42.7,gf,0.465,mm,OK,--,9:25:46 AM,1/10/2026,
1759,42.6,gf,0.460,mm,OK,--,9:25:47 AM,1/10/2026,
1760,42.5,gf,0.460,mm,OK,--,9:25:47 AM,1/10/2026,
1761,42.6,gf,0.455,mm,OK,--,9:25:47 AM,1/10/2026,
1762,42.7,gf,0.450,mm,OK,--,9:25:47 AM,1/10/2026,
1763,42.5,gf,0.450,mm,OK,--,9:25:47 AM,1/10/2026,
1764,42.5,gf,0.445,mm,OK,--,9:25:47 AM,1/10/2026,
1765,42.5,gf,0.440,mm,OK,--,9:25:47 AM,1/10/2026,
1766,42.4,gf,0.435,mm,OK,--,9:25:47 AM,1/10/2026,
1767,42.3,gf,0.430,mm,OK,--,9:25:47 AM,1/10/2026,
1768,42.4,gf,0.425,mm,OK,--,9:25:47 AM,1/10/2026,
1769,42.4,gf,0.425,mm,OK,--,9:25:48 AM,1/10/2026,
1770,42.3,gf,0.420,mm,OK,--,9:25:48 AM,1/10/2026,
1771,42.2,gf,0.415,mm,OK,--,9:25:48 AM,1/10/2026,
1772,42.1,gf,0.415,mm,OK,--,9:25:48 AM,1/10/2026,
1773,42.2,gf,0.410,mm,OK,--,9:25:48 AM,1/10/2026,
1774,42.2,gf,0.410,mm,OK,--,9:25:48 AM,1/10/2026,
1775,42.2,gf,0.405,mm,OK,--,9:25:48 AM,1/10/2026,
1776,42.3,gf,0.400,mm,OK,--,9:25:48 AM,1/10/2026,
1777,42.2,gf,0.400,mm,OK,--,9:25:48 AM,1/10/2026,
1778,42.2,gf,0.395,mm,OK,--,9:25:48 AM,1/10/2026,
1779,42.1,gf,0.395,mm,OK,--,9:25:49 AM,1/10/2026,
1780,42.0,gf,0.390,mm,OK,--,9:25:49 AM,1/10/2026,
1781,42.1,gf,0.385,mm,OK,--,9:25:49 AM,1/10/2026,
1782,41.8,gf,0.385,mm,OK,--,9:25:49 AM,1/10/2026,
1783,41.9,gf,0.380,mm,OK,--,9:25:49 AM,1/10/2026,
1784,41.9,gf,0.375,mm,OK,--,9:25:49 AM,1/10/2026,
1785,41.8,gf,0.370,mm,OK,--,9:25:49 AM,1/10/2026,
1786,41.7,gf,0.360,mm,OK,--,9:25:49 AM,1/10/2026,
1787,41.6,gf,0.355,mm,OK,--,9:25:49 AM,1/10/2026,
1788,41.5,gf,0.350,mm,OK,--,9:25:49 AM,1/10/2026,
1789,41.4,gf,0.345,mm,OK,--,9:25:50 AM,1/10/2026,
1790,41.5,gf,0.340,mm,OK,--,9:25:50 AM,1/10/2026,
1791,41.5,gf,0.335,mm,OK,--,9:25:50 AM,1/10/2026,
1792,41.4,gf,0.330,mm,OK,--,9:25:50 AM,1/10/2026,
1793,41.4,gf,0.325,mm,OK,--,9:25:50 AM,1/10/2026,
1794,41.3,gf,0.320,mm,OK,--,9:25:50 AM,1/10/2026,
1795,41.2,gf,0.310,mm,OK,--,9:25:50 AM,1/10/2026,
1796,41.1,gf,0.305,mm,OK,--,9:25:50 AM,1/10/2026,
1797,41.0,gf,0.300,mm,OK,--,9:25:50 AM,1/10/2026,
1798,40.9,gf,0.295,mm,OK,--,9:25:50 AM,1/10/2026,
1799,40.9,gf,0.295,mm,OK,--,9:25:51 AM,1/10/2026,
1800,40.7,gf,0.290,mm,OK,--,9:25:51 AM,1/10/2026,
1801,40.7,gf,0.290,mm,OK,--,9:25:51 AM,1/10/2026,
1802,40.6,gf,0.285,mm,OK,--,9:25:51 AM,1/10/2026,
1803,40.6,gf,0.285,mm,OK,--,9:25:51 AM,1/10/2026,
1804,40.5,gf,0.280,mm,OK,--,9:25:51 AM,1/10/2026,
1805,40.6,gf,0.280,mm,OK,--,9:25:51 AM,1/10/2026,
1806,40.6,gf,0.275,mm,OK,--,9:25:51 AM,1/10/2026,
1807,40.6,gf,0.270,mm,OK,--,9:25:51 AM,1/10/2026,
1808,40.3,gf,0.265,mm,OK,--,9:25:51 AM,1/10/2026,
1809,40.2,gf,0.255,mm,OK,--,9:25:52 AM,1/10/2026,
1810,40.1,gf,0.250,mm,OK,--,9:25:52 AM,1/10/2026,
1811,40.0,gf,0.240,mm,OK,--,9:25:52 AM,1/10/2026,
1812,39.8,gf,0.230,mm,OK,--,9:25:52 AM,1/10/2026,
1813,39.7,gf,0.225,mm,OK,--,9:25:52 AM,1/10/2026,
1814,39.4,gf,0.220,mm,OK,--,9:25:52 AM,1/10/2026,
1815,39.2,gf,0.210,mm,OK,--,9:25:52 AM,1/10/2026,
1816,39.1,gf,0.205,mm,OK,--,9:25:52 AM,1/10/2026,
1817,38.8,gf,0.200,mm,OK,--,9:25:52 AM,1/10/2026,
1818,38.6,gf,0.195,mm,OK,--,9:25:52 AM,1/10/2026,
1819,38.5,gf,0.190,mm,OK,--,9:25:53 AM,1/10/2026,
1820,38.4,gf,0.185,mm,OK,--,9:25:53 AM,1/10/2026,
1821,38.2,gf,0.180,mm,OK,--,9:25:53 AM,1/10/2026,
1822,38.1,gf,0.175,mm,OK,--,9:25:53 AM,1/10/2026,
1823,37.9,gf,0.170,mm,OK,--,9:25:53 AM,1/10/2026,
1824,37.8,gf,0.165,mm,OK,--,9:25:53 AM,1/10/2026,
1825,37.7,gf,0.160,mm,OK,--,9:25:53 AM,1/10/2026,
1826,37.6,gf,0.155,mm,OK,--,9:25:53 AM,1/10/2026,
1827,37.5,gf,0.145,mm,OK,--,9:25:53 AM,1/10/2026,
1828,37.4,gf,0.140,mm,OK,--,9:25:53 AM,1/10/2026,
1829,37.3,gf,0.135,mm,OK,--,9:25:54 AM,1/10/2026,
1830,36.3,gf,0.135,mm,OK,--,9:25:54 AM,1/10/2026,
1831,33.6,gf,0.130,mm,OK,--,9:25:54 AM,1/10/2026,
1832,31.1,gf,0.125,mm,OK,--,9:25:54 AM,1/10/2026,
1833,28.1,gf,0.120,mm,OK,--,9:25:54 AM,1/10/2026,
1834,21.7,gf,0.115,mm,OK,--,9:25:54 AM,1/10/2026,
1835,16.9,gf,0.110,mm,OK,--,9:25:54 AM,1/10/2026,
1836,12.7,gf,0.105,mm,OK,--,9:25:54 AM,1/10/2026,
1837,8.8,gf,0.100,mm,OK,--,9:25:54 AM,1/10/2026,
1838,4.1,gf,0.095,mm,OK,--,9:25:54 AM,1/10/2026,
1839,0.1,gf,0.090,mm,OK,--,9:25:55 AM,1/10/2026,
1840,0.2,gf,0.085,mm,OK,--,9:25:55 AM,1/10/2026,
1841,0.0,gf,0.080,mm,OK,--,9:25:55 AM,1/10/2026,
1842,0.0,gf,0.080,mm,OK,--,9:25:55 AM,1/10/2026,
1843,0.0,gf,0.075,mm,OK,--,9:25:55 AM,1/10/2026,
1844,0.1,gf,0.075,mm,OK,--,9:25:55 AM,1/10/2026,
1845,0.0,gf,0.070,mm,OK,--,9:25:55 AM,1/10/2026,
1846,0.0,gf,0.065,mm,OK,--,9:25:55 AM,1/10/2026,
1847,0.0,gf,0.060,mm,OK,--,9:25:55 AM,1/10/2026,
1848,0.0,gf,0.045,mm,OK,--,9:25:55 AM,1/10/2026,
1849,0.0,gf,0.040,mm,OK,--,9:25:56 AM,1/10/2026,
1850,0.0,gf,0.030,mm,OK,--,9:25:56 AM,1/10/2026,
1851,0.0,gf,0.025,mm,OK,--,9:25:56 AM,1/10/2026,
1852,0.0,gf,0.010,mm,OK,--,9:25:56 AM,1/10/2026,
1853,0.0,gf,-0.005,mm,OK,--,9:25:56 AM,1/10/2026,
1854,0.0,gf,-0.015,mm,OK,--,9:25:56 AM,1/10/2026,
1855,0.0,gf,-0.020,mm,OK,--,9:25:56 AM,1/10/2026,
1856,-0.1,gf,-0.020,mm,OK,--,9:25:56 AM,1/10/2026,
1857,0.0,gf,-0.020,mm,OK,--,9:25:56 AM,1/10/2026,
1858,0.1,gf,-0.020,mm,OK,--,9:25:56 AM,1/10/2026,
1859,0.0,gf,-0.020,mm,OK,--,9:25:57 AM,1/10/2026,
1860,0.0,gf,-0.020,mm,OK,--,9:25:57 AM,1/10/2026,
1861,0.0,gf,-0.020,mm,OK,--,9:25:57 AM,1/10/2026,
1862,0.1,gf,-0.020,mm,OK,--,9:25:57 AM,1/10/2026,
1863,-0.2,gf,-0.020,mm,OK,--,9:25:57 AM,1/10/2026,
1864,0.1,gf,-0.020,mm,OK,--,9:25:57 AM,1/10/2026,
1865,0.0,gf,-0.020,mm,OK,--,9:25:57 AM,1/10/2026,
1866,0.0,gf,-0.020,mm,OK,--,9:25:57 AM,1/10/2026,
1867,0.0,gf,-0.015,mm,OK,--,9:25:57 AM,1/10/2026,
1868,0.1,gf,-0.015,mm,OK,--,9:25:57 AM,1/10/2026,
1869,0.1,gf,-0.010,mm,OK,--,9:25:58 AM,1/10/2026,
1870,0.0,gf,-0.010,mm,OK,--,9:25:58 AM,1/10/2026,
1871,0.0,gf,-0.010,mm,OK,--,9:25:58 AM,1/10/2026,
1872,0.0,gf,-0.010,mm,OK,--,9:25:58 AM,1/10/2026,
1873,0.1,gf,-0.005,mm,OK,--,9:25:58 AM,1/10/2026,
1874,0.0,gf,-0.005,mm,OK,--,9:25:58 AM,1/10/2026,
1875,0.0,gf,-0.005,mm,OK,--,9:25:58 AM,1/10/2026,
1876,0.0,gf,0.000,mm,OK,--,9:25:58 AM,1/10/2026,
1877,0.0,gf,0.000,mm,OK,--,9:25:58 AM,1/10/2026,
1878,0.0,gf,0.000,mm,OK,--,9:25:58 AM,1/10/2026,
1879,0.0,gf,0.000,mm,OK,--,9:25:59 AM,1/10/2026,
1880,0.1,gf,0.000,mm,OK,--,9:25:59 AM,1/10/2026,
1881,0.0,gf,0.005,mm,OK,--,9:25:59 AM,1/10/2026,
