Maximum,194.2,@,No.1032,,,,,,
Minimum,-0.2,@,No.19,,,,,,
Average,51.25,,,,,,,,
Data Quantity,1935,,,,,,,,
Number of NG,0,,,,,,,,
No.,Force,Unit,Displacement,Unit,Judge,Position,Time,Date,
1,0.0,gf,0.000,mm,OK,--,4:59:01 PM,11/25/2025,
2,0.0,gf,0.000,mm,OK,--,4:59:01 PM,11/25/2025,
3,0.0,gf,0.000,mm,OK,--,4:59:01 PM,11/25/2025,
4,0.1,gf,0.000,mm,OK,--,4:59:01 PM,11/25/2025,
5,0.0,gf,0.000,mm,OK,--,4:59:01 PM,11/25/2025,
6,0.0,gf,0.000,mm,OK,--,4:59:01 PM,11/25/2025,
7,0.1,gf,0.000,mm,OK,--,4:59:02 PM,11/25/2025,
8,0.0,gf,0.000,mm,OK,--,4:59:02 PM,11/25/2025,
9,-0.1,gf,0.000,mm,OK,--,4:59:02 PM,11/25/2025,
10,0.0,gf,0.000,mm,OK,--,4:59:02 PM,11/25/2025,
11,0.3,gf,0.000,mm,OK,--,4:59:02 PM,11/25/2025,
12,0.1,gf,0.000,mm,OK,--,4:59:02 PM,11/25/2025,
13,0.0,gf,0.000,mm,OK,--,4:59:02 PM,11/25/2025,
14,0.0,gf,0.000,mm,OK,--,4:59:02 PM,11/25/2025,
15,0.1,gf,0.000,mm,OK,--,4:59:02 PM,11/25/2025,
16,0.1,gf,0.005,mm,OK,--,4:59:02 PM,11/25/2025,
17,0.0,gf,0.005,mm,OK,--,4:59:03 PM,11/25/2025,
18,-0.1,gf,0.005,mm,OK,--,4:59:03 PM,11/25/2025,
19,-0.2,gf,0.005,mm,OK,--,4:59:03 PM,11/25/2025,
20,-0.2,gf,0.005,mm,OK,--,4:59:03 PM,11/25/2025,
21,0.0,gf,0.005,mm,OK,--,4:59:03 PM,11/25/2025,
22,0.3,gf,0.005,mm,OK,--,4:59:03 PM,11/25/2025,
23,0.0,gf,0.010,mm,OK,--,4:59:03 PM,11/25/2025,
24,-0.1,gf,0.010,mm,OK,--,4:59:03 PM,11/25/2025,
25,-0.1,gf,0.010,mm,OK,--,4:59:03 PM,11/25/2025,
26,0.0,gf,0.010,mm,OK,--,4:59:03 PM,11/25/2025,
27,0.0,gf,0.010,mm,OK,--,4:59:04 PM,11/25/2025,
28,0.0,gf,0.015,mm,OK,--,4:59:04 PM,11/25/2025,
29,0.0,gf,0.015,mm,OK,--,4:59:04 PM,11/25/2025,
30,0.0,gf,0.015,mm,OK,--,4:59:04 PM,11/25/2025,
31,0.0,gf,0.020,mm,OK,--,4:59:04 PM,11/25/2025,
32,0.0,gf,0.020,mm,OK,--,4:59:04 PM,11/25/2025,
33,0.0,gf,0.025,mm,OK,--,4:59:04 PM,11/25/2025,
34,0.0,gf,0.025,mm,OK,--,4:59:04 PM,11/25/2025,
35,0.0,gf,0.030,mm,OK,--,4:59:04 PM,11/25/2025,
36,0.0,gf,0.035,mm,OK,--,4:59:04 PM,11/25/2025,
37,0.0,gf,0.040,mm,OK,--,4:59:05 PM,11/25/2025,
38,0.0,gf,0.045,mm,OK,--,4:59:05 PM,11/25/2025,
39,0.0,gf,0.045,mm,OK,--,4:59:05 PM,11/25/2025,
40,0.0,gf,0.050,mm,OK,--,4:59:05 PM,11/25/2025,
41,2.1,gf,0.055,mm,OK,--,4:59:05 PM,11/25/2025,
42,5.1,gf,0.055,mm,OK,--,4:59:05 PM,11/25/2025,
43,7.7,gf,0.060,mm,OK,--,4:59:05 PM,11/25/2025,
44,9.9,gf,0.060,mm,OK,--,4:59:05 PM,11/25/2025,
45,12.1,gf,0.065,mm,OK,--,4:59:05 PM,11/25/2025,
46,14.2,gf,0.065,mm,OK,--,4:59:05 PM,11/25/2025,
47,16.1,gf,0.070,mm,OK,--,4:59:06 PM,11/25/2025,
48,18.1,gf,0.070,mm,OK,--,4:59:06 PM,11/25/2025,
49,20.2,gf,0.070,mm,OK,--,4:59:06 PM,11/25/2025,
50,22.3,gf,0.075,mm,OK,--,4:59:06 PM,11/25/2025,
51,24.5,gf,0.075,mm,OK,--,4:59:06 PM,11/25/2025,
52,26.9,gf,0.080,mm,OK,--,4:59:06 PM,11/25/2025,
53,28.9,gf,0.080,mm,OK,--,4:59:06 PM,11/25/2025,
54,30.9,gf,0.085,mm,OK,--,4:59:06 PM,11/25/2025,
55,32.8,gf,0.085,mm,OK,--,4:59:06 PM,11/25/2025,
56,33.8,gf,0.085,mm,OK,--,4:59:06 PM,11/25/2025,
57,34.2,gf,0.090,mm,OK,--,4:59:07 PM,11/25/2025,
58,33.7,gf,0.090,mm,OK,--,4:59:07 PM,11/25/2025,
59,34.1,gf,0.095,mm,OK,--,4:59:07 PM,11/25/2025,
60,34.4,gf,0.095,mm,OK,--,4:59:07 PM,11/25/2025,
61,34.4,gf,0.095,mm,OK,--,4:59:07 PM,11/25/2025,
62,34.4,gf,0.100,mm,OK,--,4:59:07 PM,11/25/2025,
63,34.5,gf,0.100,mm,OK,--,4:59:07 PM,11/25/2025,
64,34.5,gf,0.105,mm,OK,--,4:59:07 PM,11/25/2025,
65,34.6,gf,0.105,mm,OK,--,4:59:07 PM,11/25/2025,
66,34.5,gf,0.110,mm,OK,--,4:59:07 PM,11/25/2025,
67,34.7,gf,0.110,mm,OK,--,4:59:08 PM,11/25/2025,
68,34.7,gf,0.110,mm,OK,--,4:59:08 PM,11/25/2025,
69,34.7,gf,0.115,mm,OK,--,4:59:08 PM,11/25/2025,
70,34.6,gf,0.115,mm,OK,--,4:59:08 PM,11/25/2025,
71,34.7,gf,0.120,mm,OK,--,4:59:08 PM,11/25/2025,
72,34.7,gf,0.120,mm,OK,--,4:59:08 PM,11/25/2025,
73,34.6,gf,0.125,mm,OK,--,4:59:08 PM,11/25/2025,
74,34.6,gf,0.130,mm,OK,--,4:59:08 PM,11/25/2025,
75,34.6,gf,0.130,mm,OK,--,4:59:08 PM,11/25/2025,
76,34.6,gf,0.135,mm,OK,--,4:59:08 PM,11/25/2025,
77,34.7,gf,0.135,mm,OK,--,4:59:09 PM,11/25/2025,
78,34.6,gf,0.140,mm,OK,--,4:59:09 PM,11/25/2025,
79,34.5,gf,0.145,mm,OK,--,4:59:09 PM,11/25/2025,
80,34.5,gf,0.145,mm,OK,--,4:59:09 PM,11/25/2025,
81,34.5,gf,0.150,mm,OK,--,4:59:09 PM,11/25/2025,
82,34.6,gf,0.150,mm,OK,--,4:59:09 PM,11/25/2025,
83,34.5,gf,0.155,mm,OK,--,4:59:09 PM,11/25/2025,
84,34.5,gf,0.160,mm,OK,--,4:59:09 PM,11/25/2025,
85,34.4,gf,0.165,mm,OK,--,4:59:09 PM,11/25/2025,
86,34.4,gf,0.170,mm,OK,--,4:59:09 PM,11/25/2025,
87,34.5,gf,0.175,mm,OK,--,4:59:10 PM,11/25/2025,
88,34.6,gf,0.175,mm,OK,--,4:59:10 PM,11/25/2025,
89,34.6,gf,0.180,mm,OK,--,4:59:10 PM,11/25/2025,
90,34.6,gf,0.180,mm,OK,--,4:59:10 PM,11/25/2025,
91,34.5,gf,0.180,mm,OK,--,4:59:10 PM,11/25/2025,
92,34.5,gf,0.180,mm,OK,--,4:59:10 PM,11/25/2025,
93,34.7,gf,0.180,mm,OK,--,4:59:10 PM,11/25/2025,
94,34.7,gf,0.180,mm,OK,--,4:59:10 PM,11/25/2025,
95,34.9,gf,0.180,mm,OK,--,4:59:10 PM,11/25/2025,
96,34.9,gf,0.185,mm,OK,--,4:59:10 PM,11/25/2025,
97,34.9,gf,0.185,mm,OK,--,4:59:11 PM,11/25/2025,
98,34.8,gf,0.185,mm,OK,--,4:59:11 PM,11/25/2025,
99,34.7,gf,0.185,mm,OK,--,4:59:11 PM,11/25/2025,
100,34.7,gf,0.185,mm,OK,--,4:59:11 PM,11/25/2025,
101,34.9,gf,0.190,mm,OK,--,4:59:11 PM,11/25/2025,
102,34.7,gf,0.195,mm,OK,--,4:59:11 PM,11/25/2025,
103,34.6,gf,0.195,mm,OK,--,4:59:11 PM,11/25/2025,
104,34.8,gf,0.195,mm,OK,--,4:59:11 PM,11/25/2025,
105,34.7,gf,0.200,mm,OK,--,4:59:11 PM,11/25/2025,
106,34.8,gf,0.200,mm,OK,--,4:59:11 PM,11/25/2025,
107,34.8,gf,0.205,mm,OK,--,4:59:12 PM,11/25/2025,
108,34.8,gf,0.210,mm,OK,--,4:59:12 PM,11/25/2025,
109,34.9,gf,0.210,mm,OK,--,4:59:12 PM,11/25/2025,
110,34.9,gf,0.215,mm,OK,--,4:59:12 PM,11/25/2025,
111,34.8,gf,0.220,mm,OK,--,4:59:12 PM,11/25/2025,
112,34.8,gf,0.225,mm,OK,--,4:59:12 PM,11/25/2025,
113,34.9,gf,0.225,mm,OK,--,4:59:12 PM,11/25/2025,
114,34.9,gf,0.230,mm,OK,--,4:59:12 PM,11/25/2025,
115,34.9,gf,0.235,mm,OK,--,4:59:12 PM,11/25/2025,
116,34.9,gf,0.240,mm,OK,--,4:59:12 PM,11/25/2025,
117,34.9,gf,0.240,mm,OK,--,4:59:13 PM,11/25/2025,
118,35.1,gf,0.245,mm,OK,--,4:59:13 PM,11/25/2025,
119,35.0,gf,0.250,mm,OK,--,4:59:13 PM,11/25/2025,
120,35.0,gf,0.255,mm,OK,--,4:59:13 PM,11/25/2025,
121,35.0,gf,0.260,mm,OK,--,4:59:13 PM,11/25/2025,
122,35.1,gf,0.260,mm,OK,--,4:59:13 PM,11/25/2025,
123,35.2,gf,0.265,mm,OK,--,4:59:13 PM,11/25/2025,
124,35.2,gf,0.265,mm,OK,--,4:59:13 PM,11/25/2025,
125,35.2,gf,0.270,mm,OK,--,4:59:13 PM,11/25/2025,
126,35.3,gf,0.270,mm,OK,--,4:59:13 PM,11/25/2025,
127,35.3,gf,0.275,mm,OK,--,4:59:14 PM,11/25/2025,
128,35.2,gf,0.275,mm,OK,--,4:59:14 PM,11/25/2025,
129,35.3,gf,0.280,mm,OK,--,4:59:14 PM,11/25/2025,
130,35.3,gf,0.280,mm,OK,--,4:59:14 PM,11/25/2025,
131,35.4,gf,0.285,mm,OK,--,4:59:14 PM,11/25/2025,
132,35.5,gf,0.285,mm,OK,--,4:59:14 PM,11/25/2025,
133,35.4,gf,0.290,mm,OK,--,4:59:14 PM,11/25/2025,
134,35.5,gf,0.290,mm,OK,--,4:59:14 PM,11/25/2025,
135,35.4,gf,0.290,mm,OK,--,4:59:14 PM,11/25/2025,
136,35.5,gf,0.295,mm,OK,--,4:59:14 PM,11/25/2025,
137,35.4,gf,0.295,mm,OK,--,4:59:15 PM,11/25/2025,
138,35.4,gf,0.300,mm,OK,--,4:59:15 PM,11/25/2025,
139,35.4,gf,0.300,mm,OK,--,4:59:15 PM,11/25/2025,
140,35.5,gf,0.305,mm,OK,--,4:59:15 PM,11/25/2025,
141,35.5,gf,0.305,mm,OK,--,4:59:15 PM,11/25/2025,
142,35.6,gf,0.305,mm,OK,--,4:59:15 PM,11/25/2025,
143,35.5,gf,0.305,mm,OK,--,4:59:15 PM,11/25/2025,
144,35.7,gf,0.305,mm,OK,--,4:59:15 PM,11/25/2025,
145,35.7,gf,0.310,mm,OK,--,4:59:15 PM,11/25/2025,
146,35.7,gf,0.310,mm,OK,--,4:59:15 PM,11/25/2025,
147,35.6,gf,0.315,mm,OK,--,4:59:16 PM,11/25/2025,
148,35.6,gf,0.315,mm,OK,--,4:59:16 PM,11/25/2025,
149,35.6,gf,0.320,mm,OK,--,4:59:16 PM,11/25/2025,
150,35.7,gf,0.325,mm,OK,--,4:59:16 PM,11/25/2025,
151,35.7,gf,0.330,mm,OK,--,4:59:16 PM,11/25/2025,
152,35.7,gf,0.335,mm,OK,--,4:59:16 PM,11/25/2025,
153,35.8,gf,0.345,mm,OK,--,4:59:16 PM,11/25/2025,
154,35.8,gf,0.350,mm,OK,--,4:59:16 PM,11/25/2025,
155,35.8,gf,0.355,mm,OK,--,4:59:16 PM,11/25/2025,
156,35.9,gf,0.360,mm,OK,--,4:59:16 PM,11/25/2025,
157,36.0,gf,0.365,mm,OK,--,4:59:17 PM,11/25/2025,
158,35.8,gf,0.370,mm,OK,--,4:59:17 PM,11/25/2025,
159,35.9,gf,0.380,mm,OK,--,4:59:17 PM,11/25/2025,
160,36.0,gf,0.385,mm,OK,--,4:59:17 PM,11/25/2025,
161,36.1,gf,0.390,mm,OK,--,4:59:17 PM,11/25/2025,
162,36.1,gf,0.395,mm,OK,--,4:59:17 PM,11/25/2025,
163,36.1,gf,0.395,mm,OK,--,4:59:17 PM,11/25/2025,
164,36.2,gf,0.400,mm,OK,--,4:59:17 PM,11/25/2025,
165,36.0,gf,0.405,mm,OK,--,4:59:17 PM,11/25/2025,
166,36.0,gf,0.410,mm,OK,--,4:59:17 PM,11/25/2025,
167,36.1,gf,0.410,mm,OK,--,4:59:18 PM,11/25/2025,
168,36.1,gf,0.415,mm,OK,--,4:59:18 PM,11/25/2025,
169,36.2,gf,0.415,mm,OK,--,4:59:18 PM,11/25/2025,
170,36.3,gf,0.420,mm,OK,--,4:59:18 PM,11/25/2025,
171,36.3,gf,0.420,mm,OK,--,4:59:18 PM,11/25/2025,
172,36.4,gf,0.420,mm,OK,--,4:59:18 PM,11/25/2025,
173,36.4,gf,0.425,mm,OK,--,4:59:18 PM,11/25/2025,
174,36.4,gf,0.425,mm,OK,--,4:59:18 PM,11/25/2025,
175,36.4,gf,0.430,mm,OK,--,4:59:18 PM,11/25/2025,
176,36.3,gf,0.435,mm,OK,--,4:59:18 PM,11/25/2025,
177,36.3,gf,0.435,mm,OK,--,4:59:19 PM,11/25/2025,
178,36.4,gf,0.440,mm,OK,--,4:59:19 PM,11/25/2025,
179,36.5,gf,0.440,mm,OK,--,4:59:19 PM,11/25/2025,
180,36.5,gf,0.440,mm,OK,--,4:59:19 PM,11/25/2025,
181,36.4,gf,0.440,mm,OK,--,4:59:19 PM,11/25/2025,
182,36.5,gf,0.445,mm,OK,--,4:59:19 PM,11/25/2025,
183,36.6,gf,0.445,mm,OK,--,4:59:19 PM,11/25/2025,
184,36.6,gf,0.445,mm,OK,--,4:59:19 PM,11/25/2025,
185,36.6,gf,0.450,mm,OK,--,4:59:19 PM,11/25/2025,
186,36.6,gf,0.450,mm,OK,--,4:59:19 PM,11/25/2025,
187,36.5,gf,0.450,mm,OK,--,4:59:20 PM,11/25/2025,
188,36.5,gf,0.455,mm,OK,--,4:59:20 PM,11/25/2025,
189,36.5,gf,0.455,mm,OK,--,4:59:20 PM,11/25/2025,
190,36.5,gf,0.460,mm,OK,--,4:59:20 PM,11/25/2025,
191,36.5,gf,0.460,mm,OK,--,4:59:20 PM,11/25/2025,
192,36.4,gf,0.465,mm,OK,--,4:59:20 PM,11/25/2025,
193,36.4,gf,0.465,mm,OK,--,4:59:20 PM,11/25/2025,
194,36.5,gf,0.470,mm,OK,--,4:59:20 PM,11/25/2025,
195,36.5,gf,0.470,mm,OK,--,4:59:20 PM,11/25/2025,
196,36.5,gf,0.475,mm,OK,--,4:59:20 PM,11/25/2025,
197,36.5,gf,0.475,mm,OK,--,4:59:21 PM,11/25/2025,
198,36.7,gf,0.480,mm,OK,--,4:59:21 PM,11/25/2025,
199,36.7,gf,0.480,mm,OK,--,4:59:21 PM,11/25/2025,
200,36.7,gf,0.485,mm,OK,--,4:59:21 PM,11/25/2025,
201,36.8,gf,0.485,mm,OK,--,4:59:21 PM,11/25/2025,
202,36.7,gf,0.490,mm,OK,--,4:59:21 PM,11/25/2025,
203,36.8,gf,0.490,mm,OK,--,4:59:21 PM,11/25/2025,
204,36.8,gf,0.495,mm,OK,--,4:59:21 PM,11/25/2025,
205,36.9,gf,0.495,mm,OK,--,4:59:21 PM,11/25/2025,
206,36.9,gf,0.500,mm,OK,--,4:59:21 PM,11/25/2025,
207,36.9,gf,0.500,mm,OK,--,4:59:22 PM,11/25/2025,
208,36.9,gf,0.505,mm,OK,--,4:59:22 PM,11/25/2025,
209,36.9,gf,0.505,mm,OK,--,4:59:22 PM,11/25/2025,
210,37.0,gf,0.510,mm,OK,--,4:59:22 PM,11/25/2025,
211,37.0,gf,0.510,mm,OK,--,4:59:22 PM,11/25/2025,
212,37.0,gf,0.515,mm,OK,--,4:59:22 PM,11/25/2025,
213,36.9,gf,0.515,mm,OK,--,4:59:22 PM,11/25/2025,
214,36.9,gf,0.520,mm,OK,--,4:59:22 PM,11/25/2025,
215,36.9,gf,0.520,mm,OK,--,4:59:22 PM,11/25/2025,
216,36.9,gf,0.525,mm,OK,--,4:59:22 PM,11/25/2025,
217,36.9,gf,0.530,mm,OK,--,4:59:23 PM,11/25/2025,
218,37.0,gf,0.530,mm,OK,--,4:59:23 PM,11/25/2025,
219,37.0,gf,0.535,mm,OK,--,4:59:23 PM,11/25/2025,
220,36.9,gf,0.540,mm,OK,--,4:59:23 PM,11/25/2025,
221,36.9,gf,0.540,mm,OK,--,4:59:23 PM,11/25/2025,
222,37.0,gf,0.545,mm,OK,--,4:59:23 PM,11/25/2025,
223,36.9,gf,0.550,mm,OK,--,4:59:23 PM,11/25/2025,
224,36.9,gf,0.550,mm,OK,--,4:59:23 PM,11/25/2025,
225,37.0,gf,0.555,mm,OK,--,4:59:23 PM,11/25/2025,
226,36.9,gf,0.555,mm,OK,--,4:59:23 PM,11/25/2025,
227,37.0,gf,0.560,mm,OK,--,4:59:24 PM,11/25/2025,
228,37.0,gf,0.565,mm,OK,--,4:59:24 PM,11/25/2025,
229,37.0,gf,0.570,mm,OK,--,4:59:24 PM,11/25/2025,
230,37.0,gf,0.575,mm,OK,--,4:59:24 PM,11/25/2025,
231,37.0,gf,0.585,mm,OK,--,4:59:24 PM,11/25/2025,
232,37.0,gf,0.590,mm,OK,--,4:59:24 PM,11/25/2025,
233,37.0,gf,0.595,mm,OK,--,4:59:24 PM,11/25/2025,
234,37.0,gf,0.600,mm,OK,--,4:59:24 PM,11/25/2025,
235,37.0,gf,0.605,mm,OK,--,4:59:24 PM,11/25/2025,
236,37.0,gf,0.605,mm,OK,--,4:59:24 PM,11/25/2025,
237,37.1,gf,0.610,mm,OK,--,4:59:25 PM,11/25/2025,
238,37.1,gf,0.615,mm,OK,--,4:59:25 PM,11/25/2025,
239,37.1,gf,0.620,mm,OK,--,4:59:25 PM,11/25/2025,
240,37.1,gf,0.630,mm,OK,--,4:59:25 PM,11/25/2025,
241,37.2,gf,0.640,mm,OK,--,4:59:25 PM,11/25/2025,
242,37.2,gf,0.645,mm,OK,--,4:59:25 PM,11/25/2025,
243,37.2,gf,0.650,mm,OK,--,4:59:25 PM,11/25/2025,
244,37.2,gf,0.660,mm,OK,--,4:59:25 PM,11/25/2025,
245,37.2,gf,0.670,mm,OK,--,4:59:25 PM,11/25/2025,
246,37.2,gf,0.680,mm,OK,--,4:59:25 PM,11/25/2025,
247,37.3,gf,0.690,mm,OK,--,4:59:26 PM,11/25/2025,
248,37.3,gf,0.695,mm,OK,--,4:59:26 PM,11/25/2025,
249,37.4,gf,0.705,mm,OK,--,4:59:26 PM,11/25/2025,
250,37.5,gf,0.715,mm,OK,--,4:59:26 PM,11/25/2025,
251,37.5,gf,0.725,mm,OK,--,4:59:26 PM,11/25/2025,
252,37.5,gf,0.735,mm,OK,--,4:59:26 PM,11/25/2025,
253,37.5,gf,0.745,mm,OK,--,4:59:26 PM,11/25/2025,
254,37.5,gf,0.755,mm,OK,--,4:59:26 PM,11/25/2025,
255,37.6,gf,0.760,mm,OK,--,4:59:26 PM,11/25/2025,
256,37.6,gf,0.770,mm,OK,--,4:59:26 PM,11/25/2025,
257,37.6,gf,0.775,mm,OK,--,4:59:27 PM,11/25/2025,
258,37.6,gf,0.785,mm,OK,--,4:59:27 PM,11/25/2025,
259,37.7,gf,0.790,mm,OK,--,4:59:27 PM,11/25/2025,
260,37.7,gf,0.800,mm,OK,--,4:59:27 PM,11/25/2025,
261,37.7,gf,0.805,mm,OK,--,4:59:27 PM,11/25/2025,
262,37.8,gf,0.810,mm,OK,--,4:59:27 PM,11/25/2025,
263,37.8,gf,0.815,mm,OK,--,4:59:27 PM,11/25/2025,
264,37.8,gf,0.820,mm,OK,--,4:59:27 PM,11/25/2025,
265,37.9,gf,0.825,mm,OK,--,4:59:27 PM,11/25/2025,
266,37.9,gf,0.830,mm,OK,--,4:59:27 PM,11/25/2025,
267,37.9,gf,0.830,mm,OK,--,4:59:28 PM,11/25/2025,
268,37.9,gf,0.835,mm,OK,--,4:59:28 PM,11/25/2025,
269,37.9,gf,0.835,mm,OK,--,4:59:28 PM,11/25/2025,
270,37.9,gf,0.840,mm,OK,--,4:59:28 PM,11/25/2025,
271,38.0,gf,0.845,mm,OK,--,4:59:28 PM,11/25/2025,
272,37.9,gf,0.845,mm,OK,--,4:59:28 PM,11/25/2025,
273,38.0,gf,0.850,mm,OK,--,4:59:28 PM,11/25/2025,
274,37.9,gf,0.855,mm,OK,--,4:59:28 PM,11/25/2025,
275,38.0,gf,0.855,mm,OK,--,4:59:28 PM,11/25/2025,
276,38.0,gf,0.860,mm,OK,--,4:59:28 PM,11/25/2025,
277,38.0,gf,0.860,mm,OK,--,4:59:29 PM,11/25/2025,
278,38.1,gf,0.860,mm,OK,--,4:59:29 PM,11/25/2025,
279,38.0,gf,0.865,mm,OK,--,4:59:29 PM,11/25/2025,
280,37.9,gf,0.865,mm,OK,--,4:59:29 PM,11/25/2025,
281,37.9,gf,0.865,mm,OK,--,4:59:29 PM,11/25/2025,
282,38.2,gf,0.865,mm,OK,--,4:59:29 PM,11/25/2025,
283,38.1,gf,0.875,mm,OK,--,4:59:29 PM,11/25/2025,
284,38.0,gf,0.880,mm,OK,--,4:59:29 PM,11/25/2025,
285,38.0,gf,0.880,mm,OK,--,4:59:29 PM,11/25/2025,
286,38.0,gf,0.880,mm,OK,--,4:59:29 PM,11/25/2025,
287,38.1,gf,0.880,mm,OK,--,4:59:30 PM,11/25/2025,
288,38.0,gf,0.880,mm,OK,--,4:59:30 PM,11/25/2025,
289,38.2,gf,0.880,mm,OK,--,4:59:30 PM,11/25/2025,
290,38.2,gf,0.885,mm,OK,--,4:59:30 PM,11/25/2025,
291,38.2,gf,0.885,mm,OK,--,4:59:30 PM,11/25/2025,
292,38.2,gf,0.885,mm,OK,--,4:59:30 PM,11/25/2025,
293,38.2,gf,0.885,mm,OK,--,4:59:30 PM,11/25/2025,
294,38.2,gf,0.885,mm,OK,--,4:59:30 PM,11/25/2025,
295,38.2,gf,0.890,mm,OK,--,4:59:30 PM,11/25/2025,
296,38.2,gf,0.890,mm,OK,--,4:59:30 PM,11/25/2025,
297,38.2,gf,0.895,mm,OK,--,4:59:31 PM,11/25/2025,
298,38.2,gf,0.895,mm,OK,--,4:59:31 PM,11/25/2025,
299,38.3,gf,0.895,mm,OK,--,4:59:31 PM,11/25/2025,
300,38.2,gf,0.900,mm,OK,--,4:59:31 PM,11/25/2025,
301,38.2,gf,0.900,mm,OK,--,4:59:31 PM,11/25/2025,
302,38.3,gf,0.900,mm,OK,--,4:59:31 PM,11/25/2025,
303,38.2,gf,0.900,mm,OK,--,4:59:31 PM,11/25/2025,
304,38.2,gf,0.900,mm,OK,--,4:59:31 PM,11/25/2025,
305,38.2,gf,0.900,mm,OK,--,4:59:31 PM,11/25/2025,
306,38.2,gf,0.900,mm,OK,--,4:59:31 PM,11/25/2025,
307,38.4,gf,0.900,mm,OK,--,4:59:32 PM,11/25/2025,
308,38.3,gf,0.905,mm,OK,--,4:59:32 PM,11/25/2025,
309,38.3,gf,0.905,mm,OK,--,4:59:32 PM,11/25/2025,
310,38.3,gf,0.905,mm,OK,--,4:59:32 PM,11/25/2025,
311,38.3,gf,0.910,mm,OK,--,4:59:32 PM,11/25/2025,
312,38.3,gf,0.910,mm,OK,--,4:59:32 PM,11/25/2025,
313,38.3,gf,0.915,mm,OK,--,4:59:32 PM,11/25/2025,
314,38.3,gf,0.920,mm,OK,--,4:59:32 PM,11/25/2025,
315,38.3,gf,0.925,mm,OK,--,4:59:32 PM,11/25/2025,
316,38.3,gf,0.930,mm,OK,--,4:59:32 PM,11/25/2025,
317,38.4,gf,0.935,mm,OK,--,4:59:33 PM,11/25/2025,
318,38.4,gf,0.940,mm,OK,--,4:59:33 PM,11/25/2025,
319,38.4,gf,0.945,mm,OK,--,4:59:33 PM,11/25/2025,
320,38.5,gf,0.950,mm,OK,--,4:59:33 PM,11/25/2025,
321,38.5,gf,0.955,mm,OK,--,4:59:33 PM,11/25/2025,
322,38.5,gf,0.960,mm,OK,--,4:59:33 PM,11/25/2025,
323,38.5,gf,0.965,mm,OK,--,4:59:33 PM,11/25/2025,
324,38.5,gf,0.970,mm,OK,--,4:59:33 PM,11/25/2025,
325,38.5,gf,0.975,mm,OK,--,4:59:33 PM,11/25/2025,
326,38.6,gf,0.980,mm,OK,--,4:59:33 PM,11/25/2025,
327,38.6,gf,0.990,mm,OK,--,4:59:34 PM,11/25/2025,
328,38.6,gf,0.995,mm,OK,--,4:59:34 PM,11/25/2025,
329,38.6,gf,1.005,mm,OK,--,4:59:34 PM,11/25/2025,
330,38.6,gf,1.015,mm,OK,--,4:59:34 PM,11/25/2025,
331,38.6,gf,1.020,mm,OK,--,4:59:34 PM,11/25/2025,
332,38.5,gf,1.030,mm,OK,--,4:59:34 PM,11/25/2025,
333,37.2,gf,1.035,mm,OK,--,4:59:34 PM,11/25/2025,
334,38.4,gf,1.045,mm,OK,--,4:59:34 PM,11/25/2025,
335,38.5,gf,1.050,mm,OK,--,4:59:34 PM,11/25/2025,
336,38.5,gf,1.055,mm,OK,--,4:59:34 PM,11/25/2025,
337,38.5,gf,1.060,mm,OK,--,4:59:35 PM,11/25/2025,
338,38.6,gf,1.065,mm,OK,--,4:59:35 PM,11/25/2025,
339,38.6,gf,1.070,mm,OK,--,4:59:35 PM,11/25/2025,
340,38.7,gf,1.075,mm,OK,--,4:59:35 PM,11/25/2025,
341,38.8,gf,1.080,mm,OK,--,4:59:35 PM,11/25/2025,
342,38.8,gf,1.085,mm,OK,--,4:59:35 PM,11/25/2025,
343,38.9,gf,1.085,mm,OK,--,4:59:35 PM,11/25/2025,
344,38.9,gf,1.090,mm,OK,--,4:59:35 PM,11/25/2025,
345,38.9,gf,1.095,mm,OK,--,4:59:35 PM,11/25/2025,
346,38.9,gf,1.095,mm,OK,--,4:59:35 PM,11/25/2025,
347,38.9,gf,1.100,mm,OK,--,4:59:36 PM,11/25/2025,
348,38.9,gf,1.100,mm,OK,--,4:59:36 PM,11/25/2025,
349,38.9,gf,1.100,mm,OK,--,4:59:36 PM,11/25/2025,
350,39.0,gf,1.105,mm,OK,--,4:59:36 PM,11/25/2025,
351,38.9,gf,1.105,mm,OK,--,4:59:36 PM,11/25/2025,
352,38.9,gf,1.110,mm,OK,--,4:59:36 PM,11/25/2025,
353,39.0,gf,1.110,mm,OK,--,4:59:36 PM,11/25/2025,
354,39.0,gf,1.110,mm,OK,--,4:59:36 PM,11/25/2025,
355,39.0,gf,1.115,mm,OK,--,4:59:36 PM,11/25/2025,
356,39.0,gf,1.115,mm,OK,--,4:59:36 PM,11/25/2025,
357,39.0,gf,1.120,mm,OK,--,4:59:37 PM,11/25/2025,
358,39.0,gf,1.120,mm,OK,--,4:59:37 PM,11/25/2025,
359,39.0,gf,1.125,mm,OK,--,4:59:37 PM,11/25/2025,
360,39.0,gf,1.125,mm,OK,--,4:59:37 PM,11/25/2025,
361,39.0,gf,1.125,mm,OK,--,4:59:37 PM,11/25/2025,
362,39.0,gf,1.130,mm,OK,--,4:59:37 PM,11/25/2025,
363,39.0,gf,1.130,mm,OK,--,4:59:37 PM,11/25/2025,
364,39.1,gf,1.135,mm,OK,--,4:59:37 PM,11/25/2025,
365,39.1,gf,1.135,mm,OK,--,4:59:37 PM,11/25/2025,
366,39.1,gf,1.140,mm,OK,--,4:59:37 PM,11/25/2025,
367,39.1,gf,1.140,mm,OK,--,4:59:38 PM,11/25/2025,
368,39.1,gf,1.145,mm,OK,--,4:59:38 PM,11/25/2025,
369,39.1,gf,1.145,mm,OK,--,4:59:38 PM,11/25/2025,
370,39.1,gf,1.150,mm,OK,--,4:59:38 PM,11/25/2025,
371,39.1,gf,1.150,mm,OK,--,4:59:38 PM,11/25/2025,
372,39.2,gf,1.150,mm,OK,--,4:59:38 PM,11/25/2025,
373,39.2,gf,1.155,mm,OK,--,4:59:38 PM,11/25/2025,
374,39.2,gf,1.155,mm,OK,--,4:59:38 PM,11/25/2025,
375,39.2,gf,1.160,mm,OK,--,4:59:38 PM,11/25/2025,
376,39.2,gf,1.160,mm,OK,--,4:59:38 PM,11/25/2025,
377,39.3,gf,1.165,mm,OK,--,4:59:39 PM,11/25/2025,
378,39.3,gf,1.170,mm,OK,--,4:59:39 PM,11/25/2025,
379,39.3,gf,1.170,mm,OK,--,4:59:39 PM,11/25/2025,
380,39.3,gf,1.175,mm,OK,--,4:59:39 PM,11/25/2025,
381,39.3,gf,1.175,mm,OK,--,4:59:39 PM,11/25/2025,
382,39.4,gf,1.180,mm,OK,--,4:59:39 PM,11/25/2025,
383,39.4,gf,1.180,mm,OK,--,4:59:39 PM,11/25/2025,
384,39.4,gf,1.185,mm,OK,--,4:59:39 PM,11/25/2025,
385,39.5,gf,1.190,mm,OK,--,4:59:39 PM,11/25/2025,
386,39.5,gf,1.195,mm,OK,--,4:59:39 PM,11/25/2025,
387,39.5,gf,1.195,mm,OK,--,4:59:40 PM,11/25/2025,
388,39.5,gf,1.200,mm,OK,--,4:59:40 PM,11/25/2025,
389,39.6,gf,1.205,mm,OK,--,4:59:40 PM,11/25/2025,
390,39.6,gf,1.210,mm,OK,--,4:59:40 PM,11/25/2025,
391,39.7,gf,1.215,mm,OK,--,4:59:40 PM,11/25/2025,
392,39.6,gf,1.215,mm,OK,--,4:59:40 PM,11/25/2025,
393,39.7,gf,1.220,mm,OK,--,4:59:40 PM,11/25/2025,
394,39.7,gf,1.225,mm,OK,--,4:59:40 PM,11/25/2025,
395,39.7,gf,1.230,mm,OK,--,4:59:40 PM,11/25/2025,
396,39.8,gf,1.235,mm,OK,--,4:59:40 PM,11/25/2025,
397,39.9,gf,1.240,mm,OK,--,4:59:41 PM,11/25/2025,
398,39.9,gf,1.245,mm,OK,--,4:59:41 PM,11/25/2025,
399,39.9,gf,1.250,mm,OK,--,4:59:41 PM,11/25/2025,
400,40.0,gf,1.255,mm,OK,--,4:59:41 PM,11/25/2025,
401,40.0,gf,1.255,mm,OK,--,4:59:41 PM,11/25/2025,
402,40.0,gf,1.260,mm,OK,--,4:59:41 PM,11/25/2025,
403,40.0,gf,1.260,mm,OK,--,4:59:41 PM,11/25/2025,
404,40.0,gf,1.265,mm,OK,--,4:59:41 PM,11/25/2025,
405,40.0,gf,1.265,mm,OK,--,4:59:41 PM,11/25/2025,
406,40.1,gf,1.270,mm,OK,--,4:59:41 PM,11/25/2025,
407,40.1,gf,1.275,mm,OK,--,4:59:42 PM,11/25/2025,
408,40.2,gf,1.285,mm,OK,--,4:59:42 PM,11/25/2025,
409,40.2,gf,1.285,mm,OK,--,4:59:42 PM,11/25/2025,
410,40.2,gf,1.290,mm,OK,--,4:59:42 PM,11/25/2025,
411,40.3,gf,1.290,mm,OK,--,4:59:42 PM,11/25/2025,
412,40.2,gf,1.295,mm,OK,--,4:59:42 PM,11/25/2025,
413,40.2,gf,1.295,mm,OK,--,4:59:42 PM,11/25/2025,
414,40.3,gf,1.300,mm,OK,--,4:59:42 PM,11/25/2025,
415,40.3,gf,1.300,mm,OK,--,4:59:42 PM,11/25/2025,
416,40.2,gf,1.300,mm,OK,--,4:59:42 PM,11/25/2025,
417,40.2,gf,1.300,mm,OK,--,4:59:43 PM,11/25/2025,
418,40.3,gf,1.300,mm,OK,--,4:59:43 PM,11/25/2025,
419,40.3,gf,1.300,mm,OK,--,4:59:43 PM,11/25/2025,
420,40.3,gf,1.305,mm,OK,--,4:59:43 PM,11/25/2025,
421,40.4,gf,1.310,mm,OK,--,4:59:43 PM,11/25/2025,
422,40.4,gf,1.315,mm,OK,--,4:59:43 PM,11/25/2025,
423,40.4,gf,1.320,mm,OK,--,4:59:43 PM,11/25/2025,
424,40.4,gf,1.325,mm,OK,--,4:59:43 PM,11/25/2025,
425,40.4,gf,1.325,mm,OK,--,4:59:43 PM,11/25/2025,
426,40.4,gf,1.330,mm,OK,--,4:59:43 PM,11/25/2025,
427,40.4,gf,1.330,mm,OK,--,4:59:44 PM,11/25/2025,
428,40.4,gf,1.335,mm,OK,--,4:59:44 PM,11/25/2025,
429,40.4,gf,1.340,mm,OK,--,4:59:44 PM,11/25/2025,
430,40.5,gf,1.345,mm,OK,--,4:59:44 PM,11/25/2025,
431,40.4,gf,1.350,mm,OK,--,4:59:44 PM,11/25/2025,
432,40.5,gf,1.355,mm,OK,--,4:59:44 PM,11/25/2025,
433,40.5,gf,1.360,mm,OK,--,4:59:44 PM,11/25/2025,
434,40.5,gf,1.365,mm,OK,--,4:59:44 PM,11/25/2025,
435,40.5,gf,1.365,mm,OK,--,4:59:44 PM,11/25/2025,
436,40.5,gf,1.370,mm,OK,--,4:59:44 PM,11/25/2025,
437,40.5,gf,1.375,mm,OK,--,4:59:45 PM,11/25/2025,
438,40.5,gf,1.380,mm,OK,--,4:59:45 PM,11/25/2025,
439,40.6,gf,1.385,mm,OK,--,4:59:45 PM,11/25/2025,
440,40.7,gf,1.395,mm,OK,--,4:59:45 PM,11/25/2025,
441,40.7,gf,1.400,mm,OK,--,4:59:45 PM,11/25/2025,
442,40.8,gf,1.410,mm,OK,--,4:59:45 PM,11/25/2025,
443,40.8,gf,1.415,mm,OK,--,4:59:45 PM,11/25/2025,
444,40.8,gf,1.425,mm,OK,--,4:59:45 PM,11/25/2025,
445,40.8,gf,1.430,mm,OK,--,4:59:45 PM,11/25/2025,
446,40.9,gf,1.435,mm,OK,--,4:59:45 PM,11/25/2025,
447,40.9,gf,1.440,mm,OK,--,4:59:46 PM,11/25/2025,
448,40.9,gf,1.440,mm,OK,--,4:59:46 PM,11/25/2025,
449,41.0,gf,1.445,mm,OK,--,4:59:46 PM,11/25/2025,
450,41.0,gf,1.450,mm,OK,--,4:59:46 PM,11/25/2025,
451,41.0,gf,1.455,mm,OK,--,4:59:46 PM,11/25/2025,
452,41.0,gf,1.460,mm,OK,--,4:59:46 PM,11/25/2025,
453,41.0,gf,1.465,mm,OK,--,4:59:46 PM,11/25/2025,
454,41.0,gf,1.470,mm,OK,--,4:59:46 PM,11/25/2025,
455,41.1,gf,1.475,mm,OK,--,4:59:46 PM,11/25/2025,
456,41.1,gf,1.480,mm,OK,--,4:59:46 PM,11/25/2025,
457,41.2,gf,1.485,mm,OK,--,4:59:47 PM,11/25/2025,
458,41.2,gf,1.495,mm,OK,--,4:59:47 PM,11/25/2025,
459,41.2,gf,1.505,mm,OK,--,4:59:47 PM,11/25/2025,
460,41.3,gf,1.515,mm,OK,--,4:59:47 PM,11/25/2025,
461,41.3,gf,1.525,mm,OK,--,4:59:47 PM,11/25/2025,
462,41.3,gf,1.530,mm,OK,--,4:59:47 PM,11/25/2025,
463,41.3,gf,1.540,mm,OK,--,4:59:47 PM,11/25/2025,
464,41.4,gf,1.555,mm,OK,--,4:59:47 PM,11/25/2025,
465,41.5,gf,1.565,mm,OK,--,4:59:47 PM,11/25/2025,
466,41.5,gf,1.575,mm,OK,--,4:59:47 PM,11/25/2025,
467,41.5,gf,1.580,mm,OK,--,4:59:48 PM,11/25/2025,
468,41.5,gf,1.585,mm,OK,--,4:59:48 PM,11/25/2025,
469,41.6,gf,1.590,mm,OK,--,4:59:48 PM,11/25/2025,
470,41.6,gf,1.595,mm,OK,--,4:59:48 PM,11/25/2025,
471,41.6,gf,1.600,mm,OK,--,4:59:48 PM,11/25/2025,
472,41.6,gf,1.600,mm,OK,--,4:59:48 PM,11/25/2025,
473,41.7,gf,1.605,mm,OK,--,4:59:48 PM,11/25/2025,
474,41.7,gf,1.610,mm,OK,--,4:59:48 PM,11/25/2025,
475,41.7,gf,1.615,mm,OK,--,4:59:48 PM,11/25/2025,
476,41.7,gf,1.615,mm,OK,--,4:59:48 PM,11/25/2025,
477,41.7,gf,1.615,mm,OK,--,4:59:49 PM,11/25/2025,
478,41.7,gf,1.620,mm,OK,--,4:59:49 PM,11/25/2025,
479,41.8,gf,1.620,mm,OK,--,4:59:49 PM,11/25/2025,
480,41.8,gf,1.625,mm,OK,--,4:59:49 PM,11/25/2025,
481,41.8,gf,1.625,mm,OK,--,4:59:49 PM,11/25/2025,
482,41.8,gf,1.630,mm,OK,--,4:59:49 PM,11/25/2025,
483,41.8,gf,1.635,mm,OK,--,4:59:49 PM,11/25/2025,
484,41.8,gf,1.635,mm,OK,--,4:59:49 PM,11/25/2025,
485,41.8,gf,1.640,mm,OK,--,4:59:49 PM,11/25/2025,
486,41.9,gf,1.645,mm,OK,--,4:59:49 PM,11/25/2025,
487,41.9,gf,1.650,mm,OK,--,4:59:50 PM,11/25/2025,
488,41.9,gf,1.650,mm,OK,--,4:59:50 PM,11/25/2025,
489,41.9,gf,1.655,mm,OK,--,4:59:50 PM,11/25/2025,
490,41.9,gf,1.655,mm,OK,--,4:59:50 PM,11/25/2025,
491,41.9,gf,1.660,mm,OK,--,4:59:50 PM,11/25/2025,
492,41.9,gf,1.660,mm,OK,--,4:59:50 PM,11/25/2025,
493,41.9,gf,1.660,mm,OK,--,4:59:50 PM,11/25/2025,
494,41.9,gf,1.665,mm,OK,--,4:59:50 PM,11/25/2025,
495,41.9,gf,1.665,mm,OK,--,4:59:50 PM,11/25/2025,
496,41.9,gf,1.670,mm,OK,--,4:59:50 PM,11/25/2025,
497,42.0,gf,1.675,mm,OK,--,4:59:51 PM,11/25/2025,
498,42.0,gf,1.685,mm,OK,--,4:59:51 PM,11/25/2025,
499,42.0,gf,1.695,mm,OK,--,4:59:51 PM,11/25/2025,
500,42.1,gf,1.700,mm,OK,--,4:59:51 PM,11/25/2025,
501,42.1,gf,1.710,mm,OK,--,4:59:51 PM,11/25/2025,
502,42.2,gf,1.720,mm,OK,--,4:59:51 PM,11/25/2025,
503,42.2,gf,1.725,mm,OK,--,4:59:51 PM,11/25/2025,
504,42.3,gf,1.735,mm,OK,--,4:59:51 PM,11/25/2025,
505,42.3,gf,1.740,mm,OK,--,4:59:51 PM,11/25/2025,
506,42.3,gf,1.750,mm,OK,--,4:59:51 PM,11/25/2025,
507,42.4,gf,1.760,mm,OK,--,4:59:52 PM,11/25/2025,
508,42.4,gf,1.765,mm,OK,--,4:59:52 PM,11/25/2025,
509,42.5,gf,1.775,mm,OK,--,4:59:52 PM,11/25/2025,
510,42.5,gf,1.780,mm,OK,--,4:59:52 PM,11/25/2025,
511,42.5,gf,1.790,mm,OK,--,4:59:52 PM,11/25/2025,
512,42.5,gf,1.795,mm,OK,--,4:59:52 PM,11/25/2025,
513,42.6,gf,1.800,mm,OK,--,4:59:52 PM,11/25/2025,
514,42.6,gf,1.805,mm,OK,--,4:59:52 PM,11/25/2025,
515,42.7,gf,1.810,mm,OK,--,4:59:52 PM,11/25/2025,
516,42.7,gf,1.815,mm,OK,--,4:59:52 PM,11/25/2025,
517,42.7,gf,1.820,mm,OK,--,4:59:53 PM,11/25/2025,
518,42.7,gf,1.820,mm,OK,--,4:59:53 PM,11/25/2025,
519,42.7,gf,1.825,mm,OK,--,4:59:53 PM,11/25/2025,
520,42.7,gf,1.825,mm,OK,--,4:59:53 PM,11/25/2025,
521,42.7,gf,1.830,mm,OK,--,4:59:53 PM,11/25/2025,
522,42.8,gf,1.830,mm,OK,--,4:59:53 PM,11/25/2025,
523,42.7,gf,1.835,mm,OK,--,4:59:53 PM,11/25/2025,
524,42.8,gf,1.835,mm,OK,--,4:59:53 PM,11/25/2025,
525,42.8,gf,1.840,mm,OK,--,4:59:53 PM,11/25/2025,
526,42.8,gf,1.845,mm,OK,--,4:59:53 PM,11/25/2025,
527,42.8,gf,1.845,mm,OK,--,4:59:54 PM,11/25/2025,
528,42.9,gf,1.850,mm,OK,--,4:59:54 PM,11/25/2025,
529,42.9,gf,1.850,mm,OK,--,4:59:54 PM,11/25/2025,
530,42.9,gf,1.855,mm,OK,--,4:59:54 PM,11/25/2025,
531,42.9,gf,1.855,mm,OK,--,4:59:54 PM,11/25/2025,
532,42.9,gf,1.860,mm,OK,--,4:59:54 PM,11/25/2025,
533,42.9,gf,1.860,mm,OK,--,4:59:54 PM,11/25/2025,
534,42.9,gf,1.865,mm,OK,--,4:59:54 PM,11/25/2025,
535,42.9,gf,1.865,mm,OK,--,4:59:54 PM,11/25/2025,
536,43.0,gf,1.870,mm,OK,--,4:59:54 PM,11/25/2025,
537,43.0,gf,1.870,mm,OK,--,4:59:55 PM,11/25/2025,
538,43.0,gf,1.875,mm,OK,--,4:59:55 PM,11/25/2025,
539,43.0,gf,1.875,mm,OK,--,4:59:55 PM,11/25/2025,
540,43.0,gf,1.880,mm,OK,--,4:59:55 PM,11/25/2025,
541,43.0,gf,1.880,mm,OK,--,4:59:55 PM,11/25/2025,
542,43.0,gf,1.880,mm,OK,--,4:59:55 PM,11/25/2025,
543,43.0,gf,1.880,mm,OK,--,4:59:55 PM,11/25/2025,
544,43.0,gf,1.885,mm,OK,--,4:59:55 PM,11/25/2025,
545,43.0,gf,1.885,mm,OK,--,4:59:55 PM,11/25/2025,
546,43.0,gf,1.885,mm,OK,--,4:59:55 PM,11/25/2025,
547,43.0,gf,1.885,mm,OK,--,4:59:56 PM,11/25/2025,
548,43.0,gf,1.890,mm,OK,--,4:59:56 PM,11/25/2025,
549,43.1,gf,1.890,mm,OK,--,4:59:56 PM,11/25/2025,
550,43.1,gf,1.890,mm,OK,--,4:59:56 PM,11/25/2025,
551,43.1,gf,1.890,mm,OK,--,4:59:56 PM,11/25/2025,
552,43.1,gf,1.890,mm,OK,--,4:59:56 PM,11/25/2025,
553,43.1,gf,1.895,mm,OK,--,4:59:56 PM,11/25/2025,
554,43.1,gf,1.895,mm,OK,--,4:59:56 PM,11/25/2025,
555,43.1,gf,1.895,mm,OK,--,4:59:56 PM,11/25/2025,
556,43.1,gf,1.895,mm,OK,--,4:59:56 PM,11/25/2025,
557,43.1,gf,1.900,mm,OK,--,4:59:57 PM,11/25/2025,
558,43.1,gf,1.900,mm,OK,--,4:59:57 PM,11/25/2025,
559,43.1,gf,1.900,mm,OK,--,4:59:57 PM,11/25/2025,
560,43.1,gf,1.900,mm,OK,--,4:59:57 PM,11/25/2025,
561,43.1,gf,1.905,mm,OK,--,4:59:57 PM,11/25/2025,
562,43.1,gf,1.905,mm,OK,--,4:59:57 PM,11/25/2025,
563,43.1,gf,1.910,mm,OK,--,4:59:57 PM,11/25/2025,
564,43.1,gf,1.910,mm,OK,--,4:59:57 PM,11/25/2025,
565,43.2,gf,1.910,mm,OK,--,4:59:57 PM,11/25/2025,
566,43.2,gf,1.915,mm,OK,--,4:59:57 PM,11/25/2025,
567,43.2,gf,1.915,mm,OK,--,4:59:58 PM,11/25/2025,
568,43.2,gf,1.920,mm,OK,--,4:59:58 PM,11/25/2025,
569,43.2,gf,1.920,mm,OK,--,4:59:58 PM,11/25/2025,
570,43.2,gf,1.920,mm,OK,--,4:59:58 PM,11/25/2025,
571,43.2,gf,1.925,mm,OK,--,4:59:58 PM,11/25/2025,
572,43.2,gf,1.925,mm,OK,--,4:59:58 PM,11/25/2025,
573,43.2,gf,1.930,mm,OK,--,4:59:58 PM,11/25/2025,
574,43.3,gf,1.935,mm,OK,--,4:59:58 PM,11/25/2025,
575,43.3,gf,1.940,mm,OK,--,4:59:58 PM,11/25/2025,
576,43.3,gf,1.950,mm,OK,--,4:59:58 PM,11/25/2025,
577,43.4,gf,1.955,mm,OK,--,4:59:59 PM,11/25/2025,
578,43.4,gf,1.965,mm,OK,--,4:59:59 PM,11/25/2025,
579,43.5,gf,1.970,mm,OK,--,4:59:59 PM,11/25/2025,
580,43.5,gf,1.975,mm,OK,--,4:59:59 PM,11/25/2025,
581,43.5,gf,1.985,mm,OK,--,4:59:59 PM,11/25/2025,
582,43.5,gf,1.995,mm,OK,--,4:59:59 PM,11/25/2025,
583,43.6,gf,2.000,mm,OK,--,4:59:59 PM,11/25/2025,
584,43.6,gf,2.010,mm,OK,--,4:59:59 PM,11/25/2025,
585,43.7,gf,2.025,mm,OK,--,4:59:59 PM,11/25/2025,
586,43.7,gf,2.035,mm,OK,--,4:59:59 PM,11/25/2025,
587,43.8,gf,2.050,mm,OK,--,5:00:00 PM,11/25/2025,
588,43.9,gf,2.060,mm,OK,--,5:00:00 PM,11/25/2025,
589,43.9,gf,2.075,mm,OK,--,5:00:00 PM,11/25/2025,
590,44.0,gf,2.085,mm,OK,--,5:00:00 PM,11/25/2025,
591,44.0,gf,2.095,mm,OK,--,5:00:00 PM,11/25/2025,
592,44.1,gf,2.105,mm,OK,--,5:00:00 PM,11/25/2025,
593,44.2,gf,2.115,mm,OK,--,5:00:00 PM,11/25/2025,
594,44.2,gf,2.120,mm,OK,--,5:00:00 PM,11/25/2025,
595,44.2,gf,2.130,mm,OK,--,5:00:00 PM,11/25/2025,
596,44.3,gf,2.140,mm,OK,--,5:00:00 PM,11/25/2025,
597,44.3,gf,2.145,mm,OK,--,5:00:01 PM,11/25/2025,
598,44.4,gf,2.150,mm,OK,--,5:00:01 PM,11/25/2025,
599,44.4,gf,2.160,mm,OK,--,5:00:01 PM,11/25/2025,
600,44.4,gf,2.160,mm,OK,--,5:00:01 PM,11/25/2025,
601,44.4,gf,2.165,mm,OK,--,5:00:01 PM,11/25/2025,
602,44.4,gf,2.170,mm,OK,--,5:00:01 PM,11/25/2025,
603,44.4,gf,2.175,mm,OK,--,5:00:01 PM,11/25/2025,
604,44.5,gf,2.175,mm,OK,--,5:00:01 PM,11/25/2025,
605,44.5,gf,2.180,mm,OK,--,5:00:01 PM,11/25/2025,
606,44.5,gf,2.185,mm,OK,--,5:00:01 PM,11/25/2025,
607,44.5,gf,2.190,mm,OK,--,5:00:02 PM,11/25/2025,
608,44.5,gf,2.195,mm,OK,--,5:00:02 PM,11/25/2025,
609,44.6,gf,2.200,mm,OK,--,5:00:02 PM,11/25/2025,
610,44.6,gf,2.205,mm,OK,--,5:00:02 PM,11/25/2025,
611,44.6,gf,2.210,mm,OK,--,5:00:02 PM,11/25/2025,
612,44.7,gf,2.215,mm,OK,--,5:00:02 PM,11/25/2025,
613,44.7,gf,2.220,mm,OK,--,5:00:02 PM,11/25/2025,
614,44.7,gf,2.225,mm,OK,--,5:00:02 PM,11/25/2025,
615,44.7,gf,2.230,mm,OK,--,5:00:02 PM,11/25/2025,
616,44.8,gf,2.240,mm,OK,--,5:00:02 PM,11/25/2025,
617,44.8,gf,2.245,mm,OK,--,5:00:03 PM,11/25/2025,
618,44.9,gf,2.250,mm,OK,--,5:00:03 PM,11/25/2025,
619,44.9,gf,2.255,mm,OK,--,5:00:03 PM,11/25/2025,
620,44.9,gf,2.260,mm,OK,--,5:00:03 PM,11/25/2025,
621,44.9,gf,2.265,mm,OK,--,5:00:03 PM,11/25/2025,
622,45.0,gf,2.270,mm,OK,--,5:00:03 PM,11/25/2025,
623,45.0,gf,2.275,mm,OK,--,5:00:03 PM,11/25/2025,
624,45.0,gf,2.280,mm,OK,--,5:00:03 PM,11/25/2025,
625,45.0,gf,2.280,mm,OK,--,5:00:03 PM,11/25/2025,
626,45.0,gf,2.285,mm,OK,--,5:00:03 PM,11/25/2025,
627,45.0,gf,2.290,mm,OK,--,5:00:04 PM,11/25/2025,
628,45.1,gf,2.290,mm,OK,--,5:00:04 PM,11/25/2025,
629,45.1,gf,2.295,mm,OK,--,5:00:04 PM,11/25/2025,
630,45.1,gf,2.295,mm,OK,--,5:00:04 PM,11/25/2025,
631,45.1,gf,2.300,mm,OK,--,5:00:04 PM,11/25/2025,
632,45.1,gf,2.300,mm,OK,--,5:00:04 PM,11/25/2025,
633,45.2,gf,2.300,mm,OK,--,5:00:04 PM,11/25/2025,
634,45.1,gf,2.305,mm,OK,--,5:00:04 PM,11/25/2025,
635,45.2,gf,2.305,mm,OK,--,5:00:04 PM,11/25/2025,
636,45.2,gf,2.310,mm,OK,--,5:00:04 PM,11/25/2025,
637,45.2,gf,2.315,mm,OK,--,5:00:05 PM,11/25/2025,
638,45.2,gf,2.315,mm,OK,--,5:00:05 PM,11/25/2025,
639,45.2,gf,2.320,mm,OK,--,5:00:05 PM,11/25/2025,
640,45.2,gf,2.325,mm,OK,--,5:00:05 PM,11/25/2025,
641,45.3,gf,2.335,mm,OK,--,5:00:05 PM,11/25/2025,
642,45.3,gf,2.335,mm,OK,--,5:00:05 PM,11/25/2025,
643,45.3,gf,2.340,mm,OK,--,5:00:05 PM,11/25/2025,
644,45.3,gf,2.345,mm,OK,--,5:00:05 PM,11/25/2025,
645,45.4,gf,2.350,mm,OK,--,5:00:05 PM,11/25/2025,
646,45.4,gf,2.355,mm,OK,--,5:00:05 PM,11/25/2025,
647,45.4,gf,2.355,mm,OK,--,5:00:06 PM,11/25/2025,
648,45.4,gf,2.360,mm,OK,--,5:00:06 PM,11/25/2025,
649,45.5,gf,2.365,mm,OK,--,5:00:06 PM,11/25/2025,
650,45.4,gf,2.365,mm,OK,--,5:00:06 PM,11/25/2025,
651,45.5,gf,2.370,mm,OK,--,5:00:06 PM,11/25/2025,
652,45.5,gf,2.375,mm,OK,--,5:00:06 PM,11/25/2025,
653,45.5,gf,2.380,mm,OK,--,5:00:06 PM,11/25/2025,
654,45.5,gf,2.380,mm,OK,--,5:00:06 PM,11/25/2025,
655,45.5,gf,2.385,mm,OK,--,5:00:06 PM,11/25/2025,
656,45.5,gf,2.385,mm,OK,--,5:00:06 PM,11/25/2025,
657,45.5,gf,2.390,mm,OK,--,5:00:07 PM,11/25/2025,
658,45.5,gf,2.395,mm,OK,--,5:00:07 PM,11/25/2025,
659,45.6,gf,2.395,mm,OK,--,5:00:07 PM,11/25/2025,
660,45.6,gf,2.400,mm,OK,--,5:00:07 PM,11/25/2025,
661,45.6,gf,2.400,mm,OK,--,5:00:07 PM,11/25/2025,
662,45.6,gf,2.405,mm,OK,--,5:00:07 PM,11/25/2025,
663,45.6,gf,2.410,mm,OK,--,5:00:07 PM,11/25/2025,
664,45.6,gf,2.410,mm,OK,--,5:00:07 PM,11/25/2025,
665,45.6,gf,2.415,mm,OK,--,5:00:07 PM,11/25/2025,
666,45.7,gf,2.420,mm,OK,--,5:00:07 PM,11/25/2025,
667,45.7,gf,2.425,mm,OK,--,5:00:08 PM,11/25/2025,
668,45.7,gf,2.430,mm,OK,--,5:00:08 PM,11/25/2025,
669,45.7,gf,2.435,mm,OK,--,5:00:08 PM,11/25/2025,
670,45.7,gf,2.435,mm,OK,--,5:00:08 PM,11/25/2025,
671,45.8,gf,2.440,mm,OK,--,5:00:08 PM,11/25/2025,
672,45.8,gf,2.445,mm,OK,--,5:00:08 PM,11/25/2025,
673,45.9,gf,2.450,mm,OK,--,5:00:08 PM,11/25/2025,
674,45.9,gf,2.455,mm,OK,--,5:00:08 PM,11/25/2025,
675,45.9,gf,2.460,mm,OK,--,5:00:08 PM,11/25/2025,
676,45.9,gf,2.460,mm,OK,--,5:00:08 PM,11/25/2025,
677,46.0,gf,2.465,mm,OK,--,5:00:09 PM,11/25/2025,
678,46.0,gf,2.470,mm,OK,--,5:00:09 PM,11/25/2025,
679,46.0,gf,2.475,mm,OK,--,5:00:09 PM,11/25/2025,
680,46.0,gf,2.480,mm,OK,--,5:00:09 PM,11/25/2025,
681,46.0,gf,2.485,mm,OK,--,5:00:09 PM,11/25/2025,
682,46.1,gf,2.490,mm,OK,--,5:00:09 PM,11/25/2025,
683,46.1,gf,2.500,mm,OK,--,5:00:09 PM,11/25/2025,
684,46.1,gf,2.505,mm,OK,--,5:00:09 PM,11/25/2025,
685,46.1,gf,2.515,mm,OK,--,5:00:09 PM,11/25/2025,
686,46.2,gf,2.520,mm,OK,--,5:00:09 PM,11/25/2025,
687,46.3,gf,2.530,mm,OK,--,5:00:10 PM,11/25/2025,
688,46.3,gf,2.535,mm,OK,--,5:00:10 PM,11/25/2025,
689,46.3,gf,2.545,mm,OK,--,5:00:10 PM,11/25/2025,
690,46.3,gf,2.550,mm,OK,--,5:00:10 PM,11/25/2025,
691,46.4,gf,2.555,mm,OK,--,5:00:10 PM,11/25/2025,
692,46.4,gf,2.560,mm,OK,--,5:00:10 PM,11/25/2025,
693,46.4,gf,2.565,mm,OK,--,5:00:10 PM,11/25/2025,
694,46.5,gf,2.570,mm,OK,--,5:00:10 PM,11/25/2025,
695,46.5,gf,2.575,mm,OK,--,5:00:10 PM,11/25/2025,
696,46.5,gf,2.580,mm,OK,--,5:00:10 PM,11/25/2025,
697,46.5,gf,2.585,mm,OK,--,5:00:11 PM,11/25/2025,
698,46.5,gf,2.590,mm,OK,--,5:00:11 PM,11/25/2025,
699,46.6,gf,2.595,mm,OK,--,5:00:11 PM,11/25/2025,
700,46.6,gf,2.605,mm,OK,--,5:00:11 PM,11/25/2025,
701,46.7,gf,2.610,mm,OK,--,5:00:11 PM,11/25/2025,
702,46.7,gf,2.620,mm,OK,--,5:00:11 PM,11/25/2025,
703,46.8,gf,2.625,mm,OK,--,5:00:11 PM,11/25/2025,
704,46.7,gf,2.630,mm,OK,--,5:00:11 PM,11/25/2025,
705,46.7,gf,2.635,mm,OK,--,5:00:11 PM,11/25/2025,
706,46.8,gf,2.645,mm,OK,--,5:00:11 PM,11/25/2025,
707,46.8,gf,2.650,mm,OK,--,5:00:12 PM,11/25/2025,
708,46.9,gf,2.655,mm,OK,--,5:00:12 PM,11/25/2025,
709,46.9,gf,2.665,mm,OK,--,5:00:12 PM,11/25/2025,
710,47.0,gf,2.670,mm,OK,--,5:00:12 PM,11/25/2025,
711,47.0,gf,2.680,mm,OK,--,5:00:12 PM,11/25/2025,
712,47.0,gf,2.685,mm,OK,--,5:00:12 PM,11/25/2025,
713,47.0,gf,2.690,mm,OK,--,5:00:12 PM,11/25/2025,
714,47.1,gf,2.695,mm,OK,--,5:00:12 PM,11/25/2025,
715,47.1,gf,2.700,mm,OK,--,5:00:12 PM,11/25/2025,
716,47.1,gf,2.705,mm,OK,--,5:00:12 PM,11/25/2025,
717,47.1,gf,2.710,mm,OK,--,5:00:13 PM,11/25/2025,
718,47.1,gf,2.715,mm,OK,--,5:00:13 PM,11/25/2025,
719,47.2,gf,2.715,mm,OK,--,5:00:13 PM,11/25/2025,
720,47.2,gf,2.720,mm,OK,--,5:00:13 PM,11/25/2025,
721,47.2,gf,2.720,mm,OK,--,5:00:13 PM,11/25/2025,
722,47.2,gf,2.725,mm,OK,--,5:00:13 PM,11/25/2025,
723,47.3,gf,2.725,mm,OK,--,5:00:13 PM,11/25/2025,
724,47.2,gf,2.730,mm,OK,--,5:00:13 PM,11/25/2025,
725,47.2,gf,2.735,mm,OK,--,5:00:13 PM,11/25/2025,
726,47.3,gf,2.735,mm,OK,--,5:00:13 PM,11/25/2025,
727,47.3,gf,2.740,mm,OK,--,5:00:14 PM,11/25/2025,
728,47.3,gf,2.740,mm,OK,--,5:00:14 PM,11/25/2025,
729,47.3,gf,2.745,mm,OK,--,5:00:14 PM,11/25/2025,
730,47.3,gf,2.750,mm,OK,--,5:00:14 PM,11/25/2025,
731,47.4,gf,2.755,mm,OK,--,5:00:14 PM,11/25/2025,
732,47.4,gf,2.760,mm,OK,--,5:00:14 PM,11/25/2025,
733,47.4,gf,2.765,mm,OK,--,5:00:14 PM,11/25/2025,
734,47.4,gf,2.770,mm,OK,--,5:00:14 PM,11/25/2025,
735,47.5,gf,2.770,mm,OK,--,5:00:14 PM,11/25/2025,
736,47.5,gf,2.775,mm,OK,--,5:00:14 PM,11/25/2025,
737,47.5,gf,2.785,mm,OK,--,5:00:15 PM,11/25/2025,
738,47.6,gf,2.790,mm,OK,--,5:00:15 PM,11/25/2025,
739,47.6,gf,2.800,mm,OK,--,5:00:15 PM,11/25/2025,
740,47.6,gf,2.805,mm,OK,--,5:00:15 PM,11/25/2025,
741,47.7,gf,2.815,mm,OK,--,5:00:15 PM,11/25/2025,
742,47.7,gf,2.825,mm,OK,--,5:00:15 PM,11/25/2025,
743,47.8,gf,2.835,mm,OK,--,5:00:15 PM,11/25/2025,
744,47.8,gf,2.840,mm,OK,--,5:00:15 PM,11/25/2025,
745,47.8,gf,2.850,mm,OK,--,5:00:15 PM,11/25/2025,
746,47.9,gf,2.860,mm,OK,--,5:00:15 PM,11/25/2025,
747,47.9,gf,2.875,mm,OK,--,5:00:16 PM,11/25/2025,
748,48.0,gf,2.890,mm,OK,--,5:00:16 PM,11/25/2025,
749,48.1,gf,2.905,mm,OK,--,5:00:16 PM,11/25/2025,
750,48.2,gf,2.920,mm,OK,--,5:00:16 PM,11/25/2025,
751,48.3,gf,2.935,mm,OK,--,5:00:16 PM,11/25/2025,
752,48.4,gf,2.950,mm,OK,--,5:00:16 PM,11/25/2025,
753,48.3,gf,2.965,mm,OK,--,5:00:16 PM,11/25/2025,
754,48.4,gf,2.975,mm,OK,--,5:00:16 PM,11/25/2025,
755,48.4,gf,2.985,mm,OK,--,5:00:16 PM,11/25/2025,
756,48.5,gf,2.990,mm,OK,--,5:00:16 PM,11/25/2025,
757,48.5,gf,2.995,mm,OK,--,5:00:17 PM,11/25/2025,
758,48.5,gf,3.000,mm,OK,--,5:00:17 PM,11/25/2025,
759,48.6,gf,3.000,mm,OK,--,5:00:17 PM,11/25/2025,
760,48.5,gf,3.005,mm,OK,--,5:00:17 PM,11/25/2025,
761,48.5,gf,3.005,mm,OK,--,5:00:17 PM,11/25/2025,
762,48.6,gf,3.010,mm,OK,--,5:00:17 PM,11/25/2025,
763,48.6,gf,3.010,mm,OK,--,5:00:17 PM,11/25/2025,
764,48.6,gf,3.015,mm,OK,--,5:00:17 PM,11/25/2025,
765,48.6,gf,3.015,mm,OK,--,5:00:17 PM,11/25/2025,
766,48.7,gf,3.020,mm,OK,--,5:00:17 PM,11/25/2025,
767,48.6,gf,3.025,mm,OK,--,5:00:18 PM,11/25/2025,
768,48.6,gf,3.025,mm,OK,--,5:00:18 PM,11/25/2025,
769,48.7,gf,3.030,mm,OK,--,5:00:18 PM,11/25/2025,
770,48.7,gf,3.035,mm,OK,--,5:00:18 PM,11/25/2025,
771,48.7,gf,3.035,mm,OK,--,5:00:18 PM,11/25/2025,
772,48.7,gf,3.040,mm,OK,--,5:00:18 PM,11/25/2025,
773,48.7,gf,3.040,mm,OK,--,5:00:18 PM,11/25/2025,
774,48.7,gf,3.045,mm,OK,--,5:00:18 PM,11/25/2025,
775,48.7,gf,3.050,mm,OK,--,5:00:18 PM,11/25/2025,
776,48.7,gf,3.050,mm,OK,--,5:00:18 PM,11/25/2025,
777,48.8,gf,3.055,mm,OK,--,5:00:19 PM,11/25/2025,
778,48.8,gf,3.055,mm,OK,--,5:00:19 PM,11/25/2025,
779,48.8,gf,3.055,mm,OK,--,5:00:19 PM,11/25/2025,
780,48.8,gf,3.060,mm,OK,--,5:00:19 PM,11/25/2025,
781,48.8,gf,3.060,mm,OK,--,5:00:19 PM,11/25/2025,
782,48.8,gf,3.065,mm,OK,--,5:00:19 PM,11/25/2025,
783,48.8,gf,3.065,mm,OK,--,5:00:19 PM,11/25/2025,
784,48.9,gf,3.070,mm,OK,--,5:00:19 PM,11/25/2025,
785,48.9,gf,3.075,mm,OK,--,5:00:19 PM,11/25/2025,
786,48.9,gf,3.075,mm,OK,--,5:00:19 PM,11/25/2025,
787,48.9,gf,3.075,mm,OK,--,5:00:20 PM,11/25/2025,
788,48.9,gf,3.080,mm,OK,--,5:00:20 PM,11/25/2025,
789,48.9,gf,3.080,mm,OK,--,5:00:20 PM,11/25/2025,
790,48.9,gf,3.080,mm,OK,--,5:00:20 PM,11/25/2025,
791,48.9,gf,3.085,mm,OK,--,5:00:20 PM,11/25/2025,
792,49.0,gf,3.085,mm,OK,--,5:00:20 PM,11/25/2025,
793,49.0,gf,3.090,mm,OK,--,5:00:20 PM,11/25/2025,
794,49.0,gf,3.100,mm,OK,--,5:00:20 PM,11/25/2025,
795,49.0,gf,3.105,mm,OK,--,5:00:20 PM,11/25/2025,
796,49.2,gf,3.110,mm,OK,--,5:00:20 PM,11/25/2025,
797,49.1,gf,3.110,mm,OK,--,5:00:21 PM,11/25/2025,
798,49.2,gf,3.115,mm,OK,--,5:00:21 PM,11/25/2025,
799,49.2,gf,3.120,mm,OK,--,5:00:21 PM,11/25/2025,
800,49.2,gf,3.130,mm,OK,--,5:00:21 PM,11/25/2025,
801,49.3,gf,3.135,mm,OK,--,5:00:21 PM,11/25/2025,
802,49.3,gf,3.140,mm,OK,--,5:00:21 PM,11/25/2025,
803,49.3,gf,3.145,mm,OK,--,5:00:21 PM,11/25/2025,
804,49.3,gf,3.150,mm,OK,--,5:00:21 PM,11/25/2025,
805,49.3,gf,3.155,mm,OK,--,5:00:21 PM,11/25/2025,
806,49.4,gf,3.160,mm,OK,--,5:00:21 PM,11/25/2025,
807,49.4,gf,3.165,mm,OK,--,5:00:22 PM,11/25/2025,
808,49.4,gf,3.170,mm,OK,--,5:00:22 PM,11/25/2025,
809,49.4,gf,3.175,mm,OK,--,5:00:22 PM,11/25/2025,
810,49.4,gf,3.180,mm,OK,--,5:00:22 PM,11/25/2025,
811,49.5,gf,3.185,mm,OK,--,5:00:22 PM,11/25/2025,
812,49.5,gf,3.190,mm,OK,--,5:00:22 PM,11/25/2025,
813,49.6,gf,3.200,mm,OK,--,5:00:22 PM,11/25/2025,
814,49.5,gf,3.205,mm,OK,--,5:00:22 PM,11/25/2025,
815,49.6,gf,3.215,mm,OK,--,5:00:22 PM,11/25/2025,
816,49.7,gf,3.220,mm,OK,--,5:00:22 PM,11/25/2025,
817,49.7,gf,3.225,mm,OK,--,5:00:23 PM,11/25/2025,
818,49.7,gf,3.235,mm,OK,--,5:00:23 PM,11/25/2025,
819,49.8,gf,3.240,mm,OK,--,5:00:23 PM,11/25/2025,
820,49.8,gf,3.245,mm,OK,--,5:00:23 PM,11/25/2025,
821,49.8,gf,3.255,mm,OK,--,5:00:23 PM,11/25/2025,
822,49.8,gf,3.270,mm,OK,--,5:00:23 PM,11/25/2025,
823,49.9,gf,3.280,mm,OK,--,5:00:23 PM,11/25/2025,
824,50.0,gf,3.285,mm,OK,--,5:00:23 PM,11/25/2025,
825,50.0,gf,3.290,mm,OK,--,5:00:23 PM,11/25/2025,
826,50.1,gf,3.300,mm,OK,--,5:00:23 PM,11/25/2025,
827,50.1,gf,3.305,mm,OK,--,5:00:24 PM,11/25/2025,
828,50.2,gf,3.315,mm,OK,--,5:00:24 PM,11/25/2025,
829,50.2,gf,3.320,mm,OK,--,5:00:24 PM,11/25/2025,
830,50.2,gf,3.330,mm,OK,--,5:00:24 PM,11/25/2025,
831,50.2,gf,3.335,mm,OK,--,5:00:24 PM,11/25/2025,
832,50.3,gf,3.340,mm,OK,--,5:00:24 PM,11/25/2025,
833,50.3,gf,3.345,mm,OK,--,5:00:24 PM,11/25/2025,
834,50.3,gf,3.350,mm,OK,--,5:00:24 PM,11/25/2025,
835,50.3,gf,3.350,mm,OK,--,5:00:24 PM,11/25/2025,
836,50.4,gf,3.355,mm,OK,--,5:00:24 PM,11/25/2025,
837,50.4,gf,3.360,mm,OK,--,5:00:25 PM,11/25/2025,
838,50.3,gf,3.360,mm,OK,--,5:00:25 PM,11/25/2025,
839,50.4,gf,3.365,mm,OK,--,5:00:25 PM,11/25/2025,
840,50.4,gf,3.370,mm,OK,--,5:00:25 PM,11/25/2025,
841,50.4,gf,3.370,mm,OK,--,5:00:25 PM,11/25/2025,
842,50.4,gf,3.370,mm,OK,--,5:00:25 PM,11/25/2025,
843,50.4,gf,3.375,mm,OK,--,5:00:25 PM,11/25/2025,
844,50.5,gf,3.380,mm,OK,--,5:00:25 PM,11/25/2025,
845,50.5,gf,3.380,mm,OK,--,5:00:25 PM,11/25/2025,
846,50.5,gf,3.385,mm,OK,--,5:00:25 PM,11/25/2025,
847,50.5,gf,3.390,mm,OK,--,5:00:26 PM,11/25/2025,
848,50.5,gf,3.395,mm,OK,--,5:00:26 PM,11/25/2025,
849,50.6,gf,3.400,mm,OK,--,5:00:26 PM,11/25/2025,
850,50.6,gf,3.405,mm,OK,--,5:00:26 PM,11/25/2025,
851,50.6,gf,3.405,mm,OK,--,5:00:26 PM,11/25/2025,
852,50.6,gf,3.410,mm,OK,--,5:00:26 PM,11/25/2025,
853,50.7,gf,3.415,mm,OK,--,5:00:26 PM,11/25/2025,
854,50.7,gf,3.420,mm,OK,--,5:00:26 PM,11/25/2025,
855,50.7,gf,3.425,mm,OK,--,5:00:26 PM,11/25/2025,
856,50.8,gf,3.430,mm,OK,--,5:00:26 PM,11/25/2025,
857,50.8,gf,3.435,mm,OK,--,5:00:27 PM,11/25/2025,
858,50.8,gf,3.445,mm,OK,--,5:00:27 PM,11/25/2025,
859,50.9,gf,3.450,mm,OK,--,5:00:27 PM,11/25/2025,
860,50.9,gf,3.460,mm,OK,--,5:00:27 PM,11/25/2025,
861,51.0,gf,3.470,mm,OK,--,5:00:27 PM,11/25/2025,
862,51.1,gf,3.480,mm,OK,--,5:00:27 PM,11/25/2025,
863,51.1,gf,3.490,mm,OK,--,5:00:27 PM,11/25/2025,
864,51.1,gf,3.500,mm,OK,--,5:00:27 PM,11/25/2025,
865,51.2,gf,3.510,mm,OK,--,5:00:27 PM,11/25/2025,
866,51.3,gf,3.515,mm,OK,--,5:00:27 PM,11/25/2025,
867,51.3,gf,3.525,mm,OK,--,5:00:28 PM,11/25/2025,
868,51.4,gf,3.530,mm,OK,--,5:00:28 PM,11/25/2025,
869,51.4,gf,3.540,mm,OK,--,5:00:28 PM,11/25/2025,
870,51.4,gf,3.545,mm,OK,--,5:00:28 PM,11/25/2025,
871,51.5,gf,3.555,mm,OK,--,5:00:28 PM,11/25/2025,
872,51.5,gf,3.560,mm,OK,--,5:00:28 PM,11/25/2025,
873,51.5,gf,3.570,mm,OK,--,5:00:28 PM,11/25/2025,
874,51.6,gf,3.575,mm,OK,--,5:00:28 PM,11/25/2025,
875,51.6,gf,3.585,mm,OK,--,5:00:28 PM,11/25/2025,
876,51.7,gf,3.590,mm,OK,--,5:00:28 PM,11/25/2025,
877,51.6,gf,3.590,mm,OK,--,5:00:29 PM,11/25/2025,
878,51.7,gf,3.595,mm,OK,--,5:00:29 PM,11/25/2025,
879,51.7,gf,3.600,mm,OK,--,5:00:29 PM,11/25/2025,
880,51.7,gf,3.605,mm,OK,--,5:00:29 PM,11/25/2025,
881,51.7,gf,3.605,mm,OK,--,5:00:29 PM,11/25/2025,
882,51.7,gf,3.610,mm,OK,--,5:00:29 PM,11/25/2025,
883,51.7,gf,3.615,mm,OK,--,5:00:29 PM,11/25/2025,
884,51.8,gf,3.620,mm,OK,--,5:00:29 PM,11/25/2025,
885,51.8,gf,3.625,mm,OK,--,5:00:29 PM,11/25/2025,
886,51.8,gf,3.625,mm,OK,--,5:00:29 PM,11/25/2025,
887,51.8,gf,3.630,mm,OK,--,5:00:30 PM,11/25/2025,
888,51.8,gf,3.635,mm,OK,--,5:00:30 PM,11/25/2025,
889,51.9,gf,3.635,mm,OK,--,5:00:30 PM,11/25/2025,
890,51.9,gf,3.640,mm,OK,--,5:00:30 PM,11/25/2025,
891,53.7,gf,3.640,mm,OK,--,5:00:30 PM,11/25/2025,
892,55.8,gf,3.645,mm,OK,--,5:00:30 PM,11/25/2025,
893,57.8,gf,3.645,mm,OK,--,5:00:30 PM,11/25/2025,
894,60.1,gf,3.650,mm,OK,--,5:00:30 PM,11/25/2025,
895,62.8,gf,3.650,mm,OK,--,5:00:30 PM,11/25/2025,
896,65.1,gf,3.655,mm,OK,--,5:00:30 PM,11/25/2025,
897,67.6,gf,3.655,mm,OK,--,5:00:31 PM,11/25/2025,
898,70.0,gf,3.660,mm,OK,--,5:00:31 PM,11/25/2025,
899,72.0,gf,3.660,mm,OK,--,5:00:31 PM,11/25/2025,
900,73.8,gf,3.660,mm,OK,--,5:00:31 PM,11/25/2025,
901,75.0,gf,3.665,mm,OK,--,5:00:31 PM,11/25/2025,
902,76.1,gf,3.665,mm,OK,--,5:00:31 PM,11/25/2025,
903,77.3,gf,3.665,mm,OK,--,5:00:31 PM,11/25/2025,
904,78.6,gf,3.670,mm,OK,--,5:00:31 PM,11/25/2025,
905,80.1,gf,3.670,mm,OK,--,5:00:31 PM,11/25/2025,
906,81.4,gf,3.670,mm,OK,--,5:00:31 PM,11/25/2025,
907,82.6,gf,3.670,mm,OK,--,5:00:32 PM,11/25/2025,
908,83.8,gf,3.675,mm,OK,--,5:00:32 PM,11/25/2025,
909,85.0,gf,3.675,mm,OK,--,5:00:32 PM,11/25/2025,
910,85.9,gf,3.675,mm,OK,--,5:00:32 PM,11/25/2025,
911,87.2,gf,3.675,mm,OK,--,5:00:32 PM,11/25/2025,
912,88.6,gf,3.675,mm,OK,--,5:00:32 PM,11/25/2025,
913,89.9,gf,3.680,mm,OK,--,5:00:32 PM,11/25/2025,
914,91.2,gf,3.680,mm,OK,--,5:00:32 PM,11/25/2025,
915,92.7,gf,3.680,mm,OK,--,5:00:32 PM,11/25/2025,
916,93.7,gf,3.680,mm,OK,--,5:00:32 PM,11/25/2025,
917,94.7,gf,3.685,mm,OK,--,5:00:33 PM,11/25/2025,
918,95.6,gf,3.685,mm,OK,--,5:00:33 PM,11/25/2025,
919,96.4,gf,3.685,mm,OK,--,5:00:33 PM,11/25/2025,
920,97.0,gf,3.685,mm,OK,--,5:00:33 PM,11/25/2025,
921,97.6,gf,3.685,mm,OK,--,5:00:33 PM,11/25/2025,
922,98.1,gf,3.685,mm,OK,--,5:00:33 PM,11/25/2025,
923,98.7,gf,3.685,mm,OK,--,5:00:33 PM,11/25/2025,
924,99.4,gf,3.690,mm,OK,--,5:00:33 PM,11/25/2025,
925,100.1,gf,3.690,mm,OK,--,5:00:33 PM,11/25/2025,
926,100.6,gf,3.690,mm,OK,--,5:00:33 PM,11/25/2025,
927,101.3,gf,3.690,mm,OK,--,5:00:34 PM,11/25/2025,
928,101.9,gf,3.690,mm,OK,--,5:00:34 PM,11/25/2025,
929,102.5,gf,3.690,mm,OK,--,5:00:34 PM,11/25/2025,
930,103.1,gf,3.690,mm,OK,--,5:00:34 PM,11/25/2025,
931,103.6,gf,3.690,mm,OK,--,5:00:34 PM,11/25/2025,
932,104.3,gf,3.695,mm,OK,--,5:00:34 PM,11/25/2025,
933,104.8,gf,3.695,mm,OK,--,5:00:34 PM,11/25/2025,
934,105.3,gf,3.695,mm,OK,--,5:00:34 PM,11/25/2025,
935,105.6,gf,3.695,mm,OK,--,5:00:34 PM,11/25/2025,
936,106.0,gf,3.695,mm,OK,--,5:00:34 PM,11/25/2025,
937,106.2,gf,3.695,mm,OK,--,5:00:35 PM,11/25/2025,
938,106.5,gf,3.695,mm,OK,--,5:00:35 PM,11/25/2025,
939,106.8,gf,3.695,mm,OK,--,5:00:35 PM,11/25/2025,
940,107.4,gf,3.695,mm,OK,--,5:00:35 PM,11/25/2025,
941,108.1,gf,3.695,mm,OK,--,5:00:35 PM,11/25/2025,
942,108.8,gf,3.695,mm,OK,--,5:00:35 PM,11/25/2025,
943,109.5,gf,3.700,mm,OK,--,5:00:35 PM,11/25/2025,
944,110.2,gf,3.700,mm,OK,--,5:00:35 PM,11/25/2025,
945,111.1,gf,3.700,mm,OK,--,5:00:35 PM,11/25/2025,
946,111.9,gf,3.700,mm,OK,--,5:00:35 PM,11/25/2025,
947,112.7,gf,3.700,mm,OK,--,5:00:36 PM,11/25/2025,
948,113.4,gf,3.700,mm,OK,--,5:00:36 PM,11/25/2025,
949,114.1,gf,3.700,mm,OK,--,5:00:36 PM,11/25/2025,
950,114.6,gf,3.705,mm,OK,--,5:00:36 PM,11/25/2025,
951,115.3,gf,3.705,mm,OK,--,5:00:36 PM,11/25/2025,
952,115.9,gf,3.705,mm,OK,--,5:00:36 PM,11/25/2025,
953,116.5,gf,3.705,mm,OK,--,5:00:36 PM,11/25/2025,
954,117.0,gf,3.705,mm,OK,--,5:00:36 PM,11/25/2025,
955,117.5,gf,3.705,mm,OK,--,5:00:36 PM,11/25/2025,
956,118.1,gf,3.705,mm,OK,--,5:00:36 PM,11/25/2025,
957,118.6,gf,3.705,mm,OK,--,5:00:37 PM,11/25/2025,
958,119.1,gf,3.705,mm,OK,--,5:00:37 PM,11/25/2025,
959,119.7,gf,3.710,mm,OK,--,5:00:37 PM,11/25/2025,
960,120.1,gf,3.710,mm,OK,--,5:00:37 PM,11/25/2025,
961,120.5,gf,3.710,mm,OK,--,5:00:37 PM,11/25/2025,
962,120.9,gf,3.710,mm,OK,--,5:00:37 PM,11/25/2025,
963,121.3,gf,3.710,mm,OK,--,5:00:37 PM,11/25/2025,
964,121.4,gf,3.710,mm,OK,--,5:00:37 PM,11/25/2025,
965,121.7,gf,3.710,mm,OK,--,5:00:37 PM,11/25/2025,
966,121.9,gf,3.710,mm,OK,--,5:00:37 PM,11/25/2025,
967,122.3,gf,3.710,mm,OK,--,5:00:38 PM,11/25/2025,
968,122.6,gf,3.710,mm,OK,--,5:00:38 PM,11/25/2025,
969,123.0,gf,3.710,mm,OK,--,5:00:38 PM,11/25/2025,
970,123.5,gf,3.710,mm,OK,--,5:00:38 PM,11/25/2025,
971,123.9,gf,3.710,mm,OK,--,5:00:38 PM,11/25/2025,
972,124.4,gf,3.715,mm,OK,--,5:00:38 PM,11/25/2025,
973,124.9,gf,3.715,mm,OK,--,5:00:38 PM,11/25/2025,
974,125.5,gf,3.715,mm,OK,--,5:00:38 PM,11/25/2025,
975,126.0,gf,3.715,mm,OK,--,5:00:38 PM,11/25/2025,
976,126.5,gf,3.715,mm,OK,--,5:00:38 PM,11/25/2025,
977,127.4,gf,3.715,mm,OK,--,5:00:39 PM,11/25/2025,
978,128.2,gf,3.715,mm,OK,--,5:00:39 PM,11/25/2025,
979,129.1,gf,3.715,mm,OK,--,5:00:39 PM,11/25/2025,
980,129.9,gf,3.720,mm,OK,--,5:00:39 PM,11/25/2025,
981,130.6,gf,3.720,mm,OK,--,5:00:39 PM,11/25/2025,
982,131.4,gf,3.720,mm,OK,--,5:00:39 PM,11/25/2025,
983,132.4,gf,3.720,mm,OK,--,5:00:39 PM,11/25/2025,
984,133.3,gf,3.720,mm,OK,--,5:00:39 PM,11/25/2025,
985,133.8,gf,3.720,mm,OK,--,5:00:39 PM,11/25/2025,
986,134.6,gf,3.725,mm,OK,--,5:00:39 PM,11/25/2025,
987,135.3,gf,3.725,mm,OK,--,5:00:40 PM,11/25/2025,
988,136.0,gf,3.725,mm,OK,--,5:00:40 PM,11/25/2025,
989,136.8,gf,3.725,mm,OK,--,5:00:40 PM,11/25/2025,
990,137.4,gf,3.725,mm,OK,--,5:00:40 PM,11/25/2025,
991,138.0,gf,3.725,mm,OK,--,5:00:40 PM,11/25/2025,
992,138.4,gf,3.725,mm,OK,--,5:00:40 PM,11/25/2025,
993,138.8,gf,3.725,mm,OK,--,5:00:40 PM,11/25/2025,
994,139.2,gf,3.730,mm,OK,--,5:00:40 PM,11/25/2025,
995,139.7,gf,3.730,mm,OK,--,5:00:40 PM,11/25/2025,
996,140.2,gf,3.730,mm,OK,--,5:00:40 PM,11/25/2025,
997,141.0,gf,3.730,mm,OK,--,5:00:41 PM,11/25/2025,
998,141.8,gf,3.730,mm,OK,--,5:00:41 PM,11/25/2025,
999,142.4,gf,3.730,mm,OK,--,5:00:41 PM,11/25/2025,
1000,143.2,gf,3.730,mm,OK,--,5:00:41 PM,11/25/2025,
1001,144.0,gf,3.735,mm,OK,--,5:00:41 PM,11/25/2025,
1002,144.8,gf,3.735,mm,OK,--,5:00:41 PM,11/25/2025,
1003,145.6,gf,3.735,mm,OK,--,5:00:41 PM,11/25/2025,
1004,146.3,gf,3.735,mm,OK,--,5:00:41 PM,11/25/2025,
1005,147.1,gf,3.735,mm,OK,--,5:00:41 PM,11/25/2025,
1006,148.3,gf,3.735,mm,OK,--,5:00:41 PM,11/25/2025,
1007,149.7,gf,3.740,mm,OK,--,5:00:42 PM,11/25/2025,
1008,151.7,gf,3.740,mm,OK,--,5:00:42 PM,11/25/2025,
1009,153.6,gf,3.740,mm,OK,--,5:00:42 PM,11/25/2025,
1010,155.6,gf,3.745,mm,OK,--,5:00:42 PM,11/25/2025,
1011,157.6,gf,3.745,mm,OK,--,5:00:42 PM,11/25/2025,
1012,159.6,gf,3.750,mm,OK,--,5:00:42 PM,11/25/2025,
1013,162.0,gf,3.750,mm,OK,--,5:00:42 PM,11/25/2025,
1014,164.9,gf,3.755,mm,OK,--,5:00:42 PM,11/25/2025,
1015,167.5,gf,3.755,mm,OK,--,5:00:42 PM,11/25/2025,
1016,170.1,gf,3.760,mm,OK,--,5:00:42 PM,11/25/2025,
1017,172.4,gf,3.760,mm,OK,--,5:00:43 PM,11/25/2025,
1018,174.3,gf,3.760,mm,OK,--,5:00:43 PM,11/25/2025,
1019,176.1,gf,3.765,mm,OK,--,5:00:43 PM,11/25/2025,
1020,177.8,gf,3.765,mm,OK,--,5:00:43 PM,11/25/2025,
1021,179.3,gf,3.765,mm,OK,--,5:00:43 PM,11/25/2025,
1022,181.0,gf,3.770,mm,OK,--,5:00:43 PM,11/25/2025,
1023,182.4,gf,3.770,mm,OK,--,5:00:43 PM,11/25/2025,
1024,183.9,gf,3.770,mm,OK,--,5:00:43 PM,11/25/2025,
1025,185.4,gf,3.775,mm,OK,--,5:00:43 PM,11/25/2025,
1026,187.1,gf,3.775,mm,OK,--,5:00:43 PM,11/25/2025,
1027,188.8,gf,3.775,mm,OK,--,5:00:44 PM,11/25/2025,
1028,190.1,gf,3.775,mm,OK,--,5:00:44 PM,11/25/2025,
1029,191.7,gf,3.780,mm,OK,--,5:00:44 PM,11/25/2025,
1030,193.5,gf,3.780,mm,OK,--,5:00:44 PM,11/25/2025,
1031,194.1,gf,3.780,mm,OK,--,5:00:44 PM,11/25/2025,
1032,194.2,gf,3.780,mm,OK,--,5:00:44 PM,11/25/2025,
1033,194.2,gf,3.780,mm,OK,--,5:00:44 PM,11/25/2025,
1034,193.9,gf,3.780,mm,OK,--,5:00:44 PM,11/25/2025,
1035,194.0,gf,3.780,mm,OK,--,5:00:44 PM,11/25/2025,
1036,194.0,gf,3.780,mm,OK,--,5:00:44 PM,11/25/2025,
1037,194.0,gf,3.780,mm,OK,--,5:00:45 PM,11/25/2025,
1038,193.9,gf,3.780,mm,OK,--,5:00:45 PM,11/25/2025,
1039,193.9,gf,3.780,mm,OK,--,5:00:45 PM,11/25/2025,
1040,193.9,gf,3.780,mm,OK,--,5:00:45 PM,11/25/2025,
1041,193.9,gf,3.780,mm,OK,--,5:00:45 PM,11/25/2025,
1042,194.0,gf,3.780,mm,OK,--,5:00:45 PM,11/25/2025,
1043,193.9,gf,3.780,mm,OK,--,5:00:45 PM,11/25/2025,
1044,193.7,gf,3.780,mm,OK,--,5:00:45 PM,11/25/2025,
1045,193.5,gf,3.780,mm,OK,--,5:00:45 PM,11/25/2025,
1046,193.2,gf,3.780,mm,OK,--,5:00:45 PM,11/25/2025,
1047,193.1,gf,3.780,mm,OK,--,5:00:46 PM,11/25/2025,
1048,193.0,gf,3.780,mm,OK,--,5:00:46 PM,11/25/2025,
1049,192.8,gf,3.780,mm,OK,--,5:00:46 PM,11/25/2025,
1050,192.7,gf,3.780,mm,OK,--,5:00:46 PM,11/25/2025,
1051,192.5,gf,3.780,mm,OK,--,5:00:46 PM,11/25/2025,
1052,191.7,gf,3.780,mm,OK,--,5:00:46 PM,11/25/2025,
1053,189.8,gf,3.780,mm,OK,--,5:00:46 PM,11/25/2025,
1054,187.9,gf,3.775,mm,OK,--,5:00:46 PM,11/25/2025,
1055,186.2,gf,3.775,mm,OK,--,5:00:46 PM,11/25/2025,
1056,185.0,gf,3.775,mm,OK,--,5:00:46 PM,11/25/2025,
1057,183.9,gf,3.775,mm,OK,--,5:00:47 PM,11/25/2025,
1058,182.8,gf,3.775,mm,OK,--,5:00:47 PM,11/25/2025,
1059,182.0,gf,3.770,mm,OK,--,5:00:47 PM,11/25/2025,
1060,181.0,gf,3.770,mm,OK,--,5:00:47 PM,11/25/2025,
1061,180.3,gf,3.770,mm,OK,--,5:00:47 PM,11/25/2025,
1062,179.6,gf,3.770,mm,OK,--,5:00:47 PM,11/25/2025,
1063,178.9,gf,3.770,mm,OK,--,5:00:47 PM,11/25/2025,
1064,178.1,gf,3.770,mm,OK,--,5:00:47 PM,11/25/2025,
1065,177.4,gf,3.765,mm,OK,--,5:00:47 PM,11/25/2025,
1066,177.0,gf,3.765,mm,OK,--,5:00:47 PM,11/25/2025,
1067,176.6,gf,3.765,mm,OK,--,5:00:48 PM,11/25/2025,
1068,176.2,gf,3.765,mm,OK,--,5:00:48 PM,11/25/2025,
1069,175.9,gf,3.765,mm,OK,--,5:00:48 PM,11/25/2025,
1070,175.5,gf,3.765,mm,OK,--,5:00:48 PM,11/25/2025,
1071,174.8,gf,3.765,mm,OK,--,5:00:48 PM,11/25/2025,
1072,173.5,gf,3.765,mm,OK,--,5:00:48 PM,11/25/2025,
1073,171.8,gf,3.760,mm,OK,--,5:00:48 PM,11/25/2025,
1074,170.8,gf,3.760,mm,OK,--,5:00:48 PM,11/25/2025,
1075,169.9,gf,3.760,mm,OK,--,5:00:48 PM,11/25/2025,
1076,169.0,gf,3.760,mm,OK,--,5:00:48 PM,11/25/2025,
1077,168.5,gf,3.760,mm,OK,--,5:00:49 PM,11/25/2025,
1078,168.0,gf,3.760,mm,OK,--,5:00:49 PM,11/25/2025,
1079,167.6,gf,3.760,mm,OK,--,5:00:49 PM,11/25/2025,
1080,167.1,gf,3.760,mm,OK,--,5:00:49 PM,11/25/2025,
1081,166.8,gf,3.760,mm,OK,--,5:00:49 PM,11/25/2025,
1082,166.4,gf,3.755,mm,OK,--,5:00:49 PM,11/25/2025,
1083,166.1,gf,3.755,mm,OK,--,5:00:49 PM,11/25/2025,
1084,165.6,gf,3.755,mm,OK,--,5:00:49 PM,11/25/2025,
1085,165.3,gf,3.755,mm,OK,--,5:00:49 PM,11/25/2025,
1086,164.9,gf,3.755,mm,OK,--,5:00:49 PM,11/25/2025,
1087,164.5,gf,3.755,mm,OK,--,5:00:50 PM,11/25/2025,
1088,164.1,gf,3.755,mm,OK,--,5:00:50 PM,11/25/2025,
1089,163.6,gf,3.755,mm,OK,--,5:00:50 PM,11/25/2025,
1090,163.2,gf,3.755,mm,OK,--,5:00:50 PM,11/25/2025,
1091,162.8,gf,3.755,mm,OK,--,5:00:50 PM,11/25/2025,
1092,162.4,gf,3.755,mm,OK,--,5:00:50 PM,11/25/2025,
1093,161.6,gf,3.755,mm,OK,--,5:00:50 PM,11/25/2025,
1094,160.4,gf,3.750,mm,OK,--,5:00:50 PM,11/25/2025,
1095,159.0,gf,3.750,mm,OK,--,5:00:50 PM,11/25/2025,
1096,157.8,gf,3.750,mm,OK,--,5:00:50 PM,11/25/2025,
1097,156.8,gf,3.750,mm,OK,--,5:00:51 PM,11/25/2025,
1098,155.7,gf,3.745,mm,OK,--,5:00:51 PM,11/25/2025,
1099,154.4,gf,3.745,mm,OK,--,5:00:51 PM,11/25/2025,
1100,153.4,gf,3.745,mm,OK,--,5:00:51 PM,11/25/2025,
1101,152.7,gf,3.745,mm,OK,--,5:00:51 PM,11/25/2025,
1102,152.0,gf,3.745,mm,OK,--,5:00:51 PM,11/25/2025,
1103,151.4,gf,3.745,mm,OK,--,5:00:51 PM,11/25/2025,
1104,150.3,gf,3.740,mm,OK,--,5:00:51 PM,11/25/2025,
1105,149.7,gf,3.740,mm,OK,--,5:00:51 PM,11/25/2025,
1106,149.1,gf,3.740,mm,OK,--,5:00:51 PM,11/25/2025,
1107,148.6,gf,3.740,mm,OK,--,5:00:52 PM,11/25/2025,
1108,148.0,gf,3.740,mm,OK,--,5:00:52 PM,11/25/2025,
1109,147.1,gf,3.740,mm,OK,--,5:00:52 PM,11/25/2025,
1110,145.9,gf,3.740,mm,OK,--,5:00:52 PM,11/25/2025,
1111,144.9,gf,3.735,mm,OK,--,5:00:52 PM,11/25/2025,
1112,144.2,gf,3.735,mm,OK,--,5:00:52 PM,11/25/2025,
1113,143.5,gf,3.735,mm,OK,--,5:00:52 PM,11/25/2025,
1114,142.6,gf,3.735,mm,OK,--,5:00:52 PM,11/25/2025,
1115,142.1,gf,3.735,mm,OK,--,5:00:52 PM,11/25/2025,
1116,141.5,gf,3.735,mm,OK,--,5:00:52 PM,11/25/2025,
1117,140.8,gf,3.735,mm,OK,--,5:00:53 PM,11/25/2025,
1118,139.8,gf,3.730,mm,OK,--,5:00:53 PM,11/25/2025,
1119,139.3,gf,3.730,mm,OK,--,5:00:53 PM,11/25/2025,
1120,138.7,gf,3.730,mm,OK,--,5:00:53 PM,11/25/2025,
1121,138.1,gf,3.730,mm,OK,--,5:00:53 PM,11/25/2025,
1122,137.5,gf,3.730,mm,OK,--,5:00:53 PM,11/25/2025,
1123,136.5,gf,3.730,mm,OK,--,5:00:53 PM,11/25/2025,
1124,135.5,gf,3.730,mm,OK,--,5:00:53 PM,11/25/2025,
1125,134.6,gf,3.725,mm,OK,--,5:00:53 PM,11/25/2025,
1126,133.6,gf,3.725,mm,OK,--,5:00:53 PM,11/25/2025,
1127,132.1,gf,3.725,mm,OK,--,5:00:54 PM,11/25/2025,
1128,130.3,gf,3.720,mm,OK,--,5:00:54 PM,11/25/2025,
1129,128.3,gf,3.720,mm,OK,--,5:00:54 PM,11/25/2025,
1130,126.2,gf,3.720,mm,OK,--,5:00:54 PM,11/25/2025,
1131,123.6,gf,3.715,mm,OK,--,5:00:54 PM,11/25/2025,
1132,120.9,gf,3.715,mm,OK,--,5:00:54 PM,11/25/2025,
1133,117.9,gf,3.710,mm,OK,--,5:00:54 PM,11/25/2025,
1134,114.9,gf,3.705,mm,OK,--,5:00:54 PM,11/25/2025,
1135,111.7,gf,3.705,mm,OK,--,5:00:54 PM,11/25/2025,
1136,108.3,gf,3.700,mm,OK,--,5:00:54 PM,11/25/2025,
1137,104.2,gf,3.695,mm,OK,--,5:00:55 PM,11/25/2025,
1138,100.0,gf,3.695,mm,OK,--,5:00:55 PM,11/25/2025,
1139,96.0,gf,3.690,mm,OK,--,5:00:55 PM,11/25/2025,
1140,92.3,gf,3.685,mm,OK,--,5:00:55 PM,11/25/2025,
1141,89.0,gf,3.680,mm,OK,--,5:00:55 PM,11/25/2025,
1142,85.7,gf,3.680,mm,OK,--,5:00:55 PM,11/25/2025,
1143,83.0,gf,3.675,mm,OK,--,5:00:55 PM,11/25/2025,
1144,80.7,gf,3.675,mm,OK,--,5:00:55 PM,11/25/2025,
1145,78.5,gf,3.670,mm,OK,--,5:00:55 PM,11/25/2025,
1146,76.4,gf,3.670,mm,OK,--,5:00:55 PM,11/25/2025,
1147,74.7,gf,3.670,mm,OK,--,5:00:56 PM,11/25/2025,
1148,72.8,gf,3.665,mm,OK,--,5:00:56 PM,11/25/2025,
1149,70.8,gf,3.665,mm,OK,--,5:00:56 PM,11/25/2025,
1150,68.4,gf,3.660,mm,OK,--,5:00:56 PM,11/25/2025,
1151,66.1,gf,3.660,mm,OK,--,5:00:56 PM,11/25/2025,
1152,63.3,gf,3.655,mm,OK,--,5:00:56 PM,11/25/2025,
1153,60.8,gf,3.655,mm,OK,--,5:00:56 PM,11/25/2025,
1154,58.4,gf,3.650,mm,OK,--,5:00:56 PM,11/25/2025,
1155,55.9,gf,3.650,mm,OK,--,5:00:56 PM,11/25/2025,
1156,53.3,gf,3.645,mm,OK,--,5:00:56 PM,11/25/2025,
1157,51.0,gf,3.640,mm,OK,--,5:00:57 PM,11/25/2025,
1158,51.2,gf,3.635,mm,OK,--,5:00:57 PM,11/25/2025,
1159,51.1,gf,3.630,mm,OK,--,5:00:57 PM,11/25/2025,
1160,51.1,gf,3.625,mm,OK,--,5:00:57 PM,11/25/2025,
1161,51.1,gf,3.620,mm,OK,--,5:00:57 PM,11/25/2025,
1162,51.0,gf,3.610,mm,OK,--,5:00:57 PM,11/25/2025,
1163,51.0,gf,3.600,mm,OK,--,5:00:57 PM,11/25/2025,
1164,51.0,gf,3.590,mm,OK,--,5:00:57 PM,11/25/2025,
1165,50.9,gf,3.580,mm,OK,--,5:00:57 PM,11/25/2025,
1166,50.8,gf,3.570,mm,OK,--,5:00:57 PM,11/25/2025,
1167,50.8,gf,3.565,mm,OK,--,5:00:58 PM,11/25/2025,
1168,50.7,gf,3.560,mm,OK,--,5:00:58 PM,11/25/2025,
1169,50.7,gf,3.555,mm,OK,--,5:00:58 PM,11/25/2025,
1170,50.7,gf,3.550,mm,OK,--,5:00:58 PM,11/25/2025,
1171,50.7,gf,3.545,mm,OK,--,5:00:58 PM,11/25/2025,
1172,50.6,gf,3.540,mm,OK,--,5:00:58 PM,11/25/2025,
1173,50.6,gf,3.535,mm,OK,--,5:00:58 PM,11/25/2025,
1174,50.6,gf,3.530,mm,OK,--,5:00:58 PM,11/25/2025,
1175,50.6,gf,3.525,mm,OK,--,5:00:58 PM,11/25/2025,
1176,50.5,gf,3.520,mm,OK,--,5:00:58 PM,11/25/2025,
1177,50.5,gf,3.520,mm,OK,--,5:00:59 PM,11/25/2025,
1178,50.5,gf,3.515,mm,OK,--,5:00:59 PM,11/25/2025,
1179,50.5,gf,3.510,mm,OK,--,5:00:59 PM,11/25/2025,
1180,50.5,gf,3.500,mm,OK,--,5:00:59 PM,11/25/2025,
1181,50.4,gf,3.495,mm,OK,--,5:00:59 PM,11/25/2025,
1182,50.4,gf,3.490,mm,OK,--,5:00:59 PM,11/25/2025,
1183,50.4,gf,3.490,mm,OK,--,5:00:59 PM,11/25/2025,
1184,50.4,gf,3.485,mm,OK,--,5:00:59 PM,11/25/2025,
1185,50.3,gf,3.480,mm,OK,--,5:00:59 PM,11/25/2025,
1186,50.3,gf,3.480,mm,OK,--,5:00:59 PM,11/25/2025,
1187,50.3,gf,3.475,mm,OK,--,5:01:00 PM,11/25/2025,
1188,50.3,gf,3.475,mm,OK,--,5:01:00 PM,11/25/2025,
1189,50.3,gf,3.470,mm,OK,--,5:01:00 PM,11/25/2025,
1190,50.3,gf,3.470,mm,OK,--,5:01:00 PM,11/25/2025,
1191,50.2,gf,3.465,mm,OK,--,5:01:00 PM,11/25/2025,
1192,50.2,gf,3.460,mm,OK,--,5:01:00 PM,11/25/2025,
1193,50.2,gf,3.455,mm,OK,--,5:01:00 PM,11/25/2025,
1194,50.2,gf,3.450,mm,OK,--,5:01:00 PM,11/25/2025,
1195,50.1,gf,3.445,mm,OK,--,5:01:00 PM,11/25/2025,
1196,50.1,gf,3.440,mm,OK,--,5:01:00 PM,11/25/2025,
1197,50.1,gf,3.435,mm,OK,--,5:01:01 PM,11/25/2025,
1198,50.1,gf,3.430,mm,OK,--,5:01:01 PM,11/25/2025,
1199,50.1,gf,3.430,mm,OK,--,5:01:01 PM,11/25/2025,
1200,50.0,gf,3.425,mm,OK,--,5:01:01 PM,11/25/2025,
1201,50.0,gf,3.420,mm,OK,--,5:01:01 PM,11/25/2025,
1202,50.0,gf,3.420,mm,OK,--,5:01:01 PM,11/25/2025,
1203,50.0,gf,3.415,mm,OK,--,5:01:01 PM,11/25/2025,
1204,50.0,gf,3.410,mm,OK,--,5:01:01 PM,11/25/2025,
1205,50.0,gf,3.405,mm,OK,--,5:01:01 PM,11/25/2025,
1206,49.9,gf,3.395,mm,OK,--,5:01:01 PM,11/25/2025,
1207,49.9,gf,3.380,mm,OK,--,5:01:02 PM,11/25/2025,
1208,49.9,gf,3.370,mm,OK,--,5:01:02 PM,11/25/2025,
1209,49.8,gf,3.360,mm,OK,--,5:01:02 PM,11/25/2025,
1210,49.7,gf,3.355,mm,OK,--,5:01:02 PM,11/25/2025,
1211,49.7,gf,3.350,mm,OK,--,5:01:02 PM,11/25/2025,
1212,49.6,gf,3.340,mm,OK,--,5:01:02 PM,11/25/2025,
1213,49.6,gf,3.330,mm,OK,--,5:01:02 PM,11/25/2025,
1214,49.5,gf,3.315,mm,OK,--,5:01:02 PM,11/25/2025,
1215,49.4,gf,3.300,mm,OK,--,5:01:02 PM,11/25/2025,
1216,49.4,gf,3.290,mm,OK,--,5:01:02 PM,11/25/2025,
1217,49.3,gf,3.280,mm,OK,--,5:01:03 PM,11/25/2025,
1218,49.2,gf,3.270,mm,OK,--,5:01:03 PM,11/25/2025,
1219,49.2,gf,3.260,mm,OK,--,5:01:03 PM,11/25/2025,
1220,49.1,gf,3.250,mm,OK,--,5:01:03 PM,11/25/2025,
1221,49.1,gf,3.235,mm,OK,--,5:01:03 PM,11/25/2025,
1222,48.9,gf,3.225,mm,OK,--,5:01:03 PM,11/25/2025,
1223,48.9,gf,3.215,mm,OK,--,5:01:03 PM,11/25/2025,
1224,48.9,gf,3.205,mm,OK,--,5:01:03 PM,11/25/2025,
1225,48.9,gf,3.200,mm,OK,--,5:01:03 PM,11/25/2025,
1226,48.8,gf,3.190,mm,OK,--,5:01:03 PM,11/25/2025,
1227,48.8,gf,3.180,mm,OK,--,5:01:04 PM,11/25/2025,
1228,48.7,gf,3.170,mm,OK,--,5:01:04 PM,11/25/2025,
1229,48.7,gf,3.165,mm,OK,--,5:01:04 PM,11/25/2025,
1230,48.7,gf,3.160,mm,OK,--,5:01:04 PM,11/25/2025,
1231,48.6,gf,3.150,mm,OK,--,5:01:04 PM,11/25/2025,
1232,48.6,gf,3.145,mm,OK,--,5:01:04 PM,11/25/2025,
1233,48.5,gf,3.135,mm,OK,--,5:01:04 PM,11/25/2025,
1234,48.5,gf,3.130,mm,OK,--,5:01:04 PM,11/25/2025,
1235,48.5,gf,3.120,mm,OK,--,5:01:04 PM,11/25/2025,
1236,48.4,gf,3.115,mm,OK,--,5:01:04 PM,11/25/2025,
1237,48.4,gf,3.105,mm,OK,--,5:01:05 PM,11/25/2025,
1238,48.4,gf,3.095,mm,OK,--,5:01:05 PM,11/25/2025,
1239,48.3,gf,3.085,mm,OK,--,5:01:05 PM,11/25/2025,
1240,48.3,gf,3.080,mm,OK,--,5:01:05 PM,11/25/2025,
1241,48.3,gf,3.075,mm,OK,--,5:01:05 PM,11/25/2025,
1242,48.2,gf,3.070,mm,OK,--,5:01:05 PM,11/25/2025,
1243,48.2,gf,3.065,mm,OK,--,5:01:05 PM,11/25/2025,
1244,48.2,gf,3.060,mm,OK,--,5:01:05 PM,11/25/2025,
1245,48.2,gf,3.055,mm,OK,--,5:01:05 PM,11/25/2025,
1246,48.2,gf,3.055,mm,OK,--,5:01:05 PM,11/25/2025,
1247,48.1,gf,3.050,mm,OK,--,5:01:06 PM,11/25/2025,
1248,48.1,gf,3.040,mm,OK,--,5:01:06 PM,11/25/2025,
1249,48.0,gf,3.035,mm,OK,--,5:01:06 PM,11/25/2025,
1250,48.0,gf,3.030,mm,OK,--,5:01:06 PM,11/25/2025,
1251,48.0,gf,3.025,mm,OK,--,5:01:06 PM,11/25/2025,
1252,47.9,gf,3.020,mm,OK,--,5:01:06 PM,11/25/2025,
1253,47.9,gf,3.015,mm,OK,--,5:01:06 PM,11/25/2025,
1254,47.8,gf,3.015,mm,OK,--,5:01:06 PM,11/25/2025,
1255,47.9,gf,3.010,mm,OK,--,5:01:06 PM,11/25/2025,
1256,47.8,gf,3.005,mm,OK,--,5:01:06 PM,11/25/2025,
1257,47.8,gf,3.000,mm,OK,--,5:01:07 PM,11/25/2025,
1258,47.7,gf,2.995,mm,OK,--,5:01:07 PM,11/25/2025,
1259,47.8,gf,2.990,mm,OK,--,5:01:07 PM,11/25/2025,
1260,47.7,gf,2.985,mm,OK,--,5:01:07 PM,11/25/2025,
1261,47.7,gf,2.980,mm,OK,--,5:01:07 PM,11/25/2025,
1262,47.6,gf,2.975,mm,OK,--,5:01:07 PM,11/25/2025,
1263,47.6,gf,2.965,mm,OK,--,5:01:07 PM,11/25/2025,
1264,47.6,gf,2.960,mm,OK,--,5:01:07 PM,11/25/2025,
1265,47.5,gf,2.955,mm,OK,--,5:01:07 PM,11/25/2025,
1266,47.5,gf,2.950,mm,OK,--,5:01:07 PM,11/25/2025,
1267,47.5,gf,2.945,mm,OK,--,5:01:08 PM,11/25/2025,
1268,47.5,gf,2.940,mm,OK,--,5:01:08 PM,11/25/2025,
1269,47.5,gf,2.935,mm,OK,--,5:01:08 PM,11/25/2025,
1270,47.4,gf,2.935,mm,OK,--,5:01:08 PM,11/25/2025,
1271,47.4,gf,2.930,mm,OK,--,5:01:08 PM,11/25/2025,
1272,47.4,gf,2.925,mm,OK,--,5:01:08 PM,11/25/2025,
1273,47.4,gf,2.915,mm,OK,--,5:01:08 PM,11/25/2025,
1274,47.4,gf,2.900,mm,OK,--,5:01:08 PM,11/25/2025,
1275,47.3,gf,2.890,mm,OK,--,5:01:08 PM,11/25/2025,
1276,47.3,gf,2.880,mm,OK,--,5:01:08 PM,11/25/2025,
1277,47.2,gf,2.870,mm,OK,--,5:01:09 PM,11/25/2025,
1278,47.2,gf,2.860,mm,OK,--,5:01:09 PM,11/25/2025,
1279,47.1,gf,2.850,mm,OK,--,5:01:09 PM,11/25/2025,
1280,47.1,gf,2.840,mm,OK,--,5:01:09 PM,11/25/2025,
1281,47.0,gf,2.830,mm,OK,--,5:01:09 PM,11/25/2025,
1282,46.9,gf,2.815,mm,OK,--,5:01:09 PM,11/25/2025,
1283,46.9,gf,2.805,mm,OK,--,5:01:09 PM,11/25/2025,
1284,46.8,gf,2.790,mm,OK,--,5:01:09 PM,11/25/2025,
1285,46.7,gf,2.780,mm,OK,--,5:01:09 PM,11/25/2025,
1286,46.7,gf,2.770,mm,OK,--,5:01:09 PM,11/25/2025,
1287,46.6,gf,2.760,mm,OK,--,5:01:10 PM,11/25/2025,
1288,46.6,gf,2.750,mm,OK,--,5:01:10 PM,11/25/2025,
1289,46.5,gf,2.745,mm,OK,--,5:01:10 PM,11/25/2025,
1290,46.5,gf,2.740,mm,OK,--,5:01:10 PM,11/25/2025,
1291,46.5,gf,2.740,mm,OK,--,5:01:10 PM,11/25/2025,
1292,46.4,gf,2.735,mm,OK,--,5:01:10 PM,11/25/2025,
1293,46.4,gf,2.730,mm,OK,--,5:01:10 PM,11/25/2025,
1294,46.4,gf,2.730,mm,OK,--,5:01:10 PM,11/25/2025,
1295,46.4,gf,2.725,mm,OK,--,5:01:10 PM,11/25/2025,
1296,46.3,gf,2.720,mm,OK,--,5:01:10 PM,11/25/2025,
1297,46.3,gf,2.720,mm,OK,--,5:01:11 PM,11/25/2025,
1298,46.3,gf,2.715,mm,OK,--,5:01:11 PM,11/25/2025,
1299,46.3,gf,2.715,mm,OK,--,5:01:11 PM,11/25/2025,
1300,46.3,gf,2.710,mm,OK,--,5:01:11 PM,11/25/2025,
1301,46.3,gf,2.710,mm,OK,--,5:01:11 PM,11/25/2025,
1302,46.2,gf,2.705,mm,OK,--,5:01:11 PM,11/25/2025,
1303,46.2,gf,2.700,mm,OK,--,5:01:11 PM,11/25/2025,
1304,46.2,gf,2.695,mm,OK,--,5:01:11 PM,11/25/2025,
1305,46.2,gf,2.690,mm,OK,--,5:01:11 PM,11/25/2025,
1306,46.2,gf,2.690,mm,OK,--,5:01:11 PM,11/25/2025,
1307,46.1,gf,2.685,mm,OK,--,5:01:12 PM,11/25/2025,
1308,46.1,gf,2.680,mm,OK,--,5:01:12 PM,11/25/2025,
1309,46.1,gf,2.675,mm,OK,--,5:01:12 PM,11/25/2025,
1310,46.1,gf,2.670,mm,OK,--,5:01:12 PM,11/25/2025,
1311,46.1,gf,2.665,mm,OK,--,5:01:12 PM,11/25/2025,
1312,46.1,gf,2.660,mm,OK,--,5:01:12 PM,11/25/2025,
1313,46.1,gf,2.655,mm,OK,--,5:01:12 PM,11/25/2025,
1314,46.0,gf,2.650,mm,OK,--,5:01:12 PM,11/25/2025,
1315,46.0,gf,2.640,mm,OK,--,5:01:12 PM,11/25/2025,
1316,45.9,gf,2.630,mm,OK,--,5:01:12 PM,11/25/2025,
1317,45.9,gf,2.625,mm,OK,--,5:01:13 PM,11/25/2025,
1318,45.8,gf,2.620,mm,OK,--,5:01:13 PM,11/25/2025,
1319,45.8,gf,2.615,mm,OK,--,5:01:13 PM,11/25/2025,
1320,45.8,gf,2.615,mm,OK,--,5:01:13 PM,11/25/2025,
1321,45.8,gf,2.610,mm,OK,--,5:01:13 PM,11/25/2025,
1322,45.8,gf,2.610,mm,OK,--,5:01:13 PM,11/25/2025,
1323,45.8,gf,2.605,mm,OK,--,5:01:13 PM,11/25/2025,
1324,45.8,gf,2.600,mm,OK,--,5:01:13 PM,11/25/2025,
1325,45.8,gf,2.595,mm,OK,--,5:01:13 PM,11/25/2025,
1326,45.7,gf,2.590,mm,OK,--,5:01:13 PM,11/25/2025,
1327,45.7,gf,2.585,mm,OK,--,5:01:14 PM,11/25/2025,
1328,45.7,gf,2.585,mm,OK,--,5:01:14 PM,11/25/2025,
1329,45.7,gf,2.580,mm,OK,--,5:01:14 PM,11/25/2025,
1330,45.7,gf,2.575,mm,OK,--,5:01:14 PM,11/25/2025,
1331,45.7,gf,2.575,mm,OK,--,5:01:14 PM,11/25/2025,
1332,45.6,gf,2.565,mm,OK,--,5:01:14 PM,11/25/2025,
1333,45.6,gf,2.555,mm,OK,--,5:01:14 PM,11/25/2025,
1334,45.5,gf,2.550,mm,OK,--,5:01:14 PM,11/25/2025,
1335,45.5,gf,2.540,mm,OK,--,5:01:14 PM,11/25/2025,
1336,45.5,gf,2.535,mm,OK,--,5:01:14 PM,11/25/2025,
1337,45.4,gf,2.530,mm,OK,--,5:01:15 PM,11/25/2025,
1338,45.4,gf,2.525,mm,OK,--,5:01:15 PM,11/25/2025,
1339,45.4,gf,2.520,mm,OK,--,5:01:15 PM,11/25/2025,
1340,45.4,gf,2.520,mm,OK,--,5:01:15 PM,11/25/2025,
1341,45.4,gf,2.515,mm,OK,--,5:01:15 PM,11/25/2025,
1342,45.3,gf,2.505,mm,OK,--,5:01:15 PM,11/25/2025,
1343,45.3,gf,2.485,mm,OK,--,5:01:15 PM,11/25/2025,
1344,45.2,gf,2.475,mm,OK,--,5:01:15 PM,11/25/2025,
1345,45.2,gf,2.470,mm,OK,--,5:01:15 PM,11/25/2025,
1346,45.1,gf,2.465,mm,OK,--,5:01:15 PM,11/25/2025,
1347,45.1,gf,2.460,mm,OK,--,5:01:16 PM,11/25/2025,
1348,45.1,gf,2.455,mm,OK,--,5:01:16 PM,11/25/2025,
1349,45.1,gf,2.455,mm,OK,--,5:01:16 PM,11/25/2025,
1350,45.1,gf,2.450,mm,OK,--,5:01:16 PM,11/25/2025,
1351,45.1,gf,2.450,mm,OK,--,5:01:16 PM,11/25/2025,
1352,45.1,gf,2.445,mm,OK,--,5:01:16 PM,11/25/2025,
1353,45.0,gf,2.445,mm,OK,--,5:01:16 PM,11/25/2025,
1354,45.0,gf,2.440,mm,OK,--,5:01:16 PM,11/25/2025,
1355,45.0,gf,2.440,mm,OK,--,5:01:16 PM,11/25/2025,
1356,45.0,gf,2.435,mm,OK,--,5:01:16 PM,11/25/2025,
1357,45.0,gf,2.435,mm,OK,--,5:01:17 PM,11/25/2025,
1358,45.0,gf,2.430,mm,OK,--,5:01:17 PM,11/25/2025,
1359,45.0,gf,2.425,mm,OK,--,5:01:17 PM,11/25/2025,
1360,45.0,gf,2.425,mm,OK,--,5:01:17 PM,11/25/2025,
1361,44.9,gf,2.420,mm,OK,--,5:01:17 PM,11/25/2025,
1362,44.9,gf,2.410,mm,OK,--,5:01:17 PM,11/25/2025,
1363,44.9,gf,2.410,mm,OK,--,5:01:17 PM,11/25/2025,
1364,44.9,gf,2.405,mm,OK,--,5:01:17 PM,11/25/2025,
1365,44.9,gf,2.400,mm,OK,--,5:01:17 PM,11/25/2025,
1366,44.8,gf,2.395,mm,OK,--,5:01:17 PM,11/25/2025,
1367,44.8,gf,2.390,mm,OK,--,5:01:18 PM,11/25/2025,
1368,44.8,gf,2.380,mm,OK,--,5:01:18 PM,11/25/2025,
1369,44.7,gf,2.370,mm,OK,--,5:01:18 PM,11/25/2025,
1370,44.7,gf,2.365,mm,OK,--,5:01:18 PM,11/25/2025,
1371,44.6,gf,2.355,mm,OK,--,5:01:18 PM,11/25/2025,
1372,44.6,gf,2.350,mm,OK,--,5:01:18 PM,11/25/2025,
1373,44.5,gf,2.340,mm,OK,--,5:01:18 PM,11/25/2025,
1374,44.5,gf,2.335,mm,OK,--,5:01:18 PM,11/25/2025,
1375,44.5,gf,2.330,mm,OK,--,5:01:18 PM,11/25/2025,
1376,44.5,gf,2.325,mm,OK,--,5:01:18 PM,11/25/2025,
1377,44.4,gf,2.320,mm,OK,--,5:01:19 PM,11/25/2025,
1378,44.4,gf,2.315,mm,OK,--,5:01:19 PM,11/25/2025,
1379,44.4,gf,2.310,mm,OK,--,5:01:19 PM,11/25/2025,
1380,44.4,gf,2.305,mm,OK,--,5:01:19 PM,11/25/2025,
1381,44.4,gf,2.305,mm,OK,--,5:01:19 PM,11/25/2025,
1382,44.4,gf,2.300,mm,OK,--,5:01:19 PM,11/25/2025,
1383,44.4,gf,2.300,mm,OK,--,5:01:19 PM,11/25/2025,
1384,44.4,gf,2.295,mm,OK,--,5:01:19 PM,11/25/2025,
1385,44.3,gf,2.295,mm,OK,--,5:01:19 PM,11/25/2025,
1386,44.3,gf,2.295,mm,OK,--,5:01:19 PM,11/25/2025,
1387,44.3,gf,2.290,mm,OK,--,5:01:20 PM,11/25/2025,
1388,44.3,gf,2.290,mm,OK,--,5:01:20 PM,11/25/2025,
1389,44.3,gf,2.290,mm,OK,--,5:01:20 PM,11/25/2025,
1390,44.3,gf,2.285,mm,OK,--,5:01:20 PM,11/25/2025,
1391,44.3,gf,2.280,mm,OK,--,5:01:20 PM,11/25/2025,
1392,44.3,gf,2.280,mm,OK,--,5:01:20 PM,11/25/2025,
1393,44.2,gf,2.280,mm,OK,--,5:01:20 PM,11/25/2025,
1394,44.2,gf,2.275,mm,OK,--,5:01:20 PM,11/25/2025,
1395,44.2,gf,2.275,mm,OK,--,5:01:20 PM,11/25/2025,
1396,44.2,gf,2.275,mm,OK,--,5:01:20 PM,11/25/2025,
1397,44.2,gf,2.275,mm,OK,--,5:01:21 PM,11/25/2025,
1398,44.2,gf,2.270,mm,OK,--,5:01:21 PM,11/25/2025,
1399,44.2,gf,2.270,mm,OK,--,5:01:21 PM,11/25/2025,
1400,44.2,gf,2.270,mm,OK,--,5:01:21 PM,11/25/2025,
1401,44.2,gf,2.265,mm,OK,--,5:01:21 PM,11/25/2025,
1402,44.2,gf,2.265,mm,OK,--,5:01:21 PM,11/25/2025,
1403,44.2,gf,2.260,mm,OK,--,5:01:21 PM,11/25/2025,
1404,44.2,gf,2.250,mm,OK,--,5:01:21 PM,11/25/2025,
1405,44.1,gf,2.245,mm,OK,--,5:01:21 PM,11/25/2025,
1406,44.0,gf,2.240,mm,OK,--,5:01:21 PM,11/25/2025,
1407,44.0,gf,2.235,mm,OK,--,5:01:22 PM,11/25/2025,
1408,44.0,gf,2.225,mm,OK,--,5:01:22 PM,11/25/2025,
1409,43.9,gf,2.210,mm,OK,--,5:01:22 PM,11/25/2025,
1410,43.8,gf,2.195,mm,OK,--,5:01:22 PM,11/25/2025,
1411,43.7,gf,2.185,mm,OK,--,5:01:22 PM,11/25/2025,
1412,43.7,gf,2.175,mm,OK,--,5:01:22 PM,11/25/2025,
1413,43.6,gf,2.165,mm,OK,--,5:01:22 PM,11/25/2025,
1414,43.6,gf,2.160,mm,OK,--,5:01:22 PM,11/25/2025,
1415,43.5,gf,2.150,mm,OK,--,5:01:22 PM,11/25/2025,
1416,43.5,gf,2.145,mm,OK,--,5:01:22 PM,11/25/2025,
1417,43.5,gf,2.140,mm,OK,--,5:01:23 PM,11/25/2025,
1418,43.4,gf,2.135,mm,OK,--,5:01:23 PM,11/25/2025,
1419,43.4,gf,2.125,mm,OK,--,5:01:23 PM,11/25/2025,
1420,43.4,gf,2.120,mm,OK,--,5:01:23 PM,11/25/2025,
1421,43.4,gf,2.115,mm,OK,--,5:01:23 PM,11/25/2025,
1422,43.4,gf,2.115,mm,OK,--,5:01:23 PM,11/25/2025,
1423,43.3,gf,2.105,mm,OK,--,5:01:23 PM,11/25/2025,
1424,43.3,gf,2.100,mm,OK,--,5:01:23 PM,11/25/2025,
1425,43.3,gf,2.090,mm,OK,--,5:01:23 PM,11/25/2025,
1426,43.2,gf,2.080,mm,OK,--,5:01:23 PM,11/25/2025,
1427,43.1,gf,2.075,mm,OK,--,5:01:24 PM,11/25/2025,
1428,43.1,gf,2.070,mm,OK,--,5:01:24 PM,11/25/2025,
1429,43.1,gf,2.065,mm,OK,--,5:01:24 PM,11/25/2025,
1430,43.1,gf,2.060,mm,OK,--,5:01:24 PM,11/25/2025,
1431,43.1,gf,2.060,mm,OK,--,5:01:24 PM,11/25/2025,
1432,43.1,gf,2.055,mm,OK,--,5:01:24 PM,11/25/2025,
1433,43.0,gf,2.045,mm,OK,--,5:01:24 PM,11/25/2025,
1434,42.9,gf,2.035,mm,OK,--,5:01:24 PM,11/25/2025,
1435,42.8,gf,2.020,mm,OK,--,5:01:24 PM,11/25/2025,
1436,42.8,gf,2.010,mm,OK,--,5:01:24 PM,11/25/2025,
1437,42.7,gf,1.995,mm,OK,--,5:01:25 PM,11/25/2025,
1438,42.7,gf,1.985,mm,OK,--,5:01:25 PM,11/25/2025,
1439,42.6,gf,1.970,mm,OK,--,5:01:25 PM,11/25/2025,
1440,42.6,gf,1.960,mm,OK,--,5:01:25 PM,11/25/2025,
1441,42.6,gf,1.950,mm,OK,--,5:01:25 PM,11/25/2025,
1442,42.5,gf,1.945,mm,OK,--,5:01:25 PM,11/25/2025,
1443,42.5,gf,1.935,mm,OK,--,5:01:25 PM,11/25/2025,
1444,42.4,gf,1.930,mm,OK,--,5:01:25 PM,11/25/2025,
1445,42.4,gf,1.925,mm,OK,--,5:01:25 PM,11/25/2025,
1446,42.4,gf,1.920,mm,OK,--,5:01:25 PM,11/25/2025,
1447,42.3,gf,1.910,mm,OK,--,5:01:26 PM,11/25/2025,
1448,42.2,gf,1.895,mm,OK,--,5:01:26 PM,11/25/2025,
1449,42.2,gf,1.885,mm,OK,--,5:01:26 PM,11/25/2025,
1450,42.2,gf,1.880,mm,OK,--,5:01:26 PM,11/25/2025,
1451,42.2,gf,1.880,mm,OK,--,5:01:26 PM,11/25/2025,
1452,42.2,gf,1.875,mm,OK,--,5:01:26 PM,11/25/2025,
1453,42.2,gf,1.870,mm,OK,--,5:01:26 PM,11/25/2025,
1454,42.2,gf,1.865,mm,OK,--,5:01:26 PM,11/25/2025,
1455,42.1,gf,1.855,mm,OK,--,5:01:26 PM,11/25/2025,
1456,42.1,gf,1.850,mm,OK,--,5:01:26 PM,11/25/2025,
1457,42.1,gf,1.840,mm,OK,--,5:01:27 PM,11/25/2025,
1458,42.0,gf,1.835,mm,OK,--,5:01:27 PM,11/25/2025,
1459,42.0,gf,1.830,mm,OK,--,5:01:27 PM,11/25/2025,
1460,42.0,gf,1.825,mm,OK,--,5:01:27 PM,11/25/2025,
1461,42.0,gf,1.820,mm,OK,--,5:01:27 PM,11/25/2025,
1462,41.9,gf,1.815,mm,OK,--,5:01:27 PM,11/25/2025,
1463,41.9,gf,1.810,mm,OK,--,5:01:27 PM,11/25/2025,
1464,41.9,gf,1.805,mm,OK,--,5:01:27 PM,11/25/2025,
1465,41.9,gf,1.800,mm,OK,--,5:01:27 PM,11/25/2025,
1466,41.8,gf,1.795,mm,OK,--,5:01:27 PM,11/25/2025,
1467,41.8,gf,1.790,mm,OK,--,5:01:28 PM,11/25/2025,
1468,41.7,gf,1.785,mm,OK,--,5:01:28 PM,11/25/2025,
1469,41.7,gf,1.770,mm,OK,--,5:01:28 PM,11/25/2025,
1470,41.7,gf,1.760,mm,OK,--,5:01:28 PM,11/25/2025,
1471,41.6,gf,1.755,mm,OK,--,5:01:28 PM,11/25/2025,
1472,41.6,gf,1.750,mm,OK,--,5:01:28 PM,11/25/2025,
1473,41.6,gf,1.745,mm,OK,--,5:01:28 PM,11/25/2025,
1474,41.6,gf,1.740,mm,OK,--,5:01:28 PM,11/25/2025,
1475,41.5,gf,1.735,mm,OK,--,5:01:28 PM,11/25/2025,
1476,41.5,gf,1.730,mm,OK,--,5:01:28 PM,11/25/2025,
1477,41.5,gf,1.725,mm,OK,--,5:01:29 PM,11/25/2025,
1478,41.4,gf,1.710,mm,OK,--,5:01:29 PM,11/25/2025,
1479,41.3,gf,1.700,mm,OK,--,5:01:29 PM,11/25/2025,
1480,41.3,gf,1.695,mm,OK,--,5:01:29 PM,11/25/2025,
1481,41.3,gf,1.690,mm,OK,--,5:01:29 PM,11/25/2025,
1482,41.3,gf,1.685,mm,OK,--,5:01:29 PM,11/25/2025,
1483,41.3,gf,1.680,mm,OK,--,5:01:29 PM,11/25/2025,
1484,41.3,gf,1.675,mm,OK,--,5:01:29 PM,11/25/2025,
1485,41.2,gf,1.670,mm,OK,--,5:01:29 PM,11/25/2025,
1486,41.2,gf,1.660,mm,OK,--,5:01:29 PM,11/25/2025,
1487,41.2,gf,1.655,mm,OK,--,5:01:30 PM,11/25/2025,
1488,41.2,gf,1.650,mm,OK,--,5:01:30 PM,11/25/2025,
1489,41.1,gf,1.645,mm,OK,--,5:01:30 PM,11/25/2025,
1490,41.1,gf,1.640,mm,OK,--,5:01:30 PM,11/25/2025,
1491,41.1,gf,1.630,mm,OK,--,5:01:30 PM,11/25/2025,
1492,41.0,gf,1.625,mm,OK,--,5:01:30 PM,11/25/2025,
1493,40.9,gf,1.615,mm,OK,--,5:01:30 PM,11/25/2025,
1494,40.9,gf,1.605,mm,OK,--,5:01:30 PM,11/25/2025,
1495,40.8,gf,1.590,mm,OK,--,5:01:30 PM,11/25/2025,
1496,40.7,gf,1.580,mm,OK,--,5:01:30 PM,11/25/2025,
1497,40.6,gf,1.570,mm,OK,--,5:01:31 PM,11/25/2025,
1498,40.5,gf,1.560,mm,OK,--,5:01:31 PM,11/25/2025,
1499,40.5,gf,1.550,mm,OK,--,5:01:31 PM,11/25/2025,
1500,40.4,gf,1.545,mm,OK,--,5:01:31 PM,11/25/2025,
1501,40.4,gf,1.535,mm,OK,--,5:01:31 PM,11/25/2025,
1502,40.3,gf,1.525,mm,OK,--,5:01:31 PM,11/25/2025,
1503,40.2,gf,1.515,mm,OK,--,5:01:31 PM,11/25/2025,
1504,40.2,gf,1.505,mm,OK,--,5:01:31 PM,11/25/2025,
1505,40.2,gf,1.500,mm,OK,--,5:01:31 PM,11/25/2025,
1506,40.0,gf,1.490,mm,OK,--,5:01:31 PM,11/25/2025,
1507,40.0,gf,1.480,mm,OK,--,5:01:32 PM,11/25/2025,
1508,40.0,gf,1.470,mm,OK,--,5:01:32 PM,11/25/2025,
1509,40.0,gf,1.455,mm,OK,--,5:01:32 PM,11/25/2025,
1510,39.9,gf,1.445,mm,OK,--,5:01:32 PM,11/25/2025,
1511,39.8,gf,1.435,mm,OK,--,5:01:32 PM,11/25/2025,
1512,39.7,gf,1.425,mm,OK,--,5:01:32 PM,11/25/2025,
1513,39.7,gf,1.420,mm,OK,--,5:01:32 PM,11/25/2025,
1514,39.7,gf,1.420,mm,OK,--,5:01:32 PM,11/25/2025,
1515,39.7,gf,1.415,mm,OK,--,5:01:32 PM,11/25/2025,
1516,39.6,gf,1.415,mm,OK,--,5:01:32 PM,11/25/2025,
1517,39.6,gf,1.410,mm,OK,--,5:01:33 PM,11/25/2025,
1518,39.6,gf,1.410,mm,OK,--,5:01:33 PM,11/25/2025,
1519,39.6,gf,1.405,mm,OK,--,5:01:33 PM,11/25/2025,
1520,39.6,gf,1.405,mm,OK,--,5:01:33 PM,11/25/2025,
1521,39.5,gf,1.400,mm,OK,--,5:01:33 PM,11/25/2025,
1522,39.5,gf,1.395,mm,OK,--,5:01:33 PM,11/25/2025,
1523,39.5,gf,1.390,mm,OK,--,5:01:33 PM,11/25/2025,
1524,39.4,gf,1.385,mm,OK,--,5:01:33 PM,11/25/2025,
1525,39.4,gf,1.380,mm,OK,--,5:01:33 PM,11/25/2025,
1526,39.3,gf,1.375,mm,OK,--,5:01:33 PM,11/25/2025,
1527,39.3,gf,1.370,mm,OK,--,5:01:34 PM,11/25/2025,
1528,39.2,gf,1.360,mm,OK,--,5:01:34 PM,11/25/2025,
1529,39.2,gf,1.350,mm,OK,--,5:01:34 PM,11/25/2025,
1530,39.2,gf,1.345,mm,OK,--,5:01:34 PM,11/25/2025,
1531,39.1,gf,1.335,mm,OK,--,5:01:34 PM,11/25/2025,
1532,39.1,gf,1.330,mm,OK,--,5:01:34 PM,11/25/2025,
1533,39.0,gf,1.325,mm,OK,--,5:01:34 PM,11/25/2025,
1534,38.9,gf,1.320,mm,OK,--,5:01:34 PM,11/25/2025,
1535,39.0,gf,1.310,mm,OK,--,5:01:34 PM,11/25/2025,
1536,38.9,gf,1.305,mm,OK,--,5:01:34 PM,11/25/2025,
1537,38.8,gf,1.290,mm,OK,--,5:01:35 PM,11/25/2025,
1538,38.7,gf,1.280,mm,OK,--,5:01:35 PM,11/25/2025,
1539,38.6,gf,1.275,mm,OK,--,5:01:35 PM,11/25/2025,
1540,38.5,gf,1.265,mm,OK,--,5:01:35 PM,11/25/2025,
1541,38.4,gf,1.255,mm,OK,--,5:01:35 PM,11/25/2025,
1542,38.3,gf,1.255,mm,OK,--,5:01:35 PM,11/25/2025,
1543,38.3,gf,1.250,mm,OK,--,5:01:35 PM,11/25/2025,
1544,38.2,gf,1.245,mm,OK,--,5:01:35 PM,11/25/2025,
1545,38.1,gf,1.240,mm,OK,--,5:01:35 PM,11/25/2025,
1546,38.1,gf,1.240,mm,OK,--,5:01:35 PM,11/25/2025,
1547,37.9,gf,1.225,mm,OK,--,5:01:36 PM,11/25/2025,
1548,37.9,gf,1.220,mm,OK,--,5:01:36 PM,11/25/2025,
1549,37.9,gf,1.215,mm,OK,--,5:01:36 PM,11/25/2025,
1550,37.9,gf,1.210,mm,OK,--,5:01:36 PM,11/25/2025,
1551,37.9,gf,1.210,mm,OK,--,5:01:36 PM,11/25/2025,
1552,37.9,gf,1.205,mm,OK,--,5:01:36 PM,11/25/2025,
1553,37.9,gf,1.205,mm,OK,--,5:01:36 PM,11/25/2025,
1554,37.9,gf,1.200,mm,OK,--,5:01:36 PM,11/25/2025,
1555,37.8,gf,1.195,mm,OK,--,5:01:36 PM,11/25/2025,
1556,37.8,gf,1.190,mm,OK,--,5:01:36 PM,11/25/2025,
1557,37.8,gf,1.180,mm,OK,--,5:01:37 PM,11/25/2025,
1558,37.8,gf,1.175,mm,OK,--,5:01:37 PM,11/25/2025,
1559,37.7,gf,1.165,mm,OK,--,5:01:37 PM,11/25/2025,
1560,37.7,gf,1.155,mm,OK,--,5:01:37 PM,11/25/2025,
1561,37.7,gf,1.150,mm,OK,--,5:01:37 PM,11/25/2025,
1562,37.5,gf,1.140,mm,OK,--,5:01:37 PM,11/25/2025,
1563,37.4,gf,1.135,mm,OK,--,5:01:37 PM,11/25/2025,
1564,37.2,gf,1.130,mm,OK,--,5:01:37 PM,11/25/2025,
1565,37.0,gf,1.120,mm,OK,--,5:01:37 PM,11/25/2025,
1566,36.8,gf,1.110,mm,OK,--,5:01:37 PM,11/25/2025,
1567,36.7,gf,1.100,mm,OK,--,5:01:38 PM,11/25/2025,
1568,36.4,gf,1.095,mm,OK,--,5:01:38 PM,11/25/2025,
1569,36.3,gf,1.090,mm,OK,--,5:01:38 PM,11/25/2025,
1570,36.3,gf,1.085,mm,OK,--,5:01:38 PM,11/25/2025,
1571,36.2,gf,1.080,mm,OK,--,5:01:38 PM,11/25/2025,
1572,36.1,gf,1.075,mm,OK,--,5:01:38 PM,11/25/2025,
1573,36.0,gf,1.070,mm,OK,--,5:01:38 PM,11/25/2025,
1574,35.9,gf,1.060,mm,OK,--,5:01:38 PM,11/25/2025,
1575,35.8,gf,1.055,mm,OK,--,5:01:38 PM,11/25/2025,
1576,35.7,gf,1.050,mm,OK,--,5:01:38 PM,11/25/2025,
1577,35.6,gf,1.040,mm,OK,--,5:01:39 PM,11/25/2025,
1578,35.4,gf,1.035,mm,OK,--,5:01:39 PM,11/25/2025,
1579,35.3,gf,1.025,mm,OK,--,5:01:39 PM,11/25/2025,
1580,35.2,gf,1.020,mm,OK,--,5:01:39 PM,11/25/2025,
1581,35.3,gf,1.010,mm,OK,--,5:01:39 PM,11/25/2025,
1582,34.6,gf,0.995,mm,OK,--,5:01:39 PM,11/25/2025,
1583,34.3,gf,0.990,mm,OK,--,5:01:39 PM,11/25/2025,
1584,34.0,gf,0.980,mm,OK,--,5:01:39 PM,11/25/2025,
1585,33.9,gf,0.975,mm,OK,--,5:01:39 PM,11/25/2025,
1586,33.8,gf,0.970,mm,OK,--,5:01:39 PM,11/25/2025,
1587,33.6,gf,0.965,mm,OK,--,5:01:40 PM,11/25/2025,
1588,33.5,gf,0.960,mm,OK,--,5:01:40 PM,11/25/2025,
1589,33.5,gf,0.960,mm,OK,--,5:01:40 PM,11/25/2025,
1590,33.3,gf,0.955,mm,OK,--,5:01:40 PM,11/25/2025,
1591,33.2,gf,0.945,mm,OK,--,5:01:40 PM,11/25/2025,
1592,33.1,gf,0.935,mm,OK,--,5:01:40 PM,11/25/2025,
1593,33.0,gf,0.930,mm,OK,--,5:01:40 PM,11/25/2025,
1594,32.9,gf,0.920,mm,OK,--,5:01:40 PM,11/25/2025,
1595,32.9,gf,0.910,mm,OK,--,5:01:40 PM,11/25/2025,
1596,32.8,gf,0.905,mm,OK,--,5:01:40 PM,11/25/2025,
1597,32.8,gf,0.890,mm,OK,--,5:01:41 PM,11/25/2025,
1598,32.7,gf,0.885,mm,OK,--,5:01:41 PM,11/25/2025,
1599,32.7,gf,0.880,mm,OK,--,5:01:41 PM,11/25/2025,
1600,32.6,gf,0.870,mm,OK,--,5:01:41 PM,11/25/2025,
1601,32.6,gf,0.865,mm,OK,--,5:01:41 PM,11/25/2025,
1602,32.6,gf,0.860,mm,OK,--,5:01:41 PM,11/25/2025,
1603,32.6,gf,0.855,mm,OK,--,5:01:41 PM,11/25/2025,
1604,32.6,gf,0.850,mm,OK,--,5:01:41 PM,11/25/2025,
1605,32.5,gf,0.835,mm,OK,--,5:01:41 PM,11/25/2025,
1606,32.4,gf,0.825,mm,OK,--,5:01:41 PM,11/25/2025,
1607,32.4,gf,0.820,mm,OK,--,5:01:42 PM,11/25/2025,
1608,32.3,gf,0.810,mm,OK,--,5:01:42 PM,11/25/2025,
1609,32.2,gf,0.805,mm,OK,--,5:01:42 PM,11/25/2025,
1610,32.2,gf,0.805,mm,OK,--,5:01:42 PM,11/25/2025,
1611,32.1,gf,0.800,mm,OK,--,5:01:42 PM,11/25/2025,
1612,32.0,gf,0.800,mm,OK,--,5:01:42 PM,11/25/2025,
1613,32.1,gf,0.795,mm,OK,--,5:01:42 PM,11/25/2025,
1614,32.1,gf,0.790,mm,OK,--,5:01:42 PM,11/25/2025,
1615,32.1,gf,0.790,mm,OK,--,5:01:42 PM,11/25/2025,
1616,32.0,gf,0.785,mm,OK,--,5:01:42 PM,11/25/2025,
1617,32.0,gf,0.785,mm,OK,--,5:01:43 PM,11/25/2025,
1618,32.0,gf,0.780,mm,OK,--,5:01:43 PM,11/25/2025,
1619,32.0,gf,0.775,mm,OK,--,5:01:43 PM,11/25/2025,
1620,32.0,gf,0.770,mm,OK,--,5:01:43 PM,11/25/2025,
1621,32.0,gf,0.765,mm,OK,--,5:01:43 PM,11/25/2025,
1622,32.0,gf,0.765,mm,OK,--,5:01:43 PM,11/25/2025,
1623,32.0,gf,0.760,mm,OK,--,5:01:43 PM,11/25/2025,
1624,31.9,gf,0.755,mm,OK,--,5:01:43 PM,11/25/2025,
1625,31.9,gf,0.750,mm,OK,--,5:01:43 PM,11/25/2025,
1626,31.8,gf,0.750,mm,OK,--,5:01:43 PM,11/25/2025,
1627,31.8,gf,0.745,mm,OK,--,5:01:44 PM,11/25/2025,
1628,31.7,gf,0.745,mm,OK,--,5:01:44 PM,11/25/2025,
1629,31.8,gf,0.740,mm,OK,--,5:01:44 PM,11/25/2025,
1630,31.8,gf,0.740,mm,OK,--,5:01:44 PM,11/25/2025,
1631,31.7,gf,0.735,mm,OK,--,5:01:44 PM,11/25/2025,
1632,31.7,gf,0.735,mm,OK,--,5:01:44 PM,11/25/2025,
1633,31.7,gf,0.730,mm,OK,--,5:01:44 PM,11/25/2025,
1634,31.7,gf,0.730,mm,OK,--,5:01:44 PM,11/25/2025,
1635,31.7,gf,0.725,mm,OK,--,5:01:44 PM,11/25/2025,
1636,31.7,gf,0.725,mm,OK,--,5:01:44 PM,11/25/2025,
1637,31.7,gf,0.720,mm,OK,--,5:01:45 PM,11/25/2025,
1638,31.6,gf,0.720,mm,OK,--,5:01:45 PM,11/25/2025,
1639,31.6,gf,0.720,mm,OK,--,5:01:45 PM,11/25/2025,
1640,31.6,gf,0.715,mm,OK,--,5:01:45 PM,11/25/2025,
1641,31.6,gf,0.715,mm,OK,--,5:01:45 PM,11/25/2025,
1642,31.6,gf,0.710,mm,OK,--,5:01:45 PM,11/25/2025,
1643,31.6,gf,0.710,mm,OK,--,5:01:45 PM,11/25/2025,
1644,31.6,gf,0.705,mm,OK,--,5:01:45 PM,11/25/2025,
1645,31.6,gf,0.700,mm,OK,--,5:01:45 PM,11/25/2025,
1646,31.6,gf,0.695,mm,OK,--,5:01:45 PM,11/25/2025,
1647,31.5,gf,0.695,mm,OK,--,5:01:46 PM,11/25/2025,
1648,31.5,gf,0.690,mm,OK,--,5:01:46 PM,11/25/2025,
1649,31.4,gf,0.685,mm,OK,--,5:01:46 PM,11/25/2025,
1650,31.4,gf,0.685,mm,OK,--,5:01:46 PM,11/25/2025,
1651,31.4,gf,0.680,mm,OK,--,5:01:46 PM,11/25/2025,
1652,31.4,gf,0.680,mm,OK,--,5:01:46 PM,11/25/2025,
1653,31.4,gf,0.675,mm,OK,--,5:01:46 PM,11/25/2025,
1654,31.4,gf,0.670,mm,OK,--,5:01:46 PM,11/25/2025,
1655,31.3,gf,0.665,mm,OK,--,5:01:46 PM,11/25/2025,
1656,31.3,gf,0.660,mm,OK,--,5:01:46 PM,11/25/2025,
1657,31.3,gf,0.655,mm,OK,--,5:01:47 PM,11/25/2025,
1658,31.3,gf,0.645,mm,OK,--,5:01:47 PM,11/25/2025,
1659,31.2,gf,0.635,mm,OK,--,5:01:47 PM,11/25/2025,
1660,31.1,gf,0.630,mm,OK,--,5:01:47 PM,11/25/2025,
1661,31.1,gf,0.620,mm,OK,--,5:01:47 PM,11/25/2025,
1662,31.0,gf,0.615,mm,OK,--,5:01:47 PM,11/25/2025,
1663,30.9,gf,0.615,mm,OK,--,5:01:47 PM,11/25/2025,
1664,31.0,gf,0.610,mm,OK,--,5:01:47 PM,11/25/2025,
1665,30.9,gf,0.605,mm,OK,--,5:01:47 PM,11/25/2025,
1666,30.8,gf,0.600,mm,OK,--,5:01:47 PM,11/25/2025,
1667,30.8,gf,0.600,mm,OK,--,5:01:48 PM,11/25/2025,
1668,30.7,gf,0.595,mm,OK,--,5:01:48 PM,11/25/2025,
1669,30.8,gf,0.595,mm,OK,--,5:01:48 PM,11/25/2025,
1670,30.7,gf,0.590,mm,OK,--,5:01:48 PM,11/25/2025,
1671,30.7,gf,0.585,mm,OK,--,5:01:48 PM,11/25/2025,
1672,30.7,gf,0.580,mm,OK,--,5:01:48 PM,11/25/2025,
1673,30.6,gf,0.575,mm,OK,--,5:01:48 PM,11/25/2025,
1674,30.6,gf,0.570,mm,OK,--,5:01:48 PM,11/25/2025,
1675,30.6,gf,0.565,mm,OK,--,5:01:48 PM,11/25/2025,
1676,30.6,gf,0.560,mm,OK,--,5:01:48 PM,11/25/2025,
1677,30.5,gf,0.555,mm,OK,--,5:01:49 PM,11/25/2025,
1678,30.5,gf,0.550,mm,OK,--,5:01:49 PM,11/25/2025,
1679,30.4,gf,0.545,mm,OK,--,5:01:49 PM,11/25/2025,
1680,30.4,gf,0.540,mm,OK,--,5:01:49 PM,11/25/2025,
1681,30.3,gf,0.540,mm,OK,--,5:01:49 PM,11/25/2025,
1682,30.3,gf,0.535,mm,OK,--,5:01:49 PM,11/25/2025,
1683,30.3,gf,0.535,mm,OK,--,5:01:49 PM,11/25/2025,
1684,30.3,gf,0.535,mm,OK,--,5:01:49 PM,11/25/2025,
1685,30.3,gf,0.530,mm,OK,--,5:01:49 PM,11/25/2025,
1686,30.2,gf,0.530,mm,OK,--,5:01:49 PM,11/25/2025,
1687,30.2,gf,0.530,mm,OK,--,5:01:50 PM,11/25/2025,
1688,30.2,gf,0.525,mm,OK,--,5:01:50 PM,11/25/2025,
1689,30.2,gf,0.525,mm,OK,--,5:01:50 PM,11/25/2025,
1690,30.3,gf,0.520,mm,OK,--,5:01:50 PM,11/25/2025,
1691,30.3,gf,0.520,mm,OK,--,5:01:50 PM,11/25/2025,
1692,30.3,gf,0.520,mm,OK,--,5:01:50 PM,11/25/2025,
1693,30.1,gf,0.515,mm,OK,--,5:01:50 PM,11/25/2025,
1694,30.1,gf,0.515,mm,OK,--,5:01:50 PM,11/25/2025,
1695,30.1,gf,0.510,mm,OK,--,5:01:50 PM,11/25/2025,
1696,30.1,gf,0.510,mm,OK,--,5:01:50 PM,11/25/2025,
1697,30.2,gf,0.510,mm,OK,--,5:01:51 PM,11/25/2025,
1698,30.1,gf,0.505,mm,OK,--,5:01:51 PM,11/25/2025,
1699,30.1,gf,0.505,mm,OK,--,5:01:51 PM,11/25/2025,
1700,30.1,gf,0.505,mm,OK,--,5:01:51 PM,11/25/2025,
1701,30.0,gf,0.505,mm,OK,--,5:01:51 PM,11/25/2025,
1702,29.9,gf,0.505,mm,OK,--,5:01:51 PM,11/25/2025,
1703,29.9,gf,0.500,mm,OK,--,5:01:51 PM,11/25/2025,
1704,29.9,gf,0.500,mm,OK,--,5:01:51 PM,11/25/2025,
1705,29.9,gf,0.500,mm,OK,--,5:01:51 PM,11/25/2025,
1706,30.0,gf,0.500,mm,OK,--,5:01:51 PM,11/25/2025,
1707,29.9,gf,0.495,mm,OK,--,5:01:52 PM,11/25/2025,
1708,29.9,gf,0.495,mm,OK,--,5:01:52 PM,11/25/2025,
1709,29.9,gf,0.495,mm,OK,--,5:01:52 PM,11/25/2025,
1710,29.9,gf,0.490,mm,OK,--,5:01:52 PM,11/25/2025,
1711,29.9,gf,0.490,mm,OK,--,5:01:52 PM,11/25/2025,
1712,29.8,gf,0.490,mm,OK,--,5:01:52 PM,11/25/2025,
1713,29.9,gf,0.490,mm,OK,--,5:01:52 PM,11/25/2025,
1714,29.9,gf,0.485,mm,OK,--,5:01:52 PM,11/25/2025,
1715,29.9,gf,0.485,mm,OK,--,5:01:52 PM,11/25/2025,
1716,29.8,gf,0.480,mm,OK,--,5:01:52 PM,11/25/2025,
1717,29.8,gf,0.480,mm,OK,--,5:01:53 PM,11/25/2025,
1718,29.7,gf,0.480,mm,OK,--,5:01:53 PM,11/25/2025,
1719,29.7,gf,0.480,mm,OK,--,5:01:53 PM,11/25/2025,
1720,29.7,gf,0.475,mm,OK,--,5:01:53 PM,11/25/2025,
1721,29.6,gf,0.475,mm,OK,--,5:01:53 PM,11/25/2025,
1722,29.7,gf,0.475,mm,OK,--,5:01:53 PM,11/25/2025,
1723,29.7,gf,0.475,mm,OK,--,5:01:53 PM,11/25/2025,
1724,29.6,gf,0.470,mm,OK,--,5:01:53 PM,11/25/2025,
1725,29.6,gf,0.470,mm,OK,--,5:01:53 PM,11/25/2025,
1726,29.6,gf,0.470,mm,OK,--,5:01:53 PM,11/25/2025,
1727,29.6,gf,0.465,mm,OK,--,5:01:54 PM,11/25/2025,
1728,29.5,gf,0.465,mm,OK,--,5:01:54 PM,11/25/2025,
1729,29.6,gf,0.465,mm,OK,--,5:01:54 PM,11/25/2025,
1730,29.5,gf,0.465,mm,OK,--,5:01:54 PM,11/25/2025,
1731,29.5,gf,0.465,mm,OK,--,5:01:54 PM,11/25/2025,
1732,29.4,gf,0.460,mm,OK,--,5:01:54 PM,11/25/2025,
1733,29.5,gf,0.460,mm,OK,--,5:01:54 PM,11/25/2025,
1734,29.5,gf,0.460,mm,OK,--,5:01:54 PM,11/25/2025,
1735,29.5,gf,0.460,mm,OK,--,5:01:54 PM,11/25/2025,
1736,29.4,gf,0.460,mm,OK,--,5:01:54 PM,11/25/2025,
1737,29.5,gf,0.455,mm,OK,--,5:01:55 PM,11/25/2025,
1738,29.4,gf,0.455,mm,OK,--,5:01:55 PM,11/25/2025,
1739,29.6,gf,0.455,mm,OK,--,5:01:55 PM,11/25/2025,
1740,29.4,gf,0.455,mm,OK,--,5:01:55 PM,11/25/2025,
1741,29.4,gf,0.455,mm,OK,--,5:01:55 PM,11/25/2025,
1742,29.4,gf,0.455,mm,OK,--,5:01:55 PM,11/25/2025,
1743,29.5,gf,0.450,mm,OK,--,5:01:55 PM,11/25/2025,
1744,29.4,gf,0.450,mm,OK,--,5:01:55 PM,11/25/2025,
1745,29.4,gf,0.450,mm,OK,--,5:01:55 PM,11/25/2025,
1746,29.4,gf,0.450,mm,OK,--,5:01:55 PM,11/25/2025,
1747,29.4,gf,0.445,mm,OK,--,5:01:56 PM,11/25/2025,
1748,29.4,gf,0.445,mm,OK,--,5:01:56 PM,11/25/2025,
1749,29.5,gf,0.440,mm,OK,--,5:01:56 PM,11/25/2025,
1750,29.4,gf,0.440,mm,OK,--,5:01:56 PM,11/25/2025,
1751,29.4,gf,0.440,mm,OK,--,5:01:56 PM,11/25/2025,
1752,29.4,gf,0.435,mm,OK,--,5:01:56 PM,11/25/2025,
1753,29.4,gf,0.435,mm,OK,--,5:01:56 PM,11/25/2025,
1754,29.4,gf,0.435,mm,OK,--,5:01:56 PM,11/25/2025,
1755,29.3,gf,0.430,mm,OK,--,5:01:56 PM,11/25/2025,
1756,29.3,gf,0.430,mm,OK,--,5:01:56 PM,11/25/2025,
1757,29.3,gf,0.430,mm,OK,--,5:01:57 PM,11/25/2025,
1758,29.3,gf,0.425,mm,OK,--,5:01:57 PM,11/25/2025,
1759,29.3,gf,0.420,mm,OK,--,5:01:57 PM,11/25/2025,
1760,29.4,gf,0.415,mm,OK,--,5:01:57 PM,11/25/2025,
1761,29.3,gf,0.410,mm,OK,--,5:01:57 PM,11/25/2025,
1762,29.2,gf,0.410,mm,OK,--,5:01:57 PM,11/25/2025,
1763,29.1,gf,0.405,mm,OK,--,5:01:57 PM,11/25/2025,
1764,29.1,gf,0.400,mm,OK,--,5:01:57 PM,11/25/2025,
1765,29.2,gf,0.395,mm,OK,--,5:01:57 PM,11/25/2025,
1766,29.1,gf,0.390,mm,OK,--,5:01:57 PM,11/25/2025,
1767,29.0,gf,0.390,mm,OK,--,5:01:58 PM,11/25/2025,
1768,29.0,gf,0.390,mm,OK,--,5:01:58 PM,11/25/2025,
1769,28.8,gf,0.385,mm,OK,--,5:01:58 PM,11/25/2025,
1770,28.9,gf,0.385,mm,OK,--,5:01:58 PM,11/25/2025,
1771,28.9,gf,0.380,mm,OK,--,5:01:58 PM,11/25/2025,
1772,28.9,gf,0.380,mm,OK,--,5:01:58 PM,11/25/2025,
1773,28.9,gf,0.375,mm,OK,--,5:01:58 PM,11/25/2025,
1774,28.9,gf,0.375,mm,OK,--,5:01:58 PM,11/25/2025,
1775,28.8,gf,0.370,mm,OK,--,5:01:58 PM,11/25/2025,
1776,28.8,gf,0.370,mm,OK,--,5:01:58 PM,11/25/2025,
1777,28.8,gf,0.365,mm,OK,--,5:01:59 PM,11/25/2025,
1778,28.7,gf,0.365,mm,OK,--,5:01:59 PM,11/25/2025,
1779,28.8,gf,0.360,mm,OK,--,5:01:59 PM,11/25/2025,
1780,28.7,gf,0.360,mm,OK,--,5:01:59 PM,11/25/2025,
1781,28.8,gf,0.355,mm,OK,--,5:01:59 PM,11/25/2025,
1782,28.8,gf,0.355,mm,OK,--,5:01:59 PM,11/25/2025,
1783,28.8,gf,0.350,mm,OK,--,5:01:59 PM,11/25/2025,
1784,28.7,gf,0.345,mm,OK,--,5:01:59 PM,11/25/2025,
1785,28.7,gf,0.345,mm,OK,--,5:01:59 PM,11/25/2025,
1786,28.6,gf,0.345,mm,OK,--,5:01:59 PM,11/25/2025,
1787,28.6,gf,0.345,mm,OK,--,5:02:00 PM,11/25/2025,
1788,28.4,gf,0.340,mm,OK,--,5:02:00 PM,11/25/2025,
1789,28.5,gf,0.340,mm,OK,--,5:02:00 PM,11/25/2025,
1790,28.7,gf,0.335,mm,OK,--,5:02:00 PM,11/25/2025,
1791,28.6,gf,0.335,mm,OK,--,5:02:00 PM,11/25/2025,
1792,28.7,gf,0.330,mm,OK,--,5:02:00 PM,11/25/2025,
1793,28.6,gf,0.330,mm,OK,--,5:02:00 PM,11/25/2025,
1794,28.6,gf,0.330,mm,OK,--,5:02:00 PM,11/25/2025,
1795,28.5,gf,0.330,mm,OK,--,5:02:00 PM,11/25/2025,
1796,28.5,gf,0.325,mm,OK,--,5:02:00 PM,11/25/2025,
1797,28.4,gf,0.325,mm,OK,--,5:02:01 PM,11/25/2025,
1798,28.5,gf,0.320,mm,OK,--,5:02:01 PM,11/25/2025,
1799,28.5,gf,0.320,mm,OK,--,5:02:01 PM,11/25/2025,
1800,28.5,gf,0.320,mm,OK,--,5:02:01 PM,11/25/2025,
1801,28.3,gf,0.315,mm,OK,--,5:02:01 PM,11/25/2025,
1802,28.3,gf,0.315,mm,OK,--,5:02:01 PM,11/25/2025,
1803,28.5,gf,0.310,mm,OK,--,5:02:01 PM,11/25/2025,
1804,28.4,gf,0.310,mm,OK,--,5:02:01 PM,11/25/2025,
1805,28.4,gf,0.305,mm,OK,--,5:02:01 PM,11/25/2025,
1806,28.4,gf,0.305,mm,OK,--,5:02:01 PM,11/25/2025,
1807,28.3,gf,0.300,mm,OK,--,5:02:02 PM,11/25/2025,
1808,28.4,gf,0.295,mm,OK,--,5:02:02 PM,11/25/2025,
1809,28.3,gf,0.295,mm,OK,--,5:02:02 PM,11/25/2025,
1810,28.3,gf,0.290,mm,OK,--,5:02:02 PM,11/25/2025,
1811,28.3,gf,0.285,mm,OK,--,5:02:02 PM,11/25/2025,
1812,28.3,gf,0.285,mm,OK,--,5:02:02 PM,11/25/2025,
1813,28.3,gf,0.280,mm,OK,--,5:02:02 PM,11/25/2025,
1814,28.2,gf,0.280,mm,OK,--,5:02:02 PM,11/25/2025,
1815,28.2,gf,0.275,mm,OK,--,5:02:02 PM,11/25/2025,
1816,28.2,gf,0.275,mm,OK,--,5:02:02 PM,11/25/2025,
1817,28.1,gf,0.270,mm,OK,--,5:02:03 PM,11/25/2025,
1818,28.1,gf,0.270,mm,OK,--,5:02:03 PM,11/25/2025,
1819,28.1,gf,0.265,mm,OK,--,5:02:03 PM,11/25/2025,
1820,28.2,gf,0.265,mm,OK,--,5:02:03 PM,11/25/2025,
1821,28.2,gf,0.260,mm,OK,--,5:02:03 PM,11/25/2025,
1822,28.1,gf,0.260,mm,OK,--,5:02:03 PM,11/25/2025,
1823,28.1,gf,0.255,mm,OK,--,5:02:03 PM,11/25/2025,
1824,28.1,gf,0.255,mm,OK,--,5:02:03 PM,11/25/2025,
1825,28.1,gf,0.250,mm,OK,--,5:02:03 PM,11/25/2025,
1826,28.0,gf,0.250,mm,OK,--,5:02:03 PM,11/25/2025,
1827,28.1,gf,0.245,mm,OK,--,5:02:04 PM,11/25/2025,
1828,28.0,gf,0.240,mm,OK,--,5:02:04 PM,11/25/2025,
1829,28.0,gf,0.235,mm,OK,--,5:02:04 PM,11/25/2025,
1830,28.0,gf,0.235,mm,OK,--,5:02:04 PM,11/25/2025,
1831,27.9,gf,0.230,mm,OK,--,5:02:04 PM,11/25/2025,
1832,27.9,gf,0.230,mm,OK,--,5:02:04 PM,11/25/2025,
1833,27.9,gf,0.225,mm,OK,--,5:02:04 PM,11/25/2025,
1834,27.9,gf,0.225,mm,OK,--,5:02:04 PM,11/25/2025,
1835,27.9,gf,0.220,mm,OK,--,5:02:04 PM,11/25/2025,
1836,27.8,gf,0.220,mm,OK,--,5:02:04 PM,11/25/2025,
1837,27.9,gf,0.215,mm,OK,--,5:02:05 PM,11/25/2025,
1838,27.7,gf,0.215,mm,OK,--,5:02:05 PM,11/25/2025,
1839,27.7,gf,0.215,mm,OK,--,5:02:05 PM,11/25/2025,
1840,27.7,gf,0.215,mm,OK,--,5:02:05 PM,11/25/2025,
1841,27.6,gf,0.210,mm,OK,--,5:02:05 PM,11/25/2025,
1842,27.6,gf,0.210,mm,OK,--,5:02:05 PM,11/25/2025,
1843,27.5,gf,0.210,mm,OK,--,5:02:05 PM,11/25/2025,
1844,27.6,gf,0.210,mm,OK,--,5:02:05 PM,11/25/2025,
1845,27.5,gf,0.205,mm,OK,--,5:02:05 PM,11/25/2025,
1846,27.6,gf,0.200,mm,OK,--,5:02:05 PM,11/25/2025,
1847,27.6,gf,0.195,mm,OK,--,5:02:06 PM,11/25/2025,
1848,27.6,gf,0.185,mm,OK,--,5:02:06 PM,11/25/2025,
1849,27.5,gf,0.180,mm,OK,--,5:02:06 PM,11/25/2025,
1850,27.5,gf,0.175,mm,OK,--,5:02:06 PM,11/25/2025,
1851,27.4,gf,0.170,mm,OK,--,5:02:06 PM,11/25/2025,
1852,27.4,gf,0.170,mm,OK,--,5:02:06 PM,11/25/2025,
1853,27.4,gf,0.165,mm,OK,--,5:02:06 PM,11/25/2025,
1854,27.3,gf,0.160,mm,OK,--,5:02:06 PM,11/25/2025,
1855,27.2,gf,0.160,mm,OK,--,5:02:06 PM,11/25/2025,
1856,27.1,gf,0.155,mm,OK,--,5:02:06 PM,11/25/2025,
1857,27.0,gf,0.150,mm,OK,--,5:02:07 PM,11/25/2025,
1858,27.0,gf,0.150,mm,OK,--,5:02:07 PM,11/25/2025,
1859,26.9,gf,0.145,mm,OK,--,5:02:07 PM,11/25/2025,
1860,26.9,gf,0.140,mm,OK,--,5:02:07 PM,11/25/2025,
1861,26.9,gf,0.140,mm,OK,--,5:02:07 PM,11/25/2025,
1862,26.9,gf,0.135,mm,OK,--,5:02:07 PM,11/25/2025,
1863,26.9,gf,0.135,mm,OK,--,5:02:07 PM,11/25/2025,
1864,26.9,gf,0.135,mm,OK,--,5:02:07 PM,11/25/2025,
1865,26.9,gf,0.130,mm,OK,--,5:02:07 PM,11/25/2025,
1866,26.3,gf,0.130,mm,OK,--,5:02:07 PM,11/25/2025,
1867,25.3,gf,0.130,mm,OK,--,5:02:08 PM,11/25/2025,
1868,24.3,gf,0.125,mm,OK,--,5:02:08 PM,11/25/2025,
1869,23.6,gf,0.125,mm,OK,--,5:02:08 PM,11/25/2025,
1870,23.3,gf,0.125,mm,OK,--,5:02:08 PM,11/25/2025,
1871,22.9,gf,0.125,mm,OK,--,5:02:08 PM,11/25/2025,
1872,22.3,gf,0.125,mm,OK,--,5:02:08 PM,11/25/2025,
1873,22.1,gf,0.120,mm,OK,--,5:02:08 PM,11/25/2025,
1874,22.4,gf,0.120,mm,OK,--,5:02:08 PM,11/25/2025,
1875,23.1,gf,0.115,mm,OK,--,5:02:08 PM,11/25/2025,
1876,23.1,gf,0.115,mm,OK,--,5:02:08 PM,11/25/2025,
1877,23.0,gf,0.110,mm,OK,--,5:02:09 PM,11/25/2025,
1878,22.8,gf,0.110,mm,OK,--,5:02:09 PM,11/25/2025,
1879,22.7,gf,0.105,mm,OK,--,5:02:09 PM,11/25/2025,
1880,22.6,gf,0.105,mm,OK,--,5:02:09 PM,11/25/2025,
1881,22.4,gf,0.100,mm,OK,--,5:02:09 PM,11/25/2025,
1882,22.2,gf,0.095,mm,OK,--,5:02:09 PM,11/25/2025,
1883,22.0,gf,0.095,mm,OK,--,5:02:09 PM,11/25/2025,
1884,22.2,gf,0.090,mm,OK,--,5:02:09 PM,11/25/2025,
1885,22.3,gf,0.085,mm,OK,--,5:02:09 PM,11/25/2025,
1886,21.7,gf,0.085,mm,OK,--,5:02:09 PM,11/25/2025,
1887,18.4,gf,0.080,mm,OK,--,5:02:10 PM,11/25/2025,
1888,14.9,gf,0.075,mm,OK,--,5:02:10 PM,11/25/2025,
1889,12.2,gf,0.075,mm,OK,--,5:02:10 PM,11/25/2025,
1890,9.4,gf,0.070,mm,OK,--,5:02:10 PM,11/25/2025,
1891,4.5,gf,0.065,mm,OK,--,5:02:10 PM,11/25/2025,
1892,0.2,gf,0.060,mm,OK,--,5:02:10 PM,11/25/2025,
1893,0.0,gf,0.050,mm,OK,--,5:02:10 PM,11/25/2025,
1894,0.0,gf,0.045,mm,OK,--,5:02:10 PM,11/25/2025,
1895,0.1,gf,0.040,mm,OK,--,5:02:10 PM,11/25/2025,
1896,0.0,gf,0.035,mm,OK,--,5:02:10 PM,11/25/2025,
1897,0.0,gf,0.030,mm,OK,--,5:02:11 PM,11/25/2025,
1898,0.0,gf,0.030,mm,OK,--,5:02:11 PM,11/25/2025,
1899,0.1,gf,0.020,mm,OK,--,5:02:11 PM,11/25/2025,
1900,0.1,gf,0.000,mm,OK,--,5:02:11 PM,11/25/2025,
1901,0.0,gf,-0.010,mm,OK,--,5:02:11 PM,11/25/2025,
1902,0.1,gf,-0.020,mm,OK,--,5:02:11 PM,11/25/2025,
1903,0.1,gf,-0.030,mm,OK,--,5:02:11 PM,11/25/2025,
1904,0.0,gf,-0.035,mm,OK,--,5:02:11 PM,11/25/2025,
1905,0.1,gf,-0.035,mm,OK,--,5:02:11 PM,11/25/2025,
1906,0.0,gf,-0.035,mm,OK,--,5:02:11 PM,11/25/2025,
1907,0.0,gf,-0.035,mm,OK,--,5:02:12 PM,11/25/2025,
1908,0.0,gf,-0.035,mm,OK,--,5:02:12 PM,11/25/2025,
1909,0.0,gf,-0.035,mm,OK,--,5:02:12 PM,11/25/2025,
1910,0.1,gf,-0.035,mm,OK,--,5:02:12 PM,11/25/2025,
1911,0.0,gf,-0.035,mm,OK,--,5:02:12 PM,11/25/2025,
1912,0.0,gf,-0.035,mm,OK,--,5:02:12 PM,11/25/2025,
1913,0.1,gf,-0.035,mm,OK,--,5:02:12 PM,11/25/2025,
1914,0.0,gf,-0.035,mm,OK,--,5:02:12 PM,11/25/2025,
1915,0.0,gf,-0.035,mm,OK,--,5:02:12 PM,11/25/2025,
1916,0.1,gf,-0.035,mm,OK,--,5:02:12 PM,11/25/2025,
1917,0.6,gf,-0.035,mm,OK,--,5:02:13 PM,11/25/2025,
1918,0.2,gf,-0.035,mm,OK,--,5:02:13 PM,11/25/2025,
1919,0.2,gf,-0.030,mm,OK,--,5:02:13 PM,11/25/2025,
1920,0.0,gf,-0.030,mm,OK,--,5:02:13 PM,11/25/2025,
1921,0.0,gf,-0.030,mm,OK,--,5:02:13 PM,11/25/2025,
1922,0.0,gf,-0.025,mm,OK,--,5:02:13 PM,11/25/2025,
1923,-0.1,gf,-0.025,mm,OK,--,5:02:13 PM,11/25/2025,
1924,0.0,gf,-0.025,mm,OK,--,5:02:13 PM,11/25/2025,
1925,0.0,gf,-0.020,mm,OK,--,5:02:13 PM,11/25/2025,
1926,0.0,gf,-0.020,mm,OK,--,5:02:13 PM,11/25/2025,
1927,0.1,gf,-0.020,mm,OK,--,5:02:14 PM,11/25/2025,
1928,0.1,gf,-0.020,mm,OK,--,5:02:14 PM,11/25/2025,
1929,0.0,gf,-0.020,mm,OK,--,5:02:14 PM,11/25/2025,
1930,0.0,gf,-0.015,mm,OK,--,5:02:14 PM,11/25/2025,
1931,0.0,gf,-0.015,mm,OK,--,5:02:14 PM,11/25/2025,
1932,0.0,gf,-0.015,mm,OK,--,5:02:14 PM,11/25/2025,
1933,0.0,gf,-0.015,mm,OK,--,5:02:14 PM,11/25/2025,
1934,0.0,gf,-0.015,mm,OK,--,5:02:14 PM,11/25/2025,
1935,0.0,gf,-0.010,mm,OK,--,5:02:14 PM,11/25/2025,
