Maximum,192.2,@,No.817,,,,,,
Minimum,-0.6,@,No.1649,,,,,,
Average,50.42,,,,,,,,
Data Quantity,1663,,,,,,,,
Number of NG,0,,,,,,,,
No.,Force,Unit,Displacement,Unit,Judge,Position,Time,Date,
1,0.0,gf,0.000,mm,OK,--,3:12:29 PM,11/27/2025,
2,-0.1,gf,0.000,mm,OK,--,3:12:29 PM,11/27/2025,
3,0.2,gf,0.000,mm,OK,--,3:12:29 PM,11/27/2025,
4,0.0,gf,0.005,mm,OK,--,3:12:29 PM,11/27/2025,
5,-0.1,gf,0.005,mm,OK,--,3:12:30 PM,11/27/2025,
6,-0.1,gf,0.005,mm,OK,--,3:12:30 PM,11/27/2025,
7,0.1,gf,0.010,mm,OK,--,3:12:30 PM,11/27/2025,
8,0.0,gf,0.010,mm,OK,--,3:12:30 PM,11/27/2025,
9,0.0,gf,0.010,mm,OK,--,3:12:30 PM,11/27/2025,
10,-0.1,gf,0.015,mm,OK,--,3:12:30 PM,11/27/2025,
11,0.0,gf,0.015,mm,OK,--,3:12:30 PM,11/27/2025,
12,0.0,gf,0.015,mm,OK,--,3:12:30 PM,11/27/2025,
13,-0.1,gf,0.020,mm,OK,--,3:12:30 PM,11/27/2025,
14,0.1,gf,0.020,mm,OK,--,3:12:30 PM,11/27/2025,
15,0.1,gf,0.025,mm,OK,--,3:12:31 PM,11/27/2025,
16,0.0,gf,0.025,mm,OK,--,3:12:31 PM,11/27/2025,
17,0.0,gf,0.030,mm,OK,--,3:12:31 PM,11/27/2025,
18,0.1,gf,0.030,mm,OK,--,3:12:31 PM,11/27/2025,
19,-0.1,gf,0.035,mm,OK,--,3:12:31 PM,11/27/2025,
20,0.0,gf,0.035,mm,OK,--,3:12:31 PM,11/27/2025,
21,0.1,gf,0.040,mm,OK,--,3:12:31 PM,11/27/2025,
22,0.1,gf,0.040,mm,OK,--,3:12:31 PM,11/27/2025,
23,-0.1,gf,0.045,mm,OK,--,3:12:31 PM,11/27/2025,
24,0.0,gf,0.045,mm,OK,--,3:12:31 PM,11/27/2025,
25,0.0,gf,0.050,mm,OK,--,3:12:32 PM,11/27/2025,
26,-0.1,gf,0.050,mm,OK,--,3:12:32 PM,11/27/2025,
27,0.0,gf,0.055,mm,OK,--,3:12:32 PM,11/27/2025,
28,0.1,gf,0.055,mm,OK,--,3:12:32 PM,11/27/2025,
29,0.7,gf,0.060,mm,OK,--,3:12:32 PM,11/27/2025,
30,2.4,gf,0.060,mm,OK,--,3:12:32 PM,11/27/2025,
31,3.9,gf,0.060,mm,OK,--,3:12:32 PM,11/27/2025,
32,5.6,gf,0.065,mm,OK,--,3:12:32 PM,11/27/2025,
33,6.9,gf,0.065,mm,OK,--,3:12:32 PM,11/27/2025,
34,8.5,gf,0.065,mm,OK,--,3:12:32 PM,11/27/2025,
35,10.0,gf,0.070,mm,OK,--,3:12:33 PM,11/27/2025,
36,11.7,gf,0.070,mm,OK,--,3:12:33 PM,11/27/2025,
37,13.9,gf,0.075,mm,OK,--,3:12:33 PM,11/27/2025,
38,16.3,gf,0.075,mm,OK,--,3:12:33 PM,11/27/2025,
39,18.2,gf,0.080,mm,OK,--,3:12:33 PM,11/27/2025,
40,20.3,gf,0.080,mm,OK,--,3:12:33 PM,11/27/2025,
41,22.1,gf,0.080,mm,OK,--,3:12:33 PM,11/27/2025,
42,23.9,gf,0.085,mm,OK,--,3:12:33 PM,11/27/2025,
43,25.5,gf,0.085,mm,OK,--,3:12:33 PM,11/27/2025,
44,25.5,gf,0.085,mm,OK,--,3:12:33 PM,11/27/2025,
45,25.7,gf,0.090,mm,OK,--,3:12:34 PM,11/27/2025,
46,26.4,gf,0.090,mm,OK,--,3:12:34 PM,11/27/2025,
47,28.3,gf,0.095,mm,OK,--,3:12:34 PM,11/27/2025,
48,30.6,gf,0.095,mm,OK,--,3:12:34 PM,11/27/2025,
49,32.1,gf,0.100,mm,OK,--,3:12:34 PM,11/27/2025,
50,32.7,gf,0.100,mm,OK,--,3:12:34 PM,11/27/2025,
51,32.8,gf,0.100,mm,OK,--,3:12:34 PM,11/27/2025,
52,32.9,gf,0.105,mm,OK,--,3:12:34 PM,11/27/2025,
53,32.9,gf,0.105,mm,OK,--,3:12:34 PM,11/27/2025,
54,32.8,gf,0.110,mm,OK,--,3:12:34 PM,11/27/2025,
55,32.9,gf,0.110,mm,OK,--,3:12:35 PM,11/27/2025,
56,32.9,gf,0.110,mm,OK,--,3:12:35 PM,11/27/2025,
57,32.9,gf,0.115,mm,OK,--,3:12:35 PM,11/27/2025,
58,32.9,gf,0.115,mm,OK,--,3:12:35 PM,11/27/2025,
59,32.9,gf,0.115,mm,OK,--,3:12:35 PM,11/27/2025,
60,32.9,gf,0.120,mm,OK,--,3:12:35 PM,11/27/2025,
61,32.9,gf,0.120,mm,OK,--,3:12:35 PM,11/27/2025,
62,32.9,gf,0.120,mm,OK,--,3:12:35 PM,11/27/2025,
63,33.0,gf,0.125,mm,OK,--,3:12:35 PM,11/27/2025,
64,33.0,gf,0.125,mm,OK,--,3:12:35 PM,11/27/2025,
65,33.1,gf,0.130,mm,OK,--,3:12:36 PM,11/27/2025,
66,33.1,gf,0.130,mm,OK,--,3:12:36 PM,11/27/2025,
67,33.1,gf,0.135,mm,OK,--,3:12:36 PM,11/27/2025,
68,33.1,gf,0.140,mm,OK,--,3:12:36 PM,11/27/2025,
69,33.1,gf,0.140,mm,OK,--,3:12:36 PM,11/27/2025,
70,33.1,gf,0.145,mm,OK,--,3:12:36 PM,11/27/2025,
71,33.2,gf,0.150,mm,OK,--,3:12:36 PM,11/27/2025,
72,33.2,gf,0.150,mm,OK,--,3:12:36 PM,11/27/2025,
73,33.2,gf,0.155,mm,OK,--,3:12:36 PM,11/27/2025,
74,33.2,gf,0.160,mm,OK,--,3:12:36 PM,11/27/2025,
75,33.3,gf,0.165,mm,OK,--,3:12:37 PM,11/27/2025,
76,33.3,gf,0.170,mm,OK,--,3:12:37 PM,11/27/2025,
77,33.3,gf,0.170,mm,OK,--,3:12:37 PM,11/27/2025,
78,33.3,gf,0.175,mm,OK,--,3:12:37 PM,11/27/2025,
79,33.3,gf,0.175,mm,OK,--,3:12:37 PM,11/27/2025,
80,33.3,gf,0.180,mm,OK,--,3:12:37 PM,11/27/2025,
81,33.3,gf,0.180,mm,OK,--,3:12:37 PM,11/27/2025,
82,33.3,gf,0.180,mm,OK,--,3:12:37 PM,11/27/2025,
83,33.3,gf,0.185,mm,OK,--,3:12:37 PM,11/27/2025,
84,33.3,gf,0.185,mm,OK,--,3:12:37 PM,11/27/2025,
85,33.4,gf,0.190,mm,OK,--,3:12:38 PM,11/27/2025,
86,33.4,gf,0.190,mm,OK,--,3:12:38 PM,11/27/2025,
87,33.3,gf,0.195,mm,OK,--,3:12:38 PM,11/27/2025,
88,33.4,gf,0.200,mm,OK,--,3:12:38 PM,11/27/2025,
89,33.4,gf,0.205,mm,OK,--,3:12:38 PM,11/27/2025,
90,33.4,gf,0.210,mm,OK,--,3:12:38 PM,11/27/2025,
91,33.4,gf,0.215,mm,OK,--,3:12:38 PM,11/27/2025,
92,33.4,gf,0.215,mm,OK,--,3:12:38 PM,11/27/2025,
93,33.4,gf,0.220,mm,OK,--,3:12:38 PM,11/27/2025,
94,33.4,gf,0.225,mm,OK,--,3:12:38 PM,11/27/2025,
95,33.4,gf,0.230,mm,OK,--,3:12:39 PM,11/27/2025,
96,33.4,gf,0.235,mm,OK,--,3:12:39 PM,11/27/2025,
97,33.4,gf,0.240,mm,OK,--,3:12:39 PM,11/27/2025,
98,33.5,gf,0.245,mm,OK,--,3:12:39 PM,11/27/2025,
99,33.5,gf,0.250,mm,OK,--,3:12:39 PM,11/27/2025,
100,33.5,gf,0.255,mm,OK,--,3:12:39 PM,11/27/2025,
101,33.5,gf,0.255,mm,OK,--,3:12:39 PM,11/27/2025,
102,33.6,gf,0.260,mm,OK,--,3:12:39 PM,11/27/2025,
103,33.6,gf,0.265,mm,OK,--,3:12:39 PM,11/27/2025,
104,33.6,gf,0.270,mm,OK,--,3:12:39 PM,11/27/2025,
105,33.6,gf,0.270,mm,OK,--,3:12:40 PM,11/27/2025,
106,33.6,gf,0.280,mm,OK,--,3:12:40 PM,11/27/2025,
107,33.6,gf,0.285,mm,OK,--,3:12:40 PM,11/27/2025,
108,33.7,gf,0.290,mm,OK,--,3:12:40 PM,11/27/2025,
109,33.7,gf,0.295,mm,OK,--,3:12:40 PM,11/27/2025,
110,33.8,gf,0.300,mm,OK,--,3:12:40 PM,11/27/2025,
111,33.8,gf,0.305,mm,OK,--,3:12:40 PM,11/27/2025,
112,33.8,gf,0.305,mm,OK,--,3:12:40 PM,11/27/2025,
113,33.9,gf,0.310,mm,OK,--,3:12:40 PM,11/27/2025,
114,33.9,gf,0.315,mm,OK,--,3:12:40 PM,11/27/2025,
115,33.8,gf,0.320,mm,OK,--,3:12:41 PM,11/27/2025,
116,33.8,gf,0.325,mm,OK,--,3:12:41 PM,11/27/2025,
117,33.8,gf,0.330,mm,OK,--,3:12:41 PM,11/27/2025,
118,33.8,gf,0.330,mm,OK,--,3:12:41 PM,11/27/2025,
119,33.8,gf,0.335,mm,OK,--,3:12:41 PM,11/27/2025,
120,33.8,gf,0.340,mm,OK,--,3:12:41 PM,11/27/2025,
121,33.8,gf,0.345,mm,OK,--,3:12:41 PM,11/27/2025,
122,33.9,gf,0.350,mm,OK,--,3:12:41 PM,11/27/2025,
123,33.9,gf,0.355,mm,OK,--,3:12:41 PM,11/27/2025,
124,33.9,gf,0.355,mm,OK,--,3:12:41 PM,11/27/2025,
125,33.9,gf,0.360,mm,OK,--,3:12:42 PM,11/27/2025,
126,33.9,gf,0.365,mm,OK,--,3:12:42 PM,11/27/2025,
127,34.0,gf,0.370,mm,OK,--,3:12:42 PM,11/27/2025,
128,34.0,gf,0.375,mm,OK,--,3:12:42 PM,11/27/2025,
129,34.0,gf,0.380,mm,OK,--,3:12:42 PM,11/27/2025,
130,34.0,gf,0.385,mm,OK,--,3:12:42 PM,11/27/2025,
131,34.0,gf,0.390,mm,OK,--,3:12:42 PM,11/27/2025,
132,34.0,gf,0.395,mm,OK,--,3:12:42 PM,11/27/2025,
133,34.0,gf,0.395,mm,OK,--,3:12:42 PM,11/27/2025,
134,34.1,gf,0.400,mm,OK,--,3:12:42 PM,11/27/2025,
135,34.1,gf,0.405,mm,OK,--,3:12:43 PM,11/27/2025,
136,34.1,gf,0.405,mm,OK,--,3:12:43 PM,11/27/2025,
137,34.1,gf,0.410,mm,OK,--,3:12:43 PM,11/27/2025,
138,34.1,gf,0.410,mm,OK,--,3:12:43 PM,11/27/2025,
139,34.0,gf,0.415,mm,OK,--,3:12:43 PM,11/27/2025,
140,34.0,gf,0.415,mm,OK,--,3:12:43 PM,11/27/2025,
141,34.1,gf,0.420,mm,OK,--,3:12:43 PM,11/27/2025,
142,34.1,gf,0.425,mm,OK,--,3:12:43 PM,11/27/2025,
143,34.1,gf,0.430,mm,OK,--,3:12:43 PM,11/27/2025,
144,34.1,gf,0.440,mm,OK,--,3:12:43 PM,11/27/2025,
145,34.1,gf,0.445,mm,OK,--,3:12:44 PM,11/27/2025,
146,34.2,gf,0.450,mm,OK,--,3:12:44 PM,11/27/2025,
147,34.2,gf,0.455,mm,OK,--,3:12:44 PM,11/27/2025,
148,34.3,gf,0.460,mm,OK,--,3:12:44 PM,11/27/2025,
149,34.2,gf,0.465,mm,OK,--,3:12:44 PM,11/27/2025,
150,34.2,gf,0.470,mm,OK,--,3:12:44 PM,11/27/2025,
151,34.2,gf,0.475,mm,OK,--,3:12:44 PM,11/27/2025,
152,34.3,gf,0.480,mm,OK,--,3:12:44 PM,11/27/2025,
153,34.3,gf,0.490,mm,OK,--,3:12:44 PM,11/27/2025,
154,34.4,gf,0.495,mm,OK,--,3:12:44 PM,11/27/2025,
155,34.4,gf,0.505,mm,OK,--,3:12:45 PM,11/27/2025,
156,34.4,gf,0.515,mm,OK,--,3:12:45 PM,11/27/2025,
157,34.4,gf,0.525,mm,OK,--,3:12:45 PM,11/27/2025,
158,34.4,gf,0.525,mm,OK,--,3:12:45 PM,11/27/2025,
159,34.5,gf,0.530,mm,OK,--,3:12:45 PM,11/27/2025,
160,34.5,gf,0.535,mm,OK,--,3:12:45 PM,11/27/2025,
161,34.5,gf,0.540,mm,OK,--,3:12:45 PM,11/27/2025,
162,34.5,gf,0.545,mm,OK,--,3:12:45 PM,11/27/2025,
163,34.5,gf,0.550,mm,OK,--,3:12:45 PM,11/27/2025,
164,34.5,gf,0.555,mm,OK,--,3:12:45 PM,11/27/2025,
165,34.6,gf,0.560,mm,OK,--,3:12:46 PM,11/27/2025,
166,34.6,gf,0.560,mm,OK,--,3:12:46 PM,11/27/2025,
167,34.5,gf,0.565,mm,OK,--,3:12:46 PM,11/27/2025,
168,34.5,gf,0.565,mm,OK,--,3:12:46 PM,11/27/2025,
169,34.6,gf,0.565,mm,OK,--,3:12:46 PM,11/27/2025,
170,34.6,gf,0.570,mm,OK,--,3:12:46 PM,11/27/2025,
171,34.6,gf,0.570,mm,OK,--,3:12:46 PM,11/27/2025,
172,34.6,gf,0.575,mm,OK,--,3:12:46 PM,11/27/2025,
173,34.6,gf,0.580,mm,OK,--,3:12:46 PM,11/27/2025,
174,34.6,gf,0.585,mm,OK,--,3:12:46 PM,11/27/2025,
175,34.6,gf,0.590,mm,OK,--,3:12:47 PM,11/27/2025,
176,34.6,gf,0.590,mm,OK,--,3:12:47 PM,11/27/2025,
177,34.7,gf,0.595,mm,OK,--,3:12:47 PM,11/27/2025,
178,34.7,gf,0.600,mm,OK,--,3:12:47 PM,11/27/2025,
179,34.7,gf,0.605,mm,OK,--,3:12:47 PM,11/27/2025,
180,34.7,gf,0.610,mm,OK,--,3:12:47 PM,11/27/2025,
181,34.7,gf,0.610,mm,OK,--,3:12:47 PM,11/27/2025,
182,34.7,gf,0.615,mm,OK,--,3:12:47 PM,11/27/2025,
183,34.7,gf,0.620,mm,OK,--,3:12:47 PM,11/27/2025,
184,34.7,gf,0.625,mm,OK,--,3:12:47 PM,11/27/2025,
185,34.7,gf,0.625,mm,OK,--,3:12:48 PM,11/27/2025,
186,34.7,gf,0.630,mm,OK,--,3:12:48 PM,11/27/2025,
187,34.7,gf,0.635,mm,OK,--,3:12:48 PM,11/27/2025,
188,34.8,gf,0.635,mm,OK,--,3:12:48 PM,11/27/2025,
189,34.8,gf,0.640,mm,OK,--,3:12:48 PM,11/27/2025,
190,34.8,gf,0.640,mm,OK,--,3:12:48 PM,11/27/2025,
191,34.8,gf,0.640,mm,OK,--,3:12:48 PM,11/27/2025,
192,34.8,gf,0.645,mm,OK,--,3:12:48 PM,11/27/2025,
193,34.8,gf,0.645,mm,OK,--,3:12:48 PM,11/27/2025,
194,34.8,gf,0.650,mm,OK,--,3:12:48 PM,11/27/2025,
195,34.9,gf,0.655,mm,OK,--,3:12:49 PM,11/27/2025,
196,34.9,gf,0.660,mm,OK,--,3:12:49 PM,11/27/2025,
197,34.9,gf,0.665,mm,OK,--,3:12:49 PM,11/27/2025,
198,34.9,gf,0.665,mm,OK,--,3:12:49 PM,11/27/2025,
199,34.9,gf,0.670,mm,OK,--,3:12:49 PM,11/27/2025,
200,34.9,gf,0.675,mm,OK,--,3:12:49 PM,11/27/2025,
201,34.9,gf,0.685,mm,OK,--,3:12:49 PM,11/27/2025,
202,35.0,gf,0.690,mm,OK,--,3:12:49 PM,11/27/2025,
203,35.0,gf,0.695,mm,OK,--,3:12:49 PM,11/27/2025,
204,35.0,gf,0.705,mm,OK,--,3:12:49 PM,11/27/2025,
205,35.1,gf,0.710,mm,OK,--,3:12:50 PM,11/27/2025,
206,35.1,gf,0.720,mm,OK,--,3:12:50 PM,11/27/2025,
207,35.2,gf,0.725,mm,OK,--,3:12:50 PM,11/27/2025,
208,35.1,gf,0.735,mm,OK,--,3:12:50 PM,11/27/2025,
209,35.2,gf,0.740,mm,OK,--,3:12:50 PM,11/27/2025,
210,35.2,gf,0.750,mm,OK,--,3:12:50 PM,11/27/2025,
211,35.3,gf,0.755,mm,OK,--,3:12:50 PM,11/27/2025,
212,35.3,gf,0.765,mm,OK,--,3:12:50 PM,11/27/2025,
213,35.3,gf,0.775,mm,OK,--,3:12:50 PM,11/27/2025,
214,35.4,gf,0.785,mm,OK,--,3:12:50 PM,11/27/2025,
215,35.4,gf,0.790,mm,OK,--,3:12:51 PM,11/27/2025,
216,35.4,gf,0.800,mm,OK,--,3:12:51 PM,11/27/2025,
217,35.4,gf,0.810,mm,OK,--,3:12:51 PM,11/27/2025,
218,35.5,gf,0.820,mm,OK,--,3:12:51 PM,11/27/2025,
219,35.6,gf,0.830,mm,OK,--,3:12:51 PM,11/27/2025,
220,35.6,gf,0.840,mm,OK,--,3:12:51 PM,11/27/2025,
221,35.6,gf,0.855,mm,OK,--,3:12:51 PM,11/27/2025,
222,35.7,gf,0.865,mm,OK,--,3:12:51 PM,11/27/2025,
223,35.7,gf,0.875,mm,OK,--,3:12:51 PM,11/27/2025,
224,35.7,gf,0.885,mm,OK,--,3:12:51 PM,11/27/2025,
225,35.8,gf,0.895,mm,OK,--,3:12:52 PM,11/27/2025,
226,35.8,gf,0.900,mm,OK,--,3:12:52 PM,11/27/2025,
227,35.8,gf,0.910,mm,OK,--,3:12:52 PM,11/27/2025,
228,35.8,gf,0.915,mm,OK,--,3:12:52 PM,11/27/2025,
229,35.9,gf,0.925,mm,OK,--,3:12:52 PM,11/27/2025,
230,35.9,gf,0.925,mm,OK,--,3:12:52 PM,11/27/2025,
231,35.9,gf,0.935,mm,OK,--,3:12:52 PM,11/27/2025,
232,35.9,gf,0.940,mm,OK,--,3:12:52 PM,11/27/2025,
233,35.9,gf,0.945,mm,OK,--,3:12:52 PM,11/27/2025,
234,35.9,gf,0.950,mm,OK,--,3:12:52 PM,11/27/2025,
235,35.9,gf,0.955,mm,OK,--,3:12:53 PM,11/27/2025,
236,35.9,gf,0.960,mm,OK,--,3:12:53 PM,11/27/2025,
237,35.9,gf,0.965,mm,OK,--,3:12:53 PM,11/27/2025,
238,35.9,gf,0.970,mm,OK,--,3:12:53 PM,11/27/2025,
239,35.9,gf,0.975,mm,OK,--,3:12:53 PM,11/27/2025,
240,36.0,gf,0.980,mm,OK,--,3:12:53 PM,11/27/2025,
241,36.0,gf,0.985,mm,OK,--,3:12:53 PM,11/27/2025,
242,36.0,gf,0.990,mm,OK,--,3:12:53 PM,11/27/2025,
243,36.0,gf,0.995,mm,OK,--,3:12:53 PM,11/27/2025,
244,36.1,gf,1.000,mm,OK,--,3:12:53 PM,11/27/2025,
245,36.1,gf,1.005,mm,OK,--,3:12:54 PM,11/27/2025,
246,36.1,gf,1.010,mm,OK,--,3:12:54 PM,11/27/2025,
247,36.1,gf,1.010,mm,OK,--,3:12:54 PM,11/27/2025,
248,36.1,gf,1.015,mm,OK,--,3:12:54 PM,11/27/2025,
249,36.1,gf,1.015,mm,OK,--,3:12:54 PM,11/27/2025,
250,36.1,gf,1.020,mm,OK,--,3:12:54 PM,11/27/2025,
251,36.2,gf,1.025,mm,OK,--,3:12:54 PM,11/27/2025,
252,36.2,gf,1.025,mm,OK,--,3:12:54 PM,11/27/2025,
253,36.2,gf,1.030,mm,OK,--,3:12:54 PM,11/27/2025,
254,36.2,gf,1.030,mm,OK,--,3:12:54 PM,11/27/2025,
255,36.2,gf,1.035,mm,OK,--,3:12:55 PM,11/27/2025,
256,36.3,gf,1.040,mm,OK,--,3:12:55 PM,11/27/2025,
257,36.3,gf,1.045,mm,OK,--,3:12:55 PM,11/27/2025,
258,36.3,gf,1.050,mm,OK,--,3:12:55 PM,11/27/2025,
259,36.3,gf,1.055,mm,OK,--,3:12:55 PM,11/27/2025,
260,36.3,gf,1.060,mm,OK,--,3:12:55 PM,11/27/2025,
261,36.3,gf,1.065,mm,OK,--,3:12:55 PM,11/27/2025,
262,36.4,gf,1.070,mm,OK,--,3:12:55 PM,11/27/2025,
263,36.4,gf,1.080,mm,OK,--,3:12:55 PM,11/27/2025,
264,36.4,gf,1.085,mm,OK,--,3:12:55 PM,11/27/2025,
265,36.5,gf,1.095,mm,OK,--,3:12:56 PM,11/27/2025,
266,36.5,gf,1.100,mm,OK,--,3:12:56 PM,11/27/2025,
267,36.6,gf,1.110,mm,OK,--,3:12:56 PM,11/27/2025,
268,36.6,gf,1.115,mm,OK,--,3:12:56 PM,11/27/2025,
269,36.6,gf,1.120,mm,OK,--,3:12:56 PM,11/27/2025,
270,36.6,gf,1.120,mm,OK,--,3:12:56 PM,11/27/2025,
271,36.6,gf,1.120,mm,OK,--,3:12:56 PM,11/27/2025,
272,36.6,gf,1.125,mm,OK,--,3:12:56 PM,11/27/2025,
273,36.6,gf,1.125,mm,OK,--,3:12:56 PM,11/27/2025,
274,36.6,gf,1.130,mm,OK,--,3:12:56 PM,11/27/2025,
275,36.7,gf,1.135,mm,OK,--,3:12:57 PM,11/27/2025,
276,36.7,gf,1.140,mm,OK,--,3:12:57 PM,11/27/2025,
277,36.7,gf,1.145,mm,OK,--,3:12:57 PM,11/27/2025,
278,36.7,gf,1.155,mm,OK,--,3:12:57 PM,11/27/2025,
279,36.7,gf,1.165,mm,OK,--,3:12:57 PM,11/27/2025,
280,36.8,gf,1.170,mm,OK,--,3:12:57 PM,11/27/2025,
281,36.8,gf,1.180,mm,OK,--,3:12:57 PM,11/27/2025,
282,36.9,gf,1.185,mm,OK,--,3:12:57 PM,11/27/2025,
283,36.9,gf,1.195,mm,OK,--,3:12:57 PM,11/27/2025,
284,36.8,gf,1.200,mm,OK,--,3:12:57 PM,11/27/2025,
285,36.8,gf,1.205,mm,OK,--,3:12:58 PM,11/27/2025,
286,36.8,gf,1.215,mm,OK,--,3:12:58 PM,11/27/2025,
287,36.9,gf,1.220,mm,OK,--,3:12:58 PM,11/27/2025,
288,36.9,gf,1.220,mm,OK,--,3:12:58 PM,11/27/2025,
289,36.8,gf,1.225,mm,OK,--,3:12:58 PM,11/27/2025,
290,36.9,gf,1.225,mm,OK,--,3:12:58 PM,11/27/2025,
291,36.9,gf,1.230,mm,OK,--,3:12:58 PM,11/27/2025,
292,36.9,gf,1.230,mm,OK,--,3:12:58 PM,11/27/2025,
293,36.9,gf,1.235,mm,OK,--,3:12:58 PM,11/27/2025,
294,36.9,gf,1.235,mm,OK,--,3:12:58 PM,11/27/2025,
295,36.9,gf,1.240,mm,OK,--,3:12:59 PM,11/27/2025,
296,36.9,gf,1.245,mm,OK,--,3:12:59 PM,11/27/2025,
297,36.9,gf,1.245,mm,OK,--,3:12:59 PM,11/27/2025,
298,37.0,gf,1.250,mm,OK,--,3:12:59 PM,11/27/2025,
299,37.0,gf,1.255,mm,OK,--,3:12:59 PM,11/27/2025,
300,37.0,gf,1.255,mm,OK,--,3:12:59 PM,11/27/2025,
301,37.0,gf,1.260,mm,OK,--,3:12:59 PM,11/27/2025,
302,37.0,gf,1.260,mm,OK,--,3:12:59 PM,11/27/2025,
303,37.1,gf,1.265,mm,OK,--,3:12:59 PM,11/27/2025,
304,37.0,gf,1.270,mm,OK,--,3:12:59 PM,11/27/2025,
305,37.0,gf,1.270,mm,OK,--,3:13:00 PM,11/27/2025,
306,37.1,gf,1.275,mm,OK,--,3:13:00 PM,11/27/2025,
307,37.1,gf,1.275,mm,OK,--,3:13:00 PM,11/27/2025,
308,37.1,gf,1.280,mm,OK,--,3:13:00 PM,11/27/2025,
309,37.1,gf,1.285,mm,OK,--,3:13:00 PM,11/27/2025,
310,37.1,gf,1.285,mm,OK,--,3:13:00 PM,11/27/2025,
311,37.1,gf,1.285,mm,OK,--,3:13:00 PM,11/27/2025,
312,37.1,gf,1.290,mm,OK,--,3:13:00 PM,11/27/2025,
313,37.1,gf,1.295,mm,OK,--,3:13:00 PM,11/27/2025,
314,37.1,gf,1.295,mm,OK,--,3:13:00 PM,11/27/2025,
315,37.1,gf,1.300,mm,OK,--,3:13:01 PM,11/27/2025,
316,37.1,gf,1.300,mm,OK,--,3:13:01 PM,11/27/2025,
317,37.1,gf,1.300,mm,OK,--,3:13:01 PM,11/27/2025,
318,37.1,gf,1.300,mm,OK,--,3:13:01 PM,11/27/2025,
319,37.1,gf,1.305,mm,OK,--,3:13:01 PM,11/27/2025,
320,37.1,gf,1.305,mm,OK,--,3:13:01 PM,11/27/2025,
321,37.1,gf,1.305,mm,OK,--,3:13:01 PM,11/27/2025,
322,37.2,gf,1.310,mm,OK,--,3:13:01 PM,11/27/2025,
323,37.2,gf,1.310,mm,OK,--,3:13:01 PM,11/27/2025,
324,37.2,gf,1.315,mm,OK,--,3:13:01 PM,11/27/2025,
325,37.2,gf,1.315,mm,OK,--,3:13:02 PM,11/27/2025,
326,37.2,gf,1.320,mm,OK,--,3:13:02 PM,11/27/2025,
327,37.2,gf,1.320,mm,OK,--,3:13:02 PM,11/27/2025,
328,37.2,gf,1.325,mm,OK,--,3:13:02 PM,11/27/2025,
329,37.2,gf,1.325,mm,OK,--,3:13:02 PM,11/27/2025,
330,37.2,gf,1.325,mm,OK,--,3:13:02 PM,11/27/2025,
331,37.2,gf,1.330,mm,OK,--,3:13:02 PM,11/27/2025,
332,37.2,gf,1.330,mm,OK,--,3:13:02 PM,11/27/2025,
333,37.2,gf,1.330,mm,OK,--,3:13:02 PM,11/27/2025,
334,37.2,gf,1.335,mm,OK,--,3:13:02 PM,11/27/2025,
335,37.2,gf,1.335,mm,OK,--,3:13:03 PM,11/27/2025,
336,37.3,gf,1.340,mm,OK,--,3:13:03 PM,11/27/2025,
337,37.3,gf,1.340,mm,OK,--,3:13:03 PM,11/27/2025,
338,37.3,gf,1.340,mm,OK,--,3:13:03 PM,11/27/2025,
339,37.3,gf,1.345,mm,OK,--,3:13:03 PM,11/27/2025,
340,37.3,gf,1.345,mm,OK,--,3:13:03 PM,11/27/2025,
341,37.3,gf,1.345,mm,OK,--,3:13:03 PM,11/27/2025,
342,37.3,gf,1.345,mm,OK,--,3:13:03 PM,11/27/2025,
343,37.3,gf,1.350,mm,OK,--,3:13:03 PM,11/27/2025,
344,37.3,gf,1.350,mm,OK,--,3:13:03 PM,11/27/2025,
345,37.3,gf,1.350,mm,OK,--,3:13:04 PM,11/27/2025,
346,37.3,gf,1.355,mm,OK,--,3:13:04 PM,11/27/2025,
347,37.3,gf,1.355,mm,OK,--,3:13:04 PM,11/27/2025,
348,37.3,gf,1.355,mm,OK,--,3:13:04 PM,11/27/2025,
349,37.3,gf,1.355,mm,OK,--,3:13:04 PM,11/27/2025,
350,37.3,gf,1.360,mm,OK,--,3:13:04 PM,11/27/2025,
351,37.4,gf,1.360,mm,OK,--,3:13:04 PM,11/27/2025,
352,37.4,gf,1.365,mm,OK,--,3:13:04 PM,11/27/2025,
353,37.4,gf,1.365,mm,OK,--,3:13:04 PM,11/27/2025,
354,37.4,gf,1.365,mm,OK,--,3:13:04 PM,11/27/2025,
355,37.4,gf,1.370,mm,OK,--,3:13:05 PM,11/27/2025,
356,37.5,gf,1.380,mm,OK,--,3:13:05 PM,11/27/2025,
357,37.5,gf,1.385,mm,OK,--,3:13:05 PM,11/27/2025,
358,37.5,gf,1.390,mm,OK,--,3:13:05 PM,11/27/2025,
359,37.5,gf,1.400,mm,OK,--,3:13:05 PM,11/27/2025,
360,37.5,gf,1.400,mm,OK,--,3:13:05 PM,11/27/2025,
361,37.5,gf,1.405,mm,OK,--,3:13:05 PM,11/27/2025,
362,37.6,gf,1.410,mm,OK,--,3:13:05 PM,11/27/2025,
363,37.6,gf,1.415,mm,OK,--,3:13:05 PM,11/27/2025,
364,37.6,gf,1.420,mm,OK,--,3:13:05 PM,11/27/2025,
365,37.6,gf,1.425,mm,OK,--,3:13:06 PM,11/27/2025,
366,37.7,gf,1.430,mm,OK,--,3:13:06 PM,11/27/2025,
367,37.6,gf,1.435,mm,OK,--,3:13:06 PM,11/27/2025,
368,37.6,gf,1.440,mm,OK,--,3:13:06 PM,11/27/2025,
369,37.7,gf,1.445,mm,OK,--,3:13:06 PM,11/27/2025,
370,37.7,gf,1.455,mm,OK,--,3:13:06 PM,11/27/2025,
371,37.7,gf,1.460,mm,OK,--,3:13:06 PM,11/27/2025,
372,37.7,gf,1.465,mm,OK,--,3:13:06 PM,11/27/2025,
373,37.7,gf,1.475,mm,OK,--,3:13:06 PM,11/27/2025,
374,37.7,gf,1.485,mm,OK,--,3:13:06 PM,11/27/2025,
375,37.7,gf,1.495,mm,OK,--,3:13:07 PM,11/27/2025,
376,37.8,gf,1.500,mm,OK,--,3:13:07 PM,11/27/2025,
377,37.8,gf,1.505,mm,OK,--,3:13:07 PM,11/27/2025,
378,37.8,gf,1.515,mm,OK,--,3:13:07 PM,11/27/2025,
379,37.9,gf,1.520,mm,OK,--,3:13:07 PM,11/27/2025,
380,37.9,gf,1.525,mm,OK,--,3:13:07 PM,11/27/2025,
381,37.9,gf,1.530,mm,OK,--,3:13:07 PM,11/27/2025,
382,37.9,gf,1.535,mm,OK,--,3:13:07 PM,11/27/2025,
383,38.0,gf,1.540,mm,OK,--,3:13:07 PM,11/27/2025,
384,37.9,gf,1.550,mm,OK,--,3:13:07 PM,11/27/2025,
385,38.0,gf,1.555,mm,OK,--,3:13:08 PM,11/27/2025,
386,38.0,gf,1.565,mm,OK,--,3:13:08 PM,11/27/2025,
387,38.0,gf,1.565,mm,OK,--,3:13:08 PM,11/27/2025,
388,38.0,gf,1.570,mm,OK,--,3:13:08 PM,11/27/2025,
389,38.1,gf,1.580,mm,OK,--,3:13:08 PM,11/27/2025,
390,38.1,gf,1.585,mm,OK,--,3:13:08 PM,11/27/2025,
391,38.1,gf,1.590,mm,OK,--,3:13:08 PM,11/27/2025,
392,38.1,gf,1.595,mm,OK,--,3:13:08 PM,11/27/2025,
393,38.1,gf,1.600,mm,OK,--,3:13:08 PM,11/27/2025,
394,38.1,gf,1.600,mm,OK,--,3:13:08 PM,11/27/2025,
395,38.1,gf,1.605,mm,OK,--,3:13:09 PM,11/27/2025,
396,38.1,gf,1.605,mm,OK,--,3:13:09 PM,11/27/2025,
397,38.1,gf,1.610,mm,OK,--,3:13:09 PM,11/27/2025,
398,38.1,gf,1.615,mm,OK,--,3:13:09 PM,11/27/2025,
399,38.2,gf,1.615,mm,OK,--,3:13:09 PM,11/27/2025,
400,38.2,gf,1.620,mm,OK,--,3:13:09 PM,11/27/2025,
401,38.2,gf,1.625,mm,OK,--,3:13:09 PM,11/27/2025,
402,38.2,gf,1.630,mm,OK,--,3:13:09 PM,11/27/2025,
403,38.2,gf,1.630,mm,OK,--,3:13:09 PM,11/27/2025,
404,38.2,gf,1.640,mm,OK,--,3:13:09 PM,11/27/2025,
405,38.2,gf,1.645,mm,OK,--,3:13:10 PM,11/27/2025,
406,38.2,gf,1.655,mm,OK,--,3:13:10 PM,11/27/2025,
407,38.3,gf,1.660,mm,OK,--,3:13:10 PM,11/27/2025,
408,38.3,gf,1.665,mm,OK,--,3:13:10 PM,11/27/2025,
409,38.4,gf,1.675,mm,OK,--,3:13:10 PM,11/27/2025,
410,38.4,gf,1.685,mm,OK,--,3:13:10 PM,11/27/2025,
411,38.5,gf,1.695,mm,OK,--,3:13:10 PM,11/27/2025,
412,38.5,gf,1.705,mm,OK,--,3:13:10 PM,11/27/2025,
413,38.6,gf,1.710,mm,OK,--,3:13:10 PM,11/27/2025,
414,38.6,gf,1.720,mm,OK,--,3:13:10 PM,11/27/2025,
415,38.6,gf,1.730,mm,OK,--,3:13:11 PM,11/27/2025,
416,38.6,gf,1.740,mm,OK,--,3:13:11 PM,11/27/2025,
417,38.6,gf,1.745,mm,OK,--,3:13:11 PM,11/27/2025,
418,38.7,gf,1.755,mm,OK,--,3:13:11 PM,11/27/2025,
419,38.7,gf,1.765,mm,OK,--,3:13:11 PM,11/27/2025,
420,38.7,gf,1.775,mm,OK,--,3:13:11 PM,11/27/2025,
421,38.8,gf,1.785,mm,OK,--,3:13:11 PM,11/27/2025,
422,38.8,gf,1.795,mm,OK,--,3:13:11 PM,11/27/2025,
423,38.8,gf,1.805,mm,OK,--,3:13:11 PM,11/27/2025,
424,38.8,gf,1.810,mm,OK,--,3:13:11 PM,11/27/2025,
425,38.9,gf,1.820,mm,OK,--,3:13:12 PM,11/27/2025,
426,38.8,gf,1.825,mm,OK,--,3:13:12 PM,11/27/2025,
427,38.9,gf,1.830,mm,OK,--,3:13:12 PM,11/27/2025,
428,38.9,gf,1.835,mm,OK,--,3:13:12 PM,11/27/2025,
429,38.9,gf,1.845,mm,OK,--,3:13:12 PM,11/27/2025,
430,39.0,gf,1.850,mm,OK,--,3:13:12 PM,11/27/2025,
431,39.0,gf,1.850,mm,OK,--,3:13:12 PM,11/27/2025,
432,39.0,gf,1.855,mm,OK,--,3:13:12 PM,11/27/2025,
433,39.0,gf,1.860,mm,OK,--,3:13:12 PM,11/27/2025,
434,39.0,gf,1.865,mm,OK,--,3:13:12 PM,11/27/2025,
435,39.0,gf,1.870,mm,OK,--,3:13:13 PM,11/27/2025,
436,39.0,gf,1.875,mm,OK,--,3:13:13 PM,11/27/2025,
437,39.1,gf,1.880,mm,OK,--,3:13:13 PM,11/27/2025,
438,39.1,gf,1.880,mm,OK,--,3:13:13 PM,11/27/2025,
439,39.1,gf,1.885,mm,OK,--,3:13:13 PM,11/27/2025,
440,39.1,gf,1.885,mm,OK,--,3:13:13 PM,11/27/2025,
441,39.1,gf,1.890,mm,OK,--,3:13:13 PM,11/27/2025,
442,39.2,gf,1.895,mm,OK,--,3:13:13 PM,11/27/2025,
443,39.2,gf,1.900,mm,OK,--,3:13:13 PM,11/27/2025,
444,39.2,gf,1.905,mm,OK,--,3:13:13 PM,11/27/2025,
445,39.2,gf,1.910,mm,OK,--,3:13:14 PM,11/27/2025,
446,39.2,gf,1.915,mm,OK,--,3:13:14 PM,11/27/2025,
447,39.2,gf,1.915,mm,OK,--,3:13:14 PM,11/27/2025,
448,39.3,gf,1.920,mm,OK,--,3:13:14 PM,11/27/2025,
449,39.2,gf,1.925,mm,OK,--,3:13:14 PM,11/27/2025,
450,39.3,gf,1.930,mm,OK,--,3:13:14 PM,11/27/2025,
451,39.3,gf,1.935,mm,OK,--,3:13:14 PM,11/27/2025,
452,39.3,gf,1.940,mm,OK,--,3:13:14 PM,11/27/2025,
453,39.4,gf,1.945,mm,OK,--,3:13:14 PM,11/27/2025,
454,39.4,gf,1.950,mm,OK,--,3:13:14 PM,11/27/2025,
455,39.4,gf,1.960,mm,OK,--,3:13:15 PM,11/27/2025,
456,39.4,gf,1.965,mm,OK,--,3:13:15 PM,11/27/2025,
457,39.5,gf,1.965,mm,OK,--,3:13:15 PM,11/27/2025,
458,39.5,gf,1.970,mm,OK,--,3:13:15 PM,11/27/2025,
459,39.5,gf,1.975,mm,OK,--,3:13:15 PM,11/27/2025,
460,39.5,gf,1.985,mm,OK,--,3:13:15 PM,11/27/2025,
461,39.5,gf,1.990,mm,OK,--,3:13:15 PM,11/27/2025,
462,39.6,gf,1.995,mm,OK,--,3:13:15 PM,11/27/2025,
463,39.6,gf,2.000,mm,OK,--,3:13:15 PM,11/27/2025,
464,39.6,gf,2.010,mm,OK,--,3:13:15 PM,11/27/2025,
465,39.6,gf,2.015,mm,OK,--,3:13:16 PM,11/27/2025,
466,39.6,gf,2.020,mm,OK,--,3:13:16 PM,11/27/2025,
467,39.6,gf,2.020,mm,OK,--,3:13:16 PM,11/27/2025,
468,39.6,gf,2.025,mm,OK,--,3:13:16 PM,11/27/2025,
469,39.6,gf,2.030,mm,OK,--,3:13:16 PM,11/27/2025,
470,39.7,gf,2.035,mm,OK,--,3:13:16 PM,11/27/2025,
471,39.7,gf,2.040,mm,OK,--,3:13:16 PM,11/27/2025,
472,39.7,gf,2.045,mm,OK,--,3:13:16 PM,11/27/2025,
473,39.7,gf,2.050,mm,OK,--,3:13:16 PM,11/27/2025,
474,39.8,gf,2.055,mm,OK,--,3:13:16 PM,11/27/2025,
475,39.8,gf,2.055,mm,OK,--,3:13:17 PM,11/27/2025,
476,39.8,gf,2.060,mm,OK,--,3:13:17 PM,11/27/2025,
477,39.8,gf,2.065,mm,OK,--,3:13:17 PM,11/27/2025,
478,39.8,gf,2.065,mm,OK,--,3:13:17 PM,11/27/2025,
479,39.8,gf,2.070,mm,OK,--,3:13:17 PM,11/27/2025,
480,39.8,gf,2.075,mm,OK,--,3:13:17 PM,11/27/2025,
481,39.8,gf,2.075,mm,OK,--,3:13:17 PM,11/27/2025,
482,39.8,gf,2.080,mm,OK,--,3:13:17 PM,11/27/2025,
483,39.8,gf,2.085,mm,OK,--,3:13:17 PM,11/27/2025,
484,39.8,gf,2.085,mm,OK,--,3:13:17 PM,11/27/2025,
485,39.9,gf,2.090,mm,OK,--,3:13:18 PM,11/27/2025,
486,39.9,gf,2.100,mm,OK,--,3:13:18 PM,11/27/2025,
487,40.0,gf,2.100,mm,OK,--,3:13:18 PM,11/27/2025,
488,39.9,gf,2.110,mm,OK,--,3:13:18 PM,11/27/2025,
489,40.0,gf,2.120,mm,OK,--,3:13:18 PM,11/27/2025,
490,40.0,gf,2.120,mm,OK,--,3:13:18 PM,11/27/2025,
491,40.1,gf,2.125,mm,OK,--,3:13:18 PM,11/27/2025,
492,40.1,gf,2.130,mm,OK,--,3:13:18 PM,11/27/2025,
493,40.1,gf,2.135,mm,OK,--,3:13:18 PM,11/27/2025,
494,40.1,gf,2.140,mm,OK,--,3:13:18 PM,11/27/2025,
495,40.2,gf,2.145,mm,OK,--,3:13:19 PM,11/27/2025,
496,40.2,gf,2.150,mm,OK,--,3:13:19 PM,11/27/2025,
497,40.2,gf,2.155,mm,OK,--,3:13:19 PM,11/27/2025,
498,40.2,gf,2.155,mm,OK,--,3:13:19 PM,11/27/2025,
499,40.2,gf,2.155,mm,OK,--,3:13:19 PM,11/27/2025,
500,40.3,gf,2.160,mm,OK,--,3:13:19 PM,11/27/2025,
501,40.3,gf,2.160,mm,OK,--,3:13:19 PM,11/27/2025,
502,40.3,gf,2.165,mm,OK,--,3:13:19 PM,11/27/2025,
503,40.3,gf,2.170,mm,OK,--,3:13:19 PM,11/27/2025,
504,40.3,gf,2.170,mm,OK,--,3:13:19 PM,11/27/2025,
505,40.4,gf,2.180,mm,OK,--,3:13:20 PM,11/27/2025,
506,40.5,gf,2.190,mm,OK,--,3:13:20 PM,11/27/2025,
507,40.5,gf,2.195,mm,OK,--,3:13:20 PM,11/27/2025,
508,40.6,gf,2.200,mm,OK,--,3:13:20 PM,11/27/2025,
509,40.7,gf,2.210,mm,OK,--,3:13:20 PM,11/27/2025,
510,40.6,gf,2.215,mm,OK,--,3:13:20 PM,11/27/2025,
511,40.7,gf,2.220,mm,OK,--,3:13:20 PM,11/27/2025,
512,40.7,gf,2.225,mm,OK,--,3:13:20 PM,11/27/2025,
513,40.9,gf,2.230,mm,OK,--,3:13:20 PM,11/27/2025,
514,40.8,gf,2.235,mm,OK,--,3:13:20 PM,11/27/2025,
515,40.9,gf,2.240,mm,OK,--,3:13:21 PM,11/27/2025,
516,40.9,gf,2.245,mm,OK,--,3:13:21 PM,11/27/2025,
517,41.0,gf,2.255,mm,OK,--,3:13:21 PM,11/27/2025,
518,41.0,gf,2.260,mm,OK,--,3:13:21 PM,11/27/2025,
519,41.0,gf,2.270,mm,OK,--,3:13:21 PM,11/27/2025,
520,41.0,gf,2.275,mm,OK,--,3:13:21 PM,11/27/2025,
521,41.1,gf,2.280,mm,OK,--,3:13:21 PM,11/27/2025,
522,41.2,gf,2.285,mm,OK,--,3:13:21 PM,11/27/2025,
523,41.0,gf,2.295,mm,OK,--,3:13:21 PM,11/27/2025,
524,41.0,gf,2.300,mm,OK,--,3:13:21 PM,11/27/2025,
525,41.0,gf,2.300,mm,OK,--,3:13:22 PM,11/27/2025,
526,41.0,gf,2.305,mm,OK,--,3:13:22 PM,11/27/2025,
527,41.0,gf,2.310,mm,OK,--,3:13:22 PM,11/27/2025,
528,40.9,gf,2.315,mm,OK,--,3:13:22 PM,11/27/2025,
529,40.9,gf,2.320,mm,OK,--,3:13:22 PM,11/27/2025,
530,41.0,gf,2.330,mm,OK,--,3:13:22 PM,11/27/2025,
531,41.0,gf,2.335,mm,OK,--,3:13:22 PM,11/27/2025,
532,41.1,gf,2.340,mm,OK,--,3:13:22 PM,11/27/2025,
533,41.1,gf,2.345,mm,OK,--,3:13:22 PM,11/27/2025,
534,41.1,gf,2.350,mm,OK,--,3:13:22 PM,11/27/2025,
535,41.0,gf,2.355,mm,OK,--,3:13:23 PM,11/27/2025,
536,41.0,gf,2.360,mm,OK,--,3:13:23 PM,11/27/2025,
537,41.1,gf,2.365,mm,OK,--,3:13:23 PM,11/27/2025,
538,41.2,gf,2.370,mm,OK,--,3:13:23 PM,11/27/2025,
539,41.2,gf,2.375,mm,OK,--,3:13:23 PM,11/27/2025,
540,41.2,gf,2.380,mm,OK,--,3:13:23 PM,11/27/2025,
541,41.2,gf,2.385,mm,OK,--,3:13:23 PM,11/27/2025,
542,41.2,gf,2.390,mm,OK,--,3:13:23 PM,11/27/2025,
543,41.2,gf,2.395,mm,OK,--,3:13:23 PM,11/27/2025,
544,41.3,gf,2.400,mm,OK,--,3:13:23 PM,11/27/2025,
545,41.3,gf,2.405,mm,OK,--,3:13:24 PM,11/27/2025,
546,41.4,gf,2.415,mm,OK,--,3:13:24 PM,11/27/2025,
547,41.3,gf,2.420,mm,OK,--,3:13:24 PM,11/27/2025,
548,41.4,gf,2.430,mm,OK,--,3:13:24 PM,11/27/2025,
549,41.3,gf,2.435,mm,OK,--,3:13:24 PM,11/27/2025,
550,41.4,gf,2.440,mm,OK,--,3:13:24 PM,11/27/2025,
551,41.4,gf,2.445,mm,OK,--,3:13:24 PM,11/27/2025,
552,41.4,gf,2.445,mm,OK,--,3:13:24 PM,11/27/2025,
553,41.4,gf,2.445,mm,OK,--,3:13:24 PM,11/27/2025,
554,41.4,gf,2.450,mm,OK,--,3:13:24 PM,11/27/2025,
555,41.4,gf,2.450,mm,OK,--,3:13:25 PM,11/27/2025,
556,41.4,gf,2.450,mm,OK,--,3:13:25 PM,11/27/2025,
557,41.5,gf,2.450,mm,OK,--,3:13:25 PM,11/27/2025,
558,41.4,gf,2.450,mm,OK,--,3:13:25 PM,11/27/2025,
559,41.5,gf,2.455,mm,OK,--,3:13:25 PM,11/27/2025,
560,41.5,gf,2.455,mm,OK,--,3:13:25 PM,11/27/2025,
561,41.5,gf,2.455,mm,OK,--,3:13:25 PM,11/27/2025,
562,41.5,gf,2.460,mm,OK,--,3:13:25 PM,11/27/2025,
563,41.5,gf,2.460,mm,OK,--,3:13:25 PM,11/27/2025,
564,41.4,gf,2.465,mm,OK,--,3:13:25 PM,11/27/2025,
565,41.4,gf,2.470,mm,OK,--,3:13:26 PM,11/27/2025,
566,41.4,gf,2.470,mm,OK,--,3:13:26 PM,11/27/2025,
567,41.5,gf,2.475,mm,OK,--,3:13:26 PM,11/27/2025,
568,41.5,gf,2.475,mm,OK,--,3:13:26 PM,11/27/2025,
569,41.5,gf,2.480,mm,OK,--,3:13:26 PM,11/27/2025,
570,41.5,gf,2.485,mm,OK,--,3:13:26 PM,11/27/2025,
571,41.5,gf,2.490,mm,OK,--,3:13:26 PM,11/27/2025,
572,41.6,gf,2.495,mm,OK,--,3:13:26 PM,11/27/2025,
573,41.6,gf,2.500,mm,OK,--,3:13:26 PM,11/27/2025,
574,41.6,gf,2.505,mm,OK,--,3:13:26 PM,11/27/2025,
575,41.6,gf,2.505,mm,OK,--,3:13:27 PM,11/27/2025,
576,41.6,gf,2.515,mm,OK,--,3:13:27 PM,11/27/2025,
577,41.7,gf,2.525,mm,OK,--,3:13:27 PM,11/27/2025,
578,41.7,gf,2.535,mm,OK,--,3:13:27 PM,11/27/2025,
579,41.8,gf,2.545,mm,OK,--,3:13:27 PM,11/27/2025,
580,41.8,gf,2.560,mm,OK,--,3:13:27 PM,11/27/2025,
581,41.8,gf,2.570,mm,OK,--,3:13:27 PM,11/27/2025,
582,41.9,gf,2.580,mm,OK,--,3:13:27 PM,11/27/2025,
583,41.9,gf,2.585,mm,OK,--,3:13:27 PM,11/27/2025,
584,41.9,gf,2.590,mm,OK,--,3:13:27 PM,11/27/2025,
585,41.8,gf,2.605,mm,OK,--,3:13:28 PM,11/27/2025,
586,42.0,gf,2.615,mm,OK,--,3:13:28 PM,11/27/2025,
587,42.0,gf,2.630,mm,OK,--,3:13:28 PM,11/27/2025,
588,42.1,gf,2.645,mm,OK,--,3:13:28 PM,11/27/2025,
589,42.2,gf,2.660,mm,OK,--,3:13:28 PM,11/27/2025,
590,42.2,gf,2.675,mm,OK,--,3:13:28 PM,11/27/2025,
591,42.3,gf,2.690,mm,OK,--,3:13:28 PM,11/27/2025,
592,42.3,gf,2.700,mm,OK,--,3:13:28 PM,11/27/2025,
593,42.4,gf,2.715,mm,OK,--,3:13:28 PM,11/27/2025,
594,42.4,gf,2.720,mm,OK,--,3:13:28 PM,11/27/2025,
595,42.6,gf,2.730,mm,OK,--,3:13:29 PM,11/27/2025,
596,42.7,gf,2.740,mm,OK,--,3:13:29 PM,11/27/2025,
597,42.8,gf,2.750,mm,OK,--,3:13:29 PM,11/27/2025,
598,42.9,gf,2.760,mm,OK,--,3:13:29 PM,11/27/2025,
599,43.1,gf,2.765,mm,OK,--,3:13:29 PM,11/27/2025,
600,43.1,gf,2.775,mm,OK,--,3:13:29 PM,11/27/2025,
601,43.2,gf,2.780,mm,OK,--,3:13:29 PM,11/27/2025,
602,43.3,gf,2.790,mm,OK,--,3:13:29 PM,11/27/2025,
603,43.3,gf,2.790,mm,OK,--,3:13:29 PM,11/27/2025,
604,43.3,gf,2.795,mm,OK,--,3:13:29 PM,11/27/2025,
605,43.4,gf,2.800,mm,OK,--,3:13:30 PM,11/27/2025,
606,43.5,gf,2.810,mm,OK,--,3:13:30 PM,11/27/2025,
607,43.5,gf,2.815,mm,OK,--,3:13:30 PM,11/27/2025,
608,43.6,gf,2.820,mm,OK,--,3:13:30 PM,11/27/2025,
609,43.6,gf,2.825,mm,OK,--,3:13:30 PM,11/27/2025,
610,43.6,gf,2.835,mm,OK,--,3:13:30 PM,11/27/2025,
611,43.7,gf,2.840,mm,OK,--,3:13:30 PM,11/27/2025,
612,43.8,gf,2.850,mm,OK,--,3:13:30 PM,11/27/2025,
613,43.8,gf,2.855,mm,OK,--,3:13:30 PM,11/27/2025,
614,43.8,gf,2.860,mm,OK,--,3:13:30 PM,11/27/2025,
615,43.8,gf,2.860,mm,OK,--,3:13:31 PM,11/27/2025,
616,43.9,gf,2.865,mm,OK,--,3:13:31 PM,11/27/2025,
617,43.9,gf,2.870,mm,OK,--,3:13:31 PM,11/27/2025,
618,43.9,gf,2.870,mm,OK,--,3:13:31 PM,11/27/2025,
619,43.9,gf,2.870,mm,OK,--,3:13:31 PM,11/27/2025,
620,43.9,gf,2.870,mm,OK,--,3:13:31 PM,11/27/2025,
621,43.9,gf,2.870,mm,OK,--,3:13:31 PM,11/27/2025,
622,43.8,gf,2.870,mm,OK,--,3:13:31 PM,11/27/2025,
623,43.9,gf,2.870,mm,OK,--,3:13:31 PM,11/27/2025,
624,43.9,gf,2.870,mm,OK,--,3:13:31 PM,11/27/2025,
625,43.9,gf,2.870,mm,OK,--,3:13:32 PM,11/27/2025,
626,43.9,gf,2.870,mm,OK,--,3:13:32 PM,11/27/2025,
627,43.9,gf,2.875,mm,OK,--,3:13:32 PM,11/27/2025,
628,43.9,gf,2.875,mm,OK,--,3:13:32 PM,11/27/2025,
629,43.9,gf,2.875,mm,OK,--,3:13:32 PM,11/27/2025,
630,43.9,gf,2.875,mm,OK,--,3:13:32 PM,11/27/2025,
631,43.9,gf,2.875,mm,OK,--,3:13:32 PM,11/27/2025,
632,44.0,gf,2.880,mm,OK,--,3:13:32 PM,11/27/2025,
633,44.0,gf,2.880,mm,OK,--,3:13:32 PM,11/27/2025,
634,44.0,gf,2.885,mm,OK,--,3:13:32 PM,11/27/2025,
635,44.0,gf,2.885,mm,OK,--,3:13:33 PM,11/27/2025,
636,44.0,gf,2.890,mm,OK,--,3:13:33 PM,11/27/2025,
637,44.0,gf,2.895,mm,OK,--,3:13:33 PM,11/27/2025,
638,44.0,gf,2.900,mm,OK,--,3:13:33 PM,11/27/2025,
639,43.8,gf,2.900,mm,OK,--,3:13:33 PM,11/27/2025,
640,43.8,gf,2.905,mm,OK,--,3:13:33 PM,11/27/2025,
641,43.8,gf,2.905,mm,OK,--,3:13:33 PM,11/27/2025,
642,43.8,gf,2.910,mm,OK,--,3:13:33 PM,11/27/2025,
643,43.8,gf,2.910,mm,OK,--,3:13:33 PM,11/27/2025,
644,43.8,gf,2.910,mm,OK,--,3:13:33 PM,11/27/2025,
645,43.8,gf,2.910,mm,OK,--,3:13:34 PM,11/27/2025,
646,43.8,gf,2.910,mm,OK,--,3:13:34 PM,11/27/2025,
647,43.8,gf,2.910,mm,OK,--,3:13:34 PM,11/27/2025,
648,43.8,gf,2.910,mm,OK,--,3:13:34 PM,11/27/2025,
649,43.8,gf,2.910,mm,OK,--,3:13:34 PM,11/27/2025,
650,43.9,gf,2.915,mm,OK,--,3:13:34 PM,11/27/2025,
651,43.9,gf,2.915,mm,OK,--,3:13:34 PM,11/27/2025,
652,43.9,gf,2.915,mm,OK,--,3:13:34 PM,11/27/2025,
653,43.9,gf,2.915,mm,OK,--,3:13:34 PM,11/27/2025,
654,43.9,gf,2.915,mm,OK,--,3:13:34 PM,11/27/2025,
655,43.9,gf,2.915,mm,OK,--,3:13:35 PM,11/27/2025,
656,43.9,gf,2.915,mm,OK,--,3:13:35 PM,11/27/2025,
657,43.9,gf,2.920,mm,OK,--,3:13:35 PM,11/27/2025,
658,43.9,gf,2.920,mm,OK,--,3:13:35 PM,11/27/2025,
659,44.0,gf,2.920,mm,OK,--,3:13:35 PM,11/27/2025,
660,44.0,gf,2.920,mm,OK,--,3:13:35 PM,11/27/2025,
661,44.0,gf,2.925,mm,OK,--,3:13:35 PM,11/27/2025,
662,44.0,gf,2.925,mm,OK,--,3:13:35 PM,11/27/2025,
663,44.1,gf,2.930,mm,OK,--,3:13:35 PM,11/27/2025,
664,44.1,gf,2.930,mm,OK,--,3:13:35 PM,11/27/2025,
665,44.1,gf,2.940,mm,OK,--,3:13:36 PM,11/27/2025,
666,44.2,gf,2.945,mm,OK,--,3:13:36 PM,11/27/2025,
667,44.1,gf,2.950,mm,OK,--,3:13:36 PM,11/27/2025,
668,44.2,gf,2.955,mm,OK,--,3:13:36 PM,11/27/2025,
669,44.3,gf,2.960,mm,OK,--,3:13:36 PM,11/27/2025,
670,44.2,gf,2.965,mm,OK,--,3:13:36 PM,11/27/2025,
671,44.2,gf,2.970,mm,OK,--,3:13:36 PM,11/27/2025,
672,44.2,gf,2.975,mm,OK,--,3:13:36 PM,11/27/2025,
673,44.2,gf,2.980,mm,OK,--,3:13:36 PM,11/27/2025,
674,44.0,gf,2.985,mm,OK,--,3:13:36 PM,11/27/2025,
675,44.1,gf,2.990,mm,OK,--,3:13:37 PM,11/27/2025,
676,44.1,gf,2.995,mm,OK,--,3:13:37 PM,11/27/2025,
677,44.0,gf,3.000,mm,OK,--,3:13:37 PM,11/27/2025,
678,44.1,gf,3.000,mm,OK,--,3:13:37 PM,11/27/2025,
679,44.1,gf,3.005,mm,OK,--,3:13:37 PM,11/27/2025,
680,44.1,gf,3.010,mm,OK,--,3:13:37 PM,11/27/2025,
681,44.1,gf,3.010,mm,OK,--,3:13:37 PM,11/27/2025,
682,44.1,gf,3.015,mm,OK,--,3:13:37 PM,11/27/2025,
683,44.2,gf,3.015,mm,OK,--,3:13:37 PM,11/27/2025,
684,44.1,gf,3.020,mm,OK,--,3:13:37 PM,11/27/2025,
685,44.1,gf,3.025,mm,OK,--,3:13:38 PM,11/27/2025,
686,44.0,gf,3.035,mm,OK,--,3:13:38 PM,11/27/2025,
687,44.0,gf,3.035,mm,OK,--,3:13:38 PM,11/27/2025,
688,44.0,gf,3.040,mm,OK,--,3:13:38 PM,11/27/2025,
689,44.0,gf,3.045,mm,OK,--,3:13:38 PM,11/27/2025,
690,44.1,gf,3.045,mm,OK,--,3:13:38 PM,11/27/2025,
691,44.2,gf,3.050,mm,OK,--,3:13:38 PM,11/27/2025,
692,44.2,gf,3.055,mm,OK,--,3:13:38 PM,11/27/2025,
693,44.2,gf,3.060,mm,OK,--,3:13:38 PM,11/27/2025,
694,44.2,gf,3.065,mm,OK,--,3:13:38 PM,11/27/2025,
695,44.2,gf,3.070,mm,OK,--,3:13:39 PM,11/27/2025,
696,44.1,gf,3.070,mm,OK,--,3:13:39 PM,11/27/2025,
697,44.2,gf,3.075,mm,OK,--,3:13:39 PM,11/27/2025,
698,44.2,gf,3.080,mm,OK,--,3:13:39 PM,11/27/2025,
699,44.2,gf,3.090,mm,OK,--,3:13:39 PM,11/27/2025,
700,44.2,gf,3.095,mm,OK,--,3:13:39 PM,11/27/2025,
701,44.2,gf,3.100,mm,OK,--,3:13:39 PM,11/27/2025,
702,44.3,gf,3.100,mm,OK,--,3:13:39 PM,11/27/2025,
703,44.3,gf,3.105,mm,OK,--,3:13:39 PM,11/27/2025,
704,44.2,gf,3.115,mm,OK,--,3:13:39 PM,11/27/2025,
705,44.3,gf,3.120,mm,OK,--,3:13:40 PM,11/27/2025,
706,44.2,gf,3.120,mm,OK,--,3:13:40 PM,11/27/2025,
707,44.3,gf,3.120,mm,OK,--,3:13:40 PM,11/27/2025,
708,44.3,gf,3.125,mm,OK,--,3:13:40 PM,11/27/2025,
709,44.3,gf,3.125,mm,OK,--,3:13:40 PM,11/27/2025,
710,44.3,gf,3.125,mm,OK,--,3:13:40 PM,11/27/2025,
711,44.3,gf,3.130,mm,OK,--,3:13:40 PM,11/27/2025,
712,44.3,gf,3.130,mm,OK,--,3:13:40 PM,11/27/2025,
713,44.4,gf,3.135,mm,OK,--,3:13:40 PM,11/27/2025,
714,44.4,gf,3.140,mm,OK,--,3:13:40 PM,11/27/2025,
715,44.4,gf,3.140,mm,OK,--,3:13:41 PM,11/27/2025,
716,44.4,gf,3.145,mm,OK,--,3:13:41 PM,11/27/2025,
717,44.4,gf,3.145,mm,OK,--,3:13:41 PM,11/27/2025,
718,44.4,gf,3.145,mm,OK,--,3:13:41 PM,11/27/2025,
719,44.2,gf,3.150,mm,OK,--,3:13:41 PM,11/27/2025,
720,44.3,gf,3.150,mm,OK,--,3:13:41 PM,11/27/2025,
721,44.4,gf,3.155,mm,OK,--,3:13:41 PM,11/27/2025,
722,44.4,gf,3.160,mm,OK,--,3:13:41 PM,11/27/2025,
723,44.5,gf,3.165,mm,OK,--,3:13:41 PM,11/27/2025,
724,44.5,gf,3.170,mm,OK,--,3:13:41 PM,11/27/2025,
725,44.5,gf,3.170,mm,OK,--,3:13:42 PM,11/27/2025,
726,44.5,gf,3.175,mm,OK,--,3:13:42 PM,11/27/2025,
727,44.5,gf,3.180,mm,OK,--,3:13:42 PM,11/27/2025,
728,44.5,gf,3.185,mm,OK,--,3:13:42 PM,11/27/2025,
729,44.6,gf,3.190,mm,OK,--,3:13:42 PM,11/27/2025,
730,44.6,gf,3.200,mm,OK,--,3:13:42 PM,11/27/2025,
731,45.0,gf,3.210,mm,OK,--,3:13:42 PM,11/27/2025,
732,45.4,gf,3.225,mm,OK,--,3:13:42 PM,11/27/2025,
733,45.7,gf,3.235,mm,OK,--,3:13:42 PM,11/27/2025,
734,46.0,gf,3.250,mm,OK,--,3:13:42 PM,11/27/2025,
735,46.3,gf,3.260,mm,OK,--,3:13:43 PM,11/27/2025,
736,46.5,gf,3.275,mm,OK,--,3:13:43 PM,11/27/2025,
737,46.5,gf,3.285,mm,OK,--,3:13:43 PM,11/27/2025,
738,46.7,gf,3.295,mm,OK,--,3:13:43 PM,11/27/2025,
739,46.7,gf,3.305,mm,OK,--,3:13:43 PM,11/27/2025,
740,46.7,gf,3.315,mm,OK,--,3:13:43 PM,11/27/2025,
741,46.2,gf,3.325,mm,OK,--,3:13:43 PM,11/27/2025,
742,46.2,gf,3.335,mm,OK,--,3:13:43 PM,11/27/2025,
743,46.2,gf,3.345,mm,OK,--,3:13:43 PM,11/27/2025,
744,46.2,gf,3.350,mm,OK,--,3:13:43 PM,11/27/2025,
745,46.1,gf,3.360,mm,OK,--,3:13:44 PM,11/27/2025,
746,45.9,gf,3.365,mm,OK,--,3:13:44 PM,11/27/2025,
747,45.8,gf,3.375,mm,OK,--,3:13:44 PM,11/27/2025,
748,46.4,gf,3.385,mm,OK,--,3:13:44 PM,11/27/2025,
749,46.7,gf,3.395,mm,OK,--,3:13:44 PM,11/27/2025,
750,46.7,gf,3.405,mm,OK,--,3:13:44 PM,11/27/2025,
751,46.8,gf,3.415,mm,OK,--,3:13:44 PM,11/27/2025,
752,46.7,gf,3.420,mm,OK,--,3:13:44 PM,11/27/2025,
753,46.7,gf,3.430,mm,OK,--,3:13:44 PM,11/27/2025,
754,46.7,gf,3.435,mm,OK,--,3:13:44 PM,11/27/2025,
755,46.7,gf,3.440,mm,OK,--,3:13:45 PM,11/27/2025,
756,46.8,gf,3.445,mm,OK,--,3:13:45 PM,11/27/2025,
757,46.9,gf,3.450,mm,OK,--,3:13:45 PM,11/27/2025,
758,47.0,gf,3.455,mm,OK,--,3:13:45 PM,11/27/2025,
759,46.9,gf,3.460,mm,OK,--,3:13:45 PM,11/27/2025,
760,46.9,gf,3.460,mm,OK,--,3:13:45 PM,11/27/2025,
761,46.9,gf,3.465,mm,OK,--,3:13:45 PM,11/27/2025,
762,46.9,gf,3.470,mm,OK,--,3:13:45 PM,11/27/2025,
763,46.8,gf,3.470,mm,OK,--,3:13:45 PM,11/27/2025,
764,46.7,gf,3.475,mm,OK,--,3:13:45 PM,11/27/2025,
765,48.1,gf,3.480,mm,OK,--,3:13:46 PM,11/27/2025,
766,51.5,gf,3.480,mm,OK,--,3:13:46 PM,11/27/2025,
767,55.4,gf,3.485,mm,OK,--,3:13:46 PM,11/27/2025,
768,59.9,gf,3.490,mm,OK,--,3:13:46 PM,11/27/2025,
769,65.0,gf,3.495,mm,OK,--,3:13:46 PM,11/27/2025,
770,71.1,gf,3.500,mm,OK,--,3:13:46 PM,11/27/2025,
771,77.7,gf,3.510,mm,OK,--,3:13:46 PM,11/27/2025,
772,83.6,gf,3.515,mm,OK,--,3:13:46 PM,11/27/2025,
773,89.6,gf,3.520,mm,OK,--,3:13:46 PM,11/27/2025,
774,95.0,gf,3.525,mm,OK,--,3:13:46 PM,11/27/2025,
775,100.2,gf,3.530,mm,OK,--,3:13:47 PM,11/27/2025,
776,105.7,gf,3.535,mm,OK,--,3:13:47 PM,11/27/2025,
777,111.3,gf,3.540,mm,OK,--,3:13:47 PM,11/27/2025,
778,115.9,gf,3.545,mm,OK,--,3:13:47 PM,11/27/2025,
779,120.5,gf,3.550,mm,OK,--,3:13:47 PM,11/27/2025,
780,125.0,gf,3.555,mm,OK,--,3:13:47 PM,11/27/2025,
781,129.2,gf,3.560,mm,OK,--,3:13:47 PM,11/27/2025,
782,133.2,gf,3.565,mm,OK,--,3:13:47 PM,11/27/2025,
783,137.3,gf,3.570,mm,OK,--,3:13:47 PM,11/27/2025,
784,140.9,gf,3.575,mm,OK,--,3:13:47 PM,11/27/2025,
785,145.1,gf,3.575,mm,OK,--,3:13:48 PM,11/27/2025,
786,149.1,gf,3.580,mm,OK,--,3:13:48 PM,11/27/2025,
787,153.1,gf,3.585,mm,OK,--,3:13:48 PM,11/27/2025,
788,157.1,gf,3.590,mm,OK,--,3:13:48 PM,11/27/2025,
789,160.4,gf,3.590,mm,OK,--,3:13:48 PM,11/27/2025,
790,163.3,gf,3.595,mm,OK,--,3:13:48 PM,11/27/2025,
791,165.8,gf,3.600,mm,OK,--,3:13:48 PM,11/27/2025,
792,167.6,gf,3.600,mm,OK,--,3:13:48 PM,11/27/2025,
793,169.1,gf,3.600,mm,OK,--,3:13:48 PM,11/27/2025,
794,170.4,gf,3.600,mm,OK,--,3:13:48 PM,11/27/2025,
795,171.5,gf,3.605,mm,OK,--,3:13:49 PM,11/27/2025,
796,172.5,gf,3.605,mm,OK,--,3:13:49 PM,11/27/2025,
797,173.3,gf,3.605,mm,OK,--,3:13:49 PM,11/27/2025,
798,173.9,gf,3.605,mm,OK,--,3:13:49 PM,11/27/2025,
799,174.8,gf,3.605,mm,OK,--,3:13:49 PM,11/27/2025,
800,175.7,gf,3.605,mm,OK,--,3:13:49 PM,11/27/2025,
801,176.9,gf,3.610,mm,OK,--,3:13:49 PM,11/27/2025,
802,178.2,gf,3.610,mm,OK,--,3:13:49 PM,11/27/2025,
803,179.7,gf,3.610,mm,OK,--,3:13:49 PM,11/27/2025,
804,181.3,gf,3.615,mm,OK,--,3:13:49 PM,11/27/2025,
805,182.9,gf,3.615,mm,OK,--,3:13:50 PM,11/27/2025,
806,183.7,gf,3.615,mm,OK,--,3:13:50 PM,11/27/2025,
807,184.3,gf,3.615,mm,OK,--,3:13:50 PM,11/27/2025,
808,185.2,gf,3.615,mm,OK,--,3:13:50 PM,11/27/2025,
809,186.3,gf,3.620,mm,OK,--,3:13:50 PM,11/27/2025,
810,187.3,gf,3.620,mm,OK,--,3:13:50 PM,11/27/2025,
811,188.2,gf,3.620,mm,OK,--,3:13:50 PM,11/27/2025,
812,188.9,gf,3.620,mm,OK,--,3:13:50 PM,11/27/2025,
813,189.5,gf,3.620,mm,OK,--,3:13:50 PM,11/27/2025,
814,190.2,gf,3.620,mm,OK,--,3:13:50 PM,11/27/2025,
815,191.1,gf,3.625,mm,OK,--,3:13:51 PM,11/27/2025,
816,191.8,gf,3.625,mm,OK,--,3:13:51 PM,11/27/2025,
817,192.2,gf,3.625,mm,OK,--,3:13:51 PM,11/27/2025,
818,192.1,gf,3.625,mm,OK,--,3:13:51 PM,11/27/2025,
819,192.0,gf,3.625,mm,OK,--,3:13:51 PM,11/27/2025,
820,191.9,gf,3.625,mm,OK,--,3:13:51 PM,11/27/2025,
821,191.9,gf,3.625,mm,OK,--,3:13:51 PM,11/27/2025,
822,191.9,gf,3.625,mm,OK,--,3:13:51 PM,11/27/2025,
823,191.9,gf,3.625,mm,OK,--,3:13:51 PM,11/27/2025,
824,191.9,gf,3.625,mm,OK,--,3:13:51 PM,11/27/2025,
825,191.8,gf,3.625,mm,OK,--,3:13:52 PM,11/27/2025,
826,191.8,gf,3.625,mm,OK,--,3:13:52 PM,11/27/2025,
827,191.8,gf,3.625,mm,OK,--,3:13:52 PM,11/27/2025,
828,191.9,gf,3.625,mm,OK,--,3:13:52 PM,11/27/2025,
829,191.8,gf,3.625,mm,OK,--,3:13:52 PM,11/27/2025,
830,191.7,gf,3.625,mm,OK,--,3:13:52 PM,11/27/2025,
831,191.5,gf,3.625,mm,OK,--,3:13:52 PM,11/27/2025,
832,191.2,gf,3.625,mm,OK,--,3:13:52 PM,11/27/2025,
833,191.1,gf,3.625,mm,OK,--,3:13:52 PM,11/27/2025,
834,190.6,gf,3.625,mm,OK,--,3:13:52 PM,11/27/2025,
835,188.1,gf,3.620,mm,OK,--,3:13:53 PM,11/27/2025,
836,185.7,gf,3.620,mm,OK,--,3:13:53 PM,11/27/2025,
837,184.1,gf,3.620,mm,OK,--,3:13:53 PM,11/27/2025,
838,183.2,gf,3.620,mm,OK,--,3:13:53 PM,11/27/2025,
839,182.2,gf,3.615,mm,OK,--,3:13:53 PM,11/27/2025,
840,182.0,gf,3.615,mm,OK,--,3:13:53 PM,11/27/2025,
841,181.9,gf,3.615,mm,OK,--,3:13:53 PM,11/27/2025,
842,181.5,gf,3.615,mm,OK,--,3:13:53 PM,11/27/2025,
843,181.4,gf,3.615,mm,OK,--,3:13:53 PM,11/27/2025,
844,181.4,gf,3.615,mm,OK,--,3:13:53 PM,11/27/2025,
845,181.3,gf,3.615,mm,OK,--,3:13:54 PM,11/27/2025,
846,181.3,gf,3.615,mm,OK,--,3:13:54 PM,11/27/2025,
847,181.2,gf,3.615,mm,OK,--,3:13:54 PM,11/27/2025,
848,181.1,gf,3.615,mm,OK,--,3:13:54 PM,11/27/2025,
849,181.0,gf,3.615,mm,OK,--,3:13:54 PM,11/27/2025,
850,180.6,gf,3.615,mm,OK,--,3:13:54 PM,11/27/2025,
851,180.0,gf,3.615,mm,OK,--,3:13:54 PM,11/27/2025,
852,179.4,gf,3.615,mm,OK,--,3:13:54 PM,11/27/2025,
853,178.7,gf,3.615,mm,OK,--,3:13:54 PM,11/27/2025,
854,177.9,gf,3.615,mm,OK,--,3:13:54 PM,11/27/2025,
855,177.5,gf,3.610,mm,OK,--,3:13:55 PM,11/27/2025,
856,177.3,gf,3.610,mm,OK,--,3:13:55 PM,11/27/2025,
857,177.0,gf,3.610,mm,OK,--,3:13:55 PM,11/27/2025,
858,176.3,gf,3.610,mm,OK,--,3:13:55 PM,11/27/2025,
859,175.7,gf,3.610,mm,OK,--,3:13:55 PM,11/27/2025,
860,175.3,gf,3.610,mm,OK,--,3:13:55 PM,11/27/2025,
861,174.8,gf,3.610,mm,OK,--,3:13:55 PM,11/27/2025,
862,174.3,gf,3.610,mm,OK,--,3:13:55 PM,11/27/2025,
863,173.9,gf,3.610,mm,OK,--,3:13:55 PM,11/27/2025,
864,173.8,gf,3.610,mm,OK,--,3:13:55 PM,11/27/2025,
865,173.8,gf,3.610,mm,OK,--,3:13:56 PM,11/27/2025,
866,173.7,gf,3.610,mm,OK,--,3:13:56 PM,11/27/2025,
867,173.6,gf,3.610,mm,OK,--,3:13:56 PM,11/27/2025,
868,173.3,gf,3.610,mm,OK,--,3:13:56 PM,11/27/2025,
869,172.8,gf,3.610,mm,OK,--,3:13:56 PM,11/27/2025,
870,172.2,gf,3.605,mm,OK,--,3:13:56 PM,11/27/2025,
871,171.1,gf,3.605,mm,OK,--,3:13:56 PM,11/27/2025,
872,170.2,gf,3.605,mm,OK,--,3:13:56 PM,11/27/2025,
873,169.8,gf,3.605,mm,OK,--,3:13:56 PM,11/27/2025,
874,169.4,gf,3.605,mm,OK,--,3:13:56 PM,11/27/2025,
875,169.1,gf,3.605,mm,OK,--,3:13:57 PM,11/27/2025,
876,168.8,gf,3.605,mm,OK,--,3:13:57 PM,11/27/2025,
877,168.6,gf,3.605,mm,OK,--,3:13:57 PM,11/27/2025,
878,168.1,gf,3.605,mm,OK,--,3:13:57 PM,11/27/2025,
879,167.5,gf,3.605,mm,OK,--,3:13:57 PM,11/27/2025,
880,166.9,gf,3.600,mm,OK,--,3:13:57 PM,11/27/2025,
881,166.5,gf,3.600,mm,OK,--,3:13:57 PM,11/27/2025,
882,166.2,gf,3.600,mm,OK,--,3:13:57 PM,11/27/2025,
883,165.9,gf,3.600,mm,OK,--,3:13:57 PM,11/27/2025,
884,165.5,gf,3.600,mm,OK,--,3:13:57 PM,11/27/2025,
885,165.2,gf,3.600,mm,OK,--,3:13:58 PM,11/27/2025,
886,164.9,gf,3.600,mm,OK,--,3:13:58 PM,11/27/2025,
887,164.5,gf,3.600,mm,OK,--,3:13:58 PM,11/27/2025,
888,164.3,gf,3.600,mm,OK,--,3:13:58 PM,11/27/2025,
889,164.0,gf,3.600,mm,OK,--,3:13:58 PM,11/27/2025,
890,163.7,gf,3.600,mm,OK,--,3:13:58 PM,11/27/2025,
891,163.4,gf,3.600,mm,OK,--,3:13:58 PM,11/27/2025,
892,163.2,gf,3.600,mm,OK,--,3:13:58 PM,11/27/2025,
893,162.8,gf,3.600,mm,OK,--,3:13:58 PM,11/27/2025,
894,162.6,gf,3.600,mm,OK,--,3:13:58 PM,11/27/2025,
895,162.4,gf,3.600,mm,OK,--,3:13:59 PM,11/27/2025,
896,162.2,gf,3.600,mm,OK,--,3:13:59 PM,11/27/2025,
897,162.1,gf,3.600,mm,OK,--,3:13:59 PM,11/27/2025,
898,161.9,gf,3.600,mm,OK,--,3:13:59 PM,11/27/2025,
899,161.7,gf,3.595,mm,OK,--,3:13:59 PM,11/27/2025,
900,161.4,gf,3.595,mm,OK,--,3:13:59 PM,11/27/2025,
901,161.1,gf,3.595,mm,OK,--,3:13:59 PM,11/27/2025,
902,160.8,gf,3.595,mm,OK,--,3:13:59 PM,11/27/2025,
903,160.5,gf,3.595,mm,OK,--,3:13:59 PM,11/27/2025,
904,160.0,gf,3.595,mm,OK,--,3:13:59 PM,11/27/2025,
905,159.7,gf,3.595,mm,OK,--,3:14:00 PM,11/27/2025,
906,159.6,gf,3.595,mm,OK,--,3:14:00 PM,11/27/2025,
907,159.5,gf,3.595,mm,OK,--,3:14:00 PM,11/27/2025,
908,159.0,gf,3.595,mm,OK,--,3:14:00 PM,11/27/2025,
909,158.0,gf,3.595,mm,OK,--,3:14:00 PM,11/27/2025,
910,156.9,gf,3.595,mm,OK,--,3:14:00 PM,11/27/2025,
911,155.9,gf,3.590,mm,OK,--,3:14:00 PM,11/27/2025,
912,155.3,gf,3.590,mm,OK,--,3:14:00 PM,11/27/2025,
913,154.7,gf,3.590,mm,OK,--,3:14:00 PM,11/27/2025,
914,153.4,gf,3.590,mm,OK,--,3:14:00 PM,11/27/2025,
915,151.6,gf,3.590,mm,OK,--,3:14:01 PM,11/27/2025,
916,149.8,gf,3.585,mm,OK,--,3:14:01 PM,11/27/2025,
917,148.3,gf,3.585,mm,OK,--,3:14:01 PM,11/27/2025,
918,146.6,gf,3.585,mm,OK,--,3:14:01 PM,11/27/2025,
919,144.9,gf,3.580,mm,OK,--,3:14:01 PM,11/27/2025,
920,143.4,gf,3.580,mm,OK,--,3:14:01 PM,11/27/2025,
921,141.1,gf,3.580,mm,OK,--,3:14:01 PM,11/27/2025,
922,138.5,gf,3.575,mm,OK,--,3:14:01 PM,11/27/2025,
923,135.9,gf,3.570,mm,OK,--,3:14:01 PM,11/27/2025,
924,134.1,gf,3.570,mm,OK,--,3:14:01 PM,11/27/2025,
925,132.3,gf,3.570,mm,OK,--,3:14:02 PM,11/27/2025,
926,131.0,gf,3.565,mm,OK,--,3:14:02 PM,11/27/2025,
927,130.0,gf,3.565,mm,OK,--,3:14:02 PM,11/27/2025,
928,129.3,gf,3.565,mm,OK,--,3:14:02 PM,11/27/2025,
929,128.7,gf,3.565,mm,OK,--,3:14:02 PM,11/27/2025,
930,128.0,gf,3.565,mm,OK,--,3:14:02 PM,11/27/2025,
931,127.2,gf,3.565,mm,OK,--,3:14:02 PM,11/27/2025,
932,126.5,gf,3.565,mm,OK,--,3:14:02 PM,11/27/2025,
933,125.8,gf,3.560,mm,OK,--,3:14:02 PM,11/27/2025,
934,125.0,gf,3.560,mm,OK,--,3:14:02 PM,11/27/2025,
935,124.3,gf,3.560,mm,OK,--,3:14:03 PM,11/27/2025,
936,123.1,gf,3.560,mm,OK,--,3:14:03 PM,11/27/2025,
937,122.0,gf,3.560,mm,OK,--,3:14:03 PM,11/27/2025,
938,120.8,gf,3.555,mm,OK,--,3:14:03 PM,11/27/2025,
939,119.9,gf,3.555,mm,OK,--,3:14:03 PM,11/27/2025,
940,119.1,gf,3.555,mm,OK,--,3:14:03 PM,11/27/2025,
941,118.3,gf,3.555,mm,OK,--,3:14:03 PM,11/27/2025,
942,117.4,gf,3.555,mm,OK,--,3:14:03 PM,11/27/2025,
943,116.6,gf,3.550,mm,OK,--,3:14:03 PM,11/27/2025,
944,116.0,gf,3.550,mm,OK,--,3:14:03 PM,11/27/2025,
945,115.1,gf,3.550,mm,OK,--,3:14:04 PM,11/27/2025,
946,113.9,gf,3.550,mm,OK,--,3:14:04 PM,11/27/2025,
947,112.7,gf,3.550,mm,OK,--,3:14:04 PM,11/27/2025,
948,111.5,gf,3.545,mm,OK,--,3:14:04 PM,11/27/2025,
949,110.0,gf,3.545,mm,OK,--,3:14:04 PM,11/27/2025,
950,108.3,gf,3.545,mm,OK,--,3:14:04 PM,11/27/2025,
951,106.8,gf,3.545,mm,OK,--,3:14:04 PM,11/27/2025,
952,105.3,gf,3.540,mm,OK,--,3:14:04 PM,11/27/2025,
953,103.7,gf,3.540,mm,OK,--,3:14:04 PM,11/27/2025,
954,101.6,gf,3.540,mm,OK,--,3:14:04 PM,11/27/2025,
955,100.0,gf,3.535,mm,OK,--,3:14:05 PM,11/27/2025,
956,98.7,gf,3.535,mm,OK,--,3:14:05 PM,11/27/2025,
957,97.3,gf,3.535,mm,OK,--,3:14:05 PM,11/27/2025,
958,96.0,gf,3.530,mm,OK,--,3:14:05 PM,11/27/2025,
959,94.9,gf,3.530,mm,OK,--,3:14:05 PM,11/27/2025,
960,94.0,gf,3.530,mm,OK,--,3:14:05 PM,11/27/2025,
961,93.0,gf,3.530,mm,OK,--,3:14:05 PM,11/27/2025,
962,92.0,gf,3.530,mm,OK,--,3:14:05 PM,11/27/2025,
963,90.7,gf,3.525,mm,OK,--,3:14:05 PM,11/27/2025,
964,88.9,gf,3.525,mm,OK,--,3:14:05 PM,11/27/2025,
965,87.2,gf,3.525,mm,OK,--,3:14:06 PM,11/27/2025,
966,85.7,gf,3.520,mm,OK,--,3:14:06 PM,11/27/2025,
967,83.7,gf,3.520,mm,OK,--,3:14:06 PM,11/27/2025,
968,80.8,gf,3.515,mm,OK,--,3:14:06 PM,11/27/2025,
969,77.2,gf,3.515,mm,OK,--,3:14:06 PM,11/27/2025,
970,74.3,gf,3.510,mm,OK,--,3:14:06 PM,11/27/2025,
971,71.2,gf,3.505,mm,OK,--,3:14:06 PM,11/27/2025,
972,68.2,gf,3.505,mm,OK,--,3:14:06 PM,11/27/2025,
973,65.2,gf,3.500,mm,OK,--,3:14:06 PM,11/27/2025,
974,62.4,gf,3.500,mm,OK,--,3:14:06 PM,11/27/2025,
975,60.1,gf,3.495,mm,OK,--,3:14:07 PM,11/27/2025,
976,57.9,gf,3.495,mm,OK,--,3:14:07 PM,11/27/2025,
977,56.4,gf,3.495,mm,OK,--,3:14:07 PM,11/27/2025,
978,55.2,gf,3.490,mm,OK,--,3:14:07 PM,11/27/2025,
979,54.2,gf,3.490,mm,OK,--,3:14:07 PM,11/27/2025,
980,53.3,gf,3.490,mm,OK,--,3:14:07 PM,11/27/2025,
981,52.4,gf,3.490,mm,OK,--,3:14:07 PM,11/27/2025,
982,51.4,gf,3.485,mm,OK,--,3:14:07 PM,11/27/2025,
983,50.1,gf,3.485,mm,OK,--,3:14:07 PM,11/27/2025,
984,48.7,gf,3.485,mm,OK,--,3:14:07 PM,11/27/2025,
985,47.3,gf,3.485,mm,OK,--,3:14:08 PM,11/27/2025,
986,45.5,gf,3.480,mm,OK,--,3:14:08 PM,11/27/2025,
987,44.3,gf,3.480,mm,OK,--,3:14:08 PM,11/27/2025,
988,44.4,gf,3.475,mm,OK,--,3:14:08 PM,11/27/2025,
989,44.4,gf,3.470,mm,OK,--,3:14:08 PM,11/27/2025,
990,44.4,gf,3.470,mm,OK,--,3:14:08 PM,11/27/2025,
991,44.5,gf,3.465,mm,OK,--,3:14:08 PM,11/27/2025,
992,44.5,gf,3.460,mm,OK,--,3:14:08 PM,11/27/2025,
993,44.5,gf,3.455,mm,OK,--,3:14:08 PM,11/27/2025,
994,44.5,gf,3.455,mm,OK,--,3:14:08 PM,11/27/2025,
995,44.5,gf,3.450,mm,OK,--,3:14:09 PM,11/27/2025,
996,44.4,gf,3.445,mm,OK,--,3:14:09 PM,11/27/2025,
997,44.4,gf,3.445,mm,OK,--,3:14:09 PM,11/27/2025,
998,44.4,gf,3.440,mm,OK,--,3:14:09 PM,11/27/2025,
999,44.4,gf,3.435,mm,OK,--,3:14:09 PM,11/27/2025,
1000,44.4,gf,3.435,mm,OK,--,3:14:09 PM,11/27/2025,
1001,44.3,gf,3.435,mm,OK,--,3:14:09 PM,11/27/2025,
1002,44.3,gf,3.430,mm,OK,--,3:14:09 PM,11/27/2025,
1003,44.2,gf,3.425,mm,OK,--,3:14:09 PM,11/27/2025,
1004,44.2,gf,3.425,mm,OK,--,3:14:09 PM,11/27/2025,
1005,44.1,gf,3.420,mm,OK,--,3:14:10 PM,11/27/2025,
1006,44.0,gf,3.415,mm,OK,--,3:14:10 PM,11/27/2025,
1007,44.0,gf,3.405,mm,OK,--,3:14:10 PM,11/27/2025,
1008,43.9,gf,3.400,mm,OK,--,3:14:10 PM,11/27/2025,
1009,43.9,gf,3.395,mm,OK,--,3:14:10 PM,11/27/2025,
1010,43.9,gf,3.390,mm,OK,--,3:14:10 PM,11/27/2025,
1011,43.9,gf,3.385,mm,OK,--,3:14:10 PM,11/27/2025,
1012,43.8,gf,3.375,mm,OK,--,3:14:10 PM,11/27/2025,
1013,43.9,gf,3.370,mm,OK,--,3:14:10 PM,11/27/2025,
1014,44.0,gf,3.360,mm,OK,--,3:14:10 PM,11/27/2025,
1015,44.0,gf,3.355,mm,OK,--,3:14:11 PM,11/27/2025,
1016,44.0,gf,3.350,mm,OK,--,3:14:11 PM,11/27/2025,
1017,44.0,gf,3.350,mm,OK,--,3:14:11 PM,11/27/2025,
1018,43.9,gf,3.345,mm,OK,--,3:14:11 PM,11/27/2025,
1019,43.9,gf,3.345,mm,OK,--,3:14:11 PM,11/27/2025,
1020,43.9,gf,3.340,mm,OK,--,3:14:11 PM,11/27/2025,
1021,43.8,gf,3.340,mm,OK,--,3:14:11 PM,11/27/2025,
1022,43.8,gf,3.335,mm,OK,--,3:14:11 PM,11/27/2025,
1023,43.8,gf,3.335,mm,OK,--,3:14:11 PM,11/27/2025,
1024,43.7,gf,3.335,mm,OK,--,3:14:11 PM,11/27/2025,
1025,43.7,gf,3.330,mm,OK,--,3:14:12 PM,11/27/2025,
1026,43.6,gf,3.325,mm,OK,--,3:14:12 PM,11/27/2025,
1027,43.6,gf,3.320,mm,OK,--,3:14:12 PM,11/27/2025,
1028,43.5,gf,3.315,mm,OK,--,3:14:12 PM,11/27/2025,
1029,43.5,gf,3.310,mm,OK,--,3:14:12 PM,11/27/2025,
1030,43.4,gf,3.305,mm,OK,--,3:14:12 PM,11/27/2025,
1031,43.5,gf,3.300,mm,OK,--,3:14:12 PM,11/27/2025,
1032,43.4,gf,3.295,mm,OK,--,3:14:12 PM,11/27/2025,
1033,43.4,gf,3.285,mm,OK,--,3:14:12 PM,11/27/2025,
1034,43.3,gf,3.280,mm,OK,--,3:14:12 PM,11/27/2025,
1035,43.3,gf,3.275,mm,OK,--,3:14:13 PM,11/27/2025,
1036,43.2,gf,3.265,mm,OK,--,3:14:13 PM,11/27/2025,
1037,43.2,gf,3.260,mm,OK,--,3:14:13 PM,11/27/2025,
1038,43.1,gf,3.245,mm,OK,--,3:14:13 PM,11/27/2025,
1039,43.1,gf,3.240,mm,OK,--,3:14:13 PM,11/27/2025,
1040,43.1,gf,3.230,mm,OK,--,3:14:13 PM,11/27/2025,
1041,43.1,gf,3.220,mm,OK,--,3:14:13 PM,11/27/2025,
1042,43.1,gf,3.210,mm,OK,--,3:14:13 PM,11/27/2025,
1043,43.1,gf,3.200,mm,OK,--,3:14:13 PM,11/27/2025,
1044,43.0,gf,3.190,mm,OK,--,3:14:13 PM,11/27/2025,
1045,43.0,gf,3.175,mm,OK,--,3:14:14 PM,11/27/2025,
1046,43.0,gf,3.165,mm,OK,--,3:14:14 PM,11/27/2025,
1047,43.0,gf,3.160,mm,OK,--,3:14:14 PM,11/27/2025,
1048,43.0,gf,3.150,mm,OK,--,3:14:14 PM,11/27/2025,
1049,43.0,gf,3.145,mm,OK,--,3:14:14 PM,11/27/2025,
1050,42.9,gf,3.135,mm,OK,--,3:14:14 PM,11/27/2025,
1051,42.8,gf,3.125,mm,OK,--,3:14:14 PM,11/27/2025,
1052,42.8,gf,3.110,mm,OK,--,3:14:14 PM,11/27/2025,
1053,42.8,gf,3.100,mm,OK,--,3:14:14 PM,11/27/2025,
1054,42.8,gf,3.090,mm,OK,--,3:14:14 PM,11/27/2025,
1055,42.7,gf,3.085,mm,OK,--,3:14:15 PM,11/27/2025,
1056,42.7,gf,3.075,mm,OK,--,3:14:15 PM,11/27/2025,
1057,42.7,gf,3.070,mm,OK,--,3:14:15 PM,11/27/2025,
1058,42.7,gf,3.070,mm,OK,--,3:14:15 PM,11/27/2025,
1059,42.6,gf,3.065,mm,OK,--,3:14:15 PM,11/27/2025,
1060,42.6,gf,3.060,mm,OK,--,3:14:15 PM,11/27/2025,
1061,42.6,gf,3.055,mm,OK,--,3:14:15 PM,11/27/2025,
1062,42.5,gf,3.050,mm,OK,--,3:14:15 PM,11/27/2025,
1063,42.5,gf,3.050,mm,OK,--,3:14:15 PM,11/27/2025,
1064,42.5,gf,3.045,mm,OK,--,3:14:15 PM,11/27/2025,
1065,42.5,gf,3.035,mm,OK,--,3:14:16 PM,11/27/2025,
1066,42.5,gf,3.030,mm,OK,--,3:14:16 PM,11/27/2025,
1067,42.5,gf,3.025,mm,OK,--,3:14:16 PM,11/27/2025,
1068,42.5,gf,3.020,mm,OK,--,3:14:16 PM,11/27/2025,
1069,42.6,gf,3.010,mm,OK,--,3:14:16 PM,11/27/2025,
1070,42.5,gf,3.005,mm,OK,--,3:14:16 PM,11/27/2025,
1071,42.4,gf,3.000,mm,OK,--,3:14:16 PM,11/27/2025,
1072,42.4,gf,2.990,mm,OK,--,3:14:16 PM,11/27/2025,
1073,42.4,gf,2.985,mm,OK,--,3:14:16 PM,11/27/2025,
1074,42.4,gf,2.975,mm,OK,--,3:14:16 PM,11/27/2025,
1075,42.4,gf,2.965,mm,OK,--,3:14:17 PM,11/27/2025,
1076,42.3,gf,2.955,mm,OK,--,3:14:17 PM,11/27/2025,
1077,42.3,gf,2.950,mm,OK,--,3:14:17 PM,11/27/2025,
1078,42.3,gf,2.940,mm,OK,--,3:14:17 PM,11/27/2025,
1079,42.3,gf,2.935,mm,OK,--,3:14:17 PM,11/27/2025,
1080,42.2,gf,2.930,mm,OK,--,3:14:17 PM,11/27/2025,
1081,42.3,gf,2.920,mm,OK,--,3:14:17 PM,11/27/2025,
1082,42.2,gf,2.915,mm,OK,--,3:14:17 PM,11/27/2025,
1083,42.2,gf,2.915,mm,OK,--,3:14:17 PM,11/27/2025,
1084,42.2,gf,2.910,mm,OK,--,3:14:17 PM,11/27/2025,
1085,42.2,gf,2.905,mm,OK,--,3:14:18 PM,11/27/2025,
1086,42.2,gf,2.905,mm,OK,--,3:14:18 PM,11/27/2025,
1087,42.1,gf,2.905,mm,OK,--,3:14:18 PM,11/27/2025,
1088,42.1,gf,2.900,mm,OK,--,3:14:18 PM,11/27/2025,
1089,42.1,gf,2.900,mm,OK,--,3:14:18 PM,11/27/2025,
1090,42.1,gf,2.895,mm,OK,--,3:14:18 PM,11/27/2025,
1091,42.1,gf,2.895,mm,OK,--,3:14:18 PM,11/27/2025,
1092,42.1,gf,2.890,mm,OK,--,3:14:18 PM,11/27/2025,
1093,42.1,gf,2.890,mm,OK,--,3:14:18 PM,11/27/2025,
1094,42.1,gf,2.890,mm,OK,--,3:14:18 PM,11/27/2025,
1095,42.1,gf,2.885,mm,OK,--,3:14:19 PM,11/27/2025,
1096,42.1,gf,2.885,mm,OK,--,3:14:19 PM,11/27/2025,
1097,42.1,gf,2.885,mm,OK,--,3:14:19 PM,11/27/2025,
1098,42.1,gf,2.885,mm,OK,--,3:14:19 PM,11/27/2025,
1099,42.1,gf,2.885,mm,OK,--,3:14:19 PM,11/27/2025,
1100,42.1,gf,2.880,mm,OK,--,3:14:19 PM,11/27/2025,
1101,42.0,gf,2.880,mm,OK,--,3:14:19 PM,11/27/2025,
1102,42.0,gf,2.875,mm,OK,--,3:14:19 PM,11/27/2025,
1103,42.0,gf,2.875,mm,OK,--,3:14:19 PM,11/27/2025,
1104,42.0,gf,2.870,mm,OK,--,3:14:19 PM,11/27/2025,
1105,42.0,gf,2.865,mm,OK,--,3:14:20 PM,11/27/2025,
1106,42.0,gf,2.860,mm,OK,--,3:14:20 PM,11/27/2025,
1107,42.0,gf,2.855,mm,OK,--,3:14:20 PM,11/27/2025,
1108,42.0,gf,2.850,mm,OK,--,3:14:20 PM,11/27/2025,
1109,42.0,gf,2.845,mm,OK,--,3:14:20 PM,11/27/2025,
1110,41.8,gf,2.820,mm,OK,--,3:14:20 PM,11/27/2025,
1111,41.8,gf,2.800,mm,OK,--,3:14:20 PM,11/27/2025,
1112,41.7,gf,2.790,mm,OK,--,3:14:20 PM,11/27/2025,
1113,41.7,gf,2.780,mm,OK,--,3:14:20 PM,11/27/2025,
1114,41.7,gf,2.780,mm,OK,--,3:14:20 PM,11/27/2025,
1115,41.7,gf,2.775,mm,OK,--,3:14:21 PM,11/27/2025,
1116,41.7,gf,2.770,mm,OK,--,3:14:21 PM,11/27/2025,
1117,41.7,gf,2.765,mm,OK,--,3:14:21 PM,11/27/2025,
1118,41.7,gf,2.760,mm,OK,--,3:14:21 PM,11/27/2025,
1119,41.7,gf,2.760,mm,OK,--,3:14:21 PM,11/27/2025,
1120,41.6,gf,2.755,mm,OK,--,3:14:21 PM,11/27/2025,
1121,41.6,gf,2.755,mm,OK,--,3:14:21 PM,11/27/2025,
1122,41.6,gf,2.750,mm,OK,--,3:14:21 PM,11/27/2025,
1123,41.6,gf,2.745,mm,OK,--,3:14:21 PM,11/27/2025,
1124,41.6,gf,2.745,mm,OK,--,3:14:21 PM,11/27/2025,
1125,41.6,gf,2.740,mm,OK,--,3:14:22 PM,11/27/2025,
1126,41.5,gf,2.735,mm,OK,--,3:14:22 PM,11/27/2025,
1127,41.4,gf,2.725,mm,OK,--,3:14:22 PM,11/27/2025,
1128,41.4,gf,2.715,mm,OK,--,3:14:22 PM,11/27/2025,
1129,41.4,gf,2.710,mm,OK,--,3:14:22 PM,11/27/2025,
1130,41.4,gf,2.705,mm,OK,--,3:14:22 PM,11/27/2025,
1131,41.3,gf,2.700,mm,OK,--,3:14:22 PM,11/27/2025,
1132,41.3,gf,2.690,mm,OK,--,3:14:22 PM,11/27/2025,
1133,41.3,gf,2.680,mm,OK,--,3:14:22 PM,11/27/2025,
1134,41.2,gf,2.665,mm,OK,--,3:14:22 PM,11/27/2025,
1135,41.3,gf,2.660,mm,OK,--,3:14:23 PM,11/27/2025,
1136,41.3,gf,2.655,mm,OK,--,3:14:23 PM,11/27/2025,
1137,41.3,gf,2.650,mm,OK,--,3:14:23 PM,11/27/2025,
1138,41.2,gf,2.645,mm,OK,--,3:14:23 PM,11/27/2025,
1139,41.2,gf,2.635,mm,OK,--,3:14:23 PM,11/27/2025,
1140,41.2,gf,2.630,mm,OK,--,3:14:23 PM,11/27/2025,
1141,41.2,gf,2.625,mm,OK,--,3:14:23 PM,11/27/2025,
1142,41.2,gf,2.620,mm,OK,--,3:14:23 PM,11/27/2025,
1143,41.2,gf,2.615,mm,OK,--,3:14:23 PM,11/27/2025,
1144,41.1,gf,2.610,mm,OK,--,3:14:23 PM,11/27/2025,
1145,41.1,gf,2.605,mm,OK,--,3:14:24 PM,11/27/2025,
1146,41.1,gf,2.600,mm,OK,--,3:14:24 PM,11/27/2025,
1147,41.1,gf,2.595,mm,OK,--,3:14:24 PM,11/27/2025,
1148,41.1,gf,2.590,mm,OK,--,3:14:24 PM,11/27/2025,
1149,41.0,gf,2.580,mm,OK,--,3:14:24 PM,11/27/2025,
1150,41.0,gf,2.575,mm,OK,--,3:14:24 PM,11/27/2025,
1151,40.9,gf,2.565,mm,OK,--,3:14:24 PM,11/27/2025,
1152,40.9,gf,2.555,mm,OK,--,3:14:24 PM,11/27/2025,
1153,40.9,gf,2.550,mm,OK,--,3:14:24 PM,11/27/2025,
1154,40.9,gf,2.540,mm,OK,--,3:14:24 PM,11/27/2025,
1155,40.8,gf,2.535,mm,OK,--,3:14:25 PM,11/27/2025,
1156,40.8,gf,2.520,mm,OK,--,3:14:25 PM,11/27/2025,
1157,40.7,gf,2.510,mm,OK,--,3:14:25 PM,11/27/2025,
1158,40.7,gf,2.505,mm,OK,--,3:14:25 PM,11/27/2025,
1159,40.7,gf,2.500,mm,OK,--,3:14:25 PM,11/27/2025,
1160,40.7,gf,2.495,mm,OK,--,3:14:25 PM,11/27/2025,
1161,40.7,gf,2.490,mm,OK,--,3:14:25 PM,11/27/2025,
1162,40.7,gf,2.490,mm,OK,--,3:14:25 PM,11/27/2025,
1163,40.7,gf,2.490,mm,OK,--,3:14:25 PM,11/27/2025,
1164,40.7,gf,2.485,mm,OK,--,3:14:25 PM,11/27/2025,
1165,40.7,gf,2.480,mm,OK,--,3:14:26 PM,11/27/2025,
1166,40.7,gf,2.475,mm,OK,--,3:14:26 PM,11/27/2025,
1167,40.6,gf,2.475,mm,OK,--,3:14:26 PM,11/27/2025,
1168,40.7,gf,2.475,mm,OK,--,3:14:26 PM,11/27/2025,
1169,40.6,gf,2.475,mm,OK,--,3:14:26 PM,11/27/2025,
1170,40.6,gf,2.470,mm,OK,--,3:14:26 PM,11/27/2025,
1171,40.6,gf,2.470,mm,OK,--,3:14:26 PM,11/27/2025,
1172,40.5,gf,2.460,mm,OK,--,3:14:26 PM,11/27/2025,
1173,40.6,gf,2.450,mm,OK,--,3:14:26 PM,11/27/2025,
1174,40.4,gf,2.440,mm,OK,--,3:14:26 PM,11/27/2025,
1175,40.4,gf,2.430,mm,OK,--,3:14:27 PM,11/27/2025,
1176,40.4,gf,2.420,mm,OK,--,3:14:27 PM,11/27/2025,
1177,40.4,gf,2.415,mm,OK,--,3:14:27 PM,11/27/2025,
1178,40.4,gf,2.405,mm,OK,--,3:14:27 PM,11/27/2025,
1179,40.3,gf,2.395,mm,OK,--,3:14:27 PM,11/27/2025,
1180,40.3,gf,2.390,mm,OK,--,3:14:27 PM,11/27/2025,
1181,40.3,gf,2.380,mm,OK,--,3:14:27 PM,11/27/2025,
1182,40.3,gf,2.375,mm,OK,--,3:14:27 PM,11/27/2025,
1183,40.3,gf,2.370,mm,OK,--,3:14:27 PM,11/27/2025,
1184,40.2,gf,2.365,mm,OK,--,3:14:27 PM,11/27/2025,
1185,40.2,gf,2.360,mm,OK,--,3:14:28 PM,11/27/2025,
1186,40.2,gf,2.355,mm,OK,--,3:14:28 PM,11/27/2025,
1187,40.2,gf,2.350,mm,OK,--,3:14:28 PM,11/27/2025,
1188,40.1,gf,2.340,mm,OK,--,3:14:28 PM,11/27/2025,
1189,40.0,gf,2.325,mm,OK,--,3:14:28 PM,11/27/2025,
1190,40.0,gf,2.305,mm,OK,--,3:14:28 PM,11/27/2025,
1191,40.0,gf,2.290,mm,OK,--,3:14:28 PM,11/27/2025,
1192,39.9,gf,2.280,mm,OK,--,3:14:28 PM,11/27/2025,
1193,39.8,gf,2.255,mm,OK,--,3:14:28 PM,11/27/2025,
1194,39.8,gf,2.235,mm,OK,--,3:14:28 PM,11/27/2025,
1195,39.7,gf,2.220,mm,OK,--,3:14:29 PM,11/27/2025,
1196,39.6,gf,2.200,mm,OK,--,3:14:29 PM,11/27/2025,
1197,39.6,gf,2.180,mm,OK,--,3:14:29 PM,11/27/2025,
1198,39.4,gf,2.160,mm,OK,--,3:14:29 PM,11/27/2025,
1199,39.3,gf,2.130,mm,OK,--,3:14:29 PM,11/27/2025,
1200,39.2,gf,2.105,mm,OK,--,3:14:29 PM,11/27/2025,
1201,39.3,gf,2.090,mm,OK,--,3:14:29 PM,11/27/2025,
1202,39.2,gf,2.080,mm,OK,--,3:14:29 PM,11/27/2025,
1203,39.1,gf,2.070,mm,OK,--,3:14:29 PM,11/27/2025,
1204,39.1,gf,2.060,mm,OK,--,3:14:29 PM,11/27/2025,
1205,39.1,gf,2.050,mm,OK,--,3:14:30 PM,11/27/2025,
1206,39.1,gf,2.045,mm,OK,--,3:14:30 PM,11/27/2025,
1207,39.0,gf,2.040,mm,OK,--,3:14:30 PM,11/27/2025,
1208,39.0,gf,2.030,mm,OK,--,3:14:30 PM,11/27/2025,
1209,39.0,gf,2.025,mm,OK,--,3:14:30 PM,11/27/2025,
1210,39.0,gf,2.020,mm,OK,--,3:14:30 PM,11/27/2025,
1211,39.0,gf,2.015,mm,OK,--,3:14:30 PM,11/27/2025,
1212,38.9,gf,2.015,mm,OK,--,3:14:30 PM,11/27/2025,
1213,38.9,gf,2.010,mm,OK,--,3:14:30 PM,11/27/2025,
1214,38.8,gf,2.000,mm,OK,--,3:14:30 PM,11/27/2025,
1215,38.8,gf,1.990,mm,OK,--,3:14:31 PM,11/27/2025,
1216,38.8,gf,1.975,mm,OK,--,3:14:31 PM,11/27/2025,
1217,38.8,gf,1.965,mm,OK,--,3:14:31 PM,11/27/2025,
1218,38.8,gf,1.955,mm,OK,--,3:14:31 PM,11/27/2025,
1219,38.7,gf,1.935,mm,OK,--,3:14:31 PM,11/27/2025,
1220,38.7,gf,1.920,mm,OK,--,3:14:31 PM,11/27/2025,
1221,38.6,gf,1.910,mm,OK,--,3:14:31 PM,11/27/2025,
1222,38.5,gf,1.895,mm,OK,--,3:14:31 PM,11/27/2025,
1223,38.5,gf,1.875,mm,OK,--,3:14:31 PM,11/27/2025,
1224,38.5,gf,1.855,mm,OK,--,3:14:31 PM,11/27/2025,
1225,38.4,gf,1.840,mm,OK,--,3:14:32 PM,11/27/2025,
1226,38.3,gf,1.830,mm,OK,--,3:14:32 PM,11/27/2025,
1227,38.3,gf,1.820,mm,OK,--,3:14:32 PM,11/27/2025,
1228,38.3,gf,1.810,mm,OK,--,3:14:32 PM,11/27/2025,
1229,38.2,gf,1.800,mm,OK,--,3:14:32 PM,11/27/2025,
1230,38.1,gf,1.790,mm,OK,--,3:14:32 PM,11/27/2025,
1231,38.1,gf,1.770,mm,OK,--,3:14:32 PM,11/27/2025,
1232,38.1,gf,1.755,mm,OK,--,3:14:32 PM,11/27/2025,
1233,38.0,gf,1.740,mm,OK,--,3:14:32 PM,11/27/2025,
1234,37.9,gf,1.725,mm,OK,--,3:14:32 PM,11/27/2025,
1235,37.9,gf,1.715,mm,OK,--,3:14:33 PM,11/27/2025,
1236,37.9,gf,1.710,mm,OK,--,3:14:33 PM,11/27/2025,
1237,37.9,gf,1.700,mm,OK,--,3:14:33 PM,11/27/2025,
1238,37.9,gf,1.695,mm,OK,--,3:14:33 PM,11/27/2025,
1239,37.9,gf,1.690,mm,OK,--,3:14:33 PM,11/27/2025,
1240,37.8,gf,1.680,mm,OK,--,3:14:33 PM,11/27/2025,
1241,37.8,gf,1.675,mm,OK,--,3:14:33 PM,11/27/2025,
1242,37.8,gf,1.670,mm,OK,--,3:14:33 PM,11/27/2025,
1243,37.8,gf,1.660,mm,OK,--,3:14:33 PM,11/27/2025,
1244,37.7,gf,1.655,mm,OK,--,3:14:33 PM,11/27/2025,
1245,37.7,gf,1.645,mm,OK,--,3:14:34 PM,11/27/2025,
1246,37.6,gf,1.635,mm,OK,--,3:14:34 PM,11/27/2025,
1247,37.6,gf,1.625,mm,OK,--,3:14:34 PM,11/27/2025,
1248,37.6,gf,1.620,mm,OK,--,3:14:34 PM,11/27/2025,
1249,37.6,gf,1.615,mm,OK,--,3:14:34 PM,11/27/2025,
1250,37.5,gf,1.610,mm,OK,--,3:14:34 PM,11/27/2025,
1251,37.5,gf,1.605,mm,OK,--,3:14:34 PM,11/27/2025,
1252,37.5,gf,1.600,mm,OK,--,3:14:34 PM,11/27/2025,
1253,37.5,gf,1.590,mm,OK,--,3:14:34 PM,11/27/2025,
1254,37.5,gf,1.585,mm,OK,--,3:14:34 PM,11/27/2025,
1255,37.5,gf,1.575,mm,OK,--,3:14:35 PM,11/27/2025,
1256,37.3,gf,1.570,mm,OK,--,3:14:35 PM,11/27/2025,
1257,37.4,gf,1.560,mm,OK,--,3:14:35 PM,11/27/2025,
1258,37.3,gf,1.550,mm,OK,--,3:14:35 PM,11/27/2025,
1259,37.3,gf,1.545,mm,OK,--,3:14:35 PM,11/27/2025,
1260,37.3,gf,1.535,mm,OK,--,3:14:35 PM,11/27/2025,
1261,37.3,gf,1.530,mm,OK,--,3:14:35 PM,11/27/2025,
1262,37.3,gf,1.525,mm,OK,--,3:14:35 PM,11/27/2025,
1263,37.2,gf,1.515,mm,OK,--,3:14:35 PM,11/27/2025,
1264,37.2,gf,1.505,mm,OK,--,3:14:35 PM,11/27/2025,
1265,37.1,gf,1.490,mm,OK,--,3:14:36 PM,11/27/2025,
1266,37.1,gf,1.480,mm,OK,--,3:14:36 PM,11/27/2025,
1267,37.1,gf,1.470,mm,OK,--,3:14:36 PM,11/27/2025,
1268,37.1,gf,1.460,mm,OK,--,3:14:36 PM,11/27/2025,
1269,36.9,gf,1.450,mm,OK,--,3:14:36 PM,11/27/2025,
1270,36.9,gf,1.435,mm,OK,--,3:14:36 PM,11/27/2025,
1271,36.9,gf,1.425,mm,OK,--,3:14:36 PM,11/27/2025,
1272,36.9,gf,1.415,mm,OK,--,3:14:36 PM,11/27/2025,
1273,36.9,gf,1.405,mm,OK,--,3:14:36 PM,11/27/2025,
1274,36.8,gf,1.400,mm,OK,--,3:14:36 PM,11/27/2025,
1275,36.8,gf,1.390,mm,OK,--,3:14:37 PM,11/27/2025,
1276,36.8,gf,1.385,mm,OK,--,3:14:37 PM,11/27/2025,
1277,36.8,gf,1.385,mm,OK,--,3:14:37 PM,11/27/2025,
1278,36.8,gf,1.380,mm,OK,--,3:14:37 PM,11/27/2025,
1279,36.8,gf,1.370,mm,OK,--,3:14:37 PM,11/27/2025,
1280,36.7,gf,1.365,mm,OK,--,3:14:37 PM,11/27/2025,
1281,36.7,gf,1.360,mm,OK,--,3:14:37 PM,11/27/2025,
1282,36.6,gf,1.355,mm,OK,--,3:14:37 PM,11/27/2025,
1283,36.6,gf,1.345,mm,OK,--,3:14:37 PM,11/27/2025,
1284,36.6,gf,1.335,mm,OK,--,3:14:37 PM,11/27/2025,
1285,36.5,gf,1.330,mm,OK,--,3:14:38 PM,11/27/2025,
1286,36.5,gf,1.315,mm,OK,--,3:14:38 PM,11/27/2025,
1287,36.5,gf,1.305,mm,OK,--,3:14:38 PM,11/27/2025,
1288,36.5,gf,1.300,mm,OK,--,3:14:38 PM,11/27/2025,
1289,36.5,gf,1.295,mm,OK,--,3:14:38 PM,11/27/2025,
1290,36.4,gf,1.285,mm,OK,--,3:14:38 PM,11/27/2025,
1291,36.4,gf,1.275,mm,OK,--,3:14:38 PM,11/27/2025,
1292,36.3,gf,1.270,mm,OK,--,3:14:38 PM,11/27/2025,
1293,36.3,gf,1.260,mm,OK,--,3:14:38 PM,11/27/2025,
1294,36.3,gf,1.255,mm,OK,--,3:14:38 PM,11/27/2025,
1295,36.3,gf,1.250,mm,OK,--,3:14:39 PM,11/27/2025,
1296,36.2,gf,1.245,mm,OK,--,3:14:39 PM,11/27/2025,
1297,36.2,gf,1.240,mm,OK,--,3:14:39 PM,11/27/2025,
1298,36.2,gf,1.235,mm,OK,--,3:14:39 PM,11/27/2025,
1299,36.2,gf,1.230,mm,OK,--,3:14:39 PM,11/27/2025,
1300,36.2,gf,1.225,mm,OK,--,3:14:39 PM,11/27/2025,
1301,36.2,gf,1.220,mm,OK,--,3:14:39 PM,11/27/2025,
1302,36.2,gf,1.220,mm,OK,--,3:14:39 PM,11/27/2025,
1303,36.2,gf,1.215,mm,OK,--,3:14:39 PM,11/27/2025,
1304,36.2,gf,1.210,mm,OK,--,3:14:39 PM,11/27/2025,
1305,36.2,gf,1.210,mm,OK,--,3:14:40 PM,11/27/2025,
1306,36.2,gf,1.210,mm,OK,--,3:14:40 PM,11/27/2025,
1307,36.2,gf,1.205,mm,OK,--,3:14:40 PM,11/27/2025,
1308,36.1,gf,1.205,mm,OK,--,3:14:40 PM,11/27/2025,
1309,36.1,gf,1.205,mm,OK,--,3:14:40 PM,11/27/2025,
1310,36.1,gf,1.205,mm,OK,--,3:14:40 PM,11/27/2025,
1311,36.1,gf,1.200,mm,OK,--,3:14:40 PM,11/27/2025,
1312,36.1,gf,1.200,mm,OK,--,3:14:40 PM,11/27/2025,
1313,36.1,gf,1.200,mm,OK,--,3:14:40 PM,11/27/2025,
1314,36.1,gf,1.195,mm,OK,--,3:14:40 PM,11/27/2025,
1315,36.1,gf,1.195,mm,OK,--,3:14:41 PM,11/27/2025,
1316,36.0,gf,1.190,mm,OK,--,3:14:41 PM,11/27/2025,
1317,36.0,gf,1.190,mm,OK,--,3:14:41 PM,11/27/2025,
1318,36.0,gf,1.185,mm,OK,--,3:14:41 PM,11/27/2025,
1319,36.0,gf,1.180,mm,OK,--,3:14:41 PM,11/27/2025,
1320,36.0,gf,1.180,mm,OK,--,3:14:41 PM,11/27/2025,
1321,36.0,gf,1.175,mm,OK,--,3:14:41 PM,11/27/2025,
1322,36.0,gf,1.175,mm,OK,--,3:14:41 PM,11/27/2025,
1323,36.0,gf,1.170,mm,OK,--,3:14:41 PM,11/27/2025,
1324,35.9,gf,1.165,mm,OK,--,3:14:41 PM,11/27/2025,
1325,35.9,gf,1.165,mm,OK,--,3:14:42 PM,11/27/2025,
1326,35.9,gf,1.160,mm,OK,--,3:14:42 PM,11/27/2025,
1327,35.9,gf,1.160,mm,OK,--,3:14:42 PM,11/27/2025,
1328,35.9,gf,1.155,mm,OK,--,3:14:42 PM,11/27/2025,
1329,35.9,gf,1.150,mm,OK,--,3:14:42 PM,11/27/2025,
1330,35.9,gf,1.150,mm,OK,--,3:14:42 PM,11/27/2025,
1331,35.9,gf,1.145,mm,OK,--,3:14:42 PM,11/27/2025,
1332,35.9,gf,1.145,mm,OK,--,3:14:42 PM,11/27/2025,
1333,35.9,gf,1.140,mm,OK,--,3:14:42 PM,11/27/2025,
1334,35.9,gf,1.140,mm,OK,--,3:14:42 PM,11/27/2025,
1335,35.9,gf,1.140,mm,OK,--,3:14:43 PM,11/27/2025,
1336,35.9,gf,1.135,mm,OK,--,3:14:43 PM,11/27/2025,
1337,35.9,gf,1.135,mm,OK,--,3:14:43 PM,11/27/2025,
1338,35.9,gf,1.130,mm,OK,--,3:14:43 PM,11/27/2025,
1339,35.9,gf,1.130,mm,OK,--,3:14:43 PM,11/27/2025,
1340,35.9,gf,1.130,mm,OK,--,3:14:43 PM,11/27/2025,
1341,35.9,gf,1.125,mm,OK,--,3:14:43 PM,11/27/2025,
1342,35.8,gf,1.125,mm,OK,--,3:14:43 PM,11/27/2025,
1343,35.8,gf,1.120,mm,OK,--,3:14:43 PM,11/27/2025,
1344,35.8,gf,1.115,mm,OK,--,3:14:43 PM,11/27/2025,
1345,35.8,gf,1.110,mm,OK,--,3:14:44 PM,11/27/2025,
1346,35.8,gf,1.105,mm,OK,--,3:14:44 PM,11/27/2025,
1347,35.7,gf,1.100,mm,OK,--,3:14:44 PM,11/27/2025,
1348,35.7,gf,1.095,mm,OK,--,3:14:44 PM,11/27/2025,
1349,35.7,gf,1.090,mm,OK,--,3:14:44 PM,11/27/2025,
1350,35.7,gf,1.090,mm,OK,--,3:14:44 PM,11/27/2025,
1351,35.7,gf,1.085,mm,OK,--,3:14:44 PM,11/27/2025,
1352,35.7,gf,1.080,mm,OK,--,3:14:44 PM,11/27/2025,
1353,35.7,gf,1.075,mm,OK,--,3:14:44 PM,11/27/2025,
1354,35.6,gf,1.070,mm,OK,--,3:14:44 PM,11/27/2025,
1355,35.6,gf,1.070,mm,OK,--,3:14:45 PM,11/27/2025,
1356,35.6,gf,1.065,mm,OK,--,3:14:45 PM,11/27/2025,
1357,35.6,gf,1.060,mm,OK,--,3:14:45 PM,11/27/2025,
1358,35.6,gf,1.055,mm,OK,--,3:14:45 PM,11/27/2025,
1359,35.6,gf,1.055,mm,OK,--,3:14:45 PM,11/27/2025,
1360,35.6,gf,1.050,mm,OK,--,3:14:45 PM,11/27/2025,
1361,35.5,gf,1.045,mm,OK,--,3:14:45 PM,11/27/2025,
1362,35.5,gf,1.040,mm,OK,--,3:14:45 PM,11/27/2025,
1363,35.5,gf,1.035,mm,OK,--,3:14:45 PM,11/27/2025,
1364,35.5,gf,1.030,mm,OK,--,3:14:45 PM,11/27/2025,
1365,35.5,gf,1.030,mm,OK,--,3:14:46 PM,11/27/2025,
1366,35.4,gf,1.025,mm,OK,--,3:14:46 PM,11/27/2025,
1367,35.4,gf,1.015,mm,OK,--,3:14:46 PM,11/27/2025,
1368,35.4,gf,1.010,mm,OK,--,3:14:46 PM,11/27/2025,
1369,35.4,gf,1.005,mm,OK,--,3:14:46 PM,11/27/2025,
1370,35.4,gf,1.005,mm,OK,--,3:14:46 PM,11/27/2025,
1371,35.4,gf,1.000,mm,OK,--,3:14:46 PM,11/27/2025,
1372,35.4,gf,0.995,mm,OK,--,3:14:46 PM,11/27/2025,
1373,35.4,gf,0.995,mm,OK,--,3:14:46 PM,11/27/2025,
1374,35.4,gf,0.990,mm,OK,--,3:14:46 PM,11/27/2025,
1375,35.4,gf,0.990,mm,OK,--,3:14:47 PM,11/27/2025,
1376,35.4,gf,0.985,mm,OK,--,3:14:47 PM,11/27/2025,
1377,35.4,gf,0.985,mm,OK,--,3:14:47 PM,11/27/2025,
1378,35.4,gf,0.980,mm,OK,--,3:14:47 PM,11/27/2025,
1379,35.3,gf,0.975,mm,OK,--,3:14:47 PM,11/27/2025,
1380,35.3,gf,0.970,mm,OK,--,3:14:47 PM,11/27/2025,
1381,35.3,gf,0.970,mm,OK,--,3:14:47 PM,11/27/2025,
1382,35.3,gf,0.965,mm,OK,--,3:14:47 PM,11/27/2025,
1383,35.3,gf,0.955,mm,OK,--,3:14:47 PM,11/27/2025,
1384,35.3,gf,0.955,mm,OK,--,3:14:47 PM,11/27/2025,
1385,35.2,gf,0.950,mm,OK,--,3:14:48 PM,11/27/2025,
1386,35.2,gf,0.945,mm,OK,--,3:14:48 PM,11/27/2025,
1387,35.2,gf,0.945,mm,OK,--,3:14:48 PM,11/27/2025,
1388,35.2,gf,0.940,mm,OK,--,3:14:48 PM,11/27/2025,
1389,35.2,gf,0.935,mm,OK,--,3:14:48 PM,11/27/2025,
1390,35.1,gf,0.925,mm,OK,--,3:14:48 PM,11/27/2025,
1391,35.1,gf,0.915,mm,OK,--,3:14:48 PM,11/27/2025,
1392,35.1,gf,0.910,mm,OK,--,3:14:48 PM,11/27/2025,
1393,35.1,gf,0.905,mm,OK,--,3:14:48 PM,11/27/2025,
1394,35.0,gf,0.900,mm,OK,--,3:14:48 PM,11/27/2025,
1395,35.0,gf,0.895,mm,OK,--,3:14:49 PM,11/27/2025,
1396,35.0,gf,0.895,mm,OK,--,3:14:49 PM,11/27/2025,
1397,35.0,gf,0.890,mm,OK,--,3:14:49 PM,11/27/2025,
1398,35.0,gf,0.890,mm,OK,--,3:14:49 PM,11/27/2025,
1399,35.0,gf,0.885,mm,OK,--,3:14:49 PM,11/27/2025,
1400,35.0,gf,0.885,mm,OK,--,3:14:49 PM,11/27/2025,
1401,35.0,gf,0.880,mm,OK,--,3:14:49 PM,11/27/2025,
1402,34.9,gf,0.880,mm,OK,--,3:14:49 PM,11/27/2025,
1403,34.9,gf,0.875,mm,OK,--,3:14:49 PM,11/27/2025,
1404,34.9,gf,0.870,mm,OK,--,3:14:49 PM,11/27/2025,
1405,34.9,gf,0.865,mm,OK,--,3:14:50 PM,11/27/2025,
1406,34.9,gf,0.860,mm,OK,--,3:14:50 PM,11/27/2025,
1407,34.9,gf,0.855,mm,OK,--,3:14:50 PM,11/27/2025,
1408,34.9,gf,0.855,mm,OK,--,3:14:50 PM,11/27/2025,
1409,34.9,gf,0.850,mm,OK,--,3:14:50 PM,11/27/2025,
1410,34.8,gf,0.845,mm,OK,--,3:14:50 PM,11/27/2025,
1411,34.8,gf,0.835,mm,OK,--,3:14:50 PM,11/27/2025,
1412,34.7,gf,0.830,mm,OK,--,3:14:50 PM,11/27/2025,
1413,34.8,gf,0.825,mm,OK,--,3:14:50 PM,11/27/2025,
1414,34.8,gf,0.825,mm,OK,--,3:14:50 PM,11/27/2025,
1415,34.8,gf,0.820,mm,OK,--,3:14:51 PM,11/27/2025,
1416,34.7,gf,0.815,mm,OK,--,3:14:51 PM,11/27/2025,
1417,34.7,gf,0.810,mm,OK,--,3:14:51 PM,11/27/2025,
1418,34.7,gf,0.805,mm,OK,--,3:14:51 PM,11/27/2025,
1419,34.7,gf,0.800,mm,OK,--,3:14:51 PM,11/27/2025,
1420,34.7,gf,0.795,mm,OK,--,3:14:51 PM,11/27/2025,
1421,34.6,gf,0.790,mm,OK,--,3:14:51 PM,11/27/2025,
1422,34.6,gf,0.780,mm,OK,--,3:14:51 PM,11/27/2025,
1423,34.6,gf,0.775,mm,OK,--,3:14:51 PM,11/27/2025,
1424,34.6,gf,0.775,mm,OK,--,3:14:51 PM,11/27/2025,
1425,34.6,gf,0.770,mm,OK,--,3:14:52 PM,11/27/2025,
1426,34.6,gf,0.770,mm,OK,--,3:14:52 PM,11/27/2025,
1427,34.6,gf,0.765,mm,OK,--,3:14:52 PM,11/27/2025,
1428,34.6,gf,0.760,mm,OK,--,3:14:52 PM,11/27/2025,
1429,34.5,gf,0.760,mm,OK,--,3:14:52 PM,11/27/2025,
1430,34.5,gf,0.750,mm,OK,--,3:14:52 PM,11/27/2025,
1431,34.5,gf,0.745,mm,OK,--,3:14:52 PM,11/27/2025,
1432,34.5,gf,0.740,mm,OK,--,3:14:52 PM,11/27/2025,
1433,34.5,gf,0.735,mm,OK,--,3:14:52 PM,11/27/2025,
1434,34.5,gf,0.725,mm,OK,--,3:14:52 PM,11/27/2025,
1435,34.5,gf,0.720,mm,OK,--,3:14:53 PM,11/27/2025,
1436,34.4,gf,0.715,mm,OK,--,3:14:53 PM,11/27/2025,
1437,34.4,gf,0.705,mm,OK,--,3:14:53 PM,11/27/2025,
1438,34.4,gf,0.700,mm,OK,--,3:14:53 PM,11/27/2025,
1439,34.3,gf,0.695,mm,OK,--,3:14:53 PM,11/27/2025,
1440,34.3,gf,0.690,mm,OK,--,3:14:53 PM,11/27/2025,
1441,34.3,gf,0.680,mm,OK,--,3:14:53 PM,11/27/2025,
1442,34.3,gf,0.675,mm,OK,--,3:14:53 PM,11/27/2025,
1443,34.3,gf,0.670,mm,OK,--,3:14:53 PM,11/27/2025,
1444,34.2,gf,0.665,mm,OK,--,3:14:53 PM,11/27/2025,
1445,34.2,gf,0.660,mm,OK,--,3:14:54 PM,11/27/2025,
1446,34.2,gf,0.650,mm,OK,--,3:14:54 PM,11/27/2025,
1447,34.2,gf,0.645,mm,OK,--,3:14:54 PM,11/27/2025,
1448,34.2,gf,0.640,mm,OK,--,3:14:54 PM,11/27/2025,
1449,34.2,gf,0.635,mm,OK,--,3:14:54 PM,11/27/2025,
1450,34.1,gf,0.630,mm,OK,--,3:14:54 PM,11/27/2025,
1451,34.1,gf,0.625,mm,OK,--,3:14:54 PM,11/27/2025,
1452,34.1,gf,0.620,mm,OK,--,3:14:54 PM,11/27/2025,
1453,34.0,gf,0.610,mm,OK,--,3:14:54 PM,11/27/2025,
1454,34.0,gf,0.605,mm,OK,--,3:14:54 PM,11/27/2025,
1455,34.0,gf,0.600,mm,OK,--,3:14:55 PM,11/27/2025,
1456,34.0,gf,0.590,mm,OK,--,3:14:55 PM,11/27/2025,
1457,34.0,gf,0.585,mm,OK,--,3:14:55 PM,11/27/2025,
1458,34.0,gf,0.580,mm,OK,--,3:14:55 PM,11/27/2025,
1459,34.0,gf,0.575,mm,OK,--,3:14:55 PM,11/27/2025,
1460,33.9,gf,0.570,mm,OK,--,3:14:55 PM,11/27/2025,
1461,33.9,gf,0.565,mm,OK,--,3:14:55 PM,11/27/2025,
1462,33.9,gf,0.560,mm,OK,--,3:14:55 PM,11/27/2025,
1463,33.9,gf,0.555,mm,OK,--,3:14:55 PM,11/27/2025,
1464,33.8,gf,0.550,mm,OK,--,3:14:55 PM,11/27/2025,
1465,33.8,gf,0.545,mm,OK,--,3:14:56 PM,11/27/2025,
1466,33.8,gf,0.540,mm,OK,--,3:14:56 PM,11/27/2025,
1467,33.8,gf,0.535,mm,OK,--,3:14:56 PM,11/27/2025,
1468,33.8,gf,0.530,mm,OK,--,3:14:56 PM,11/27/2025,
1469,33.7,gf,0.520,mm,OK,--,3:14:56 PM,11/27/2025,
1470,33.7,gf,0.510,mm,OK,--,3:14:56 PM,11/27/2025,
1471,33.7,gf,0.505,mm,OK,--,3:14:56 PM,11/27/2025,
1472,33.7,gf,0.500,mm,OK,--,3:14:56 PM,11/27/2025,
1473,33.6,gf,0.495,mm,OK,--,3:14:56 PM,11/27/2025,
1474,33.6,gf,0.490,mm,OK,--,3:14:56 PM,11/27/2025,
1475,33.6,gf,0.485,mm,OK,--,3:14:57 PM,11/27/2025,
1476,33.6,gf,0.485,mm,OK,--,3:14:57 PM,11/27/2025,
1477,33.6,gf,0.480,mm,OK,--,3:14:57 PM,11/27/2025,
1478,33.6,gf,0.475,mm,OK,--,3:14:57 PM,11/27/2025,
1479,33.6,gf,0.475,mm,OK,--,3:14:57 PM,11/27/2025,
1480,33.5,gf,0.470,mm,OK,--,3:14:57 PM,11/27/2025,
1481,33.5,gf,0.465,mm,OK,--,3:14:57 PM,11/27/2025,
1482,33.5,gf,0.465,mm,OK,--,3:14:57 PM,11/27/2025,
1483,33.5,gf,0.460,mm,OK,--,3:14:57 PM,11/27/2025,
1484,33.5,gf,0.460,mm,OK,--,3:14:57 PM,11/27/2025,
1485,33.5,gf,0.455,mm,OK,--,3:14:58 PM,11/27/2025,
1486,33.5,gf,0.455,mm,OK,--,3:14:58 PM,11/27/2025,
1487,33.5,gf,0.450,mm,OK,--,3:14:58 PM,11/27/2025,
1488,33.5,gf,0.445,mm,OK,--,3:14:58 PM,11/27/2025,
1489,33.5,gf,0.445,mm,OK,--,3:14:58 PM,11/27/2025,
1490,33.5,gf,0.440,mm,OK,--,3:14:58 PM,11/27/2025,
1491,33.5,gf,0.440,mm,OK,--,3:14:58 PM,11/27/2025,
1492,33.5,gf,0.435,mm,OK,--,3:14:58 PM,11/27/2025,
1493,33.5,gf,0.435,mm,OK,--,3:14:58 PM,11/27/2025,
1494,33.5,gf,0.430,mm,OK,--,3:14:58 PM,11/27/2025,
1495,33.4,gf,0.425,mm,OK,--,3:14:59 PM,11/27/2025,
1496,33.4,gf,0.420,mm,OK,--,3:14:59 PM,11/27/2025,
1497,33.4,gf,0.415,mm,OK,--,3:14:59 PM,11/27/2025,
1498,33.4,gf,0.410,mm,OK,--,3:14:59 PM,11/27/2025,
1499,33.3,gf,0.405,mm,OK,--,3:14:59 PM,11/27/2025,
1500,33.3,gf,0.400,mm,OK,--,3:14:59 PM,11/27/2025,
1501,33.3,gf,0.395,mm,OK,--,3:14:59 PM,11/27/2025,
1502,33.3,gf,0.390,mm,OK,--,3:14:59 PM,11/27/2025,
1503,33.3,gf,0.385,mm,OK,--,3:14:59 PM,11/27/2025,
1504,33.3,gf,0.380,mm,OK,--,3:14:59 PM,11/27/2025,
1505,33.2,gf,0.375,mm,OK,--,3:15:00 PM,11/27/2025,
1506,33.2,gf,0.370,mm,OK,--,3:15:00 PM,11/27/2025,
1507,33.2,gf,0.365,mm,OK,--,3:15:00 PM,11/27/2025,
1508,33.2,gf,0.360,mm,OK,--,3:15:00 PM,11/27/2025,
1509,33.2,gf,0.355,mm,OK,--,3:15:00 PM,11/27/2025,
1510,33.1,gf,0.350,mm,OK,--,3:15:00 PM,11/27/2025,
1511,33.1,gf,0.345,mm,OK,--,3:15:00 PM,11/27/2025,
1512,33.1,gf,0.340,mm,OK,--,3:15:00 PM,11/27/2025,
1513,33.1,gf,0.340,mm,OK,--,3:15:00 PM,11/27/2025,
1514,33.1,gf,0.335,mm,OK,--,3:15:00 PM,11/27/2025,
1515,33.1,gf,0.330,mm,OK,--,3:15:01 PM,11/27/2025,
1516,33.0,gf,0.330,mm,OK,--,3:15:01 PM,11/27/2025,
1517,33.0,gf,0.325,mm,OK,--,3:15:01 PM,11/27/2025,
1518,33.0,gf,0.320,mm,OK,--,3:15:01 PM,11/27/2025,
1519,33.0,gf,0.315,mm,OK,--,3:15:01 PM,11/27/2025,
1520,33.0,gf,0.310,mm,OK,--,3:15:01 PM,11/27/2025,
1521,33.0,gf,0.305,mm,OK,--,3:15:01 PM,11/27/2025,
1522,33.0,gf,0.305,mm,OK,--,3:15:01 PM,11/27/2025,
1523,33.0,gf,0.300,mm,OK,--,3:15:01 PM,11/27/2025,
1524,32.9,gf,0.295,mm,OK,--,3:15:01 PM,11/27/2025,
1525,32.9,gf,0.290,mm,OK,--,3:15:02 PM,11/27/2025,
1526,32.9,gf,0.290,mm,OK,--,3:15:02 PM,11/27/2025,
1527,32.9,gf,0.285,mm,OK,--,3:15:02 PM,11/27/2025,
1528,32.9,gf,0.285,mm,OK,--,3:15:02 PM,11/27/2025,
1529,32.9,gf,0.285,mm,OK,--,3:15:02 PM,11/27/2025,
1530,32.9,gf,0.285,mm,OK,--,3:15:02 PM,11/27/2025,
1531,32.9,gf,0.280,mm,OK,--,3:15:02 PM,11/27/2025,
1532,32.8,gf,0.280,mm,OK,--,3:15:02 PM,11/27/2025,
1533,32.8,gf,0.275,mm,OK,--,3:15:02 PM,11/27/2025,
1534,32.7,gf,0.275,mm,OK,--,3:15:02 PM,11/27/2025,
1535,32.7,gf,0.275,mm,OK,--,3:15:03 PM,11/27/2025,
1536,32.6,gf,0.270,mm,OK,--,3:15:03 PM,11/27/2025,
1537,32.7,gf,0.270,mm,OK,--,3:15:03 PM,11/27/2025,
1538,32.7,gf,0.265,mm,OK,--,3:15:03 PM,11/27/2025,
1539,32.8,gf,0.265,mm,OK,--,3:15:03 PM,11/27/2025,
1540,32.8,gf,0.260,mm,OK,--,3:15:03 PM,11/27/2025,
1541,32.8,gf,0.260,mm,OK,--,3:15:03 PM,11/27/2025,
1542,32.8,gf,0.255,mm,OK,--,3:15:03 PM,11/27/2025,
1543,32.8,gf,0.255,mm,OK,--,3:15:03 PM,11/27/2025,
1544,32.8,gf,0.250,mm,OK,--,3:15:03 PM,11/27/2025,
1545,32.7,gf,0.245,mm,OK,--,3:15:04 PM,11/27/2025,
1546,32.7,gf,0.245,mm,OK,--,3:15:04 PM,11/27/2025,
1547,32.7,gf,0.240,mm,OK,--,3:15:04 PM,11/27/2025,
1548,32.7,gf,0.235,mm,OK,--,3:15:04 PM,11/27/2025,
1549,32.7,gf,0.235,mm,OK,--,3:15:04 PM,11/27/2025,
1550,32.7,gf,0.230,mm,OK,--,3:15:04 PM,11/27/2025,
1551,32.7,gf,0.230,mm,OK,--,3:15:04 PM,11/27/2025,
1552,32.7,gf,0.225,mm,OK,--,3:15:04 PM,11/27/2025,
1553,32.7,gf,0.220,mm,OK,--,3:15:04 PM,11/27/2025,
1554,32.7,gf,0.220,mm,OK,--,3:15:04 PM,11/27/2025,
1555,32.7,gf,0.215,mm,OK,--,3:15:05 PM,11/27/2025,
1556,32.7,gf,0.215,mm,OK,--,3:15:05 PM,11/27/2025,
1557,32.7,gf,0.215,mm,OK,--,3:15:05 PM,11/27/2025,
1558,32.7,gf,0.210,mm,OK,--,3:15:05 PM,11/27/2025,
1559,32.7,gf,0.210,mm,OK,--,3:15:05 PM,11/27/2025,
1560,32.7,gf,0.205,mm,OK,--,3:15:05 PM,11/27/2025,
1561,32.7,gf,0.205,mm,OK,--,3:15:05 PM,11/27/2025,
1562,32.7,gf,0.200,mm,OK,--,3:15:05 PM,11/27/2025,
1563,32.6,gf,0.200,mm,OK,--,3:15:05 PM,11/27/2025,
1564,32.6,gf,0.200,mm,OK,--,3:15:05 PM,11/27/2025,
1565,32.6,gf,0.195,mm,OK,--,3:15:06 PM,11/27/2025,
1566,32.6,gf,0.195,mm,OK,--,3:15:06 PM,11/27/2025,
1567,32.6,gf,0.195,mm,OK,--,3:15:06 PM,11/27/2025,
1568,32.6,gf,0.190,mm,OK,--,3:15:06 PM,11/27/2025,
1569,32.6,gf,0.190,mm,OK,--,3:15:06 PM,11/27/2025,
1570,32.5,gf,0.185,mm,OK,--,3:15:06 PM,11/27/2025,
1571,32.6,gf,0.185,mm,OK,--,3:15:06 PM,11/27/2025,
1572,32.6,gf,0.180,mm,OK,--,3:15:06 PM,11/27/2025,
1573,32.5,gf,0.180,mm,OK,--,3:15:06 PM,11/27/2025,
1574,32.5,gf,0.180,mm,OK,--,3:15:06 PM,11/27/2025,
1575,32.5,gf,0.175,mm,OK,--,3:15:07 PM,11/27/2025,
1576,32.5,gf,0.170,mm,OK,--,3:15:07 PM,11/27/2025,
1577,32.5,gf,0.170,mm,OK,--,3:15:07 PM,11/27/2025,
1578,32.5,gf,0.165,mm,OK,--,3:15:07 PM,11/27/2025,
1579,32.5,gf,0.165,mm,OK,--,3:15:07 PM,11/27/2025,
1580,32.5,gf,0.160,mm,OK,--,3:15:07 PM,11/27/2025,
1581,32.5,gf,0.155,mm,OK,--,3:15:07 PM,11/27/2025,
1582,32.5,gf,0.155,mm,OK,--,3:15:07 PM,11/27/2025,
1583,32.4,gf,0.150,mm,OK,--,3:15:07 PM,11/27/2025,
1584,32.4,gf,0.145,mm,OK,--,3:15:07 PM,11/27/2025,
1585,32.4,gf,0.145,mm,OK,--,3:15:08 PM,11/27/2025,
1586,32.4,gf,0.140,mm,OK,--,3:15:08 PM,11/27/2025,
1587,32.4,gf,0.140,mm,OK,--,3:15:08 PM,11/27/2025,
1588,32.4,gf,0.135,mm,OK,--,3:15:08 PM,11/27/2025,
1589,32.4,gf,0.135,mm,OK,--,3:15:08 PM,11/27/2025,
1590,32.4,gf,0.135,mm,OK,--,3:15:08 PM,11/27/2025,
1591,32.4,gf,0.130,mm,OK,--,3:15:08 PM,11/27/2025,
1592,32.4,gf,0.130,mm,OK,--,3:15:08 PM,11/27/2025,
1593,32.4,gf,0.130,mm,OK,--,3:15:08 PM,11/27/2025,
1594,32.4,gf,0.125,mm,OK,--,3:15:08 PM,11/27/2025,
1595,32.4,gf,0.125,mm,OK,--,3:15:09 PM,11/27/2025,
1596,32.3,gf,0.125,mm,OK,--,3:15:09 PM,11/27/2025,
1597,32.3,gf,0.120,mm,OK,--,3:15:09 PM,11/27/2025,
1598,32.3,gf,0.120,mm,OK,--,3:15:09 PM,11/27/2025,
1599,32.3,gf,0.120,mm,OK,--,3:15:09 PM,11/27/2025,
1600,32.3,gf,0.115,mm,OK,--,3:15:09 PM,11/27/2025,
1601,32.3,gf,0.115,mm,OK,--,3:15:09 PM,11/27/2025,
1602,32.4,gf,0.115,mm,OK,--,3:15:09 PM,11/27/2025,
1603,32.4,gf,0.115,mm,OK,--,3:15:09 PM,11/27/2025,
1604,32.4,gf,0.110,mm,OK,--,3:15:09 PM,11/27/2025,
1605,32.4,gf,0.110,mm,OK,--,3:15:10 PM,11/27/2025,
1606,32.4,gf,0.110,mm,OK,--,3:15:10 PM,11/27/2025,
1607,32.4,gf,0.105,mm,OK,--,3:15:10 PM,11/27/2025,
1608,32.4,gf,0.105,mm,OK,--,3:15:10 PM,11/27/2025,
1609,31.7,gf,0.105,mm,OK,--,3:15:10 PM,11/27/2025,
1610,30.8,gf,0.100,mm,OK,--,3:15:10 PM,11/27/2025,
1611,29.9,gf,0.100,mm,OK,--,3:15:10 PM,11/27/2025,
1612,28.7,gf,0.100,mm,OK,--,3:15:10 PM,11/27/2025,
1613,27.5,gf,0.095,mm,OK,--,3:15:10 PM,11/27/2025,
1614,26.5,gf,0.095,mm,OK,--,3:15:10 PM,11/27/2025,
1615,25.3,gf,0.095,mm,OK,--,3:15:11 PM,11/27/2025,
1616,24.2,gf,0.090,mm,OK,--,3:15:11 PM,11/27/2025,
1617,23.9,gf,0.090,mm,OK,--,3:15:11 PM,11/27/2025,
1618,23.4,gf,0.090,mm,OK,--,3:15:11 PM,11/27/2025,
1619,21.7,gf,0.085,mm,OK,--,3:15:11 PM,11/27/2025,
1620,20.0,gf,0.085,mm,OK,--,3:15:11 PM,11/27/2025,
1621,18.3,gf,0.080,mm,OK,--,3:15:11 PM,11/27/2025,
1622,17.1,gf,0.080,mm,OK,--,3:15:11 PM,11/27/2025,
1623,15.2,gf,0.080,mm,OK,--,3:15:11 PM,11/27/2025,
1624,12.8,gf,0.075,mm,OK,--,3:15:11 PM,11/27/2025,
1625,11.1,gf,0.075,mm,OK,--,3:15:12 PM,11/27/2025,
1626,9.9,gf,0.075,mm,OK,--,3:15:12 PM,11/27/2025,
1627,9.1,gf,0.070,mm,OK,--,3:15:12 PM,11/27/2025,
1628,8.4,gf,0.070,mm,OK,--,3:15:12 PM,11/27/2025,
1629,7.7,gf,0.070,mm,OK,--,3:15:12 PM,11/27/2025,
1630,6.7,gf,0.070,mm,OK,--,3:15:12 PM,11/27/2025,
1631,3.8,gf,0.065,mm,OK,--,3:15:12 PM,11/27/2025,
1632,0.0,gf,0.060,mm,OK,--,3:15:12 PM,11/27/2025,
1633,0.0,gf,0.055,mm,OK,--,3:15:12 PM,11/27/2025,
1634,0.0,gf,0.050,mm,OK,--,3:15:12 PM,11/27/2025,
1635,0.0,gf,0.035,mm,OK,--,3:15:13 PM,11/27/2025,
1636,0.0,gf,0.025,mm,OK,--,3:15:13 PM,11/27/2025,
1637,0.0,gf,0.005,mm,OK,--,3:15:13 PM,11/27/2025,
1638,0.1,gf,-0.010,mm,OK,--,3:15:13 PM,11/27/2025,
1639,0.2,gf,-0.015,mm,OK,--,3:15:13 PM,11/27/2025,
1640,-0.1,gf,-0.020,mm,OK,--,3:15:13 PM,11/27/2025,
1641,0.0,gf,-0.025,mm,OK,--,3:15:13 PM,11/27/2025,
1642,0.0,gf,-0.025,mm,OK,--,3:15:13 PM,11/27/2025,
1643,0.0,gf,-0.025,mm,OK,--,3:15:13 PM,11/27/2025,
1644,0.0,gf,-0.025,mm,OK,--,3:15:13 PM,11/27/2025,
1645,0.2,gf,-0.025,mm,OK,--,3:15:14 PM,11/27/2025,
1646,0.0,gf,-0.025,mm,OK,--,3:15:14 PM,11/27/2025,
1647,-0.1,gf,-0.025,mm,OK,--,3:15:14 PM,11/27/2025,
1648,0.0,gf,-0.025,mm,OK,--,3:15:14 PM,11/27/2025,
1649,-0.6,gf,-0.020,mm,OK,--,3:15:14 PM,11/27/2025,
1650,-0.1,gf,-0.015,mm,OK,--,3:15:14 PM,11/27/2025,
1651,0.1,gf,-0.010,mm,OK,--,3:15:14 PM,11/27/2025,
1652,0.0,gf,-0.005,mm,OK,--,3:15:14 PM,11/27/2025,
1653,0.0,gf,0.000,mm,OK,--,3:15:14 PM,11/27/2025,
1654,0.0,gf,0.000,mm,OK,--,3:15:14 PM,11/27/2025,
1655,0.0,gf,0.005,mm,OK,--,3:15:15 PM,11/27/2025,
1656,0.0,gf,0.010,mm,OK,--,3:15:15 PM,11/27/2025,
1657,0.1,gf,0.015,mm,OK,--,3:15:15 PM,11/27/2025,
1658,0.1,gf,0.015,mm,OK,--,3:15:15 PM,11/27/2025,
1659,0.0,gf,0.020,mm,OK,--,3:15:15 PM,11/27/2025,
1660,0.0,gf,0.025,mm,OK,--,3:15:15 PM,11/27/2025,
1661,0.0,gf,0.025,mm,OK,--,3:15:15 PM,11/27/2025,
1662,0.0,gf,0.030,mm,OK,--,3:15:15 PM,11/27/2025,
1663,0.0,gf,0.035,mm,OK,--,3:15:15 PM,11/27/2025,
