Maximum,192.3,@,No.980,,,,,,
Minimum,-0.2,@,No.3,,,,,,
Average,49.84,,,,,,,,
Data Quantity,1818,,,,,,,,
Number of NG,0,,,,,,,,
No.,Force,Unit,Displacement,Unit,Judge,Position,Time,Date,
1,0.0,gf,0.000,mm,OK,--,9:44:06 AM,11/29/2025,
2,0.1,gf,0.000,mm,OK,--,9:44:07 AM,11/29/2025,
3,-0.2,gf,0.000,mm,OK,--,9:44:07 AM,11/29/2025,
4,-0.1,gf,0.000,mm,OK,--,9:44:07 AM,11/29/2025,
5,0.1,gf,0.000,mm,OK,--,9:44:07 AM,11/29/2025,
6,0.1,gf,0.000,mm,OK,--,9:44:07 AM,11/29/2025,
7,-0.1,gf,0.000,mm,OK,--,9:44:07 AM,11/29/2025,
8,-0.2,gf,0.000,mm,OK,--,9:44:07 AM,11/29/2025,
9,-0.1,gf,0.000,mm,OK,--,9:44:07 AM,11/29/2025,
10,0.0,gf,0.000,mm,OK,--,9:44:07 AM,11/29/2025,
11,-0.2,gf,0.005,mm,OK,--,9:44:07 AM,11/29/2025,
12,-0.1,gf,0.005,mm,OK,--,9:44:08 AM,11/29/2025,
13,0.1,gf,0.005,mm,OK,--,9:44:08 AM,11/29/2025,
14,-0.1,gf,0.005,mm,OK,--,9:44:08 AM,11/29/2025,
15,-0.1,gf,0.005,mm,OK,--,9:44:08 AM,11/29/2025,
16,0.1,gf,0.005,mm,OK,--,9:44:08 AM,11/29/2025,
17,0.1,gf,0.010,mm,OK,--,9:44:08 AM,11/29/2025,
18,0.0,gf,0.010,mm,OK,--,9:44:08 AM,11/29/2025,
19,0.0,gf,0.010,mm,OK,--,9:44:08 AM,11/29/2025,
20,0.0,gf,0.010,mm,OK,--,9:44:08 AM,11/29/2025,
21,0.0,gf,0.010,mm,OK,--,9:44:08 AM,11/29/2025,
22,0.1,gf,0.010,mm,OK,--,9:44:09 AM,11/29/2025,
23,0.0,gf,0.010,mm,OK,--,9:44:09 AM,11/29/2025,
24,0.0,gf,0.010,mm,OK,--,9:44:09 AM,11/29/2025,
25,0.0,gf,0.015,mm,OK,--,9:44:09 AM,11/29/2025,
26,0.0,gf,0.015,mm,OK,--,9:44:09 AM,11/29/2025,
27,0.0,gf,0.015,mm,OK,--,9:44:09 AM,11/29/2025,
28,-0.1,gf,0.015,mm,OK,--,9:44:09 AM,11/29/2025,
29,0.0,gf,0.015,mm,OK,--,9:44:09 AM,11/29/2025,
30,0.1,gf,0.015,mm,OK,--,9:44:09 AM,11/29/2025,
31,-0.1,gf,0.015,mm,OK,--,9:44:09 AM,11/29/2025,
32,-0.1,gf,0.015,mm,OK,--,9:44:10 AM,11/29/2025,
33,0.0,gf,0.015,mm,OK,--,9:44:10 AM,11/29/2025,
34,0.0,gf,0.020,mm,OK,--,9:44:10 AM,11/29/2025,
35,0.0,gf,0.020,mm,OK,--,9:44:10 AM,11/29/2025,
36,0.0,gf,0.020,mm,OK,--,9:44:10 AM,11/29/2025,
37,0.0,gf,0.020,mm,OK,--,9:44:10 AM,11/29/2025,
38,0.0,gf,0.020,mm,OK,--,9:44:10 AM,11/29/2025,
39,0.0,gf,0.020,mm,OK,--,9:44:10 AM,11/29/2025,
40,0.0,gf,0.020,mm,OK,--,9:44:10 AM,11/29/2025,
41,0.0,gf,0.025,mm,OK,--,9:44:10 AM,11/29/2025,
42,-0.1,gf,0.025,mm,OK,--,9:44:11 AM,11/29/2025,
43,0.0,gf,0.030,mm,OK,--,9:44:11 AM,11/29/2025,
44,0.0,gf,0.030,mm,OK,--,9:44:11 AM,11/29/2025,
45,5.5,gf,0.040,mm,OK,--,9:44:11 AM,11/29/2025,
46,12.0,gf,0.045,mm,OK,--,9:44:11 AM,11/29/2025,
47,12.6,gf,0.055,mm,OK,--,9:44:11 AM,11/29/2025,
48,14.9,gf,0.060,mm,OK,--,9:44:11 AM,11/29/2025,
49,18.2,gf,0.060,mm,OK,--,9:44:11 AM,11/29/2025,
50,20.7,gf,0.065,mm,OK,--,9:44:11 AM,11/29/2025,
51,25.6,gf,0.070,mm,OK,--,9:44:11 AM,11/29/2025,
52,29.9,gf,0.075,mm,OK,--,9:44:12 AM,11/29/2025,
53,32.4,gf,0.075,mm,OK,--,9:44:12 AM,11/29/2025,
54,35.1,gf,0.080,mm,OK,--,9:44:12 AM,11/29/2025,
55,36.7,gf,0.085,mm,OK,--,9:44:12 AM,11/29/2025,
56,37.6,gf,0.085,mm,OK,--,9:44:12 AM,11/29/2025,
57,38.1,gf,0.090,mm,OK,--,9:44:12 AM,11/29/2025,
58,38.6,gf,0.090,mm,OK,--,9:44:12 AM,11/29/2025,
59,39.1,gf,0.090,mm,OK,--,9:44:12 AM,11/29/2025,
60,39.5,gf,0.095,mm,OK,--,9:44:12 AM,11/29/2025,
61,39.8,gf,0.095,mm,OK,--,9:44:12 AM,11/29/2025,
62,40.1,gf,0.100,mm,OK,--,9:44:13 AM,11/29/2025,
63,40.2,gf,0.100,mm,OK,--,9:44:13 AM,11/29/2025,
64,40.0,gf,0.105,mm,OK,--,9:44:13 AM,11/29/2025,
65,40.0,gf,0.110,mm,OK,--,9:44:13 AM,11/29/2025,
66,39.9,gf,0.110,mm,OK,--,9:44:13 AM,11/29/2025,
67,40.0,gf,0.115,mm,OK,--,9:44:13 AM,11/29/2025,
68,40.1,gf,0.115,mm,OK,--,9:44:13 AM,11/29/2025,
69,40.3,gf,0.120,mm,OK,--,9:44:13 AM,11/29/2025,
70,40.5,gf,0.120,mm,OK,--,9:44:13 AM,11/29/2025,
71,40.4,gf,0.125,mm,OK,--,9:44:13 AM,11/29/2025,
72,40.6,gf,0.125,mm,OK,--,9:44:14 AM,11/29/2025,
73,40.4,gf,0.130,mm,OK,--,9:44:14 AM,11/29/2025,
74,40.2,gf,0.130,mm,OK,--,9:44:14 AM,11/29/2025,
75,40.0,gf,0.135,mm,OK,--,9:44:14 AM,11/29/2025,
76,40.2,gf,0.135,mm,OK,--,9:44:14 AM,11/29/2025,
77,40.4,gf,0.140,mm,OK,--,9:44:14 AM,11/29/2025,
78,40.4,gf,0.145,mm,OK,--,9:44:14 AM,11/29/2025,
79,40.4,gf,0.150,mm,OK,--,9:44:14 AM,11/29/2025,
80,40.5,gf,0.150,mm,OK,--,9:44:14 AM,11/29/2025,
81,40.3,gf,0.155,mm,OK,--,9:44:14 AM,11/29/2025,
82,40.3,gf,0.160,mm,OK,--,9:44:15 AM,11/29/2025,
83,40.1,gf,0.165,mm,OK,--,9:44:15 AM,11/29/2025,
84,40.0,gf,0.165,mm,OK,--,9:44:15 AM,11/29/2025,
85,40.0,gf,0.170,mm,OK,--,9:44:15 AM,11/29/2025,
86,39.9,gf,0.175,mm,OK,--,9:44:15 AM,11/29/2025,
87,39.9,gf,0.180,mm,OK,--,9:44:15 AM,11/29/2025,
88,39.9,gf,0.185,mm,OK,--,9:44:15 AM,11/29/2025,
89,40.1,gf,0.190,mm,OK,--,9:44:15 AM,11/29/2025,
90,40.0,gf,0.195,mm,OK,--,9:44:15 AM,11/29/2025,
91,40.0,gf,0.200,mm,OK,--,9:44:15 AM,11/29/2025,
92,40.0,gf,0.205,mm,OK,--,9:44:16 AM,11/29/2025,
93,40.0,gf,0.210,mm,OK,--,9:44:16 AM,11/29/2025,
94,39.8,gf,0.215,mm,OK,--,9:44:16 AM,11/29/2025,
95,39.7,gf,0.220,mm,OK,--,9:44:16 AM,11/29/2025,
96,39.6,gf,0.225,mm,OK,--,9:44:16 AM,11/29/2025,
97,39.5,gf,0.230,mm,OK,--,9:44:16 AM,11/29/2025,
98,39.4,gf,0.230,mm,OK,--,9:44:16 AM,11/29/2025,
99,39.4,gf,0.235,mm,OK,--,9:44:16 AM,11/29/2025,
100,39.6,gf,0.240,mm,OK,--,9:44:16 AM,11/29/2025,
101,39.7,gf,0.245,mm,OK,--,9:44:16 AM,11/29/2025,
102,39.8,gf,0.245,mm,OK,--,9:44:16 AM,11/29/2025,
103,39.9,gf,0.250,mm,OK,--,9:44:17 AM,11/29/2025,
104,39.7,gf,0.255,mm,OK,--,9:44:17 AM,11/29/2025,
105,39.7,gf,0.260,mm,OK,--,9:44:17 AM,11/29/2025,
106,39.6,gf,0.260,mm,OK,--,9:44:17 AM,11/29/2025,
107,39.4,gf,0.265,mm,OK,--,9:44:17 AM,11/29/2025,
108,39.6,gf,0.265,mm,OK,--,9:44:17 AM,11/29/2025,
109,39.5,gf,0.270,mm,OK,--,9:44:17 AM,11/29/2025,
110,39.5,gf,0.270,mm,OK,--,9:44:17 AM,11/29/2025,
111,39.5,gf,0.275,mm,OK,--,9:44:17 AM,11/29/2025,
112,39.6,gf,0.275,mm,OK,--,9:44:17 AM,11/29/2025,
113,39.6,gf,0.280,mm,OK,--,9:44:18 AM,11/29/2025,
114,39.5,gf,0.280,mm,OK,--,9:44:18 AM,11/29/2025,
115,39.4,gf,0.285,mm,OK,--,9:44:18 AM,11/29/2025,
116,39.4,gf,0.290,mm,OK,--,9:44:18 AM,11/29/2025,
117,39.5,gf,0.290,mm,OK,--,9:44:18 AM,11/29/2025,
118,39.5,gf,0.295,mm,OK,--,9:44:18 AM,11/29/2025,
119,39.7,gf,0.300,mm,OK,--,9:44:18 AM,11/29/2025,
120,39.5,gf,0.305,mm,OK,--,9:44:18 AM,11/29/2025,
121,39.5,gf,0.310,mm,OK,--,9:44:18 AM,11/29/2025,
122,39.6,gf,0.310,mm,OK,--,9:44:18 AM,11/29/2025,
123,39.6,gf,0.315,mm,OK,--,9:44:19 AM,11/29/2025,
124,39.4,gf,0.320,mm,OK,--,9:44:19 AM,11/29/2025,
125,39.3,gf,0.320,mm,OK,--,9:44:19 AM,11/29/2025,
126,39.3,gf,0.320,mm,OK,--,9:44:19 AM,11/29/2025,
127,39.5,gf,0.325,mm,OK,--,9:44:19 AM,11/29/2025,
128,39.5,gf,0.325,mm,OK,--,9:44:19 AM,11/29/2025,
129,39.5,gf,0.330,mm,OK,--,9:44:19 AM,11/29/2025,
130,39.7,gf,0.330,mm,OK,--,9:44:19 AM,11/29/2025,
131,39.8,gf,0.335,mm,OK,--,9:44:19 AM,11/29/2025,
132,39.7,gf,0.340,mm,OK,--,9:44:20 AM,11/29/2025,
133,39.5,gf,0.345,mm,OK,--,9:44:20 AM,11/29/2025,
134,39.7,gf,0.350,mm,OK,--,9:44:20 AM,11/29/2025,
135,39.7,gf,0.355,mm,OK,--,9:44:20 AM,11/29/2025,
136,39.6,gf,0.355,mm,OK,--,9:44:20 AM,11/29/2025,
137,39.6,gf,0.360,mm,OK,--,9:44:20 AM,11/29/2025,
138,39.7,gf,0.360,mm,OK,--,9:44:20 AM,11/29/2025,
139,39.9,gf,0.365,mm,OK,--,9:44:20 AM,11/29/2025,
140,40.0,gf,0.370,mm,OK,--,9:44:20 AM,11/29/2025,
141,39.9,gf,0.370,mm,OK,--,9:44:20 AM,11/29/2025,
142,40.0,gf,0.375,mm,OK,--,9:44:20 AM,11/29/2025,
143,40.1,gf,0.380,mm,OK,--,9:44:21 AM,11/29/2025,
144,40.2,gf,0.385,mm,OK,--,9:44:21 AM,11/29/2025,
145,40.2,gf,0.385,mm,OK,--,9:44:21 AM,11/29/2025,
146,40.2,gf,0.390,mm,OK,--,9:44:21 AM,11/29/2025,
147,40.3,gf,0.395,mm,OK,--,9:44:21 AM,11/29/2025,
148,40.5,gf,0.395,mm,OK,--,9:44:21 AM,11/29/2025,
149,40.5,gf,0.400,mm,OK,--,9:44:21 AM,11/29/2025,
150,40.3,gf,0.405,mm,OK,--,9:44:21 AM,11/29/2025,
151,40.1,gf,0.410,mm,OK,--,9:44:21 AM,11/29/2025,
152,40.1,gf,0.415,mm,OK,--,9:44:21 AM,11/29/2025,
153,40.2,gf,0.425,mm,OK,--,9:44:22 AM,11/29/2025,
154,40.2,gf,0.430,mm,OK,--,9:44:22 AM,11/29/2025,
155,40.1,gf,0.435,mm,OK,--,9:44:22 AM,11/29/2025,
156,40.0,gf,0.440,mm,OK,--,9:44:22 AM,11/29/2025,
157,40.1,gf,0.445,mm,OK,--,9:44:22 AM,11/29/2025,
158,40.2,gf,0.445,mm,OK,--,9:44:22 AM,11/29/2025,
159,40.1,gf,0.450,mm,OK,--,9:44:22 AM,11/29/2025,
160,40.1,gf,0.455,mm,OK,--,9:44:22 AM,11/29/2025,
161,40.1,gf,0.455,mm,OK,--,9:44:22 AM,11/29/2025,
162,40.1,gf,0.460,mm,OK,--,9:44:22 AM,11/29/2025,
163,40.1,gf,0.460,mm,OK,--,9:44:23 AM,11/29/2025,
164,40.2,gf,0.465,mm,OK,--,9:44:23 AM,11/29/2025,
165,40.2,gf,0.470,mm,OK,--,9:44:23 AM,11/29/2025,
166,40.2,gf,0.475,mm,OK,--,9:44:23 AM,11/29/2025,
167,40.2,gf,0.480,mm,OK,--,9:44:23 AM,11/29/2025,
168,40.4,gf,0.480,mm,OK,--,9:44:23 AM,11/29/2025,
169,40.4,gf,0.485,mm,OK,--,9:44:23 AM,11/29/2025,
170,40.5,gf,0.490,mm,OK,--,9:44:23 AM,11/29/2025,
171,40.6,gf,0.490,mm,OK,--,9:44:23 AM,11/29/2025,
172,40.5,gf,0.495,mm,OK,--,9:44:23 AM,11/29/2025,
173,40.5,gf,0.500,mm,OK,--,9:44:24 AM,11/29/2025,
174,40.5,gf,0.505,mm,OK,--,9:44:24 AM,11/29/2025,
175,40.6,gf,0.510,mm,OK,--,9:44:24 AM,11/29/2025,
176,40.5,gf,0.515,mm,OK,--,9:44:24 AM,11/29/2025,
177,40.5,gf,0.520,mm,OK,--,9:44:24 AM,11/29/2025,
178,40.5,gf,0.525,mm,OK,--,9:44:24 AM,11/29/2025,
179,40.3,gf,0.525,mm,OK,--,9:44:24 AM,11/29/2025,
180,40.4,gf,0.530,mm,OK,--,9:44:24 AM,11/29/2025,
181,40.6,gf,0.535,mm,OK,--,9:44:24 AM,11/29/2025,
182,40.5,gf,0.545,mm,OK,--,9:44:24 AM,11/29/2025,
183,40.7,gf,0.545,mm,OK,--,9:44:25 AM,11/29/2025,
184,40.9,gf,0.550,mm,OK,--,9:44:25 AM,11/29/2025,
185,41.1,gf,0.555,mm,OK,--,9:44:25 AM,11/29/2025,
186,41.2,gf,0.555,mm,OK,--,9:44:25 AM,11/29/2025,
187,41.3,gf,0.560,mm,OK,--,9:44:25 AM,11/29/2025,
188,41.2,gf,0.565,mm,OK,--,9:44:25 AM,11/29/2025,
189,41.2,gf,0.565,mm,OK,--,9:44:25 AM,11/29/2025,
190,41.2,gf,0.570,mm,OK,--,9:44:25 AM,11/29/2025,
191,41.0,gf,0.570,mm,OK,--,9:44:25 AM,11/29/2025,
192,41.0,gf,0.575,mm,OK,--,9:44:25 AM,11/29/2025,
193,40.9,gf,0.575,mm,OK,--,9:44:26 AM,11/29/2025,
194,40.9,gf,0.580,mm,OK,--,9:44:26 AM,11/29/2025,
195,40.7,gf,0.580,mm,OK,--,9:44:26 AM,11/29/2025,
196,40.7,gf,0.585,mm,OK,--,9:44:26 AM,11/29/2025,
197,40.7,gf,0.585,mm,OK,--,9:44:26 AM,11/29/2025,
198,40.7,gf,0.590,mm,OK,--,9:44:26 AM,11/29/2025,
199,40.7,gf,0.590,mm,OK,--,9:44:26 AM,11/29/2025,
200,40.9,gf,0.595,mm,OK,--,9:44:26 AM,11/29/2025,
201,40.6,gf,0.595,mm,OK,--,9:44:26 AM,11/29/2025,
202,40.5,gf,0.595,mm,OK,--,9:44:26 AM,11/29/2025,
203,40.7,gf,0.600,mm,OK,--,9:44:27 AM,11/29/2025,
204,40.7,gf,0.600,mm,OK,--,9:44:27 AM,11/29/2025,
205,40.6,gf,0.605,mm,OK,--,9:44:27 AM,11/29/2025,
206,40.5,gf,0.605,mm,OK,--,9:44:27 AM,11/29/2025,
207,40.4,gf,0.605,mm,OK,--,9:44:27 AM,11/29/2025,
208,40.4,gf,0.610,mm,OK,--,9:44:27 AM,11/29/2025,
209,40.4,gf,0.610,mm,OK,--,9:44:27 AM,11/29/2025,
210,40.3,gf,0.610,mm,OK,--,9:44:27 AM,11/29/2025,
211,40.1,gf,0.610,mm,OK,--,9:44:27 AM,11/29/2025,
212,40.0,gf,0.610,mm,OK,--,9:44:27 AM,11/29/2025,
213,40.0,gf,0.610,mm,OK,--,9:44:28 AM,11/29/2025,
214,40.0,gf,0.610,mm,OK,--,9:44:28 AM,11/29/2025,
215,40.0,gf,0.610,mm,OK,--,9:44:28 AM,11/29/2025,
216,40.1,gf,0.610,mm,OK,--,9:44:28 AM,11/29/2025,
217,40.3,gf,0.610,mm,OK,--,9:44:28 AM,11/29/2025,
218,40.4,gf,0.610,mm,OK,--,9:44:28 AM,11/29/2025,
219,40.6,gf,0.610,mm,OK,--,9:44:28 AM,11/29/2025,
220,40.6,gf,0.615,mm,OK,--,9:44:28 AM,11/29/2025,
221,40.6,gf,0.615,mm,OK,--,9:44:28 AM,11/29/2025,
222,40.6,gf,0.615,mm,OK,--,9:44:28 AM,11/29/2025,
223,40.6,gf,0.615,mm,OK,--,9:44:29 AM,11/29/2025,
224,40.4,gf,0.615,mm,OK,--,9:44:29 AM,11/29/2025,
225,40.4,gf,0.615,mm,OK,--,9:44:29 AM,11/29/2025,
226,40.3,gf,0.620,mm,OK,--,9:44:29 AM,11/29/2025,
227,40.3,gf,0.620,mm,OK,--,9:44:29 AM,11/29/2025,
228,40.4,gf,0.620,mm,OK,--,9:44:29 AM,11/29/2025,
229,40.4,gf,0.620,mm,OK,--,9:44:29 AM,11/29/2025,
230,40.4,gf,0.620,mm,OK,--,9:44:29 AM,11/29/2025,
231,40.4,gf,0.620,mm,OK,--,9:44:29 AM,11/29/2025,
232,40.5,gf,0.620,mm,OK,--,9:44:29 AM,11/29/2025,
233,40.5,gf,0.620,mm,OK,--,9:44:30 AM,11/29/2025,
234,40.5,gf,0.620,mm,OK,--,9:44:30 AM,11/29/2025,
235,40.5,gf,0.625,mm,OK,--,9:44:30 AM,11/29/2025,
236,40.4,gf,0.625,mm,OK,--,9:44:30 AM,11/29/2025,
237,40.6,gf,0.625,mm,OK,--,9:44:30 AM,11/29/2025,
238,40.7,gf,0.625,mm,OK,--,9:44:30 AM,11/29/2025,
239,40.7,gf,0.625,mm,OK,--,9:44:30 AM,11/29/2025,
240,40.6,gf,0.625,mm,OK,--,9:44:30 AM,11/29/2025,
241,40.7,gf,0.625,mm,OK,--,9:44:30 AM,11/29/2025,
242,40.7,gf,0.630,mm,OK,--,9:44:30 AM,11/29/2025,
243,41.0,gf,0.630,mm,OK,--,9:44:31 AM,11/29/2025,
244,41.0,gf,0.635,mm,OK,--,9:44:31 AM,11/29/2025,
245,41.0,gf,0.635,mm,OK,--,9:44:31 AM,11/29/2025,
246,41.0,gf,0.640,mm,OK,--,9:44:31 AM,11/29/2025,
247,41.1,gf,0.650,mm,OK,--,9:44:31 AM,11/29/2025,
248,41.0,gf,0.655,mm,OK,--,9:44:31 AM,11/29/2025,
249,41.0,gf,0.665,mm,OK,--,9:44:31 AM,11/29/2025,
250,40.7,gf,0.670,mm,OK,--,9:44:31 AM,11/29/2025,
251,41.1,gf,0.675,mm,OK,--,9:44:31 AM,11/29/2025,
252,41.2,gf,0.690,mm,OK,--,9:44:31 AM,11/29/2025,
253,41.2,gf,0.700,mm,OK,--,9:44:32 AM,11/29/2025,
254,41.3,gf,0.705,mm,OK,--,9:44:32 AM,11/29/2025,
255,41.2,gf,0.710,mm,OK,--,9:44:32 AM,11/29/2025,
256,41.3,gf,0.715,mm,OK,--,9:44:32 AM,11/29/2025,
257,41.2,gf,0.720,mm,OK,--,9:44:32 AM,11/29/2025,
258,41.3,gf,0.725,mm,OK,--,9:44:32 AM,11/29/2025,
259,41.6,gf,0.730,mm,OK,--,9:44:32 AM,11/29/2025,
260,41.7,gf,0.735,mm,OK,--,9:44:32 AM,11/29/2025,
261,41.7,gf,0.740,mm,OK,--,9:44:32 AM,11/29/2025,
262,41.7,gf,0.745,mm,OK,--,9:44:32 AM,11/29/2025,
263,41.7,gf,0.750,mm,OK,--,9:44:33 AM,11/29/2025,
264,41.8,gf,0.760,mm,OK,--,9:44:33 AM,11/29/2025,
265,41.7,gf,0.770,mm,OK,--,9:44:33 AM,11/29/2025,
266,41.7,gf,0.780,mm,OK,--,9:44:33 AM,11/29/2025,
267,41.8,gf,0.785,mm,OK,--,9:44:33 AM,11/29/2025,
268,41.9,gf,0.785,mm,OK,--,9:44:33 AM,11/29/2025,
269,42.0,gf,0.790,mm,OK,--,9:44:33 AM,11/29/2025,
270,42.0,gf,0.795,mm,OK,--,9:44:33 AM,11/29/2025,
271,41.7,gf,0.800,mm,OK,--,9:44:33 AM,11/29/2025,
272,41.6,gf,0.805,mm,OK,--,9:44:33 AM,11/29/2025,
273,41.8,gf,0.805,mm,OK,--,9:44:34 AM,11/29/2025,
274,42.0,gf,0.810,mm,OK,--,9:44:34 AM,11/29/2025,
275,42.1,gf,0.815,mm,OK,--,9:44:34 AM,11/29/2025,
276,42.0,gf,0.815,mm,OK,--,9:44:34 AM,11/29/2025,
277,41.9,gf,0.820,mm,OK,--,9:44:34 AM,11/29/2025,
278,41.9,gf,0.825,mm,OK,--,9:44:34 AM,11/29/2025,
279,42.0,gf,0.830,mm,OK,--,9:44:34 AM,11/29/2025,
280,41.9,gf,0.830,mm,OK,--,9:44:34 AM,11/29/2025,
281,41.9,gf,0.835,mm,OK,--,9:44:34 AM,11/29/2025,
282,41.8,gf,0.835,mm,OK,--,9:44:34 AM,11/29/2025,
283,41.6,gf,0.840,mm,OK,--,9:44:35 AM,11/29/2025,
284,41.3,gf,0.845,mm,OK,--,9:44:35 AM,11/29/2025,
285,41.3,gf,0.845,mm,OK,--,9:44:35 AM,11/29/2025,
286,41.3,gf,0.850,mm,OK,--,9:44:35 AM,11/29/2025,
287,41.2,gf,0.850,mm,OK,--,9:44:35 AM,11/29/2025,
288,41.5,gf,0.855,mm,OK,--,9:44:35 AM,11/29/2025,
289,41.5,gf,0.860,mm,OK,--,9:44:35 AM,11/29/2025,
290,41.7,gf,0.860,mm,OK,--,9:44:35 AM,11/29/2025,
291,41.7,gf,0.865,mm,OK,--,9:44:35 AM,11/29/2025,
292,41.7,gf,0.870,mm,OK,--,9:44:35 AM,11/29/2025,
293,41.7,gf,0.875,mm,OK,--,9:44:36 AM,11/29/2025,
294,41.8,gf,0.880,mm,OK,--,9:44:36 AM,11/29/2025,
295,41.8,gf,0.880,mm,OK,--,9:44:36 AM,11/29/2025,
296,41.7,gf,0.885,mm,OK,--,9:44:36 AM,11/29/2025,
297,41.7,gf,0.890,mm,OK,--,9:44:36 AM,11/29/2025,
298,41.8,gf,0.890,mm,OK,--,9:44:36 AM,11/29/2025,
299,41.8,gf,0.895,mm,OK,--,9:44:36 AM,11/29/2025,
300,41.9,gf,0.900,mm,OK,--,9:44:36 AM,11/29/2025,
301,41.9,gf,0.910,mm,OK,--,9:44:36 AM,11/29/2025,
302,41.9,gf,0.915,mm,OK,--,9:44:36 AM,11/29/2025,
303,41.9,gf,0.920,mm,OK,--,9:44:37 AM,11/29/2025,
304,41.9,gf,0.925,mm,OK,--,9:44:37 AM,11/29/2025,
305,42.0,gf,0.930,mm,OK,--,9:44:37 AM,11/29/2025,
306,42.2,gf,0.940,mm,OK,--,9:44:37 AM,11/29/2025,
307,42.2,gf,0.945,mm,OK,--,9:44:37 AM,11/29/2025,
308,42.2,gf,0.950,mm,OK,--,9:44:37 AM,11/29/2025,
309,42.2,gf,0.955,mm,OK,--,9:44:37 AM,11/29/2025,
310,42.1,gf,0.960,mm,OK,--,9:44:37 AM,11/29/2025,
311,42.1,gf,0.960,mm,OK,--,9:44:37 AM,11/29/2025,
312,42.3,gf,0.965,mm,OK,--,9:44:37 AM,11/29/2025,
313,42.0,gf,0.975,mm,OK,--,9:44:38 AM,11/29/2025,
314,42.0,gf,0.975,mm,OK,--,9:44:38 AM,11/29/2025,
315,42.0,gf,0.980,mm,OK,--,9:44:38 AM,11/29/2025,
316,42.0,gf,0.985,mm,OK,--,9:44:38 AM,11/29/2025,
317,42.1,gf,0.990,mm,OK,--,9:44:38 AM,11/29/2025,
318,42.4,gf,0.995,mm,OK,--,9:44:38 AM,11/29/2025,
319,42.5,gf,1.000,mm,OK,--,9:44:38 AM,11/29/2025,
320,42.4,gf,1.005,mm,OK,--,9:44:38 AM,11/29/2025,
321,42.6,gf,1.015,mm,OK,--,9:44:38 AM,11/29/2025,
322,42.4,gf,1.020,mm,OK,--,9:44:38 AM,11/29/2025,
323,42.5,gf,1.025,mm,OK,--,9:44:39 AM,11/29/2025,
324,42.6,gf,1.030,mm,OK,--,9:44:39 AM,11/29/2025,
325,42.3,gf,1.035,mm,OK,--,9:44:39 AM,11/29/2025,
326,42.4,gf,1.035,mm,OK,--,9:44:39 AM,11/29/2025,
327,42.6,gf,1.040,mm,OK,--,9:44:39 AM,11/29/2025,
328,42.8,gf,1.045,mm,OK,--,9:44:39 AM,11/29/2025,
329,42.9,gf,1.050,mm,OK,--,9:44:39 AM,11/29/2025,
330,43.0,gf,1.060,mm,OK,--,9:44:39 AM,11/29/2025,
331,42.8,gf,1.070,mm,OK,--,9:44:39 AM,11/29/2025,
332,42.9,gf,1.080,mm,OK,--,9:44:39 AM,11/29/2025,
333,42.8,gf,1.085,mm,OK,--,9:44:40 AM,11/29/2025,
334,42.8,gf,1.095,mm,OK,--,9:44:40 AM,11/29/2025,
335,42.9,gf,1.105,mm,OK,--,9:44:40 AM,11/29/2025,
336,43.0,gf,1.110,mm,OK,--,9:44:40 AM,11/29/2025,
337,42.9,gf,1.120,mm,OK,--,9:44:40 AM,11/29/2025,
338,42.9,gf,1.125,mm,OK,--,9:44:40 AM,11/29/2025,
339,42.9,gf,1.130,mm,OK,--,9:44:40 AM,11/29/2025,
340,43.0,gf,1.135,mm,OK,--,9:44:40 AM,11/29/2025,
341,43.0,gf,1.145,mm,OK,--,9:44:40 AM,11/29/2025,
342,43.0,gf,1.150,mm,OK,--,9:44:40 AM,11/29/2025,
343,43.0,gf,1.155,mm,OK,--,9:44:41 AM,11/29/2025,
344,43.0,gf,1.165,mm,OK,--,9:44:41 AM,11/29/2025,
345,43.2,gf,1.170,mm,OK,--,9:44:41 AM,11/29/2025,
346,43.1,gf,1.175,mm,OK,--,9:44:41 AM,11/29/2025,
347,43.1,gf,1.180,mm,OK,--,9:44:41 AM,11/29/2025,
348,43.0,gf,1.190,mm,OK,--,9:44:41 AM,11/29/2025,
349,43.2,gf,1.195,mm,OK,--,9:44:41 AM,11/29/2025,
350,43.1,gf,1.205,mm,OK,--,9:44:41 AM,11/29/2025,
351,43.0,gf,1.215,mm,OK,--,9:44:41 AM,11/29/2025,
352,43.1,gf,1.220,mm,OK,--,9:44:41 AM,11/29/2025,
353,43.2,gf,1.225,mm,OK,--,9:44:42 AM,11/29/2025,
354,43.4,gf,1.230,mm,OK,--,9:44:42 AM,11/29/2025,
355,43.5,gf,1.235,mm,OK,--,9:44:42 AM,11/29/2025,
356,43.5,gf,1.240,mm,OK,--,9:44:42 AM,11/29/2025,
357,43.6,gf,1.240,mm,OK,--,9:44:42 AM,11/29/2025,
358,43.5,gf,1.245,mm,OK,--,9:44:42 AM,11/29/2025,
359,43.3,gf,1.245,mm,OK,--,9:44:42 AM,11/29/2025,
360,43.1,gf,1.250,mm,OK,--,9:44:42 AM,11/29/2025,
361,43.2,gf,1.255,mm,OK,--,9:44:42 AM,11/29/2025,
362,43.3,gf,1.260,mm,OK,--,9:44:42 AM,11/29/2025,
363,43.3,gf,1.260,mm,OK,--,9:44:43 AM,11/29/2025,
364,43.3,gf,1.265,mm,OK,--,9:44:43 AM,11/29/2025,
365,43.4,gf,1.270,mm,OK,--,9:44:43 AM,11/29/2025,
366,43.3,gf,1.275,mm,OK,--,9:44:43 AM,11/29/2025,
367,43.3,gf,1.280,mm,OK,--,9:44:43 AM,11/29/2025,
368,43.3,gf,1.280,mm,OK,--,9:44:43 AM,11/29/2025,
369,43.3,gf,1.285,mm,OK,--,9:44:43 AM,11/29/2025,
370,43.4,gf,1.290,mm,OK,--,9:44:43 AM,11/29/2025,
371,43.4,gf,1.290,mm,OK,--,9:44:43 AM,11/29/2025,
372,43.4,gf,1.295,mm,OK,--,9:44:43 AM,11/29/2025,
373,43.4,gf,1.295,mm,OK,--,9:44:44 AM,11/29/2025,
374,43.5,gf,1.300,mm,OK,--,9:44:44 AM,11/29/2025,
375,43.4,gf,1.300,mm,OK,--,9:44:44 AM,11/29/2025,
376,43.3,gf,1.305,mm,OK,--,9:44:44 AM,11/29/2025,
377,43.4,gf,1.310,mm,OK,--,9:44:44 AM,11/29/2025,
378,43.4,gf,1.310,mm,OK,--,9:44:44 AM,11/29/2025,
379,43.4,gf,1.315,mm,OK,--,9:44:44 AM,11/29/2025,
380,43.4,gf,1.315,mm,OK,--,9:44:44 AM,11/29/2025,
381,43.4,gf,1.320,mm,OK,--,9:44:44 AM,11/29/2025,
382,43.5,gf,1.325,mm,OK,--,9:44:44 AM,11/29/2025,
383,43.5,gf,1.330,mm,OK,--,9:44:45 AM,11/29/2025,
384,43.4,gf,1.335,mm,OK,--,9:44:45 AM,11/29/2025,
385,43.4,gf,1.345,mm,OK,--,9:44:45 AM,11/29/2025,
386,43.3,gf,1.350,mm,OK,--,9:44:45 AM,11/29/2025,
387,43.4,gf,1.350,mm,OK,--,9:44:45 AM,11/29/2025,
388,43.4,gf,1.355,mm,OK,--,9:44:45 AM,11/29/2025,
389,43.4,gf,1.355,mm,OK,--,9:44:45 AM,11/29/2025,
390,43.4,gf,1.360,mm,OK,--,9:44:45 AM,11/29/2025,
391,43.4,gf,1.365,mm,OK,--,9:44:45 AM,11/29/2025,
392,43.4,gf,1.365,mm,OK,--,9:44:45 AM,11/29/2025,
393,43.4,gf,1.365,mm,OK,--,9:44:46 AM,11/29/2025,
394,43.5,gf,1.370,mm,OK,--,9:44:46 AM,11/29/2025,
395,43.5,gf,1.370,mm,OK,--,9:44:46 AM,11/29/2025,
396,43.5,gf,1.375,mm,OK,--,9:44:46 AM,11/29/2025,
397,43.6,gf,1.375,mm,OK,--,9:44:46 AM,11/29/2025,
398,43.7,gf,1.380,mm,OK,--,9:44:46 AM,11/29/2025,
399,43.7,gf,1.390,mm,OK,--,9:44:46 AM,11/29/2025,
400,43.8,gf,1.395,mm,OK,--,9:44:46 AM,11/29/2025,
401,43.8,gf,1.405,mm,OK,--,9:44:46 AM,11/29/2025,
402,43.8,gf,1.410,mm,OK,--,9:44:46 AM,11/29/2025,
403,43.9,gf,1.415,mm,OK,--,9:44:47 AM,11/29/2025,
404,43.9,gf,1.420,mm,OK,--,9:44:47 AM,11/29/2025,
405,43.9,gf,1.425,mm,OK,--,9:44:47 AM,11/29/2025,
406,43.9,gf,1.430,mm,OK,--,9:44:47 AM,11/29/2025,
407,43.9,gf,1.435,mm,OK,--,9:44:47 AM,11/29/2025,
408,43.9,gf,1.440,mm,OK,--,9:44:47 AM,11/29/2025,
409,43.9,gf,1.445,mm,OK,--,9:44:47 AM,11/29/2025,
410,43.9,gf,1.450,mm,OK,--,9:44:47 AM,11/29/2025,
411,43.9,gf,1.455,mm,OK,--,9:44:47 AM,11/29/2025,
412,43.9,gf,1.460,mm,OK,--,9:44:47 AM,11/29/2025,
413,44.0,gf,1.470,mm,OK,--,9:44:48 AM,11/29/2025,
414,44.1,gf,1.475,mm,OK,--,9:44:48 AM,11/29/2025,
415,44.1,gf,1.480,mm,OK,--,9:44:48 AM,11/29/2025,
416,44.1,gf,1.485,mm,OK,--,9:44:48 AM,11/29/2025,
417,44.2,gf,1.490,mm,OK,--,9:44:48 AM,11/29/2025,
418,44.1,gf,1.495,mm,OK,--,9:44:48 AM,11/29/2025,
419,44.2,gf,1.500,mm,OK,--,9:44:48 AM,11/29/2025,
420,44.2,gf,1.505,mm,OK,--,9:44:48 AM,11/29/2025,
421,44.2,gf,1.515,mm,OK,--,9:44:48 AM,11/29/2025,
422,44.2,gf,1.520,mm,OK,--,9:44:48 AM,11/29/2025,
423,44.4,gf,1.525,mm,OK,--,9:44:49 AM,11/29/2025,
424,44.5,gf,1.530,mm,OK,--,9:44:49 AM,11/29/2025,
425,44.6,gf,1.530,mm,OK,--,9:44:49 AM,11/29/2025,
426,44.6,gf,1.535,mm,OK,--,9:44:49 AM,11/29/2025,
427,44.7,gf,1.540,mm,OK,--,9:44:49 AM,11/29/2025,
428,44.7,gf,1.545,mm,OK,--,9:44:49 AM,11/29/2025,
429,44.7,gf,1.545,mm,OK,--,9:44:49 AM,11/29/2025,
430,44.7,gf,1.550,mm,OK,--,9:44:49 AM,11/29/2025,
431,44.8,gf,1.555,mm,OK,--,9:44:49 AM,11/29/2025,
432,44.8,gf,1.555,mm,OK,--,9:44:49 AM,11/29/2025,
433,44.9,gf,1.560,mm,OK,--,9:44:50 AM,11/29/2025,
434,44.9,gf,1.565,mm,OK,--,9:44:50 AM,11/29/2025,
435,44.9,gf,1.565,mm,OK,--,9:44:50 AM,11/29/2025,
436,45.0,gf,1.575,mm,OK,--,9:44:50 AM,11/29/2025,
437,45.0,gf,1.580,mm,OK,--,9:44:50 AM,11/29/2025,
438,45.0,gf,1.585,mm,OK,--,9:44:50 AM,11/29/2025,
439,44.9,gf,1.595,mm,OK,--,9:44:50 AM,11/29/2025,
440,44.9,gf,1.600,mm,OK,--,9:44:50 AM,11/29/2025,
441,45.0,gf,1.605,mm,OK,--,9:44:50 AM,11/29/2025,
442,45.1,gf,1.615,mm,OK,--,9:44:50 AM,11/29/2025,
443,45.1,gf,1.625,mm,OK,--,9:44:51 AM,11/29/2025,
444,45.1,gf,1.630,mm,OK,--,9:44:51 AM,11/29/2025,
445,45.2,gf,1.640,mm,OK,--,9:44:51 AM,11/29/2025,
446,45.2,gf,1.650,mm,OK,--,9:44:51 AM,11/29/2025,
447,45.3,gf,1.655,mm,OK,--,9:44:51 AM,11/29/2025,
448,45.3,gf,1.660,mm,OK,--,9:44:51 AM,11/29/2025,
449,45.3,gf,1.670,mm,OK,--,9:44:51 AM,11/29/2025,
450,45.2,gf,1.680,mm,OK,--,9:44:51 AM,11/29/2025,
451,45.3,gf,1.685,mm,OK,--,9:44:51 AM,11/29/2025,
452,45.3,gf,1.695,mm,OK,--,9:44:51 AM,11/29/2025,
453,45.4,gf,1.705,mm,OK,--,9:44:52 AM,11/29/2025,
454,45.3,gf,1.715,mm,OK,--,9:44:52 AM,11/29/2025,
455,45.4,gf,1.720,mm,OK,--,9:44:52 AM,11/29/2025,
456,45.4,gf,1.725,mm,OK,--,9:44:52 AM,11/29/2025,
457,45.5,gf,1.730,mm,OK,--,9:44:52 AM,11/29/2025,
458,45.5,gf,1.735,mm,OK,--,9:44:52 AM,11/29/2025,
459,45.5,gf,1.740,mm,OK,--,9:44:52 AM,11/29/2025,
460,45.5,gf,1.745,mm,OK,--,9:44:52 AM,11/29/2025,
461,45.6,gf,1.750,mm,OK,--,9:44:52 AM,11/29/2025,
462,45.6,gf,1.755,mm,OK,--,9:44:52 AM,11/29/2025,
463,45.6,gf,1.760,mm,OK,--,9:44:53 AM,11/29/2025,
464,45.6,gf,1.765,mm,OK,--,9:44:53 AM,11/29/2025,
465,45.6,gf,1.770,mm,OK,--,9:44:53 AM,11/29/2025,
466,45.7,gf,1.770,mm,OK,--,9:44:53 AM,11/29/2025,
467,45.6,gf,1.775,mm,OK,--,9:44:53 AM,11/29/2025,
468,45.6,gf,1.775,mm,OK,--,9:44:53 AM,11/29/2025,
469,45.6,gf,1.780,mm,OK,--,9:44:53 AM,11/29/2025,
470,45.7,gf,1.780,mm,OK,--,9:44:53 AM,11/29/2025,
471,45.7,gf,1.785,mm,OK,--,9:44:53 AM,11/29/2025,
472,45.7,gf,1.790,mm,OK,--,9:44:53 AM,11/29/2025,
473,45.7,gf,1.790,mm,OK,--,9:44:54 AM,11/29/2025,
474,45.8,gf,1.795,mm,OK,--,9:44:54 AM,11/29/2025,
475,45.8,gf,1.800,mm,OK,--,9:44:54 AM,11/29/2025,
476,45.8,gf,1.805,mm,OK,--,9:44:54 AM,11/29/2025,
477,45.9,gf,1.810,mm,OK,--,9:44:54 AM,11/29/2025,
478,45.9,gf,1.815,mm,OK,--,9:44:54 AM,11/29/2025,
479,45.9,gf,1.820,mm,OK,--,9:44:54 AM,11/29/2025,
480,45.9,gf,1.825,mm,OK,--,9:44:54 AM,11/29/2025,
481,45.9,gf,1.830,mm,OK,--,9:44:54 AM,11/29/2025,
482,46.0,gf,1.835,mm,OK,--,9:44:54 AM,11/29/2025,
483,46.0,gf,1.840,mm,OK,--,9:44:55 AM,11/29/2025,
484,46.0,gf,1.845,mm,OK,--,9:44:55 AM,11/29/2025,
485,46.0,gf,1.850,mm,OK,--,9:44:55 AM,11/29/2025,
486,46.1,gf,1.860,mm,OK,--,9:44:55 AM,11/29/2025,
487,46.1,gf,1.865,mm,OK,--,9:44:55 AM,11/29/2025,
488,46.2,gf,1.865,mm,OK,--,9:44:55 AM,11/29/2025,
489,46.2,gf,1.875,mm,OK,--,9:44:55 AM,11/29/2025,
490,46.2,gf,1.880,mm,OK,--,9:44:55 AM,11/29/2025,
491,46.2,gf,1.885,mm,OK,--,9:44:55 AM,11/29/2025,
492,46.2,gf,1.900,mm,OK,--,9:44:55 AM,11/29/2025,
493,46.3,gf,1.910,mm,OK,--,9:44:56 AM,11/29/2025,
494,46.3,gf,1.920,mm,OK,--,9:44:56 AM,11/29/2025,
495,46.2,gf,1.930,mm,OK,--,9:44:56 AM,11/29/2025,
496,46.3,gf,1.940,mm,OK,--,9:44:56 AM,11/29/2025,
497,46.3,gf,1.945,mm,OK,--,9:44:56 AM,11/29/2025,
498,46.3,gf,1.950,mm,OK,--,9:44:56 AM,11/29/2025,
499,46.4,gf,1.960,mm,OK,--,9:44:56 AM,11/29/2025,
500,46.4,gf,1.965,mm,OK,--,9:44:56 AM,11/29/2025,
501,46.4,gf,1.970,mm,OK,--,9:44:56 AM,11/29/2025,
502,46.4,gf,1.975,mm,OK,--,9:44:56 AM,11/29/2025,
503,46.4,gf,1.975,mm,OK,--,9:44:57 AM,11/29/2025,
504,46.4,gf,1.980,mm,OK,--,9:44:57 AM,11/29/2025,
505,46.4,gf,1.980,mm,OK,--,9:44:57 AM,11/29/2025,
506,46.5,gf,1.985,mm,OK,--,9:44:57 AM,11/29/2025,
507,46.5,gf,1.985,mm,OK,--,9:44:57 AM,11/29/2025,
508,46.5,gf,1.990,mm,OK,--,9:44:57 AM,11/29/2025,
509,46.5,gf,1.990,mm,OK,--,9:44:57 AM,11/29/2025,
510,46.5,gf,1.995,mm,OK,--,9:44:57 AM,11/29/2025,
511,46.6,gf,1.995,mm,OK,--,9:44:57 AM,11/29/2025,
512,46.6,gf,1.995,mm,OK,--,9:44:57 AM,11/29/2025,
513,46.6,gf,2.000,mm,OK,--,9:44:58 AM,11/29/2025,
514,46.7,gf,2.005,mm,OK,--,9:44:58 AM,11/29/2025,
515,46.6,gf,2.010,mm,OK,--,9:44:58 AM,11/29/2025,
516,46.6,gf,2.015,mm,OK,--,9:44:58 AM,11/29/2025,
517,46.6,gf,2.020,mm,OK,--,9:44:58 AM,11/29/2025,
518,46.7,gf,2.025,mm,OK,--,9:44:58 AM,11/29/2025,
519,46.7,gf,2.035,mm,OK,--,9:44:58 AM,11/29/2025,
520,46.8,gf,2.050,mm,OK,--,9:44:58 AM,11/29/2025,
521,46.9,gf,2.060,mm,OK,--,9:44:58 AM,11/29/2025,
522,47.0,gf,2.065,mm,OK,--,9:44:58 AM,11/29/2025,
523,47.1,gf,2.075,mm,OK,--,9:44:59 AM,11/29/2025,
524,47.1,gf,2.085,mm,OK,--,9:44:59 AM,11/29/2025,
525,47.2,gf,2.095,mm,OK,--,9:44:59 AM,11/29/2025,
526,47.1,gf,2.105,mm,OK,--,9:44:59 AM,11/29/2025,
527,47.1,gf,2.110,mm,OK,--,9:44:59 AM,11/29/2025,
528,47.2,gf,2.115,mm,OK,--,9:44:59 AM,11/29/2025,
529,47.2,gf,2.125,mm,OK,--,9:44:59 AM,11/29/2025,
530,47.2,gf,2.130,mm,OK,--,9:44:59 AM,11/29/2025,
531,47.2,gf,2.135,mm,OK,--,9:44:59 AM,11/29/2025,
532,47.2,gf,2.140,mm,OK,--,9:44:59 AM,11/29/2025,
533,47.2,gf,2.140,mm,OK,--,9:45:00 AM,11/29/2025,
534,47.2,gf,2.145,mm,OK,--,9:45:00 AM,11/29/2025,
535,47.2,gf,2.145,mm,OK,--,9:45:00 AM,11/29/2025,
536,47.3,gf,2.150,mm,OK,--,9:45:00 AM,11/29/2025,
537,47.3,gf,2.150,mm,OK,--,9:45:00 AM,11/29/2025,
538,47.3,gf,2.155,mm,OK,--,9:45:00 AM,11/29/2025,
539,47.3,gf,2.155,mm,OK,--,9:45:00 AM,11/29/2025,
540,47.3,gf,2.160,mm,OK,--,9:45:00 AM,11/29/2025,
541,47.3,gf,2.165,mm,OK,--,9:45:00 AM,11/29/2025,
542,47.3,gf,2.170,mm,OK,--,9:45:00 AM,11/29/2025,
543,47.4,gf,2.170,mm,OK,--,9:45:01 AM,11/29/2025,
544,47.4,gf,2.175,mm,OK,--,9:45:01 AM,11/29/2025,
545,47.5,gf,2.180,mm,OK,--,9:45:01 AM,11/29/2025,
546,47.5,gf,2.185,mm,OK,--,9:45:01 AM,11/29/2025,
547,47.5,gf,2.185,mm,OK,--,9:45:01 AM,11/29/2025,
548,47.5,gf,2.190,mm,OK,--,9:45:01 AM,11/29/2025,
549,47.5,gf,2.190,mm,OK,--,9:45:01 AM,11/29/2025,
550,47.5,gf,2.190,mm,OK,--,9:45:01 AM,11/29/2025,
551,47.5,gf,2.195,mm,OK,--,9:45:01 AM,11/29/2025,
552,47.5,gf,2.195,mm,OK,--,9:45:01 AM,11/29/2025,
553,47.6,gf,2.195,mm,OK,--,9:45:02 AM,11/29/2025,
554,47.5,gf,2.200,mm,OK,--,9:45:02 AM,11/29/2025,
555,47.5,gf,2.200,mm,OK,--,9:45:02 AM,11/29/2025,
556,47.6,gf,2.200,mm,OK,--,9:45:02 AM,11/29/2025,
557,47.6,gf,2.205,mm,OK,--,9:45:02 AM,11/29/2025,
558,47.6,gf,2.205,mm,OK,--,9:45:02 AM,11/29/2025,
559,47.6,gf,2.205,mm,OK,--,9:45:02 AM,11/29/2025,
560,47.6,gf,2.210,mm,OK,--,9:45:02 AM,11/29/2025,
561,47.6,gf,2.210,mm,OK,--,9:45:02 AM,11/29/2025,
562,47.6,gf,2.210,mm,OK,--,9:45:02 AM,11/29/2025,
563,47.6,gf,2.215,mm,OK,--,9:45:03 AM,11/29/2025,
564,47.6,gf,2.215,mm,OK,--,9:45:03 AM,11/29/2025,
565,47.6,gf,2.215,mm,OK,--,9:45:03 AM,11/29/2025,
566,47.6,gf,2.220,mm,OK,--,9:45:03 AM,11/29/2025,
567,47.6,gf,2.220,mm,OK,--,9:45:03 AM,11/29/2025,
568,47.7,gf,2.225,mm,OK,--,9:45:03 AM,11/29/2025,
569,47.6,gf,2.225,mm,OK,--,9:45:03 AM,11/29/2025,
570,47.7,gf,2.230,mm,OK,--,9:45:03 AM,11/29/2025,
571,47.7,gf,2.235,mm,OK,--,9:45:03 AM,11/29/2025,
572,47.7,gf,2.240,mm,OK,--,9:45:03 AM,11/29/2025,
573,47.7,gf,2.240,mm,OK,--,9:45:04 AM,11/29/2025,
574,47.7,gf,2.245,mm,OK,--,9:45:04 AM,11/29/2025,
575,47.7,gf,2.245,mm,OK,--,9:45:04 AM,11/29/2025,
576,47.7,gf,2.250,mm,OK,--,9:45:04 AM,11/29/2025,
577,47.7,gf,2.250,mm,OK,--,9:45:04 AM,11/29/2025,
578,47.7,gf,2.255,mm,OK,--,9:45:04 AM,11/29/2025,
579,47.7,gf,2.260,mm,OK,--,9:45:04 AM,11/29/2025,
580,47.7,gf,2.265,mm,OK,--,9:45:04 AM,11/29/2025,
581,47.8,gf,2.270,mm,OK,--,9:45:04 AM,11/29/2025,
582,47.8,gf,2.275,mm,OK,--,9:45:04 AM,11/29/2025,
583,47.8,gf,2.280,mm,OK,--,9:45:05 AM,11/29/2025,
584,47.8,gf,2.285,mm,OK,--,9:45:05 AM,11/29/2025,
585,47.9,gf,2.290,mm,OK,--,9:45:05 AM,11/29/2025,
586,47.9,gf,2.295,mm,OK,--,9:45:05 AM,11/29/2025,
587,47.9,gf,2.300,mm,OK,--,9:45:05 AM,11/29/2025,
588,47.9,gf,2.300,mm,OK,--,9:45:05 AM,11/29/2025,
589,47.9,gf,2.305,mm,OK,--,9:45:05 AM,11/29/2025,
590,47.9,gf,2.310,mm,OK,--,9:45:05 AM,11/29/2025,
591,48.0,gf,2.310,mm,OK,--,9:45:05 AM,11/29/2025,
592,48.0,gf,2.315,mm,OK,--,9:45:05 AM,11/29/2025,
593,48.0,gf,2.315,mm,OK,--,9:45:06 AM,11/29/2025,
594,48.0,gf,2.320,mm,OK,--,9:45:06 AM,11/29/2025,
595,48.0,gf,2.320,mm,OK,--,9:45:06 AM,11/29/2025,
596,48.0,gf,2.320,mm,OK,--,9:45:06 AM,11/29/2025,
597,48.0,gf,2.325,mm,OK,--,9:45:06 AM,11/29/2025,
598,47.9,gf,2.325,mm,OK,--,9:45:06 AM,11/29/2025,
599,47.9,gf,2.325,mm,OK,--,9:45:06 AM,11/29/2025,
600,48.0,gf,2.325,mm,OK,--,9:45:06 AM,11/29/2025,
601,48.0,gf,2.325,mm,OK,--,9:45:06 AM,11/29/2025,
602,48.0,gf,2.325,mm,OK,--,9:45:06 AM,11/29/2025,
603,48.0,gf,2.330,mm,OK,--,9:45:07 AM,11/29/2025,
604,48.0,gf,2.330,mm,OK,--,9:45:07 AM,11/29/2025,
605,48.0,gf,2.330,mm,OK,--,9:45:07 AM,11/29/2025,
606,48.1,gf,2.335,mm,OK,--,9:45:07 AM,11/29/2025,
607,48.1,gf,2.335,mm,OK,--,9:45:07 AM,11/29/2025,
608,48.1,gf,2.340,mm,OK,--,9:45:07 AM,11/29/2025,
609,48.2,gf,2.340,mm,OK,--,9:45:07 AM,11/29/2025,
610,48.2,gf,2.345,mm,OK,--,9:45:07 AM,11/29/2025,
611,48.2,gf,2.350,mm,OK,--,9:45:07 AM,11/29/2025,
612,48.3,gf,2.355,mm,OK,--,9:45:07 AM,11/29/2025,
613,48.2,gf,2.360,mm,OK,--,9:45:08 AM,11/29/2025,
614,48.3,gf,2.370,mm,OK,--,9:45:08 AM,11/29/2025,
615,48.4,gf,2.375,mm,OK,--,9:45:08 AM,11/29/2025,
616,48.4,gf,2.390,mm,OK,--,9:45:08 AM,11/29/2025,
617,48.5,gf,2.405,mm,OK,--,9:45:08 AM,11/29/2025,
618,48.5,gf,2.420,mm,OK,--,9:45:08 AM,11/29/2025,
619,48.5,gf,2.430,mm,OK,--,9:45:08 AM,11/29/2025,
620,48.5,gf,2.435,mm,OK,--,9:45:08 AM,11/29/2025,
621,48.5,gf,2.445,mm,OK,--,9:45:08 AM,11/29/2025,
622,48.6,gf,2.455,mm,OK,--,9:45:08 AM,11/29/2025,
623,48.6,gf,2.460,mm,OK,--,9:45:09 AM,11/29/2025,
624,48.8,gf,2.470,mm,OK,--,9:45:09 AM,11/29/2025,
625,48.9,gf,2.475,mm,OK,--,9:45:09 AM,11/29/2025,
626,49.0,gf,2.480,mm,OK,--,9:45:09 AM,11/29/2025,
627,49.0,gf,2.485,mm,OK,--,9:45:09 AM,11/29/2025,
628,49.0,gf,2.485,mm,OK,--,9:45:09 AM,11/29/2025,
629,49.0,gf,2.490,mm,OK,--,9:45:09 AM,11/29/2025,
630,49.0,gf,2.495,mm,OK,--,9:45:09 AM,11/29/2025,
631,49.0,gf,2.505,mm,OK,--,9:45:09 AM,11/29/2025,
632,49.0,gf,2.510,mm,OK,--,9:45:09 AM,11/29/2025,
633,49.0,gf,2.510,mm,OK,--,9:45:10 AM,11/29/2025,
634,49.0,gf,2.515,mm,OK,--,9:45:10 AM,11/29/2025,
635,48.9,gf,2.520,mm,OK,--,9:45:10 AM,11/29/2025,
636,48.9,gf,2.525,mm,OK,--,9:45:10 AM,11/29/2025,
637,48.9,gf,2.525,mm,OK,--,9:45:10 AM,11/29/2025,
638,48.9,gf,2.530,mm,OK,--,9:45:10 AM,11/29/2025,
639,48.9,gf,2.535,mm,OK,--,9:45:10 AM,11/29/2025,
640,48.9,gf,2.540,mm,OK,--,9:45:10 AM,11/29/2025,
641,48.9,gf,2.545,mm,OK,--,9:45:10 AM,11/29/2025,
642,49.0,gf,2.550,mm,OK,--,9:45:10 AM,11/29/2025,
643,49.1,gf,2.555,mm,OK,--,9:45:11 AM,11/29/2025,
644,49.1,gf,2.555,mm,OK,--,9:45:11 AM,11/29/2025,
645,49.2,gf,2.560,mm,OK,--,9:45:11 AM,11/29/2025,
646,49.3,gf,2.565,mm,OK,--,9:45:11 AM,11/29/2025,
647,49.3,gf,2.565,mm,OK,--,9:45:11 AM,11/29/2025,
648,49.3,gf,2.570,mm,OK,--,9:45:11 AM,11/29/2025,
649,49.3,gf,2.570,mm,OK,--,9:45:11 AM,11/29/2025,
650,49.3,gf,2.575,mm,OK,--,9:45:11 AM,11/29/2025,
651,49.3,gf,2.580,mm,OK,--,9:45:11 AM,11/29/2025,
652,49.3,gf,2.585,mm,OK,--,9:45:11 AM,11/29/2025,
653,49.2,gf,2.585,mm,OK,--,9:45:12 AM,11/29/2025,
654,49.2,gf,2.590,mm,OK,--,9:45:12 AM,11/29/2025,
655,49.2,gf,2.595,mm,OK,--,9:45:12 AM,11/29/2025,
656,49.3,gf,2.600,mm,OK,--,9:45:12 AM,11/29/2025,
657,49.3,gf,2.605,mm,OK,--,9:45:12 AM,11/29/2025,
658,49.3,gf,2.610,mm,OK,--,9:45:12 AM,11/29/2025,
659,49.3,gf,2.615,mm,OK,--,9:45:12 AM,11/29/2025,
660,49.4,gf,2.620,mm,OK,--,9:45:12 AM,11/29/2025,
661,49.3,gf,2.625,mm,OK,--,9:45:12 AM,11/29/2025,
662,49.4,gf,2.625,mm,OK,--,9:45:12 AM,11/29/2025,
663,49.4,gf,2.630,mm,OK,--,9:45:13 AM,11/29/2025,
664,49.4,gf,2.630,mm,OK,--,9:45:13 AM,11/29/2025,
665,49.5,gf,2.635,mm,OK,--,9:45:13 AM,11/29/2025,
666,49.5,gf,2.640,mm,OK,--,9:45:13 AM,11/29/2025,
667,49.6,gf,2.640,mm,OK,--,9:45:13 AM,11/29/2025,
668,49.6,gf,2.645,mm,OK,--,9:45:13 AM,11/29/2025,
669,49.7,gf,2.650,mm,OK,--,9:45:13 AM,11/29/2025,
670,49.7,gf,2.650,mm,OK,--,9:45:13 AM,11/29/2025,
671,49.7,gf,2.655,mm,OK,--,9:45:13 AM,11/29/2025,
672,49.7,gf,2.660,mm,OK,--,9:45:13 AM,11/29/2025,
673,49.7,gf,2.665,mm,OK,--,9:45:14 AM,11/29/2025,
674,49.7,gf,2.670,mm,OK,--,9:45:14 AM,11/29/2025,
675,49.6,gf,2.675,mm,OK,--,9:45:14 AM,11/29/2025,
676,49.6,gf,2.680,mm,OK,--,9:45:14 AM,11/29/2025,
677,49.6,gf,2.685,mm,OK,--,9:45:14 AM,11/29/2025,
678,49.6,gf,2.690,mm,OK,--,9:45:14 AM,11/29/2025,
679,49.7,gf,2.695,mm,OK,--,9:45:14 AM,11/29/2025,
680,49.6,gf,2.700,mm,OK,--,9:45:14 AM,11/29/2025,
681,49.7,gf,2.705,mm,OK,--,9:45:14 AM,11/29/2025,
682,49.7,gf,2.710,mm,OK,--,9:45:14 AM,11/29/2025,
683,49.7,gf,2.715,mm,OK,--,9:45:15 AM,11/29/2025,
684,49.7,gf,2.725,mm,OK,--,9:45:15 AM,11/29/2025,
685,49.8,gf,2.730,mm,OK,--,9:45:15 AM,11/29/2025,
686,49.7,gf,2.730,mm,OK,--,9:45:15 AM,11/29/2025,
687,49.7,gf,2.735,mm,OK,--,9:45:15 AM,11/29/2025,
688,49.8,gf,2.740,mm,OK,--,9:45:15 AM,11/29/2025,
689,49.9,gf,2.745,mm,OK,--,9:45:15 AM,11/29/2025,
690,49.9,gf,2.750,mm,OK,--,9:45:15 AM,11/29/2025,
691,49.9,gf,2.755,mm,OK,--,9:45:15 AM,11/29/2025,
692,50.0,gf,2.760,mm,OK,--,9:45:15 AM,11/29/2025,
693,50.0,gf,2.765,mm,OK,--,9:45:16 AM,11/29/2025,
694,50.1,gf,2.765,mm,OK,--,9:45:16 AM,11/29/2025,
695,50.0,gf,2.770,mm,OK,--,9:45:16 AM,11/29/2025,
696,50.1,gf,2.775,mm,OK,--,9:45:16 AM,11/29/2025,
697,50.1,gf,2.775,mm,OK,--,9:45:16 AM,11/29/2025,
698,50.1,gf,2.780,mm,OK,--,9:45:16 AM,11/29/2025,
699,50.1,gf,2.780,mm,OK,--,9:45:16 AM,11/29/2025,
700,50.1,gf,2.785,mm,OK,--,9:45:16 AM,11/29/2025,
701,50.1,gf,2.785,mm,OK,--,9:45:16 AM,11/29/2025,
702,50.0,gf,2.790,mm,OK,--,9:45:16 AM,11/29/2025,
703,50.0,gf,2.790,mm,OK,--,9:45:17 AM,11/29/2025,
704,50.0,gf,2.790,mm,OK,--,9:45:17 AM,11/29/2025,
705,50.0,gf,2.795,mm,OK,--,9:45:17 AM,11/29/2025,
706,50.0,gf,2.800,mm,OK,--,9:45:17 AM,11/29/2025,
707,50.0,gf,2.800,mm,OK,--,9:45:17 AM,11/29/2025,
708,50.0,gf,2.805,mm,OK,--,9:45:17 AM,11/29/2025,
709,50.0,gf,2.805,mm,OK,--,9:45:17 AM,11/29/2025,
710,50.0,gf,2.805,mm,OK,--,9:45:17 AM,11/29/2025,
711,50.1,gf,2.805,mm,OK,--,9:45:17 AM,11/29/2025,
712,50.1,gf,2.810,mm,OK,--,9:45:17 AM,11/29/2025,
713,50.1,gf,2.810,mm,OK,--,9:45:18 AM,11/29/2025,
714,50.1,gf,2.815,mm,OK,--,9:45:18 AM,11/29/2025,
715,50.1,gf,2.815,mm,OK,--,9:45:18 AM,11/29/2025,
716,50.1,gf,2.820,mm,OK,--,9:45:18 AM,11/29/2025,
717,50.1,gf,2.825,mm,OK,--,9:45:18 AM,11/29/2025,
718,50.1,gf,2.825,mm,OK,--,9:45:18 AM,11/29/2025,
719,50.1,gf,2.830,mm,OK,--,9:45:18 AM,11/29/2025,
720,50.1,gf,2.835,mm,OK,--,9:45:18 AM,11/29/2025,
721,50.1,gf,2.840,mm,OK,--,9:45:18 AM,11/29/2025,
722,50.1,gf,2.845,mm,OK,--,9:45:18 AM,11/29/2025,
723,50.1,gf,2.845,mm,OK,--,9:45:19 AM,11/29/2025,
724,50.1,gf,2.850,mm,OK,--,9:45:19 AM,11/29/2025,
725,50.2,gf,2.855,mm,OK,--,9:45:19 AM,11/29/2025,
726,50.2,gf,2.855,mm,OK,--,9:45:19 AM,11/29/2025,
727,50.2,gf,2.860,mm,OK,--,9:45:19 AM,11/29/2025,
728,50.2,gf,2.860,mm,OK,--,9:45:19 AM,11/29/2025,
729,50.3,gf,2.865,mm,OK,--,9:45:19 AM,11/29/2025,
730,50.3,gf,2.865,mm,OK,--,9:45:19 AM,11/29/2025,
731,50.3,gf,2.870,mm,OK,--,9:45:19 AM,11/29/2025,
732,50.3,gf,2.870,mm,OK,--,9:45:19 AM,11/29/2025,
733,50.3,gf,2.875,mm,OK,--,9:45:20 AM,11/29/2025,
734,50.3,gf,2.875,mm,OK,--,9:45:20 AM,11/29/2025,
735,50.3,gf,2.880,mm,OK,--,9:45:20 AM,11/29/2025,
736,50.3,gf,2.880,mm,OK,--,9:45:20 AM,11/29/2025,
737,50.3,gf,2.885,mm,OK,--,9:45:20 AM,11/29/2025,
738,50.3,gf,2.885,mm,OK,--,9:45:20 AM,11/29/2025,
739,50.3,gf,2.885,mm,OK,--,9:45:20 AM,11/29/2025,
740,50.3,gf,2.890,mm,OK,--,9:45:20 AM,11/29/2025,
741,50.3,gf,2.890,mm,OK,--,9:45:20 AM,11/29/2025,
742,50.3,gf,2.895,mm,OK,--,9:45:20 AM,11/29/2025,
743,50.3,gf,2.895,mm,OK,--,9:45:21 AM,11/29/2025,
744,50.3,gf,2.895,mm,OK,--,9:45:21 AM,11/29/2025,
745,50.4,gf,2.900,mm,OK,--,9:45:21 AM,11/29/2025,
746,50.4,gf,2.905,mm,OK,--,9:45:21 AM,11/29/2025,
747,50.4,gf,2.905,mm,OK,--,9:45:21 AM,11/29/2025,
748,50.5,gf,2.910,mm,OK,--,9:45:21 AM,11/29/2025,
749,50.5,gf,2.915,mm,OK,--,9:45:21 AM,11/29/2025,
750,50.5,gf,2.920,mm,OK,--,9:45:21 AM,11/29/2025,
751,50.5,gf,2.925,mm,OK,--,9:45:21 AM,11/29/2025,
752,50.5,gf,2.930,mm,OK,--,9:45:21 AM,11/29/2025,
753,50.5,gf,2.940,mm,OK,--,9:45:22 AM,11/29/2025,
754,50.6,gf,2.945,mm,OK,--,9:45:22 AM,11/29/2025,
755,50.6,gf,2.950,mm,OK,--,9:45:22 AM,11/29/2025,
756,50.6,gf,2.960,mm,OK,--,9:45:22 AM,11/29/2025,
757,50.6,gf,2.965,mm,OK,--,9:45:22 AM,11/29/2025,
758,50.7,gf,2.975,mm,OK,--,9:45:22 AM,11/29/2025,
759,50.8,gf,2.985,mm,OK,--,9:45:22 AM,11/29/2025,
760,50.8,gf,2.990,mm,OK,--,9:45:22 AM,11/29/2025,
761,50.8,gf,2.995,mm,OK,--,9:45:22 AM,11/29/2025,
762,50.8,gf,3.000,mm,OK,--,9:45:22 AM,11/29/2025,
763,50.8,gf,3.005,mm,OK,--,9:45:23 AM,11/29/2025,
764,50.8,gf,3.010,mm,OK,--,9:45:23 AM,11/29/2025,
765,50.8,gf,3.015,mm,OK,--,9:45:23 AM,11/29/2025,
766,50.9,gf,3.020,mm,OK,--,9:45:23 AM,11/29/2025,
767,50.9,gf,3.025,mm,OK,--,9:45:23 AM,11/29/2025,
768,51.0,gf,3.030,mm,OK,--,9:45:23 AM,11/29/2025,
769,51.0,gf,3.040,mm,OK,--,9:45:23 AM,11/29/2025,
770,51.1,gf,3.045,mm,OK,--,9:45:23 AM,11/29/2025,
771,51.0,gf,3.055,mm,OK,--,9:45:23 AM,11/29/2025,
772,51.2,gf,3.060,mm,OK,--,9:45:23 AM,11/29/2025,
773,51.2,gf,3.065,mm,OK,--,9:45:24 AM,11/29/2025,
774,51.2,gf,3.070,mm,OK,--,9:45:24 AM,11/29/2025,
775,51.2,gf,3.075,mm,OK,--,9:45:24 AM,11/29/2025,
776,51.2,gf,3.080,mm,OK,--,9:45:24 AM,11/29/2025,
777,51.2,gf,3.085,mm,OK,--,9:45:24 AM,11/29/2025,
778,51.2,gf,3.095,mm,OK,--,9:45:24 AM,11/29/2025,
779,51.2,gf,3.100,mm,OK,--,9:45:24 AM,11/29/2025,
780,51.2,gf,3.105,mm,OK,--,9:45:24 AM,11/29/2025,
781,51.2,gf,3.110,mm,OK,--,9:45:24 AM,11/29/2025,
782,51.3,gf,3.115,mm,OK,--,9:45:24 AM,11/29/2025,
783,51.2,gf,3.120,mm,OK,--,9:45:25 AM,11/29/2025,
784,51.3,gf,3.125,mm,OK,--,9:45:25 AM,11/29/2025,
785,51.3,gf,3.130,mm,OK,--,9:45:25 AM,11/29/2025,
786,51.4,gf,3.135,mm,OK,--,9:45:25 AM,11/29/2025,
787,51.4,gf,3.140,mm,OK,--,9:45:25 AM,11/29/2025,
788,51.4,gf,3.145,mm,OK,--,9:45:25 AM,11/29/2025,
789,51.4,gf,3.150,mm,OK,--,9:45:25 AM,11/29/2025,
790,51.5,gf,3.155,mm,OK,--,9:45:25 AM,11/29/2025,
791,51.4,gf,3.160,mm,OK,--,9:45:25 AM,11/29/2025,
792,51.4,gf,3.165,mm,OK,--,9:45:25 AM,11/29/2025,
793,51.4,gf,3.170,mm,OK,--,9:45:26 AM,11/29/2025,
794,51.5,gf,3.175,mm,OK,--,9:45:26 AM,11/29/2025,
795,51.5,gf,3.180,mm,OK,--,9:45:26 AM,11/29/2025,
796,51.5,gf,3.180,mm,OK,--,9:45:26 AM,11/29/2025,
797,51.5,gf,3.185,mm,OK,--,9:45:26 AM,11/29/2025,
798,51.5,gf,3.190,mm,OK,--,9:45:26 AM,11/29/2025,
799,51.6,gf,3.190,mm,OK,--,9:45:26 AM,11/29/2025,
800,51.6,gf,3.195,mm,OK,--,9:45:26 AM,11/29/2025,
801,51.6,gf,3.195,mm,OK,--,9:45:26 AM,11/29/2025,
802,51.6,gf,3.195,mm,OK,--,9:45:26 AM,11/29/2025,
803,51.6,gf,3.200,mm,OK,--,9:45:27 AM,11/29/2025,
804,51.7,gf,3.200,mm,OK,--,9:45:27 AM,11/29/2025,
805,51.7,gf,3.205,mm,OK,--,9:45:27 AM,11/29/2025,
806,51.7,gf,3.205,mm,OK,--,9:45:27 AM,11/29/2025,
807,51.7,gf,3.205,mm,OK,--,9:45:27 AM,11/29/2025,
808,51.7,gf,3.210,mm,OK,--,9:45:27 AM,11/29/2025,
809,51.7,gf,3.210,mm,OK,--,9:45:27 AM,11/29/2025,
810,51.7,gf,3.210,mm,OK,--,9:45:27 AM,11/29/2025,
811,51.7,gf,3.215,mm,OK,--,9:45:27 AM,11/29/2025,
812,51.8,gf,3.215,mm,OK,--,9:45:27 AM,11/29/2025,
813,51.8,gf,3.220,mm,OK,--,9:45:28 AM,11/29/2025,
814,51.8,gf,3.220,mm,OK,--,9:45:28 AM,11/29/2025,
815,51.8,gf,3.225,mm,OK,--,9:45:28 AM,11/29/2025,
816,51.9,gf,3.225,mm,OK,--,9:45:28 AM,11/29/2025,
817,51.9,gf,3.230,mm,OK,--,9:45:28 AM,11/29/2025,
818,51.9,gf,3.235,mm,OK,--,9:45:28 AM,11/29/2025,
819,51.9,gf,3.235,mm,OK,--,9:45:28 AM,11/29/2025,
820,51.9,gf,3.240,mm,OK,--,9:45:28 AM,11/29/2025,
821,52.0,gf,3.245,mm,OK,--,9:45:28 AM,11/29/2025,
822,52.0,gf,3.245,mm,OK,--,9:45:28 AM,11/29/2025,
823,52.0,gf,3.250,mm,OK,--,9:45:29 AM,11/29/2025,
824,52.0,gf,3.250,mm,OK,--,9:45:29 AM,11/29/2025,
825,52.0,gf,3.255,mm,OK,--,9:45:29 AM,11/29/2025,
826,52.1,gf,3.255,mm,OK,--,9:45:29 AM,11/29/2025,
827,52.1,gf,3.260,mm,OK,--,9:45:29 AM,11/29/2025,
828,52.1,gf,3.260,mm,OK,--,9:45:29 AM,11/29/2025,
829,52.1,gf,3.265,mm,OK,--,9:45:29 AM,11/29/2025,
830,52.1,gf,3.265,mm,OK,--,9:45:29 AM,11/29/2025,
831,52.1,gf,3.265,mm,OK,--,9:45:29 AM,11/29/2025,
832,52.1,gf,3.265,mm,OK,--,9:45:29 AM,11/29/2025,
833,52.1,gf,3.270,mm,OK,--,9:45:30 AM,11/29/2025,
834,52.1,gf,3.270,mm,OK,--,9:45:30 AM,11/29/2025,
835,52.1,gf,3.270,mm,OK,--,9:45:30 AM,11/29/2025,
836,52.1,gf,3.275,mm,OK,--,9:45:30 AM,11/29/2025,
837,52.2,gf,3.275,mm,OK,--,9:45:30 AM,11/29/2025,
838,52.2,gf,3.280,mm,OK,--,9:45:30 AM,11/29/2025,
839,52.3,gf,3.280,mm,OK,--,9:45:30 AM,11/29/2025,
840,52.4,gf,3.285,mm,OK,--,9:45:30 AM,11/29/2025,
841,52.4,gf,3.290,mm,OK,--,9:45:30 AM,11/29/2025,
842,52.3,gf,3.290,mm,OK,--,9:45:30 AM,11/29/2025,
843,52.4,gf,3.295,mm,OK,--,9:45:31 AM,11/29/2025,
844,52.4,gf,3.300,mm,OK,--,9:45:31 AM,11/29/2025,
845,52.5,gf,3.300,mm,OK,--,9:45:31 AM,11/29/2025,
846,52.6,gf,3.305,mm,OK,--,9:45:31 AM,11/29/2025,
847,52.5,gf,3.310,mm,OK,--,9:45:31 AM,11/29/2025,
848,52.5,gf,3.315,mm,OK,--,9:45:31 AM,11/29/2025,
849,52.5,gf,3.320,mm,OK,--,9:45:31 AM,11/29/2025,
850,52.6,gf,3.325,mm,OK,--,9:45:31 AM,11/29/2025,
851,52.6,gf,3.335,mm,OK,--,9:45:31 AM,11/29/2025,
852,52.6,gf,3.350,mm,OK,--,9:45:31 AM,11/29/2025,
853,52.6,gf,3.355,mm,OK,--,9:45:32 AM,11/29/2025,
854,52.6,gf,3.360,mm,OK,--,9:45:32 AM,11/29/2025,
855,52.8,gf,3.370,mm,OK,--,9:45:32 AM,11/29/2025,
856,52.8,gf,3.380,mm,OK,--,9:45:32 AM,11/29/2025,
857,53.0,gf,3.385,mm,OK,--,9:45:32 AM,11/29/2025,
858,53.1,gf,3.390,mm,OK,--,9:45:32 AM,11/29/2025,
859,53.0,gf,3.395,mm,OK,--,9:45:32 AM,11/29/2025,
860,53.0,gf,3.405,mm,OK,--,9:45:32 AM,11/29/2025,
861,52.7,gf,3.410,mm,OK,--,9:45:32 AM,11/29/2025,
862,52.7,gf,3.415,mm,OK,--,9:45:32 AM,11/29/2025,
863,52.7,gf,3.420,mm,OK,--,9:45:33 AM,11/29/2025,
864,52.8,gf,3.425,mm,OK,--,9:45:33 AM,11/29/2025,
865,52.8,gf,3.425,mm,OK,--,9:45:33 AM,11/29/2025,
866,52.9,gf,3.430,mm,OK,--,9:45:33 AM,11/29/2025,
867,52.8,gf,3.430,mm,OK,--,9:45:33 AM,11/29/2025,
868,52.9,gf,3.435,mm,OK,--,9:45:33 AM,11/29/2025,
869,52.9,gf,3.435,mm,OK,--,9:45:33 AM,11/29/2025,
870,52.9,gf,3.435,mm,OK,--,9:45:33 AM,11/29/2025,
871,52.9,gf,3.440,mm,OK,--,9:45:33 AM,11/29/2025,
872,52.9,gf,3.440,mm,OK,--,9:45:33 AM,11/29/2025,
873,52.9,gf,3.440,mm,OK,--,9:45:34 AM,11/29/2025,
874,52.9,gf,3.440,mm,OK,--,9:45:34 AM,11/29/2025,
875,52.9,gf,3.440,mm,OK,--,9:45:34 AM,11/29/2025,
876,52.9,gf,3.440,mm,OK,--,9:45:34 AM,11/29/2025,
877,52.9,gf,3.440,mm,OK,--,9:45:34 AM,11/29/2025,
878,52.9,gf,3.440,mm,OK,--,9:45:34 AM,11/29/2025,
879,52.9,gf,3.440,mm,OK,--,9:45:34 AM,11/29/2025,
880,52.9,gf,3.445,mm,OK,--,9:45:34 AM,11/29/2025,
881,52.9,gf,3.445,mm,OK,--,9:45:34 AM,11/29/2025,
882,52.9,gf,3.445,mm,OK,--,9:45:34 AM,11/29/2025,
883,52.9,gf,3.445,mm,OK,--,9:45:35 AM,11/29/2025,
884,52.9,gf,3.445,mm,OK,--,9:45:35 AM,11/29/2025,
885,52.9,gf,3.445,mm,OK,--,9:45:35 AM,11/29/2025,
886,53.0,gf,3.445,mm,OK,--,9:45:35 AM,11/29/2025,
887,53.0,gf,3.445,mm,OK,--,9:45:35 AM,11/29/2025,
888,53.0,gf,3.450,mm,OK,--,9:45:35 AM,11/29/2025,
889,53.0,gf,3.450,mm,OK,--,9:45:35 AM,11/29/2025,
890,53.0,gf,3.455,mm,OK,--,9:45:35 AM,11/29/2025,
891,53.0,gf,3.455,mm,OK,--,9:45:35 AM,11/29/2025,
892,53.0,gf,3.460,mm,OK,--,9:45:35 AM,11/29/2025,
893,53.0,gf,3.460,mm,OK,--,9:45:36 AM,11/29/2025,
894,53.0,gf,3.465,mm,OK,--,9:45:36 AM,11/29/2025,
895,53.1,gf,3.470,mm,OK,--,9:45:36 AM,11/29/2025,
896,53.1,gf,3.475,mm,OK,--,9:45:36 AM,11/29/2025,
897,53.1,gf,3.480,mm,OK,--,9:45:36 AM,11/29/2025,
898,53.1,gf,3.485,mm,OK,--,9:45:36 AM,11/29/2025,
899,53.2,gf,3.495,mm,OK,--,9:45:36 AM,11/29/2025,
900,53.2,gf,3.505,mm,OK,--,9:45:36 AM,11/29/2025,
901,53.2,gf,3.510,mm,OK,--,9:45:36 AM,11/29/2025,
902,53.2,gf,3.520,mm,OK,--,9:45:36 AM,11/29/2025,
903,53.2,gf,3.530,mm,OK,--,9:45:37 AM,11/29/2025,
904,53.2,gf,3.535,mm,OK,--,9:45:37 AM,11/29/2025,
905,53.2,gf,3.540,mm,OK,--,9:45:37 AM,11/29/2025,
906,53.2,gf,3.550,mm,OK,--,9:45:37 AM,11/29/2025,
907,53.2,gf,3.555,mm,OK,--,9:45:37 AM,11/29/2025,
908,53.2,gf,3.560,mm,OK,--,9:45:37 AM,11/29/2025,
909,53.3,gf,3.570,mm,OK,--,9:45:37 AM,11/29/2025,
910,53.4,gf,3.575,mm,OK,--,9:45:37 AM,11/29/2025,
911,53.4,gf,3.585,mm,OK,--,9:45:37 AM,11/29/2025,
912,53.4,gf,3.590,mm,OK,--,9:45:37 AM,11/29/2025,
913,53.4,gf,3.590,mm,OK,--,9:45:38 AM,11/29/2025,
914,53.4,gf,3.600,mm,OK,--,9:45:38 AM,11/29/2025,
915,53.6,gf,3.605,mm,OK,--,9:45:38 AM,11/29/2025,
916,53.7,gf,3.610,mm,OK,--,9:45:38 AM,11/29/2025,
917,53.8,gf,3.620,mm,OK,--,9:45:38 AM,11/29/2025,
918,53.8,gf,3.625,mm,OK,--,9:45:38 AM,11/29/2025,
919,53.8,gf,3.630,mm,OK,--,9:45:38 AM,11/29/2025,
920,53.9,gf,3.635,mm,OK,--,9:45:38 AM,11/29/2025,
921,53.9,gf,3.645,mm,OK,--,9:45:38 AM,11/29/2025,
922,54.3,gf,3.650,mm,OK,--,9:45:38 AM,11/29/2025,
923,58.4,gf,3.655,mm,OK,--,9:45:39 AM,11/29/2025,
924,63.5,gf,3.660,mm,OK,--,9:45:39 AM,11/29/2025,
925,68.6,gf,3.665,mm,OK,--,9:45:39 AM,11/29/2025,
926,63.5,gf,3.670,mm,OK,--,9:45:39 AM,11/29/2025,
927,66.8,gf,3.675,mm,OK,--,9:45:39 AM,11/29/2025,
928,69.5,gf,3.680,mm,OK,--,9:45:39 AM,11/29/2025,
929,71.8,gf,3.680,mm,OK,--,9:45:39 AM,11/29/2025,
930,73.6,gf,3.685,mm,OK,--,9:45:39 AM,11/29/2025,
931,75.1,gf,3.685,mm,OK,--,9:45:39 AM,11/29/2025,
932,75.6,gf,3.690,mm,OK,--,9:45:39 AM,11/29/2025,
933,72.9,gf,3.690,mm,OK,--,9:45:40 AM,11/29/2025,
934,74.3,gf,3.695,mm,OK,--,9:45:40 AM,11/29/2025,
935,75.2,gf,3.695,mm,OK,--,9:45:40 AM,11/29/2025,
936,76.4,gf,3.700,mm,OK,--,9:45:40 AM,11/29/2025,
937,77.9,gf,3.700,mm,OK,--,9:45:40 AM,11/29/2025,
938,79.2,gf,3.700,mm,OK,--,9:45:40 AM,11/29/2025,
939,80.9,gf,3.705,mm,OK,--,9:45:40 AM,11/29/2025,
940,83.2,gf,3.705,mm,OK,--,9:45:40 AM,11/29/2025,
941,86.0,gf,3.710,mm,OK,--,9:45:40 AM,11/29/2025,
942,88.7,gf,3.710,mm,OK,--,9:45:40 AM,11/29/2025,
943,91.8,gf,3.715,mm,OK,--,9:45:41 AM,11/29/2025,
944,94.8,gf,3.720,mm,OK,--,9:45:41 AM,11/29/2025,
945,97.6,gf,3.720,mm,OK,--,9:45:41 AM,11/29/2025,
946,100.6,gf,3.725,mm,OK,--,9:45:41 AM,11/29/2025,
947,103.8,gf,3.730,mm,OK,--,9:45:41 AM,11/29/2025,
948,106.7,gf,3.730,mm,OK,--,9:45:41 AM,11/29/2025,
949,109.1,gf,3.735,mm,OK,--,9:45:41 AM,11/29/2025,
950,111.2,gf,3.735,mm,OK,--,9:45:41 AM,11/29/2025,
951,113.8,gf,3.740,mm,OK,--,9:45:41 AM,11/29/2025,
952,117.2,gf,3.740,mm,OK,--,9:45:41 AM,11/29/2025,
953,120.6,gf,3.745,mm,OK,--,9:45:42 AM,11/29/2025,
954,124.2,gf,3.750,mm,OK,--,9:45:42 AM,11/29/2025,
955,127.8,gf,3.755,mm,OK,--,9:45:42 AM,11/29/2025,
956,131.3,gf,3.755,mm,OK,--,9:45:42 AM,11/29/2025,
957,134.7,gf,3.760,mm,OK,--,9:45:42 AM,11/29/2025,
958,138.1,gf,3.765,mm,OK,--,9:45:42 AM,11/29/2025,
959,140.7,gf,3.765,mm,OK,--,9:45:42 AM,11/29/2025,
960,143.4,gf,3.770,mm,OK,--,9:45:42 AM,11/29/2025,
961,146.3,gf,3.770,mm,OK,--,9:45:42 AM,11/29/2025,
962,149.5,gf,3.775,mm,OK,--,9:45:42 AM,11/29/2025,
963,152.5,gf,3.775,mm,OK,--,9:45:43 AM,11/29/2025,
964,155.4,gf,3.780,mm,OK,--,9:45:43 AM,11/29/2025,
965,158.0,gf,3.785,mm,OK,--,9:45:43 AM,11/29/2025,
966,160.5,gf,3.785,mm,OK,--,9:45:43 AM,11/29/2025,
967,164.3,gf,3.790,mm,OK,--,9:45:43 AM,11/29/2025,
968,168.1,gf,3.790,mm,OK,--,9:45:43 AM,11/29/2025,
969,171.7,gf,3.795,mm,OK,--,9:45:43 AM,11/29/2025,
970,175.2,gf,3.800,mm,OK,--,9:45:43 AM,11/29/2025,
971,178.5,gf,3.800,mm,OK,--,9:45:43 AM,11/29/2025,
972,181.1,gf,3.805,mm,OK,--,9:45:43 AM,11/29/2025,
973,183.3,gf,3.805,mm,OK,--,9:45:44 AM,11/29/2025,
974,185.6,gf,3.810,mm,OK,--,9:45:44 AM,11/29/2025,
975,187.3,gf,3.810,mm,OK,--,9:45:44 AM,11/29/2025,
976,188.5,gf,3.810,mm,OK,--,9:45:44 AM,11/29/2025,
977,189.8,gf,3.815,mm,OK,--,9:45:44 AM,11/29/2025,
978,191.0,gf,3.815,mm,OK,--,9:45:44 AM,11/29/2025,
979,191.8,gf,3.815,mm,OK,--,9:45:44 AM,11/29/2025,
980,192.3,gf,3.815,mm,OK,--,9:45:44 AM,11/29/2025,
981,192.3,gf,3.815,mm,OK,--,9:45:44 AM,11/29/2025,
982,192.3,gf,3.815,mm,OK,--,9:45:44 AM,11/29/2025,
983,192.2,gf,3.815,mm,OK,--,9:45:45 AM,11/29/2025,
984,192.0,gf,3.815,mm,OK,--,9:45:45 AM,11/29/2025,
985,192.1,gf,3.815,mm,OK,--,9:45:45 AM,11/29/2025,
986,192.0,gf,3.815,mm,OK,--,9:45:45 AM,11/29/2025,
987,192.0,gf,3.815,mm,OK,--,9:45:45 AM,11/29/2025,
988,192.0,gf,3.815,mm,OK,--,9:45:45 AM,11/29/2025,
989,192.0,gf,3.815,mm,OK,--,9:45:45 AM,11/29/2025,
990,192.0,gf,3.815,mm,OK,--,9:45:45 AM,11/29/2025,
991,192.0,gf,3.815,mm,OK,--,9:45:45 AM,11/29/2025,
992,191.8,gf,3.815,mm,OK,--,9:45:45 AM,11/29/2025,
993,191.7,gf,3.815,mm,OK,--,9:45:46 AM,11/29/2025,
994,191.7,gf,3.815,mm,OK,--,9:45:46 AM,11/29/2025,
995,191.9,gf,3.815,mm,OK,--,9:45:46 AM,11/29/2025,
996,191.8,gf,3.815,mm,OK,--,9:45:46 AM,11/29/2025,
997,191.5,gf,3.815,mm,OK,--,9:45:46 AM,11/29/2025,
998,191.4,gf,3.815,mm,OK,--,9:45:46 AM,11/29/2025,
999,191.1,gf,3.815,mm,OK,--,9:45:46 AM,11/29/2025,
1000,191.2,gf,3.815,mm,OK,--,9:45:46 AM,11/29/2025,
1001,191.1,gf,3.815,mm,OK,--,9:45:46 AM,11/29/2025,
1002,190.9,gf,3.815,mm,OK,--,9:45:46 AM,11/29/2025,
1003,190.9,gf,3.815,mm,OK,--,9:45:47 AM,11/29/2025,
1004,190.9,gf,3.815,mm,OK,--,9:45:47 AM,11/29/2025,
1005,190.6,gf,3.815,mm,OK,--,9:45:47 AM,11/29/2025,
1006,190.3,gf,3.815,mm,OK,--,9:45:47 AM,11/29/2025,
1007,189.9,gf,3.815,mm,OK,--,9:45:47 AM,11/29/2025,
1008,189.4,gf,3.815,mm,OK,--,9:45:47 AM,11/29/2025,
1009,188.0,gf,3.815,mm,OK,--,9:45:47 AM,11/29/2025,
1010,187.0,gf,3.810,mm,OK,--,9:45:47 AM,11/29/2025,
1011,185.2,gf,3.810,mm,OK,--,9:45:47 AM,11/29/2025,
1012,183.5,gf,3.810,mm,OK,--,9:45:47 AM,11/29/2025,
1013,182.3,gf,3.810,mm,OK,--,9:45:48 AM,11/29/2025,
1014,181.1,gf,3.805,mm,OK,--,9:45:48 AM,11/29/2025,
1015,180.0,gf,3.805,mm,OK,--,9:45:48 AM,11/29/2025,
1016,179.3,gf,3.805,mm,OK,--,9:45:48 AM,11/29/2025,
1017,178.8,gf,3.805,mm,OK,--,9:45:48 AM,11/29/2025,
1018,178.4,gf,3.805,mm,OK,--,9:45:48 AM,11/29/2025,
1019,178.0,gf,3.805,mm,OK,--,9:45:48 AM,11/29/2025,
1020,177.2,gf,3.805,mm,OK,--,9:45:48 AM,11/29/2025,
1021,176.2,gf,3.805,mm,OK,--,9:45:48 AM,11/29/2025,
1022,175.1,gf,3.800,mm,OK,--,9:45:48 AM,11/29/2025,
1023,174.2,gf,3.800,mm,OK,--,9:45:49 AM,11/29/2025,
1024,173.4,gf,3.800,mm,OK,--,9:45:49 AM,11/29/2025,
1025,172.7,gf,3.800,mm,OK,--,9:45:49 AM,11/29/2025,
1026,172.0,gf,3.800,mm,OK,--,9:45:49 AM,11/29/2025,
1027,171.3,gf,3.800,mm,OK,--,9:45:49 AM,11/29/2025,
1028,170.7,gf,3.795,mm,OK,--,9:45:49 AM,11/29/2025,
1029,170.3,gf,3.795,mm,OK,--,9:45:49 AM,11/29/2025,
1030,169.9,gf,3.795,mm,OK,--,9:45:49 AM,11/29/2025,
1031,169.6,gf,3.795,mm,OK,--,9:45:49 AM,11/29/2025,
1032,169.5,gf,3.795,mm,OK,--,9:45:49 AM,11/29/2025,
1033,169.3,gf,3.795,mm,OK,--,9:45:50 AM,11/29/2025,
1034,169.0,gf,3.795,mm,OK,--,9:45:50 AM,11/29/2025,
1035,168.7,gf,3.795,mm,OK,--,9:45:50 AM,11/29/2025,
1036,168.0,gf,3.795,mm,OK,--,9:45:50 AM,11/29/2025,
1037,167.2,gf,3.795,mm,OK,--,9:45:50 AM,11/29/2025,
1038,166.2,gf,3.795,mm,OK,--,9:45:50 AM,11/29/2025,
1039,165.4,gf,3.795,mm,OK,--,9:45:50 AM,11/29/2025,
1040,164.4,gf,3.790,mm,OK,--,9:45:50 AM,11/29/2025,
1041,163.4,gf,3.790,mm,OK,--,9:45:50 AM,11/29/2025,
1042,162.3,gf,3.790,mm,OK,--,9:45:50 AM,11/29/2025,
1043,161.5,gf,3.790,mm,OK,--,9:45:51 AM,11/29/2025,
1044,161.0,gf,3.790,mm,OK,--,9:45:51 AM,11/29/2025,
1045,160.5,gf,3.790,mm,OK,--,9:45:51 AM,11/29/2025,
1046,160.0,gf,3.790,mm,OK,--,9:45:51 AM,11/29/2025,
1047,159.5,gf,3.785,mm,OK,--,9:45:51 AM,11/29/2025,
1048,158.9,gf,3.785,mm,OK,--,9:45:51 AM,11/29/2025,
1049,158.4,gf,3.785,mm,OK,--,9:45:51 AM,11/29/2025,
1050,157.5,gf,3.785,mm,OK,--,9:45:51 AM,11/29/2025,
1051,156.1,gf,3.785,mm,OK,--,9:45:51 AM,11/29/2025,
1052,154.5,gf,3.785,mm,OK,--,9:45:51 AM,11/29/2025,
1053,152.7,gf,3.780,mm,OK,--,9:45:52 AM,11/29/2025,
1054,150.6,gf,3.780,mm,OK,--,9:45:52 AM,11/29/2025,
1055,148.4,gf,3.775,mm,OK,--,9:45:52 AM,11/29/2025,
1056,145.9,gf,3.775,mm,OK,--,9:45:52 AM,11/29/2025,
1057,143.2,gf,3.770,mm,OK,--,9:45:52 AM,11/29/2025,
1058,140.3,gf,3.770,mm,OK,--,9:45:52 AM,11/29/2025,
1059,137.1,gf,3.765,mm,OK,--,9:45:52 AM,11/29/2025,
1060,133.5,gf,3.765,mm,OK,--,9:45:52 AM,11/29/2025,
1061,129.3,gf,3.760,mm,OK,--,9:45:52 AM,11/29/2025,
1062,125.1,gf,3.755,mm,OK,--,9:45:52 AM,11/29/2025,
1063,119.4,gf,3.750,mm,OK,--,9:45:53 AM,11/29/2025,
1064,112.1,gf,3.740,mm,OK,--,9:45:53 AM,11/29/2025,
1065,105.6,gf,3.735,mm,OK,--,9:45:53 AM,11/29/2025,
1066,100.0,gf,3.730,mm,OK,--,9:45:53 AM,11/29/2025,
1067,95.2,gf,3.725,mm,OK,--,9:45:53 AM,11/29/2025,
1068,90.9,gf,3.720,mm,OK,--,9:45:53 AM,11/29/2025,
1069,87.7,gf,3.720,mm,OK,--,9:45:53 AM,11/29/2025,
1070,85.6,gf,3.715,mm,OK,--,9:45:53 AM,11/29/2025,
1071,83.4,gf,3.715,mm,OK,--,9:45:53 AM,11/29/2025,
1072,80.5,gf,3.710,mm,OK,--,9:45:53 AM,11/29/2025,
1073,78.7,gf,3.710,mm,OK,--,9:45:54 AM,11/29/2025,
1074,77.3,gf,3.710,mm,OK,--,9:45:54 AM,11/29/2025,
1075,76.1,gf,3.705,mm,OK,--,9:45:54 AM,11/29/2025,
1076,74.9,gf,3.705,mm,OK,--,9:45:54 AM,11/29/2025,
1077,73.7,gf,3.705,mm,OK,--,9:45:54 AM,11/29/2025,
1078,72.5,gf,3.705,mm,OK,--,9:45:54 AM,11/29/2025,
1079,71.3,gf,3.700,mm,OK,--,9:45:54 AM,11/29/2025,
1080,70.4,gf,3.700,mm,OK,--,9:45:54 AM,11/29/2025,
1081,69.3,gf,3.700,mm,OK,--,9:45:54 AM,11/29/2025,
1082,68.0,gf,3.700,mm,OK,--,9:45:54 AM,11/29/2025,
1083,65.6,gf,3.695,mm,OK,--,9:45:55 AM,11/29/2025,
1084,62.9,gf,3.690,mm,OK,--,9:45:55 AM,11/29/2025,
1085,63.1,gf,3.690,mm,OK,--,9:45:55 AM,11/29/2025,
1086,62.8,gf,3.690,mm,OK,--,9:45:55 AM,11/29/2025,
1087,61.7,gf,3.685,mm,OK,--,9:45:55 AM,11/29/2025,
1088,60.2,gf,3.685,mm,OK,--,9:45:55 AM,11/29/2025,
1089,58.2,gf,3.680,mm,OK,--,9:45:55 AM,11/29/2025,
1090,55.7,gf,3.680,mm,OK,--,9:45:55 AM,11/29/2025,
1091,53.3,gf,3.675,mm,OK,--,9:45:55 AM,11/29/2025,
1092,52.2,gf,3.670,mm,OK,--,9:45:55 AM,11/29/2025,
1093,51.7,gf,3.665,mm,OK,--,9:45:56 AM,11/29/2025,
1094,51.7,gf,3.665,mm,OK,--,9:45:56 AM,11/29/2025,
1095,51.6,gf,3.660,mm,OK,--,9:45:56 AM,11/29/2025,
1096,51.5,gf,3.660,mm,OK,--,9:45:56 AM,11/29/2025,
1097,51.5,gf,3.655,mm,OK,--,9:45:56 AM,11/29/2025,
1098,51.5,gf,3.655,mm,OK,--,9:45:56 AM,11/29/2025,
1099,51.5,gf,3.655,mm,OK,--,9:45:56 AM,11/29/2025,
1100,51.5,gf,3.650,mm,OK,--,9:45:56 AM,11/29/2025,
1101,51.5,gf,3.650,mm,OK,--,9:45:56 AM,11/29/2025,
1102,51.5,gf,3.650,mm,OK,--,9:45:56 AM,11/29/2025,
1103,51.5,gf,3.645,mm,OK,--,9:45:57 AM,11/29/2025,
1104,51.5,gf,3.640,mm,OK,--,9:45:57 AM,11/29/2025,
1105,51.4,gf,3.635,mm,OK,--,9:45:57 AM,11/29/2025,
1106,51.6,gf,3.630,mm,OK,--,9:45:57 AM,11/29/2025,
1107,51.6,gf,3.625,mm,OK,--,9:45:57 AM,11/29/2025,
1108,51.5,gf,3.620,mm,OK,--,9:45:57 AM,11/29/2025,
1109,51.4,gf,3.615,mm,OK,--,9:45:57 AM,11/29/2025,
1110,51.3,gf,3.610,mm,OK,--,9:45:57 AM,11/29/2025,
1111,51.2,gf,3.605,mm,OK,--,9:45:57 AM,11/29/2025,
1112,51.2,gf,3.600,mm,OK,--,9:45:57 AM,11/29/2025,
1113,51.3,gf,3.595,mm,OK,--,9:45:58 AM,11/29/2025,
1114,51.3,gf,3.595,mm,OK,--,9:45:58 AM,11/29/2025,
1115,51.2,gf,3.590,mm,OK,--,9:45:58 AM,11/29/2025,
1116,51.2,gf,3.585,mm,OK,--,9:45:58 AM,11/29/2025,
1117,51.2,gf,3.580,mm,OK,--,9:45:58 AM,11/29/2025,
1118,51.2,gf,3.575,mm,OK,--,9:45:58 AM,11/29/2025,
1119,51.2,gf,3.570,mm,OK,--,9:45:58 AM,11/29/2025,
1120,51.3,gf,3.565,mm,OK,--,9:45:58 AM,11/29/2025,
1121,51.3,gf,3.560,mm,OK,--,9:45:58 AM,11/29/2025,
1122,51.3,gf,3.555,mm,OK,--,9:45:58 AM,11/29/2025,
1123,51.3,gf,3.550,mm,OK,--,9:45:59 AM,11/29/2025,
1124,51.2,gf,3.545,mm,OK,--,9:45:59 AM,11/29/2025,
1125,51.1,gf,3.535,mm,OK,--,9:45:59 AM,11/29/2025,
1126,51.0,gf,3.530,mm,OK,--,9:45:59 AM,11/29/2025,
1127,50.9,gf,3.525,mm,OK,--,9:45:59 AM,11/29/2025,
1128,50.7,gf,3.520,mm,OK,--,9:45:59 AM,11/29/2025,
1129,50.6,gf,3.515,mm,OK,--,9:45:59 AM,11/29/2025,
1130,50.6,gf,3.510,mm,OK,--,9:45:59 AM,11/29/2025,
1131,50.6,gf,3.505,mm,OK,--,9:45:59 AM,11/29/2025,
1132,50.6,gf,3.505,mm,OK,--,9:45:59 AM,11/29/2025,
1133,50.6,gf,3.495,mm,OK,--,9:46:00 AM,11/29/2025,
1134,50.6,gf,3.495,mm,OK,--,9:46:00 AM,11/29/2025,
1135,50.5,gf,3.490,mm,OK,--,9:46:00 AM,11/29/2025,
1136,50.5,gf,3.485,mm,OK,--,9:46:00 AM,11/29/2025,
1137,50.4,gf,3.480,mm,OK,--,9:46:00 AM,11/29/2025,
1138,50.4,gf,3.475,mm,OK,--,9:46:00 AM,11/29/2025,
1139,50.4,gf,3.470,mm,OK,--,9:46:00 AM,11/29/2025,
1140,50.4,gf,3.465,mm,OK,--,9:46:00 AM,11/29/2025,
1141,50.4,gf,3.460,mm,OK,--,9:46:00 AM,11/29/2025,
1142,50.3,gf,3.455,mm,OK,--,9:46:00 AM,11/29/2025,
1143,50.2,gf,3.450,mm,OK,--,9:46:01 AM,11/29/2025,
1144,50.2,gf,3.445,mm,OK,--,9:46:01 AM,11/29/2025,
1145,50.1,gf,3.440,mm,OK,--,9:46:01 AM,11/29/2025,
1146,50.0,gf,3.430,mm,OK,--,9:46:01 AM,11/29/2025,
1147,50.0,gf,3.425,mm,OK,--,9:46:01 AM,11/29/2025,
1148,50.0,gf,3.420,mm,OK,--,9:46:01 AM,11/29/2025,
1149,49.9,gf,3.410,mm,OK,--,9:46:01 AM,11/29/2025,
1150,49.7,gf,3.400,mm,OK,--,9:46:01 AM,11/29/2025,
1151,49.8,gf,3.395,mm,OK,--,9:46:01 AM,11/29/2025,
1152,49.7,gf,3.390,mm,OK,--,9:46:01 AM,11/29/2025,
1153,49.6,gf,3.385,mm,OK,--,9:46:02 AM,11/29/2025,
1154,49.6,gf,3.375,mm,OK,--,9:46:02 AM,11/29/2025,
1155,49.6,gf,3.370,mm,OK,--,9:46:02 AM,11/29/2025,
1156,49.6,gf,3.365,mm,OK,--,9:46:02 AM,11/29/2025,
1157,49.6,gf,3.360,mm,OK,--,9:46:02 AM,11/29/2025,
1158,49.6,gf,3.355,mm,OK,--,9:46:02 AM,11/29/2025,
1159,49.6,gf,3.350,mm,OK,--,9:46:02 AM,11/29/2025,
1160,49.5,gf,3.350,mm,OK,--,9:46:02 AM,11/29/2025,
1161,49.4,gf,3.345,mm,OK,--,9:46:02 AM,11/29/2025,
1162,49.4,gf,3.345,mm,OK,--,9:46:02 AM,11/29/2025,
1163,49.4,gf,3.340,mm,OK,--,9:46:03 AM,11/29/2025,
1164,49.4,gf,3.340,mm,OK,--,9:46:03 AM,11/29/2025,
1165,49.4,gf,3.335,mm,OK,--,9:46:03 AM,11/29/2025,
1166,49.4,gf,3.330,mm,OK,--,9:46:03 AM,11/29/2025,
1167,49.4,gf,3.330,mm,OK,--,9:46:03 AM,11/29/2025,
1168,49.4,gf,3.325,mm,OK,--,9:46:03 AM,11/29/2025,
1169,49.4,gf,3.320,mm,OK,--,9:46:03 AM,11/29/2025,
1170,49.4,gf,3.315,mm,OK,--,9:46:03 AM,11/29/2025,
1171,49.4,gf,3.310,mm,OK,--,9:46:03 AM,11/29/2025,
1172,49.4,gf,3.305,mm,OK,--,9:46:03 AM,11/29/2025,
1173,49.3,gf,3.295,mm,OK,--,9:46:04 AM,11/29/2025,
1174,49.3,gf,3.290,mm,OK,--,9:46:04 AM,11/29/2025,
1175,49.4,gf,3.285,mm,OK,--,9:46:04 AM,11/29/2025,
1176,49.3,gf,3.280,mm,OK,--,9:46:04 AM,11/29/2025,
1177,49.2,gf,3.270,mm,OK,--,9:46:04 AM,11/29/2025,
1178,49.2,gf,3.265,mm,OK,--,9:46:04 AM,11/29/2025,
1179,49.2,gf,3.260,mm,OK,--,9:46:04 AM,11/29/2025,
1180,49.2,gf,3.250,mm,OK,--,9:46:04 AM,11/29/2025,
1181,49.2,gf,3.245,mm,OK,--,9:46:04 AM,11/29/2025,
1182,49.1,gf,3.240,mm,OK,--,9:46:04 AM,11/29/2025,
1183,49.1,gf,3.230,mm,OK,--,9:46:05 AM,11/29/2025,
1184,48.9,gf,3.215,mm,OK,--,9:46:05 AM,11/29/2025,
1185,49.0,gf,3.205,mm,OK,--,9:46:05 AM,11/29/2025,
1186,48.8,gf,3.200,mm,OK,--,9:46:05 AM,11/29/2025,
1187,48.7,gf,3.190,mm,OK,--,9:46:05 AM,11/29/2025,
1188,48.7,gf,3.185,mm,OK,--,9:46:05 AM,11/29/2025,
1189,48.6,gf,3.185,mm,OK,--,9:46:05 AM,11/29/2025,
1190,48.6,gf,3.180,mm,OK,--,9:46:05 AM,11/29/2025,
1191,48.6,gf,3.175,mm,OK,--,9:46:05 AM,11/29/2025,
1192,48.6,gf,3.170,mm,OK,--,9:46:05 AM,11/29/2025,
1193,48.6,gf,3.165,mm,OK,--,9:46:06 AM,11/29/2025,
1194,48.5,gf,3.155,mm,OK,--,9:46:06 AM,11/29/2025,
1195,48.3,gf,3.150,mm,OK,--,9:46:06 AM,11/29/2025,
1196,48.4,gf,3.145,mm,OK,--,9:46:06 AM,11/29/2025,
1197,48.4,gf,3.140,mm,OK,--,9:46:06 AM,11/29/2025,
1198,48.5,gf,3.135,mm,OK,--,9:46:06 AM,11/29/2025,
1199,48.4,gf,3.130,mm,OK,--,9:46:06 AM,11/29/2025,
1200,48.4,gf,3.125,mm,OK,--,9:46:06 AM,11/29/2025,
1201,48.4,gf,3.120,mm,OK,--,9:46:06 AM,11/29/2025,
1202,48.3,gf,3.110,mm,OK,--,9:46:06 AM,11/29/2025,
1203,48.2,gf,3.105,mm,OK,--,9:46:07 AM,11/29/2025,
1204,48.1,gf,3.095,mm,OK,--,9:46:07 AM,11/29/2025,
1205,48.1,gf,3.085,mm,OK,--,9:46:07 AM,11/29/2025,
1206,48.1,gf,3.080,mm,OK,--,9:46:07 AM,11/29/2025,
1207,48.3,gf,3.075,mm,OK,--,9:46:07 AM,11/29/2025,
1208,48.4,gf,3.070,mm,OK,--,9:46:07 AM,11/29/2025,
1209,48.2,gf,3.065,mm,OK,--,9:46:07 AM,11/29/2025,
1210,48.2,gf,3.060,mm,OK,--,9:46:07 AM,11/29/2025,
1211,48.1,gf,3.055,mm,OK,--,9:46:07 AM,11/29/2025,
1212,48.1,gf,3.050,mm,OK,--,9:46:07 AM,11/29/2025,
1213,48.1,gf,3.045,mm,OK,--,9:46:08 AM,11/29/2025,
1214,48.1,gf,3.040,mm,OK,--,9:46:08 AM,11/29/2025,
1215,48.0,gf,3.035,mm,OK,--,9:46:08 AM,11/29/2025,
1216,48.0,gf,3.025,mm,OK,--,9:46:08 AM,11/29/2025,
1217,48.1,gf,3.020,mm,OK,--,9:46:08 AM,11/29/2025,
1218,48.0,gf,3.015,mm,OK,--,9:46:08 AM,11/29/2025,
1219,48.1,gf,3.010,mm,OK,--,9:46:08 AM,11/29/2025,
1220,47.9,gf,3.010,mm,OK,--,9:46:08 AM,11/29/2025,
1221,47.9,gf,3.005,mm,OK,--,9:46:08 AM,11/29/2025,
1222,47.9,gf,3.005,mm,OK,--,9:46:08 AM,11/29/2025,
1223,47.9,gf,3.000,mm,OK,--,9:46:09 AM,11/29/2025,
1224,47.8,gf,3.000,mm,OK,--,9:46:09 AM,11/29/2025,
1225,47.8,gf,2.995,mm,OK,--,9:46:09 AM,11/29/2025,
1226,47.7,gf,2.990,mm,OK,--,9:46:09 AM,11/29/2025,
1227,47.7,gf,2.985,mm,OK,--,9:46:09 AM,11/29/2025,
1228,47.7,gf,2.980,mm,OK,--,9:46:09 AM,11/29/2025,
1229,47.7,gf,2.975,mm,OK,--,9:46:09 AM,11/29/2025,
1230,47.7,gf,2.970,mm,OK,--,9:46:09 AM,11/29/2025,
1231,47.7,gf,2.970,mm,OK,--,9:46:09 AM,11/29/2025,
1232,47.7,gf,2.965,mm,OK,--,9:46:09 AM,11/29/2025,
1233,47.7,gf,2.960,mm,OK,--,9:46:10 AM,11/29/2025,
1234,47.6,gf,2.950,mm,OK,--,9:46:10 AM,11/29/2025,
1235,47.5,gf,2.935,mm,OK,--,9:46:10 AM,11/29/2025,
1236,47.4,gf,2.930,mm,OK,--,9:46:10 AM,11/29/2025,
1237,47.5,gf,2.920,mm,OK,--,9:46:10 AM,11/29/2025,
1238,47.5,gf,2.915,mm,OK,--,9:46:10 AM,11/29/2025,
1239,47.5,gf,2.915,mm,OK,--,9:46:10 AM,11/29/2025,
1240,47.5,gf,2.905,mm,OK,--,9:46:10 AM,11/29/2025,
1241,47.6,gf,2.895,mm,OK,--,9:46:10 AM,11/29/2025,
1242,47.7,gf,2.890,mm,OK,--,9:46:10 AM,11/29/2025,
1243,47.7,gf,2.885,mm,OK,--,9:46:11 AM,11/29/2025,
1244,47.6,gf,2.880,mm,OK,--,9:46:11 AM,11/29/2025,
1245,47.6,gf,2.875,mm,OK,--,9:46:11 AM,11/29/2025,
1246,47.5,gf,2.870,mm,OK,--,9:46:11 AM,11/29/2025,
1247,47.5,gf,2.865,mm,OK,--,9:46:11 AM,11/29/2025,
1248,47.5,gf,2.860,mm,OK,--,9:46:11 AM,11/29/2025,
1249,47.5,gf,2.855,mm,OK,--,9:46:11 AM,11/29/2025,
1250,47.5,gf,2.855,mm,OK,--,9:46:11 AM,11/29/2025,
1251,47.5,gf,2.855,mm,OK,--,9:46:11 AM,11/29/2025,
1252,47.4,gf,2.850,mm,OK,--,9:46:11 AM,11/29/2025,
1253,47.5,gf,2.845,mm,OK,--,9:46:12 AM,11/29/2025,
1254,47.4,gf,2.840,mm,OK,--,9:46:12 AM,11/29/2025,
1255,47.2,gf,2.830,mm,OK,--,9:46:12 AM,11/29/2025,
1256,47.2,gf,2.825,mm,OK,--,9:46:12 AM,11/29/2025,
1257,47.3,gf,2.820,mm,OK,--,9:46:12 AM,11/29/2025,
1258,47.3,gf,2.815,mm,OK,--,9:46:12 AM,11/29/2025,
1259,47.2,gf,2.810,mm,OK,--,9:46:12 AM,11/29/2025,
1260,47.1,gf,2.805,mm,OK,--,9:46:12 AM,11/29/2025,
1261,47.2,gf,2.795,mm,OK,--,9:46:12 AM,11/29/2025,
1262,47.1,gf,2.790,mm,OK,--,9:46:12 AM,11/29/2025,
1263,47.1,gf,2.780,mm,OK,--,9:46:13 AM,11/29/2025,
1264,47.0,gf,2.770,mm,OK,--,9:46:13 AM,11/29/2025,
1265,47.1,gf,2.760,mm,OK,--,9:46:13 AM,11/29/2025,
1266,47.0,gf,2.745,mm,OK,--,9:46:13 AM,11/29/2025,
1267,47.0,gf,2.735,mm,OK,--,9:46:13 AM,11/29/2025,
1268,46.9,gf,2.725,mm,OK,--,9:46:13 AM,11/29/2025,
1269,46.9,gf,2.715,mm,OK,--,9:46:13 AM,11/29/2025,
1270,47.0,gf,2.705,mm,OK,--,9:46:13 AM,11/29/2025,
1271,47.0,gf,2.700,mm,OK,--,9:46:13 AM,11/29/2025,
1272,47.1,gf,2.695,mm,OK,--,9:46:13 AM,11/29/2025,
1273,47.0,gf,2.690,mm,OK,--,9:46:14 AM,11/29/2025,
1274,46.9,gf,2.685,mm,OK,--,9:46:14 AM,11/29/2025,
1275,46.9,gf,2.680,mm,OK,--,9:46:14 AM,11/29/2025,
1276,46.8,gf,2.670,mm,OK,--,9:46:14 AM,11/29/2025,
1277,46.8,gf,2.665,mm,OK,--,9:46:14 AM,11/29/2025,
1278,46.6,gf,2.655,mm,OK,--,9:46:14 AM,11/29/2025,
1279,46.5,gf,2.645,mm,OK,--,9:46:14 AM,11/29/2025,
1280,46.4,gf,2.635,mm,OK,--,9:46:14 AM,11/29/2025,
1281,46.4,gf,2.625,mm,OK,--,9:46:14 AM,11/29/2025,
1282,46.5,gf,2.615,mm,OK,--,9:46:14 AM,11/29/2025,
1283,46.5,gf,2.610,mm,OK,--,9:46:15 AM,11/29/2025,
1284,46.5,gf,2.600,mm,OK,--,9:46:15 AM,11/29/2025,
1285,46.4,gf,2.595,mm,OK,--,9:46:15 AM,11/29/2025,
1286,46.4,gf,2.590,mm,OK,--,9:46:15 AM,11/29/2025,
1287,46.5,gf,2.590,mm,OK,--,9:46:15 AM,11/29/2025,
1288,46.5,gf,2.585,mm,OK,--,9:46:15 AM,11/29/2025,
1289,46.4,gf,2.585,mm,OK,--,9:46:15 AM,11/29/2025,
1290,46.3,gf,2.580,mm,OK,--,9:46:15 AM,11/29/2025,
1291,46.4,gf,2.580,mm,OK,--,9:46:15 AM,11/29/2025,
1292,46.3,gf,2.575,mm,OK,--,9:46:15 AM,11/29/2025,
1293,46.3,gf,2.575,mm,OK,--,9:46:16 AM,11/29/2025,
1294,46.3,gf,2.570,mm,OK,--,9:46:16 AM,11/29/2025,
1295,46.1,gf,2.570,mm,OK,--,9:46:16 AM,11/29/2025,
1296,46.2,gf,2.560,mm,OK,--,9:46:16 AM,11/29/2025,
1297,46.0,gf,2.550,mm,OK,--,9:46:16 AM,11/29/2025,
1298,46.0,gf,2.540,mm,OK,--,9:46:16 AM,11/29/2025,
1299,46.0,gf,2.530,mm,OK,--,9:46:16 AM,11/29/2025,
1300,45.8,gf,2.520,mm,OK,--,9:46:16 AM,11/29/2025,
1301,45.7,gf,2.510,mm,OK,--,9:46:16 AM,11/29/2025,
1302,45.7,gf,2.505,mm,OK,--,9:46:16 AM,11/29/2025,
1303,45.6,gf,2.495,mm,OK,--,9:46:17 AM,11/29/2025,
1304,45.6,gf,2.490,mm,OK,--,9:46:17 AM,11/29/2025,
1305,45.6,gf,2.475,mm,OK,--,9:46:17 AM,11/29/2025,
1306,45.5,gf,2.465,mm,OK,--,9:46:17 AM,11/29/2025,
1307,45.4,gf,2.455,mm,OK,--,9:46:17 AM,11/29/2025,
1308,45.4,gf,2.445,mm,OK,--,9:46:17 AM,11/29/2025,
1309,45.3,gf,2.430,mm,OK,--,9:46:17 AM,11/29/2025,
1310,45.3,gf,2.415,mm,OK,--,9:46:17 AM,11/29/2025,
1311,45.6,gf,2.400,mm,OK,--,9:46:17 AM,11/29/2025,
1312,45.4,gf,2.385,mm,OK,--,9:46:17 AM,11/29/2025,
1313,45.4,gf,2.375,mm,OK,--,9:46:18 AM,11/29/2025,
1314,45.4,gf,2.365,mm,OK,--,9:46:18 AM,11/29/2025,
1315,45.3,gf,2.360,mm,OK,--,9:46:18 AM,11/29/2025,
1316,45.3,gf,2.355,mm,OK,--,9:46:18 AM,11/29/2025,
1317,45.2,gf,2.350,mm,OK,--,9:46:18 AM,11/29/2025,
1318,45.2,gf,2.345,mm,OK,--,9:46:18 AM,11/29/2025,
1319,45.1,gf,2.335,mm,OK,--,9:46:18 AM,11/29/2025,
1320,45.0,gf,2.330,mm,OK,--,9:46:18 AM,11/29/2025,
1321,45.0,gf,2.320,mm,OK,--,9:46:18 AM,11/29/2025,
1322,45.0,gf,2.315,mm,OK,--,9:46:19 AM,11/29/2025,
1323,44.9,gf,2.310,mm,OK,--,9:46:19 AM,11/29/2025,
1324,44.9,gf,2.305,mm,OK,--,9:46:19 AM,11/29/2025,
1325,44.9,gf,2.295,mm,OK,--,9:46:19 AM,11/29/2025,
1326,44.8,gf,2.290,mm,OK,--,9:46:19 AM,11/29/2025,
1327,44.7,gf,2.280,mm,OK,--,9:46:19 AM,11/29/2025,
1328,44.7,gf,2.275,mm,OK,--,9:46:19 AM,11/29/2025,
1329,44.6,gf,2.270,mm,OK,--,9:46:19 AM,11/29/2025,
1330,44.7,gf,2.260,mm,OK,--,9:46:19 AM,11/29/2025,
1331,44.6,gf,2.255,mm,OK,--,9:46:19 AM,11/29/2025,
1332,44.6,gf,2.250,mm,OK,--,9:46:19 AM,11/29/2025,
1333,44.7,gf,2.245,mm,OK,--,9:46:20 AM,11/29/2025,
1334,44.6,gf,2.240,mm,OK,--,9:46:20 AM,11/29/2025,
1335,44.6,gf,2.235,mm,OK,--,9:46:20 AM,11/29/2025,
1336,44.5,gf,2.230,mm,OK,--,9:46:20 AM,11/29/2025,
1337,44.5,gf,2.230,mm,OK,--,9:46:20 AM,11/29/2025,
1338,44.5,gf,2.225,mm,OK,--,9:46:20 AM,11/29/2025,
1339,44.5,gf,2.225,mm,OK,--,9:46:20 AM,11/29/2025,
1340,44.6,gf,2.220,mm,OK,--,9:46:20 AM,11/29/2025,
1341,44.6,gf,2.215,mm,OK,--,9:46:20 AM,11/29/2025,
1342,44.5,gf,2.210,mm,OK,--,9:46:20 AM,11/29/2025,
1343,44.3,gf,2.205,mm,OK,--,9:46:21 AM,11/29/2025,
1344,44.1,gf,2.195,mm,OK,--,9:46:21 AM,11/29/2025,
1345,44.1,gf,2.185,mm,OK,--,9:46:21 AM,11/29/2025,
1346,44.1,gf,2.175,mm,OK,--,9:46:21 AM,11/29/2025,
1347,44.2,gf,2.170,mm,OK,--,9:46:21 AM,11/29/2025,
1348,44.2,gf,2.165,mm,OK,--,9:46:21 AM,11/29/2025,
1349,44.2,gf,2.160,mm,OK,--,9:46:21 AM,11/29/2025,
1350,44.2,gf,2.150,mm,OK,--,9:46:21 AM,11/29/2025,
1351,44.1,gf,2.145,mm,OK,--,9:46:21 AM,11/29/2025,
1352,44.1,gf,2.140,mm,OK,--,9:46:21 AM,11/29/2025,
1353,44.1,gf,2.140,mm,OK,--,9:46:22 AM,11/29/2025,
1354,44.1,gf,2.135,mm,OK,--,9:46:22 AM,11/29/2025,
1355,44.1,gf,2.130,mm,OK,--,9:46:22 AM,11/29/2025,
1356,44.1,gf,2.120,mm,OK,--,9:46:22 AM,11/29/2025,
1357,44.1,gf,2.115,mm,OK,--,9:46:22 AM,11/29/2025,
1358,44.1,gf,2.105,mm,OK,--,9:46:22 AM,11/29/2025,
1359,44.1,gf,2.100,mm,OK,--,9:46:22 AM,11/29/2025,
1360,44.0,gf,2.095,mm,OK,--,9:46:22 AM,11/29/2025,
1361,44.2,gf,2.085,mm,OK,--,9:46:22 AM,11/29/2025,
1362,44.2,gf,2.080,mm,OK,--,9:46:22 AM,11/29/2025,
1363,44.2,gf,2.070,mm,OK,--,9:46:23 AM,11/29/2025,
1364,44.3,gf,2.060,mm,OK,--,9:46:23 AM,11/29/2025,
1365,44.2,gf,2.055,mm,OK,--,9:46:23 AM,11/29/2025,
1366,44.2,gf,2.050,mm,OK,--,9:46:23 AM,11/29/2025,
1367,44.2,gf,2.050,mm,OK,--,9:46:23 AM,11/29/2025,
1368,44.0,gf,2.045,mm,OK,--,9:46:23 AM,11/29/2025,
1369,44.0,gf,2.040,mm,OK,--,9:46:23 AM,11/29/2025,
1370,44.0,gf,2.035,mm,OK,--,9:46:23 AM,11/29/2025,
1371,43.9,gf,2.030,mm,OK,--,9:46:23 AM,11/29/2025,
1372,43.8,gf,2.025,mm,OK,--,9:46:23 AM,11/29/2025,
1373,43.9,gf,2.020,mm,OK,--,9:46:24 AM,11/29/2025,
1374,44.0,gf,2.010,mm,OK,--,9:46:24 AM,11/29/2025,
1375,44.0,gf,2.005,mm,OK,--,9:46:24 AM,11/29/2025,
1376,43.9,gf,2.000,mm,OK,--,9:46:24 AM,11/29/2025,
1377,43.8,gf,1.995,mm,OK,--,9:46:24 AM,11/29/2025,
1378,43.8,gf,1.985,mm,OK,--,9:46:24 AM,11/29/2025,
1379,43.7,gf,1.980,mm,OK,--,9:46:24 AM,11/29/2025,
1380,43.8,gf,1.970,mm,OK,--,9:46:24 AM,11/29/2025,
1381,43.7,gf,1.965,mm,OK,--,9:46:24 AM,11/29/2025,
1382,43.7,gf,1.950,mm,OK,--,9:46:24 AM,11/29/2025,
1383,43.8,gf,1.935,mm,OK,--,9:46:25 AM,11/29/2025,
1384,43.8,gf,1.925,mm,OK,--,9:46:25 AM,11/29/2025,
1385,43.8,gf,1.915,mm,OK,--,9:46:25 AM,11/29/2025,
1386,43.6,gf,1.910,mm,OK,--,9:46:25 AM,11/29/2025,
1387,43.6,gf,1.905,mm,OK,--,9:46:25 AM,11/29/2025,
1388,43.6,gf,1.895,mm,OK,--,9:46:25 AM,11/29/2025,
1389,43.6,gf,1.890,mm,OK,--,9:46:25 AM,11/29/2025,
1390,43.7,gf,1.880,mm,OK,--,9:46:25 AM,11/29/2025,
1391,43.6,gf,1.870,mm,OK,--,9:46:25 AM,11/29/2025,
1392,43.6,gf,1.865,mm,OK,--,9:46:25 AM,11/29/2025,
1393,43.6,gf,1.860,mm,OK,--,9:46:26 AM,11/29/2025,
1394,43.5,gf,1.860,mm,OK,--,9:46:26 AM,11/29/2025,
1395,43.5,gf,1.855,mm,OK,--,9:46:26 AM,11/29/2025,
1396,43.4,gf,1.845,mm,OK,--,9:46:26 AM,11/29/2025,
1397,43.4,gf,1.840,mm,OK,--,9:46:26 AM,11/29/2025,
1398,43.4,gf,1.835,mm,OK,--,9:46:26 AM,11/29/2025,
1399,43.5,gf,1.830,mm,OK,--,9:46:26 AM,11/29/2025,
1400,43.5,gf,1.825,mm,OK,--,9:46:26 AM,11/29/2025,
1401,43.4,gf,1.820,mm,OK,--,9:46:26 AM,11/29/2025,
1402,43.3,gf,1.815,mm,OK,--,9:46:26 AM,11/29/2025,
1403,43.3,gf,1.805,mm,OK,--,9:46:27 AM,11/29/2025,
1404,43.2,gf,1.800,mm,OK,--,9:46:27 AM,11/29/2025,
1405,43.0,gf,1.795,mm,OK,--,9:46:27 AM,11/29/2025,
1406,42.8,gf,1.790,mm,OK,--,9:46:27 AM,11/29/2025,
1407,42.8,gf,1.785,mm,OK,--,9:46:27 AM,11/29/2025,
1408,42.8,gf,1.780,mm,OK,--,9:46:27 AM,11/29/2025,
1409,42.8,gf,1.775,mm,OK,--,9:46:27 AM,11/29/2025,
1410,42.8,gf,1.765,mm,OK,--,9:46:27 AM,11/29/2025,
1411,42.5,gf,1.760,mm,OK,--,9:46:27 AM,11/29/2025,
1412,42.1,gf,1.750,mm,OK,--,9:46:27 AM,11/29/2025,
1413,41.9,gf,1.735,mm,OK,--,9:46:28 AM,11/29/2025,
1414,41.8,gf,1.725,mm,OK,--,9:46:28 AM,11/29/2025,
1415,41.8,gf,1.715,mm,OK,--,9:46:28 AM,11/29/2025,
1416,41.5,gf,1.700,mm,OK,--,9:46:28 AM,11/29/2025,
1417,41.7,gf,1.680,mm,OK,--,9:46:28 AM,11/29/2025,
1418,41.8,gf,1.675,mm,OK,--,9:46:28 AM,11/29/2025,
1419,41.7,gf,1.670,mm,OK,--,9:46:28 AM,11/29/2025,
1420,41.8,gf,1.660,mm,OK,--,9:46:28 AM,11/29/2025,
1421,41.7,gf,1.655,mm,OK,--,9:46:28 AM,11/29/2025,
1422,41.3,gf,1.650,mm,OK,--,9:46:28 AM,11/29/2025,
1423,41.3,gf,1.645,mm,OK,--,9:46:29 AM,11/29/2025,
1424,41.2,gf,1.640,mm,OK,--,9:46:29 AM,11/29/2025,
1425,41.0,gf,1.635,mm,OK,--,9:46:29 AM,11/29/2025,
1426,40.9,gf,1.635,mm,OK,--,9:46:29 AM,11/29/2025,
1427,40.8,gf,1.630,mm,OK,--,9:46:29 AM,11/29/2025,
1428,40.8,gf,1.625,mm,OK,--,9:46:29 AM,11/29/2025,
1429,40.6,gf,1.620,mm,OK,--,9:46:29 AM,11/29/2025,
1430,40.6,gf,1.615,mm,OK,--,9:46:29 AM,11/29/2025,
1431,40.6,gf,1.610,mm,OK,--,9:46:29 AM,11/29/2025,
1432,40.6,gf,1.605,mm,OK,--,9:46:29 AM,11/29/2025,
1433,40.8,gf,1.600,mm,OK,--,9:46:30 AM,11/29/2025,
1434,40.7,gf,1.595,mm,OK,--,9:46:30 AM,11/29/2025,
1435,40.5,gf,1.585,mm,OK,--,9:46:30 AM,11/29/2025,
1436,40.3,gf,1.575,mm,OK,--,9:46:30 AM,11/29/2025,
1437,40.2,gf,1.570,mm,OK,--,9:46:30 AM,11/29/2025,
1438,40.3,gf,1.560,mm,OK,--,9:46:30 AM,11/29/2025,
1439,40.2,gf,1.555,mm,OK,--,9:46:30 AM,11/29/2025,
1440,40.2,gf,1.545,mm,OK,--,9:46:30 AM,11/29/2025,
1441,40.1,gf,1.535,mm,OK,--,9:46:30 AM,11/29/2025,
1442,40.1,gf,1.520,mm,OK,--,9:46:30 AM,11/29/2025,
1443,39.9,gf,1.510,mm,OK,--,9:46:31 AM,11/29/2025,
1444,39.8,gf,1.495,mm,OK,--,9:46:31 AM,11/29/2025,
1445,40.0,gf,1.485,mm,OK,--,9:46:31 AM,11/29/2025,
1446,39.7,gf,1.480,mm,OK,--,9:46:31 AM,11/29/2025,
1447,39.7,gf,1.470,mm,OK,--,9:46:31 AM,11/29/2025,
1448,39.3,gf,1.465,mm,OK,--,9:46:31 AM,11/29/2025,
1449,39.0,gf,1.460,mm,OK,--,9:46:31 AM,11/29/2025,
1450,38.9,gf,1.455,mm,OK,--,9:46:31 AM,11/29/2025,
1451,38.7,gf,1.450,mm,OK,--,9:46:31 AM,11/29/2025,
1452,38.5,gf,1.440,mm,OK,--,9:46:31 AM,11/29/2025,
1453,38.8,gf,1.430,mm,OK,--,9:46:32 AM,11/29/2025,
1454,38.6,gf,1.425,mm,OK,--,9:46:32 AM,11/29/2025,
1455,38.5,gf,1.415,mm,OK,--,9:46:32 AM,11/29/2025,
1456,38.2,gf,1.405,mm,OK,--,9:46:32 AM,11/29/2025,
1457,38.0,gf,1.395,mm,OK,--,9:46:32 AM,11/29/2025,
1458,38.1,gf,1.385,mm,OK,--,9:46:32 AM,11/29/2025,
1459,38.0,gf,1.375,mm,OK,--,9:46:32 AM,11/29/2025,
1460,37.7,gf,1.370,mm,OK,--,9:46:32 AM,11/29/2025,
1461,37.5,gf,1.360,mm,OK,--,9:46:32 AM,11/29/2025,
1462,37.5,gf,1.355,mm,OK,--,9:46:32 AM,11/29/2025,
1463,37.4,gf,1.350,mm,OK,--,9:46:33 AM,11/29/2025,
1464,37.3,gf,1.350,mm,OK,--,9:46:33 AM,11/29/2025,
1465,37.1,gf,1.340,mm,OK,--,9:46:33 AM,11/29/2025,
1466,36.9,gf,1.330,mm,OK,--,9:46:33 AM,11/29/2025,
1467,37.1,gf,1.320,mm,OK,--,9:46:33 AM,11/29/2025,
1468,37.3,gf,1.315,mm,OK,--,9:46:33 AM,11/29/2025,
1469,37.1,gf,1.310,mm,OK,--,9:46:33 AM,11/29/2025,
1470,37.1,gf,1.305,mm,OK,--,9:46:33 AM,11/29/2025,
1471,36.8,gf,1.300,mm,OK,--,9:46:33 AM,11/29/2025,
1472,36.8,gf,1.295,mm,OK,--,9:46:33 AM,11/29/2025,
1473,36.4,gf,1.285,mm,OK,--,9:46:34 AM,11/29/2025,
1474,36.2,gf,1.280,mm,OK,--,9:46:34 AM,11/29/2025,
1475,35.8,gf,1.275,mm,OK,--,9:46:34 AM,11/29/2025,
1476,35.8,gf,1.270,mm,OK,--,9:46:34 AM,11/29/2025,
1477,35.5,gf,1.265,mm,OK,--,9:46:34 AM,11/29/2025,
1478,35.3,gf,1.260,mm,OK,--,9:46:34 AM,11/29/2025,
1479,35.1,gf,1.250,mm,OK,--,9:46:34 AM,11/29/2025,
1480,35.0,gf,1.245,mm,OK,--,9:46:34 AM,11/29/2025,
1481,34.8,gf,1.235,mm,OK,--,9:46:34 AM,11/29/2025,
1482,34.9,gf,1.230,mm,OK,--,9:46:34 AM,11/29/2025,
1483,34.6,gf,1.220,mm,OK,--,9:46:35 AM,11/29/2025,
1484,34.1,gf,1.215,mm,OK,--,9:46:35 AM,11/29/2025,
1485,33.9,gf,1.205,mm,OK,--,9:46:35 AM,11/29/2025,
1486,33.9,gf,1.195,mm,OK,--,9:46:35 AM,11/29/2025,
1487,33.6,gf,1.185,mm,OK,--,9:46:35 AM,11/29/2025,
1488,33.2,gf,1.175,mm,OK,--,9:46:35 AM,11/29/2025,
1489,33.1,gf,1.170,mm,OK,--,9:46:35 AM,11/29/2025,
1490,33.3,gf,1.165,mm,OK,--,9:46:35 AM,11/29/2025,
1491,33.4,gf,1.160,mm,OK,--,9:46:35 AM,11/29/2025,
1492,33.1,gf,1.155,mm,OK,--,9:46:35 AM,11/29/2025,
1493,33.5,gf,1.155,mm,OK,--,9:46:36 AM,11/29/2025,
1494,33.6,gf,1.150,mm,OK,--,9:46:36 AM,11/29/2025,
1495,33.5,gf,1.145,mm,OK,--,9:46:36 AM,11/29/2025,
1496,33.4,gf,1.140,mm,OK,--,9:46:36 AM,11/29/2025,
1497,33.4,gf,1.135,mm,OK,--,9:46:36 AM,11/29/2025,
1498,33.1,gf,1.130,mm,OK,--,9:46:36 AM,11/29/2025,
1499,32.9,gf,1.120,mm,OK,--,9:46:36 AM,11/29/2025,
1500,33.1,gf,1.110,mm,OK,--,9:46:36 AM,11/29/2025,
1501,33.0,gf,1.105,mm,OK,--,9:46:36 AM,11/29/2025,
1502,33.1,gf,1.100,mm,OK,--,9:46:36 AM,11/29/2025,
1503,33.0,gf,1.090,mm,OK,--,9:46:37 AM,11/29/2025,
1504,33.0,gf,1.090,mm,OK,--,9:46:37 AM,11/29/2025,
1505,33.0,gf,1.085,mm,OK,--,9:46:37 AM,11/29/2025,
1506,33.0,gf,1.075,mm,OK,--,9:46:37 AM,11/29/2025,
1507,33.2,gf,1.070,mm,OK,--,9:46:37 AM,11/29/2025,
1508,33.2,gf,1.065,mm,OK,--,9:46:37 AM,11/29/2025,
1509,33.1,gf,1.060,mm,OK,--,9:46:37 AM,11/29/2025,
1510,33.1,gf,1.060,mm,OK,--,9:46:37 AM,11/29/2025,
1511,32.8,gf,1.055,mm,OK,--,9:46:37 AM,11/29/2025,
1512,32.6,gf,1.050,mm,OK,--,9:46:37 AM,11/29/2025,
1513,32.6,gf,1.045,mm,OK,--,9:46:38 AM,11/29/2025,
1514,32.6,gf,1.040,mm,OK,--,9:46:38 AM,11/29/2025,
1515,32.5,gf,1.035,mm,OK,--,9:46:38 AM,11/29/2025,
1516,32.6,gf,1.030,mm,OK,--,9:46:38 AM,11/29/2025,
1517,32.8,gf,1.025,mm,OK,--,9:46:38 AM,11/29/2025,
1518,32.8,gf,1.020,mm,OK,--,9:46:38 AM,11/29/2025,
1519,33.0,gf,1.015,mm,OK,--,9:46:38 AM,11/29/2025,
1520,33.0,gf,1.010,mm,OK,--,9:46:38 AM,11/29/2025,
1521,33.0,gf,1.005,mm,OK,--,9:46:38 AM,11/29/2025,
1522,32.8,gf,1.000,mm,OK,--,9:46:38 AM,11/29/2025,
1523,32.8,gf,0.995,mm,OK,--,9:46:39 AM,11/29/2025,
1524,32.8,gf,0.990,mm,OK,--,9:46:39 AM,11/29/2025,
1525,32.7,gf,0.980,mm,OK,--,9:46:39 AM,11/29/2025,
1526,32.5,gf,0.970,mm,OK,--,9:46:39 AM,11/29/2025,
1527,32.6,gf,0.960,mm,OK,--,9:46:39 AM,11/29/2025,
1528,32.6,gf,0.955,mm,OK,--,9:46:39 AM,11/29/2025,
1529,32.7,gf,0.950,mm,OK,--,9:46:39 AM,11/29/2025,
1530,32.6,gf,0.945,mm,OK,--,9:46:39 AM,11/29/2025,
1531,32.6,gf,0.940,mm,OK,--,9:46:39 AM,11/29/2025,
1532,32.5,gf,0.935,mm,OK,--,9:46:39 AM,11/29/2025,
1533,32.5,gf,0.935,mm,OK,--,9:46:40 AM,11/29/2025,
1534,32.6,gf,0.930,mm,OK,--,9:46:40 AM,11/29/2025,
1535,32.7,gf,0.930,mm,OK,--,9:46:40 AM,11/29/2025,
1536,32.6,gf,0.930,mm,OK,--,9:46:40 AM,11/29/2025,
1537,32.5,gf,0.925,mm,OK,--,9:46:40 AM,11/29/2025,
1538,32.6,gf,0.925,mm,OK,--,9:46:40 AM,11/29/2025,
1539,32.6,gf,0.920,mm,OK,--,9:46:40 AM,11/29/2025,
1540,32.7,gf,0.920,mm,OK,--,9:46:40 AM,11/29/2025,
1541,32.7,gf,0.915,mm,OK,--,9:46:40 AM,11/29/2025,
1542,32.4,gf,0.915,mm,OK,--,9:46:40 AM,11/29/2025,
1543,32.3,gf,0.905,mm,OK,--,9:46:41 AM,11/29/2025,
1544,32.5,gf,0.900,mm,OK,--,9:46:41 AM,11/29/2025,
1545,32.6,gf,0.895,mm,OK,--,9:46:41 AM,11/29/2025,
1546,32.7,gf,0.895,mm,OK,--,9:46:41 AM,11/29/2025,
1547,32.6,gf,0.890,mm,OK,--,9:46:41 AM,11/29/2025,
1548,32.7,gf,0.890,mm,OK,--,9:46:41 AM,11/29/2025,
1549,32.6,gf,0.885,mm,OK,--,9:46:41 AM,11/29/2025,
1550,32.4,gf,0.880,mm,OK,--,9:46:41 AM,11/29/2025,
1551,32.4,gf,0.875,mm,OK,--,9:46:41 AM,11/29/2025,
1552,32.5,gf,0.870,mm,OK,--,9:46:41 AM,11/29/2025,
1553,32.4,gf,0.865,mm,OK,--,9:46:42 AM,11/29/2025,
1554,32.4,gf,0.860,mm,OK,--,9:46:42 AM,11/29/2025,
1555,32.4,gf,0.855,mm,OK,--,9:46:42 AM,11/29/2025,
1556,32.2,gf,0.850,mm,OK,--,9:46:42 AM,11/29/2025,
1557,32.4,gf,0.840,mm,OK,--,9:46:42 AM,11/29/2025,
1558,32.5,gf,0.840,mm,OK,--,9:46:42 AM,11/29/2025,
1559,32.7,gf,0.835,mm,OK,--,9:46:42 AM,11/29/2025,
1560,32.6,gf,0.835,mm,OK,--,9:46:42 AM,11/29/2025,
1561,32.6,gf,0.830,mm,OK,--,9:46:42 AM,11/29/2025,
1562,32.6,gf,0.830,mm,OK,--,9:46:42 AM,11/29/2025,
1563,32.4,gf,0.825,mm,OK,--,9:46:43 AM,11/29/2025,
1564,32.5,gf,0.820,mm,OK,--,9:46:43 AM,11/29/2025,
1565,32.1,gf,0.810,mm,OK,--,9:46:43 AM,11/29/2025,
1566,32.2,gf,0.800,mm,OK,--,9:46:43 AM,11/29/2025,
1567,32.0,gf,0.790,mm,OK,--,9:46:43 AM,11/29/2025,
1568,31.7,gf,0.780,mm,OK,--,9:46:43 AM,11/29/2025,
1569,31.6,gf,0.765,mm,OK,--,9:46:43 AM,11/29/2025,
1570,31.5,gf,0.755,mm,OK,--,9:46:43 AM,11/29/2025,
1571,31.7,gf,0.750,mm,OK,--,9:46:43 AM,11/29/2025,
1572,31.7,gf,0.745,mm,OK,--,9:46:43 AM,11/29/2025,
1573,31.7,gf,0.740,mm,OK,--,9:46:44 AM,11/29/2025,
1574,31.6,gf,0.735,mm,OK,--,9:46:44 AM,11/29/2025,
1575,31.6,gf,0.730,mm,OK,--,9:46:44 AM,11/29/2025,
1576,31.9,gf,0.725,mm,OK,--,9:46:44 AM,11/29/2025,
1577,31.9,gf,0.720,mm,OK,--,9:46:44 AM,11/29/2025,
1578,31.8,gf,0.720,mm,OK,--,9:46:44 AM,11/29/2025,
1579,31.8,gf,0.715,mm,OK,--,9:46:44 AM,11/29/2025,
1580,31.7,gf,0.715,mm,OK,--,9:46:44 AM,11/29/2025,
1581,31.6,gf,0.710,mm,OK,--,9:46:44 AM,11/29/2025,
1582,31.7,gf,0.705,mm,OK,--,9:46:44 AM,11/29/2025,
1583,31.7,gf,0.700,mm,OK,--,9:46:45 AM,11/29/2025,
1584,31.6,gf,0.695,mm,OK,--,9:46:45 AM,11/29/2025,
1585,31.6,gf,0.695,mm,OK,--,9:46:45 AM,11/29/2025,
1586,31.5,gf,0.690,mm,OK,--,9:46:45 AM,11/29/2025,
1587,31.4,gf,0.690,mm,OK,--,9:46:45 AM,11/29/2025,
1588,31.4,gf,0.685,mm,OK,--,9:46:45 AM,11/29/2025,
1589,31.4,gf,0.685,mm,OK,--,9:46:45 AM,11/29/2025,
1590,31.4,gf,0.680,mm,OK,--,9:46:45 AM,11/29/2025,
1591,31.4,gf,0.680,mm,OK,--,9:46:45 AM,11/29/2025,
1592,31.4,gf,0.675,mm,OK,--,9:46:45 AM,11/29/2025,
1593,31.2,gf,0.670,mm,OK,--,9:46:46 AM,11/29/2025,
1594,31.0,gf,0.665,mm,OK,--,9:46:46 AM,11/29/2025,
1595,31.1,gf,0.665,mm,OK,--,9:46:46 AM,11/29/2025,
1596,31.1,gf,0.660,mm,OK,--,9:46:46 AM,11/29/2025,
1597,31.2,gf,0.660,mm,OK,--,9:46:46 AM,11/29/2025,
1598,31.1,gf,0.655,mm,OK,--,9:46:46 AM,11/29/2025,
1599,31.0,gf,0.655,mm,OK,--,9:46:46 AM,11/29/2025,
1600,30.8,gf,0.650,mm,OK,--,9:46:46 AM,11/29/2025,
1601,30.7,gf,0.645,mm,OK,--,9:46:46 AM,11/29/2025,
1602,30.9,gf,0.645,mm,OK,--,9:46:46 AM,11/29/2025,
1603,30.8,gf,0.640,mm,OK,--,9:46:47 AM,11/29/2025,
1604,30.8,gf,0.635,mm,OK,--,9:46:47 AM,11/29/2025,
1605,30.7,gf,0.630,mm,OK,--,9:46:47 AM,11/29/2025,
1606,30.6,gf,0.630,mm,OK,--,9:46:47 AM,11/29/2025,
1607,30.5,gf,0.625,mm,OK,--,9:46:47 AM,11/29/2025,
1608,30.6,gf,0.620,mm,OK,--,9:46:47 AM,11/29/2025,
1609,30.5,gf,0.615,mm,OK,--,9:46:47 AM,11/29/2025,
1610,30.6,gf,0.610,mm,OK,--,9:46:47 AM,11/29/2025,
1611,30.4,gf,0.610,mm,OK,--,9:46:47 AM,11/29/2025,
1612,30.4,gf,0.605,mm,OK,--,9:46:47 AM,11/29/2025,
1613,30.2,gf,0.600,mm,OK,--,9:46:48 AM,11/29/2025,
1614,30.1,gf,0.595,mm,OK,--,9:46:48 AM,11/29/2025,
1615,30.1,gf,0.590,mm,OK,--,9:46:48 AM,11/29/2025,
1616,30.1,gf,0.585,mm,OK,--,9:46:48 AM,11/29/2025,
1617,30.2,gf,0.580,mm,OK,--,9:46:48 AM,11/29/2025,
1618,30.3,gf,0.575,mm,OK,--,9:46:48 AM,11/29/2025,
1619,30.4,gf,0.570,mm,OK,--,9:46:48 AM,11/29/2025,
1620,30.4,gf,0.570,mm,OK,--,9:46:48 AM,11/29/2025,
1621,30.4,gf,0.565,mm,OK,--,9:46:48 AM,11/29/2025,
1622,30.5,gf,0.560,mm,OK,--,9:46:48 AM,11/29/2025,
1623,30.5,gf,0.555,mm,OK,--,9:46:49 AM,11/29/2025,
1624,30.5,gf,0.555,mm,OK,--,9:46:49 AM,11/29/2025,
1625,30.4,gf,0.550,mm,OK,--,9:46:49 AM,11/29/2025,
1626,30.3,gf,0.550,mm,OK,--,9:46:49 AM,11/29/2025,
1627,30.2,gf,0.545,mm,OK,--,9:46:49 AM,11/29/2025,
1628,30.3,gf,0.540,mm,OK,--,9:46:49 AM,11/29/2025,
1629,30.2,gf,0.535,mm,OK,--,9:46:49 AM,11/29/2025,
1630,30.0,gf,0.530,mm,OK,--,9:46:49 AM,11/29/2025,
1631,29.9,gf,0.525,mm,OK,--,9:46:49 AM,11/29/2025,
1632,30.1,gf,0.525,mm,OK,--,9:46:49 AM,11/29/2025,
1633,29.8,gf,0.515,mm,OK,--,9:46:50 AM,11/29/2025,
1634,29.9,gf,0.510,mm,OK,--,9:46:50 AM,11/29/2025,
1635,29.9,gf,0.505,mm,OK,--,9:46:50 AM,11/29/2025,
1636,29.8,gf,0.505,mm,OK,--,9:46:50 AM,11/29/2025,
1637,29.9,gf,0.500,mm,OK,--,9:46:50 AM,11/29/2025,
1638,30.0,gf,0.495,mm,OK,--,9:46:50 AM,11/29/2025,
1639,30.0,gf,0.495,mm,OK,--,9:46:50 AM,11/29/2025,
1640,29.9,gf,0.490,mm,OK,--,9:46:50 AM,11/29/2025,
1641,30.0,gf,0.490,mm,OK,--,9:46:50 AM,11/29/2025,
1642,30.1,gf,0.485,mm,OK,--,9:46:50 AM,11/29/2025,
1643,30.1,gf,0.485,mm,OK,--,9:46:51 AM,11/29/2025,
1644,30.2,gf,0.485,mm,OK,--,9:46:51 AM,11/29/2025,
1645,30.0,gf,0.480,mm,OK,--,9:46:51 AM,11/29/2025,
1646,29.9,gf,0.480,mm,OK,--,9:46:51 AM,11/29/2025,
1647,29.9,gf,0.475,mm,OK,--,9:46:51 AM,11/29/2025,
1648,29.8,gf,0.475,mm,OK,--,9:46:51 AM,11/29/2025,
1649,29.8,gf,0.470,mm,OK,--,9:46:51 AM,11/29/2025,
1650,29.9,gf,0.465,mm,OK,--,9:46:51 AM,11/29/2025,
1651,30.1,gf,0.465,mm,OK,--,9:46:51 AM,11/29/2025,
1652,29.9,gf,0.465,mm,OK,--,9:46:51 AM,11/29/2025,
1653,29.6,gf,0.460,mm,OK,--,9:46:52 AM,11/29/2025,
1654,29.8,gf,0.460,mm,OK,--,9:46:52 AM,11/29/2025,
1655,29.9,gf,0.455,mm,OK,--,9:46:52 AM,11/29/2025,
1656,29.8,gf,0.455,mm,OK,--,9:46:52 AM,11/29/2025,
1657,29.9,gf,0.450,mm,OK,--,9:46:52 AM,11/29/2025,
1658,30.0,gf,0.450,mm,OK,--,9:46:52 AM,11/29/2025,
1659,30.0,gf,0.445,mm,OK,--,9:46:52 AM,11/29/2025,
1660,30.0,gf,0.445,mm,OK,--,9:46:52 AM,11/29/2025,
1661,30.0,gf,0.445,mm,OK,--,9:46:52 AM,11/29/2025,
1662,30.0,gf,0.440,mm,OK,--,9:46:52 AM,11/29/2025,
1663,30.0,gf,0.440,mm,OK,--,9:46:53 AM,11/29/2025,
1664,30.1,gf,0.440,mm,OK,--,9:46:53 AM,11/29/2025,
1665,29.9,gf,0.435,mm,OK,--,9:46:53 AM,11/29/2025,
1666,29.8,gf,0.435,mm,OK,--,9:46:53 AM,11/29/2025,
1667,29.7,gf,0.430,mm,OK,--,9:46:53 AM,11/29/2025,
1668,29.9,gf,0.430,mm,OK,--,9:46:53 AM,11/29/2025,
1669,29.9,gf,0.430,mm,OK,--,9:46:53 AM,11/29/2025,
1670,29.6,gf,0.425,mm,OK,--,9:46:53 AM,11/29/2025,
1671,29.4,gf,0.420,mm,OK,--,9:46:53 AM,11/29/2025,
1672,29.6,gf,0.410,mm,OK,--,9:46:53 AM,11/29/2025,
1673,29.8,gf,0.405,mm,OK,--,9:46:54 AM,11/29/2025,
1674,29.9,gf,0.405,mm,OK,--,9:46:54 AM,11/29/2025,
1675,29.8,gf,0.400,mm,OK,--,9:46:54 AM,11/29/2025,
1676,29.8,gf,0.400,mm,OK,--,9:46:54 AM,11/29/2025,
1677,29.8,gf,0.395,mm,OK,--,9:46:54 AM,11/29/2025,
1678,29.7,gf,0.395,mm,OK,--,9:46:54 AM,11/29/2025,
1679,29.5,gf,0.390,mm,OK,--,9:46:54 AM,11/29/2025,
1680,29.7,gf,0.385,mm,OK,--,9:46:54 AM,11/29/2025,
1681,29.6,gf,0.380,mm,OK,--,9:46:54 AM,11/29/2025,
1682,29.6,gf,0.375,mm,OK,--,9:46:54 AM,11/29/2025,
1683,29.6,gf,0.375,mm,OK,--,9:46:55 AM,11/29/2025,
1684,29.5,gf,0.375,mm,OK,--,9:46:55 AM,11/29/2025,
1685,29.5,gf,0.370,mm,OK,--,9:46:55 AM,11/29/2025,
1686,29.5,gf,0.370,mm,OK,--,9:46:55 AM,11/29/2025,
1687,29.4,gf,0.365,mm,OK,--,9:46:55 AM,11/29/2025,
1688,29.4,gf,0.360,mm,OK,--,9:46:55 AM,11/29/2025,
1689,29.5,gf,0.360,mm,OK,--,9:46:55 AM,11/29/2025,
1690,29.6,gf,0.355,mm,OK,--,9:46:55 AM,11/29/2025,
1691,29.2,gf,0.355,mm,OK,--,9:46:55 AM,11/29/2025,
1692,29.1,gf,0.345,mm,OK,--,9:46:55 AM,11/29/2025,
1693,29.1,gf,0.340,mm,OK,--,9:46:56 AM,11/29/2025,
1694,29.0,gf,0.335,mm,OK,--,9:46:56 AM,11/29/2025,
1695,29.2,gf,0.330,mm,OK,--,9:46:56 AM,11/29/2025,
1696,29.2,gf,0.325,mm,OK,--,9:46:56 AM,11/29/2025,
1697,29.3,gf,0.325,mm,OK,--,9:46:56 AM,11/29/2025,
1698,29.0,gf,0.315,mm,OK,--,9:46:56 AM,11/29/2025,
1699,29.1,gf,0.310,mm,OK,--,9:46:56 AM,11/29/2025,
1700,29.1,gf,0.305,mm,OK,--,9:46:56 AM,11/29/2025,
1701,29.1,gf,0.300,mm,OK,--,9:46:56 AM,11/29/2025,
1702,29.0,gf,0.295,mm,OK,--,9:46:56 AM,11/29/2025,
1703,29.1,gf,0.290,mm,OK,--,9:46:57 AM,11/29/2025,
1704,29.0,gf,0.285,mm,OK,--,9:46:57 AM,11/29/2025,
1705,28.7,gf,0.285,mm,OK,--,9:46:57 AM,11/29/2025,
1706,28.7,gf,0.275,mm,OK,--,9:46:57 AM,11/29/2025,
1707,28.8,gf,0.275,mm,OK,--,9:46:57 AM,11/29/2025,
1708,28.8,gf,0.270,mm,OK,--,9:46:57 AM,11/29/2025,
1709,28.8,gf,0.265,mm,OK,--,9:46:57 AM,11/29/2025,
1710,28.7,gf,0.265,mm,OK,--,9:46:57 AM,11/29/2025,
1711,28.5,gf,0.260,mm,OK,--,9:46:57 AM,11/29/2025,
1712,28.5,gf,0.255,mm,OK,--,9:46:57 AM,11/29/2025,
1713,28.8,gf,0.250,mm,OK,--,9:46:58 AM,11/29/2025,
1714,28.9,gf,0.250,mm,OK,--,9:46:58 AM,11/29/2025,
1715,28.8,gf,0.245,mm,OK,--,9:46:58 AM,11/29/2025,
1716,28.7,gf,0.245,mm,OK,--,9:46:58 AM,11/29/2025,
1717,28.6,gf,0.240,mm,OK,--,9:46:58 AM,11/29/2025,
1718,28.5,gf,0.235,mm,OK,--,9:46:58 AM,11/29/2025,
1719,28.5,gf,0.235,mm,OK,--,9:46:58 AM,11/29/2025,
1720,28.4,gf,0.230,mm,OK,--,9:46:58 AM,11/29/2025,
1721,28.4,gf,0.225,mm,OK,--,9:46:58 AM,11/29/2025,
1722,28.6,gf,0.220,mm,OK,--,9:46:58 AM,11/29/2025,
1723,28.6,gf,0.215,mm,OK,--,9:46:59 AM,11/29/2025,
1724,28.5,gf,0.215,mm,OK,--,9:46:59 AM,11/29/2025,
1725,28.5,gf,0.210,mm,OK,--,9:46:59 AM,11/29/2025,
1726,28.6,gf,0.205,mm,OK,--,9:46:59 AM,11/29/2025,
1727,28.5,gf,0.200,mm,OK,--,9:46:59 AM,11/29/2025,
1728,28.5,gf,0.200,mm,OK,--,9:46:59 AM,11/29/2025,
1729,28.6,gf,0.195,mm,OK,--,9:46:59 AM,11/29/2025,
1730,28.7,gf,0.195,mm,OK,--,9:46:59 AM,11/29/2025,
1731,28.6,gf,0.190,mm,OK,--,9:46:59 AM,11/29/2025,
1732,28.5,gf,0.190,mm,OK,--,9:46:59 AM,11/29/2025,
1733,28.5,gf,0.185,mm,OK,--,9:47:00 AM,11/29/2025,
1734,28.5,gf,0.185,mm,OK,--,9:47:00 AM,11/29/2025,
1735,28.5,gf,0.180,mm,OK,--,9:47:00 AM,11/29/2025,
1736,28.5,gf,0.180,mm,OK,--,9:47:00 AM,11/29/2025,
1737,28.5,gf,0.180,mm,OK,--,9:47:00 AM,11/29/2025,
1738,28.6,gf,0.175,mm,OK,--,9:47:00 AM,11/29/2025,
1739,28.8,gf,0.175,mm,OK,--,9:47:00 AM,11/29/2025,
1740,28.6,gf,0.175,mm,OK,--,9:47:00 AM,11/29/2025,
1741,28.6,gf,0.175,mm,OK,--,9:47:00 AM,11/29/2025,
1742,28.5,gf,0.170,mm,OK,--,9:47:00 AM,11/29/2025,
1743,28.1,gf,0.170,mm,OK,--,9:47:01 AM,11/29/2025,
1744,28.1,gf,0.165,mm,OK,--,9:47:01 AM,11/29/2025,
1745,28.4,gf,0.165,mm,OK,--,9:47:01 AM,11/29/2025,
1746,28.3,gf,0.165,mm,OK,--,9:47:01 AM,11/29/2025,
1747,28.4,gf,0.160,mm,OK,--,9:47:01 AM,11/29/2025,
1748,28.4,gf,0.160,mm,OK,--,9:47:01 AM,11/29/2025,
1749,28.2,gf,0.160,mm,OK,--,9:47:01 AM,11/29/2025,
1750,27.8,gf,0.155,mm,OK,--,9:47:01 AM,11/29/2025,
1751,28.0,gf,0.145,mm,OK,--,9:47:01 AM,11/29/2025,
1752,28.0,gf,0.140,mm,OK,--,9:47:01 AM,11/29/2025,
1753,28.0,gf,0.135,mm,OK,--,9:47:02 AM,11/29/2025,
1754,28.2,gf,0.135,mm,OK,--,9:47:02 AM,11/29/2025,
1755,28.2,gf,0.130,mm,OK,--,9:47:02 AM,11/29/2025,
1756,28.0,gf,0.130,mm,OK,--,9:47:02 AM,11/29/2025,
1757,28.1,gf,0.125,mm,OK,--,9:47:02 AM,11/29/2025,
1758,28.0,gf,0.125,mm,OK,--,9:47:02 AM,11/29/2025,
1759,28.2,gf,0.120,mm,OK,--,9:47:02 AM,11/29/2025,
1760,28.2,gf,0.120,mm,OK,--,9:47:02 AM,11/29/2025,
1761,27.9,gf,0.120,mm,OK,--,9:47:02 AM,11/29/2025,
1762,27.6,gf,0.120,mm,OK,--,9:47:02 AM,11/29/2025,
1763,27.5,gf,0.115,mm,OK,--,9:47:03 AM,11/29/2025,
1764,27.7,gf,0.115,mm,OK,--,9:47:03 AM,11/29/2025,
1765,27.6,gf,0.110,mm,OK,--,9:47:03 AM,11/29/2025,
1766,27.5,gf,0.110,mm,OK,--,9:47:03 AM,11/29/2025,
1767,27.4,gf,0.105,mm,OK,--,9:47:03 AM,11/29/2025,
1768,27.1,gf,0.100,mm,OK,--,9:47:03 AM,11/29/2025,
1769,27.1,gf,0.100,mm,OK,--,9:47:03 AM,11/29/2025,
1770,27.2,gf,0.095,mm,OK,--,9:47:03 AM,11/29/2025,
1771,27.1,gf,0.090,mm,OK,--,9:47:03 AM,11/29/2025,
1772,26.9,gf,0.090,mm,OK,--,9:47:03 AM,11/29/2025,
1773,26.6,gf,0.085,mm,OK,--,9:47:04 AM,11/29/2025,
1774,26.2,gf,0.080,mm,OK,--,9:47:04 AM,11/29/2025,
1775,25.3,gf,0.075,mm,OK,--,9:47:04 AM,11/29/2025,
1776,23.1,gf,0.075,mm,OK,--,9:47:04 AM,11/29/2025,
1777,21.5,gf,0.070,mm,OK,--,9:47:04 AM,11/29/2025,
1778,19.6,gf,0.070,mm,OK,--,9:47:04 AM,11/29/2025,
1779,18.2,gf,0.065,mm,OK,--,9:47:04 AM,11/29/2025,
1780,16.1,gf,0.065,mm,OK,--,9:47:04 AM,11/29/2025,
1781,10.9,gf,0.055,mm,OK,--,9:47:04 AM,11/29/2025,
1782,6.1,gf,0.050,mm,OK,--,9:47:04 AM,11/29/2025,
1783,6.2,gf,0.050,mm,OK,--,9:47:05 AM,11/29/2025,
1784,5.7,gf,0.045,mm,OK,--,9:47:05 AM,11/29/2025,
1785,1.3,gf,0.040,mm,OK,--,9:47:05 AM,11/29/2025,
1786,0.0,gf,0.030,mm,OK,--,9:47:05 AM,11/29/2025,
1787,-0.1,gf,0.025,mm,OK,--,9:47:05 AM,11/29/2025,
1788,0.0,gf,0.020,mm,OK,--,9:47:05 AM,11/29/2025,
1789,0.0,gf,0.015,mm,OK,--,9:47:05 AM,11/29/2025,
1790,0.0,gf,0.005,mm,OK,--,9:47:05 AM,11/29/2025,
1791,-0.1,gf,-0.005,mm,OK,--,9:47:05 AM,11/29/2025,
1792,0.0,gf,-0.015,mm,OK,--,9:47:05 AM,11/29/2025,
1793,0.0,gf,-0.020,mm,OK,--,9:47:06 AM,11/29/2025,
1794,-0.1,gf,-0.030,mm,OK,--,9:47:06 AM,11/29/2025,
1795,-0.1,gf,-0.030,mm,OK,--,9:47:06 AM,11/29/2025,
1796,0.0,gf,-0.035,mm,OK,--,9:47:06 AM,11/29/2025,
1797,0.0,gf,-0.035,mm,OK,--,9:47:06 AM,11/29/2025,
1798,0.0,gf,-0.035,mm,OK,--,9:47:06 AM,11/29/2025,
1799,0.0,gf,-0.035,mm,OK,--,9:47:06 AM,11/29/2025,
1800,0.0,gf,-0.035,mm,OK,--,9:47:06 AM,11/29/2025,
1801,0.0,gf,-0.035,mm,OK,--,9:47:06 AM,11/29/2025,
1802,0.0,gf,-0.035,mm,OK,--,9:47:06 AM,11/29/2025,
1803,0.0,gf,-0.035,mm,OK,--,9:47:07 AM,11/29/2025,
1804,0.6,gf,-0.030,mm,OK,--,9:47:07 AM,11/29/2025,
1805,0.2,gf,-0.030,mm,OK,--,9:47:07 AM,11/29/2025,
1806,0.0,gf,-0.025,mm,OK,--,9:47:07 AM,11/29/2025,
1807,0.0,gf,-0.025,mm,OK,--,9:47:07 AM,11/29/2025,
1808,0.1,gf,-0.025,mm,OK,--,9:47:07 AM,11/29/2025,
1809,0.0,gf,-0.020,mm,OK,--,9:47:07 AM,11/29/2025,
1810,0.0,gf,-0.020,mm,OK,--,9:47:07 AM,11/29/2025,
1811,0.0,gf,-0.020,mm,OK,--,9:47:07 AM,11/29/2025,
1812,0.0,gf,-0.020,mm,OK,--,9:47:07 AM,11/29/2025,
1813,0.1,gf,-0.015,mm,OK,--,9:47:08 AM,11/29/2025,
1814,0.0,gf,-0.015,mm,OK,--,9:47:08 AM,11/29/2025,
1815,-0.1,gf,-0.015,mm,OK,--,9:47:08 AM,11/29/2025,
1816,0.0,gf,-0.015,mm,OK,--,9:47:08 AM,11/29/2025,
1817,0.1,gf,-0.015,mm,OK,--,9:47:08 AM,11/29/2025,
1818,0.1,gf,-0.010,mm,OK,--,9:47:08 AM,11/29/2025,
