Maximum,196.0,@,No.1091,,,,,,
Minimum,-0.1,@,No.16,,,,,,
Average,49.88,,,,,,,,
Data Quantity,1936,,,,,,,,
Number of NG,0,,,,,,,,
No.,Force,Unit,Displacement,Unit,Judge,Position,Time,Date,
1,0.0,gf,0.000,mm,OK,--,7:15:33 PM,7/30/2025,
2,0.0,gf,0.000,mm,OK,--,7:15:33 PM,7/30/2025,
3,0.0,gf,0.000,mm,OK,--,7:15:33 PM,7/30/2025,
4,0.0,gf,0.000,mm,OK,--,7:15:33 PM,7/30/2025,
5,0.0,gf,0.000,mm,OK,--,7:15:34 PM,7/30/2025,
6,0.0,gf,0.000,mm,OK,--,7:15:34 PM,7/30/2025,
7,0.0,gf,0.000,mm,OK,--,7:15:34 PM,7/30/2025,
8,0.0,gf,0.000,mm,OK,--,7:15:34 PM,7/30/2025,
9,0.0,gf,0.000,mm,OK,--,7:15:34 PM,7/30/2025,
10,0.0,gf,0.000,mm,OK,--,7:15:34 PM,7/30/2025,
11,0.0,gf,0.000,mm,OK,--,7:15:34 PM,7/30/2025,
12,0.0,gf,0.000,mm,OK,--,7:15:34 PM,7/30/2025,
13,0.0,gf,0.000,mm,OK,--,7:15:34 PM,7/30/2025,
14,0.0,gf,0.000,mm,OK,--,7:15:34 PM,7/30/2025,
15,0.0,gf,0.000,mm,OK,--,7:15:35 PM,7/30/2025,
16,-0.1,gf,0.000,mm,OK,--,7:15:35 PM,7/30/2025,
17,0.0,gf,0.000,mm,OK,--,7:15:35 PM,7/30/2025,
18,0.0,gf,0.000,mm,OK,--,7:15:35 PM,7/30/2025,
19,0.0,gf,0.000,mm,OK,--,7:15:35 PM,7/30/2025,
20,0.0,gf,0.000,mm,OK,--,7:15:35 PM,7/30/2025,
21,0.0,gf,0.000,mm,OK,--,7:15:35 PM,7/30/2025,
22,0.0,gf,0.000,mm,OK,--,7:15:35 PM,7/30/2025,
23,0.0,gf,0.000,mm,OK,--,7:15:35 PM,7/30/2025,
24,0.0,gf,0.000,mm,OK,--,7:15:35 PM,7/30/2025,
25,0.0,gf,0.000,mm,OK,--,7:15:36 PM,7/30/2025,
26,0.0,gf,0.000,mm,OK,--,7:15:36 PM,7/30/2025,
27,0.0,gf,0.000,mm,OK,--,7:15:36 PM,7/30/2025,
28,0.0,gf,0.005,mm,OK,--,7:15:36 PM,7/30/2025,
29,0.0,gf,0.005,mm,OK,--,7:15:36 PM,7/30/2025,
30,0.0,gf,0.005,mm,OK,--,7:15:36 PM,7/30/2025,
31,0.0,gf,0.005,mm,OK,--,7:15:36 PM,7/30/2025,
32,0.0,gf,0.005,mm,OK,--,7:15:36 PM,7/30/2025,
33,0.0,gf,0.005,mm,OK,--,7:15:36 PM,7/30/2025,
34,0.0,gf,0.010,mm,OK,--,7:15:36 PM,7/30/2025,
35,0.0,gf,0.010,mm,OK,--,7:15:37 PM,7/30/2025,
36,0.0,gf,0.015,mm,OK,--,7:15:37 PM,7/30/2025,
37,0.0,gf,0.015,mm,OK,--,7:15:37 PM,7/30/2025,
38,0.0,gf,0.020,mm,OK,--,7:15:37 PM,7/30/2025,
39,0.0,gf,0.025,mm,OK,--,7:15:37 PM,7/30/2025,
40,0.0,gf,0.030,mm,OK,--,7:15:37 PM,7/30/2025,
41,0.0,gf,0.035,mm,OK,--,7:15:37 PM,7/30/2025,
42,0.0,gf,0.040,mm,OK,--,7:15:37 PM,7/30/2025,
43,0.0,gf,0.050,mm,OK,--,7:15:37 PM,7/30/2025,
44,0.0,gf,0.055,mm,OK,--,7:15:37 PM,7/30/2025,
45,0.0,gf,0.065,mm,OK,--,7:15:38 PM,7/30/2025,
46,0.0,gf,0.075,mm,OK,--,7:15:38 PM,7/30/2025,
47,0.0,gf,0.080,mm,OK,--,7:15:38 PM,7/30/2025,
48,0.0,gf,0.090,mm,OK,--,7:15:38 PM,7/30/2025,
49,0.0,gf,0.095,mm,OK,--,7:15:38 PM,7/30/2025,
50,0.0,gf,0.100,mm,OK,--,7:15:38 PM,7/30/2025,
51,0.0,gf,0.110,mm,OK,--,7:15:38 PM,7/30/2025,
52,0.0,gf,0.115,mm,OK,--,7:15:38 PM,7/30/2025,
53,0.0,gf,0.120,mm,OK,--,7:15:38 PM,7/30/2025,
54,0.0,gf,0.125,mm,OK,--,7:15:38 PM,7/30/2025,
55,0.0,gf,0.125,mm,OK,--,7:15:39 PM,7/30/2025,
56,0.0,gf,0.130,mm,OK,--,7:15:39 PM,7/30/2025,
57,0.0,gf,0.130,mm,OK,--,7:15:39 PM,7/30/2025,
58,0.0,gf,0.135,mm,OK,--,7:15:39 PM,7/30/2025,
59,0.0,gf,0.135,mm,OK,--,7:15:39 PM,7/30/2025,
60,0.0,gf,0.140,mm,OK,--,7:15:39 PM,7/30/2025,
61,0.0,gf,0.145,mm,OK,--,7:15:39 PM,7/30/2025,
62,0.0,gf,0.145,mm,OK,--,7:15:39 PM,7/30/2025,
63,0.0,gf,0.150,mm,OK,--,7:15:39 PM,7/30/2025,
64,0.0,gf,0.155,mm,OK,--,7:15:39 PM,7/30/2025,
65,0.0,gf,0.160,mm,OK,--,7:15:40 PM,7/30/2025,
66,0.0,gf,0.160,mm,OK,--,7:15:40 PM,7/30/2025,
67,0.0,gf,0.165,mm,OK,--,7:15:40 PM,7/30/2025,
68,0.0,gf,0.170,mm,OK,--,7:15:40 PM,7/30/2025,
69,0.0,gf,0.180,mm,OK,--,7:15:40 PM,7/30/2025,
70,0.0,gf,0.190,mm,OK,--,7:15:40 PM,7/30/2025,
71,0.8,gf,0.195,mm,OK,--,7:15:40 PM,7/30/2025,
72,6.0,gf,0.205,mm,OK,--,7:15:40 PM,7/30/2025,
73,10.9,gf,0.210,mm,OK,--,7:15:40 PM,7/30/2025,
74,13.2,gf,0.215,mm,OK,--,7:15:40 PM,7/30/2025,
75,15.7,gf,0.220,mm,OK,--,7:15:41 PM,7/30/2025,
76,17.8,gf,0.220,mm,OK,--,7:15:41 PM,7/30/2025,
77,19.2,gf,0.225,mm,OK,--,7:15:41 PM,7/30/2025,
78,22.1,gf,0.225,mm,OK,--,7:15:41 PM,7/30/2025,
79,22.3,gf,0.230,mm,OK,--,7:15:41 PM,7/30/2025,
80,23.8,gf,0.230,mm,OK,--,7:15:41 PM,7/30/2025,
81,24.3,gf,0.235,mm,OK,--,7:15:41 PM,7/30/2025,
82,25.0,gf,0.235,mm,OK,--,7:15:41 PM,7/30/2025,
83,27.0,gf,0.235,mm,OK,--,7:15:41 PM,7/30/2025,
84,29.0,gf,0.240,mm,OK,--,7:15:41 PM,7/30/2025,
85,30.1,gf,0.240,mm,OK,--,7:15:42 PM,7/30/2025,
86,30.8,gf,0.245,mm,OK,--,7:15:42 PM,7/30/2025,
87,31.0,gf,0.245,mm,OK,--,7:15:42 PM,7/30/2025,
88,31.1,gf,0.245,mm,OK,--,7:15:42 PM,7/30/2025,
89,31.0,gf,0.250,mm,OK,--,7:15:42 PM,7/30/2025,
90,31.0,gf,0.250,mm,OK,--,7:15:42 PM,7/30/2025,
91,31.0,gf,0.250,mm,OK,--,7:15:42 PM,7/30/2025,
92,31.0,gf,0.250,mm,OK,--,7:15:42 PM,7/30/2025,
93,31.0,gf,0.255,mm,OK,--,7:15:42 PM,7/30/2025,
94,30.9,gf,0.255,mm,OK,--,7:15:42 PM,7/30/2025,
95,30.9,gf,0.260,mm,OK,--,7:15:43 PM,7/30/2025,
96,30.8,gf,0.260,mm,OK,--,7:15:43 PM,7/30/2025,
97,30.8,gf,0.265,mm,OK,--,7:15:43 PM,7/30/2025,
98,30.8,gf,0.265,mm,OK,--,7:15:43 PM,7/30/2025,
99,30.8,gf,0.265,mm,OK,--,7:15:43 PM,7/30/2025,
100,30.8,gf,0.270,mm,OK,--,7:15:43 PM,7/30/2025,
101,30.8,gf,0.270,mm,OK,--,7:15:43 PM,7/30/2025,
102,30.8,gf,0.275,mm,OK,--,7:15:43 PM,7/30/2025,
103,30.9,gf,0.280,mm,OK,--,7:15:43 PM,7/30/2025,
104,30.9,gf,0.285,mm,OK,--,7:15:43 PM,7/30/2025,
105,30.9,gf,0.285,mm,OK,--,7:15:44 PM,7/30/2025,
106,30.9,gf,0.290,mm,OK,--,7:15:44 PM,7/30/2025,
107,30.9,gf,0.295,mm,OK,--,7:15:44 PM,7/30/2025,
108,30.9,gf,0.300,mm,OK,--,7:15:44 PM,7/30/2025,
109,31.0,gf,0.300,mm,OK,--,7:15:44 PM,7/30/2025,
110,31.0,gf,0.305,mm,OK,--,7:15:44 PM,7/30/2025,
111,31.0,gf,0.310,mm,OK,--,7:15:44 PM,7/30/2025,
112,31.0,gf,0.310,mm,OK,--,7:15:44 PM,7/30/2025,
113,31.0,gf,0.315,mm,OK,--,7:15:44 PM,7/30/2025,
114,31.0,gf,0.315,mm,OK,--,7:15:44 PM,7/30/2025,
115,31.0,gf,0.320,mm,OK,--,7:15:45 PM,7/30/2025,
116,31.0,gf,0.320,mm,OK,--,7:15:45 PM,7/30/2025,
117,31.0,gf,0.325,mm,OK,--,7:15:45 PM,7/30/2025,
118,31.0,gf,0.325,mm,OK,--,7:15:45 PM,7/30/2025,
119,31.0,gf,0.330,mm,OK,--,7:15:45 PM,7/30/2025,
120,31.0,gf,0.330,mm,OK,--,7:15:45 PM,7/30/2025,
121,31.0,gf,0.335,mm,OK,--,7:15:45 PM,7/30/2025,
122,31.1,gf,0.335,mm,OK,--,7:15:45 PM,7/30/2025,
123,31.1,gf,0.340,mm,OK,--,7:15:45 PM,7/30/2025,
124,31.1,gf,0.340,mm,OK,--,7:15:45 PM,7/30/2025,
125,31.1,gf,0.345,mm,OK,--,7:15:46 PM,7/30/2025,
126,31.2,gf,0.345,mm,OK,--,7:15:46 PM,7/30/2025,
127,31.2,gf,0.350,mm,OK,--,7:15:46 PM,7/30/2025,
128,31.2,gf,0.350,mm,OK,--,7:15:46 PM,7/30/2025,
129,31.2,gf,0.355,mm,OK,--,7:15:46 PM,7/30/2025,
130,31.2,gf,0.355,mm,OK,--,7:15:46 PM,7/30/2025,
131,31.2,gf,0.360,mm,OK,--,7:15:46 PM,7/30/2025,
132,31.3,gf,0.360,mm,OK,--,7:15:46 PM,7/30/2025,
133,31.3,gf,0.365,mm,OK,--,7:15:46 PM,7/30/2025,
134,31.3,gf,0.365,mm,OK,--,7:15:46 PM,7/30/2025,
135,31.3,gf,0.370,mm,OK,--,7:15:47 PM,7/30/2025,
136,31.3,gf,0.375,mm,OK,--,7:15:47 PM,7/30/2025,
137,31.3,gf,0.380,mm,OK,--,7:15:47 PM,7/30/2025,
138,31.3,gf,0.385,mm,OK,--,7:15:47 PM,7/30/2025,
139,31.3,gf,0.390,mm,OK,--,7:15:47 PM,7/30/2025,
140,31.3,gf,0.395,mm,OK,--,7:15:47 PM,7/30/2025,
141,31.3,gf,0.395,mm,OK,--,7:15:47 PM,7/30/2025,
142,31.3,gf,0.400,mm,OK,--,7:15:47 PM,7/30/2025,
143,31.3,gf,0.400,mm,OK,--,7:15:47 PM,7/30/2025,
144,31.4,gf,0.405,mm,OK,--,7:15:47 PM,7/30/2025,
145,31.4,gf,0.405,mm,OK,--,7:15:48 PM,7/30/2025,
146,31.4,gf,0.410,mm,OK,--,7:15:48 PM,7/30/2025,
147,31.4,gf,0.410,mm,OK,--,7:15:48 PM,7/30/2025,
148,31.4,gf,0.415,mm,OK,--,7:15:48 PM,7/30/2025,
149,31.4,gf,0.415,mm,OK,--,7:15:48 PM,7/30/2025,
150,31.4,gf,0.420,mm,OK,--,7:15:48 PM,7/30/2025,
151,31.4,gf,0.420,mm,OK,--,7:15:48 PM,7/30/2025,
152,31.5,gf,0.425,mm,OK,--,7:15:48 PM,7/30/2025,
153,31.5,gf,0.430,mm,OK,--,7:15:48 PM,7/30/2025,
154,31.5,gf,0.430,mm,OK,--,7:15:48 PM,7/30/2025,
155,31.5,gf,0.435,mm,OK,--,7:15:49 PM,7/30/2025,
156,31.5,gf,0.440,mm,OK,--,7:15:49 PM,7/30/2025,
157,31.6,gf,0.445,mm,OK,--,7:15:49 PM,7/30/2025,
158,31.6,gf,0.450,mm,OK,--,7:15:49 PM,7/30/2025,
159,31.6,gf,0.455,mm,OK,--,7:15:49 PM,7/30/2025,
160,31.6,gf,0.460,mm,OK,--,7:15:49 PM,7/30/2025,
161,31.6,gf,0.465,mm,OK,--,7:15:49 PM,7/30/2025,
162,31.6,gf,0.470,mm,OK,--,7:15:49 PM,7/30/2025,
163,31.6,gf,0.475,mm,OK,--,7:15:49 PM,7/30/2025,
164,31.7,gf,0.475,mm,OK,--,7:15:49 PM,7/30/2025,
165,31.7,gf,0.480,mm,OK,--,7:15:50 PM,7/30/2025,
166,31.7,gf,0.485,mm,OK,--,7:15:50 PM,7/30/2025,
167,31.7,gf,0.490,mm,OK,--,7:15:50 PM,7/30/2025,
168,31.7,gf,0.495,mm,OK,--,7:15:50 PM,7/30/2025,
169,31.8,gf,0.500,mm,OK,--,7:15:50 PM,7/30/2025,
170,31.8,gf,0.505,mm,OK,--,7:15:50 PM,7/30/2025,
171,31.8,gf,0.510,mm,OK,--,7:15:50 PM,7/30/2025,
172,31.9,gf,0.515,mm,OK,--,7:15:50 PM,7/30/2025,
173,31.9,gf,0.520,mm,OK,--,7:15:50 PM,7/30/2025,
174,31.9,gf,0.525,mm,OK,--,7:15:50 PM,7/30/2025,
175,32.0,gf,0.525,mm,OK,--,7:15:51 PM,7/30/2025,
176,32.0,gf,0.535,mm,OK,--,7:15:51 PM,7/30/2025,
177,32.0,gf,0.540,mm,OK,--,7:15:51 PM,7/30/2025,
178,32.0,gf,0.545,mm,OK,--,7:15:51 PM,7/30/2025,
179,32.1,gf,0.550,mm,OK,--,7:15:51 PM,7/30/2025,
180,32.1,gf,0.555,mm,OK,--,7:15:51 PM,7/30/2025,
181,32.1,gf,0.560,mm,OK,--,7:15:51 PM,7/30/2025,
182,32.2,gf,0.565,mm,OK,--,7:15:51 PM,7/30/2025,
183,32.2,gf,0.570,mm,OK,--,7:15:51 PM,7/30/2025,
184,32.2,gf,0.575,mm,OK,--,7:15:51 PM,7/30/2025,
185,32.2,gf,0.580,mm,OK,--,7:15:52 PM,7/30/2025,
186,32.3,gf,0.585,mm,OK,--,7:15:52 PM,7/30/2025,
187,32.3,gf,0.590,mm,OK,--,7:15:52 PM,7/30/2025,
188,32.3,gf,0.595,mm,OK,--,7:15:52 PM,7/30/2025,
189,32.3,gf,0.600,mm,OK,--,7:15:52 PM,7/30/2025,
190,32.4,gf,0.605,mm,OK,--,7:15:52 PM,7/30/2025,
191,32.3,gf,0.605,mm,OK,--,7:15:52 PM,7/30/2025,
192,32.3,gf,0.610,mm,OK,--,7:15:52 PM,7/30/2025,
193,32.4,gf,0.615,mm,OK,--,7:15:52 PM,7/30/2025,
194,32.3,gf,0.615,mm,OK,--,7:15:52 PM,7/30/2025,
195,32.4,gf,0.620,mm,OK,--,7:15:53 PM,7/30/2025,
196,32.4,gf,0.620,mm,OK,--,7:15:53 PM,7/30/2025,
197,32.4,gf,0.625,mm,OK,--,7:15:53 PM,7/30/2025,
198,32.4,gf,0.630,mm,OK,--,7:15:53 PM,7/30/2025,
199,32.5,gf,0.630,mm,OK,--,7:15:53 PM,7/30/2025,
200,32.5,gf,0.635,mm,OK,--,7:15:53 PM,7/30/2025,
201,32.5,gf,0.635,mm,OK,--,7:15:53 PM,7/30/2025,
202,32.5,gf,0.640,mm,OK,--,7:15:53 PM,7/30/2025,
203,32.5,gf,0.645,mm,OK,--,7:15:53 PM,7/30/2025,
204,32.5,gf,0.645,mm,OK,--,7:15:53 PM,7/30/2025,
205,32.5,gf,0.650,mm,OK,--,7:15:54 PM,7/30/2025,
206,32.5,gf,0.655,mm,OK,--,7:15:54 PM,7/30/2025,
207,32.6,gf,0.655,mm,OK,--,7:15:54 PM,7/30/2025,
208,32.6,gf,0.660,mm,OK,--,7:15:54 PM,7/30/2025,
209,32.7,gf,0.665,mm,OK,--,7:15:54 PM,7/30/2025,
210,32.7,gf,0.670,mm,OK,--,7:15:54 PM,7/30/2025,
211,32.7,gf,0.670,mm,OK,--,7:15:54 PM,7/30/2025,
212,32.7,gf,0.675,mm,OK,--,7:15:54 PM,7/30/2025,
213,32.8,gf,0.680,mm,OK,--,7:15:54 PM,7/30/2025,
214,32.8,gf,0.685,mm,OK,--,7:15:54 PM,7/30/2025,
215,32.8,gf,0.690,mm,OK,--,7:15:55 PM,7/30/2025,
216,32.8,gf,0.690,mm,OK,--,7:15:55 PM,7/30/2025,
217,32.9,gf,0.695,mm,OK,--,7:15:55 PM,7/30/2025,
218,32.9,gf,0.705,mm,OK,--,7:15:55 PM,7/30/2025,
219,32.9,gf,0.715,mm,OK,--,7:15:55 PM,7/30/2025,
220,33.0,gf,0.725,mm,OK,--,7:15:55 PM,7/30/2025,
221,33.1,gf,0.730,mm,OK,--,7:15:55 PM,7/30/2025,
222,33.1,gf,0.740,mm,OK,--,7:15:55 PM,7/30/2025,
223,33.1,gf,0.745,mm,OK,--,7:15:55 PM,7/30/2025,
224,33.2,gf,0.750,mm,OK,--,7:15:55 PM,7/30/2025,
225,33.2,gf,0.755,mm,OK,--,7:15:56 PM,7/30/2025,
226,33.3,gf,0.765,mm,OK,--,7:15:56 PM,7/30/2025,
227,33.3,gf,0.770,mm,OK,--,7:15:56 PM,7/30/2025,
228,33.3,gf,0.775,mm,OK,--,7:15:56 PM,7/30/2025,
229,33.3,gf,0.785,mm,OK,--,7:15:56 PM,7/30/2025,
230,33.4,gf,0.790,mm,OK,--,7:15:56 PM,7/30/2025,
231,33.4,gf,0.795,mm,OK,--,7:15:56 PM,7/30/2025,
232,33.4,gf,0.800,mm,OK,--,7:15:56 PM,7/30/2025,
233,33.5,gf,0.810,mm,OK,--,7:15:56 PM,7/30/2025,
234,33.5,gf,0.815,mm,OK,--,7:15:56 PM,7/30/2025,
235,33.5,gf,0.820,mm,OK,--,7:15:57 PM,7/30/2025,
236,33.6,gf,0.825,mm,OK,--,7:15:57 PM,7/30/2025,
237,33.6,gf,0.830,mm,OK,--,7:15:57 PM,7/30/2025,
238,33.7,gf,0.840,mm,OK,--,7:15:57 PM,7/30/2025,
239,33.7,gf,0.845,mm,OK,--,7:15:57 PM,7/30/2025,
240,33.7,gf,0.855,mm,OK,--,7:15:57 PM,7/30/2025,
241,33.8,gf,0.860,mm,OK,--,7:15:57 PM,7/30/2025,
242,33.8,gf,0.870,mm,OK,--,7:15:57 PM,7/30/2025,
243,33.9,gf,0.875,mm,OK,--,7:15:57 PM,7/30/2025,
244,33.9,gf,0.880,mm,OK,--,7:15:57 PM,7/30/2025,
245,34.0,gf,0.890,mm,OK,--,7:15:57 PM,7/30/2025,
246,34.0,gf,0.895,mm,OK,--,7:15:58 PM,7/30/2025,
247,34.0,gf,0.900,mm,OK,--,7:15:58 PM,7/30/2025,
248,34.0,gf,0.900,mm,OK,--,7:15:58 PM,7/30/2025,
249,34.0,gf,0.905,mm,OK,--,7:15:58 PM,7/30/2025,
250,34.0,gf,0.910,mm,OK,--,7:15:58 PM,7/30/2025,
251,34.1,gf,0.915,mm,OK,--,7:15:58 PM,7/30/2025,
252,34.1,gf,0.920,mm,OK,--,7:15:58 PM,7/30/2025,
253,34.2,gf,0.920,mm,OK,--,7:15:58 PM,7/30/2025,
254,34.1,gf,0.925,mm,OK,--,7:15:58 PM,7/30/2025,
255,34.2,gf,0.930,mm,OK,--,7:15:59 PM,7/30/2025,
256,34.2,gf,0.935,mm,OK,--,7:15:59 PM,7/30/2025,
257,34.2,gf,0.940,mm,OK,--,7:15:59 PM,7/30/2025,
258,34.2,gf,0.945,mm,OK,--,7:15:59 PM,7/30/2025,
259,34.3,gf,0.950,mm,OK,--,7:15:59 PM,7/30/2025,
260,34.3,gf,0.950,mm,OK,--,7:15:59 PM,7/30/2025,
261,34.3,gf,0.955,mm,OK,--,7:15:59 PM,7/30/2025,
262,34.4,gf,0.955,mm,OK,--,7:15:59 PM,7/30/2025,
263,34.3,gf,0.960,mm,OK,--,7:15:59 PM,7/30/2025,
264,34.3,gf,0.960,mm,OK,--,7:15:59 PM,7/30/2025,
265,34.4,gf,0.965,mm,OK,--,7:15:59 PM,7/30/2025,
266,34.4,gf,0.965,mm,OK,--,7:16:00 PM,7/30/2025,
267,34.4,gf,0.970,mm,OK,--,7:16:00 PM,7/30/2025,
268,34.4,gf,0.970,mm,OK,--,7:16:00 PM,7/30/2025,
269,34.4,gf,0.975,mm,OK,--,7:16:00 PM,7/30/2025,
270,34.4,gf,0.975,mm,OK,--,7:16:00 PM,7/30/2025,
271,34.4,gf,0.980,mm,OK,--,7:16:00 PM,7/30/2025,
272,34.4,gf,0.980,mm,OK,--,7:16:00 PM,7/30/2025,
273,34.4,gf,0.985,mm,OK,--,7:16:00 PM,7/30/2025,
274,34.4,gf,0.990,mm,OK,--,7:16:00 PM,7/30/2025,
275,34.5,gf,0.990,mm,OK,--,7:16:00 PM,7/30/2025,
276,34.5,gf,0.995,mm,OK,--,7:16:01 PM,7/30/2025,
277,34.5,gf,1.000,mm,OK,--,7:16:01 PM,7/30/2025,
278,34.6,gf,1.005,mm,OK,--,7:16:01 PM,7/30/2025,
279,34.6,gf,1.005,mm,OK,--,7:16:01 PM,7/30/2025,
280,34.6,gf,1.010,mm,OK,--,7:16:01 PM,7/30/2025,
281,34.6,gf,1.015,mm,OK,--,7:16:01 PM,7/30/2025,
282,34.7,gf,1.020,mm,OK,--,7:16:01 PM,7/30/2025,
283,34.7,gf,1.025,mm,OK,--,7:16:01 PM,7/30/2025,
284,34.7,gf,1.030,mm,OK,--,7:16:01 PM,7/30/2025,
285,34.7,gf,1.035,mm,OK,--,7:16:01 PM,7/30/2025,
286,34.7,gf,1.040,mm,OK,--,7:16:02 PM,7/30/2025,
287,34.8,gf,1.040,mm,OK,--,7:16:02 PM,7/30/2025,
288,34.7,gf,1.045,mm,OK,--,7:16:02 PM,7/30/2025,
289,34.8,gf,1.045,mm,OK,--,7:16:02 PM,7/30/2025,
290,34.8,gf,1.050,mm,OK,--,7:16:02 PM,7/30/2025,
291,34.8,gf,1.050,mm,OK,--,7:16:02 PM,7/30/2025,
292,34.8,gf,1.050,mm,OK,--,7:16:02 PM,7/30/2025,
293,34.8,gf,1.055,mm,OK,--,7:16:02 PM,7/30/2025,
294,34.8,gf,1.055,mm,OK,--,7:16:02 PM,7/30/2025,
295,34.8,gf,1.055,mm,OK,--,7:16:02 PM,7/30/2025,
296,34.8,gf,1.060,mm,OK,--,7:16:03 PM,7/30/2025,
297,34.8,gf,1.060,mm,OK,--,7:16:03 PM,7/30/2025,
298,34.8,gf,1.060,mm,OK,--,7:16:03 PM,7/30/2025,
299,34.8,gf,1.065,mm,OK,--,7:16:03 PM,7/30/2025,
300,34.8,gf,1.065,mm,OK,--,7:16:03 PM,7/30/2025,
301,34.8,gf,1.065,mm,OK,--,7:16:03 PM,7/30/2025,
302,34.8,gf,1.070,mm,OK,--,7:16:03 PM,7/30/2025,
303,34.9,gf,1.070,mm,OK,--,7:16:03 PM,7/30/2025,
304,34.9,gf,1.075,mm,OK,--,7:16:03 PM,7/30/2025,
305,34.9,gf,1.075,mm,OK,--,7:16:03 PM,7/30/2025,
306,34.9,gf,1.075,mm,OK,--,7:16:04 PM,7/30/2025,
307,34.9,gf,1.080,mm,OK,--,7:16:04 PM,7/30/2025,
308,34.9,gf,1.080,mm,OK,--,7:16:04 PM,7/30/2025,
309,34.9,gf,1.085,mm,OK,--,7:16:04 PM,7/30/2025,
310,35.0,gf,1.085,mm,OK,--,7:16:04 PM,7/30/2025,
311,35.0,gf,1.090,mm,OK,--,7:16:04 PM,7/30/2025,
312,35.0,gf,1.095,mm,OK,--,7:16:04 PM,7/30/2025,
313,35.0,gf,1.095,mm,OK,--,7:16:04 PM,7/30/2025,
314,35.0,gf,1.095,mm,OK,--,7:16:04 PM,7/30/2025,
315,35.0,gf,1.100,mm,OK,--,7:16:05 PM,7/30/2025,
316,35.0,gf,1.100,mm,OK,--,7:16:05 PM,7/30/2025,
317,35.0,gf,1.100,mm,OK,--,7:16:05 PM,7/30/2025,
318,35.0,gf,1.105,mm,OK,--,7:16:05 PM,7/30/2025,
319,35.0,gf,1.105,mm,OK,--,7:16:05 PM,7/30/2025,
320,35.0,gf,1.105,mm,OK,--,7:16:05 PM,7/30/2025,
321,35.0,gf,1.105,mm,OK,--,7:16:05 PM,7/30/2025,
322,35.1,gf,1.105,mm,OK,--,7:16:05 PM,7/30/2025,
323,35.1,gf,1.110,mm,OK,--,7:16:05 PM,7/30/2025,
324,35.1,gf,1.110,mm,OK,--,7:16:05 PM,7/30/2025,
325,35.1,gf,1.115,mm,OK,--,7:16:05 PM,7/30/2025,
326,35.1,gf,1.115,mm,OK,--,7:16:06 PM,7/30/2025,
327,35.1,gf,1.120,mm,OK,--,7:16:06 PM,7/30/2025,
328,35.1,gf,1.120,mm,OK,--,7:16:06 PM,7/30/2025,
329,35.1,gf,1.125,mm,OK,--,7:16:06 PM,7/30/2025,
330,35.1,gf,1.130,mm,OK,--,7:16:06 PM,7/30/2025,
331,35.1,gf,1.135,mm,OK,--,7:16:06 PM,7/30/2025,
332,35.2,gf,1.140,mm,OK,--,7:16:06 PM,7/30/2025,
333,35.2,gf,1.145,mm,OK,--,7:16:06 PM,7/30/2025,
334,35.2,gf,1.150,mm,OK,--,7:16:06 PM,7/30/2025,
335,35.3,gf,1.155,mm,OK,--,7:16:06 PM,7/30/2025,
336,35.3,gf,1.160,mm,OK,--,7:16:07 PM,7/30/2025,
337,35.4,gf,1.170,mm,OK,--,7:16:07 PM,7/30/2025,
338,35.5,gf,1.175,mm,OK,--,7:16:07 PM,7/30/2025,
339,35.5,gf,1.185,mm,OK,--,7:16:07 PM,7/30/2025,
340,35.5,gf,1.195,mm,OK,--,7:16:07 PM,7/30/2025,
341,35.6,gf,1.205,mm,OK,--,7:16:07 PM,7/30/2025,
342,35.7,gf,1.215,mm,OK,--,7:16:07 PM,7/30/2025,
343,35.7,gf,1.225,mm,OK,--,7:16:07 PM,7/30/2025,
344,35.7,gf,1.235,mm,OK,--,7:16:07 PM,7/30/2025,
345,35.8,gf,1.245,mm,OK,--,7:16:07 PM,7/30/2025,
346,35.8,gf,1.250,mm,OK,--,7:16:08 PM,7/30/2025,
347,35.8,gf,1.260,mm,OK,--,7:16:08 PM,7/30/2025,
348,35.8,gf,1.265,mm,OK,--,7:16:08 PM,7/30/2025,
349,35.8,gf,1.270,mm,OK,--,7:16:08 PM,7/30/2025,
350,35.9,gf,1.275,mm,OK,--,7:16:08 PM,7/30/2025,
351,35.9,gf,1.280,mm,OK,--,7:16:08 PM,7/30/2025,
352,35.9,gf,1.285,mm,OK,--,7:16:08 PM,7/30/2025,
353,36.0,gf,1.285,mm,OK,--,7:16:08 PM,7/30/2025,
354,36.1,gf,1.290,mm,OK,--,7:16:08 PM,7/30/2025,
355,36.1,gf,1.290,mm,OK,--,7:16:08 PM,7/30/2025,
356,36.1,gf,1.295,mm,OK,--,7:16:09 PM,7/30/2025,
357,36.1,gf,1.300,mm,OK,--,7:16:09 PM,7/30/2025,
358,36.0,gf,1.300,mm,OK,--,7:16:09 PM,7/30/2025,
359,36.1,gf,1.305,mm,OK,--,7:16:09 PM,7/30/2025,
360,36.1,gf,1.305,mm,OK,--,7:16:09 PM,7/30/2025,
361,36.1,gf,1.310,mm,OK,--,7:16:09 PM,7/30/2025,
362,36.1,gf,1.310,mm,OK,--,7:16:09 PM,7/30/2025,
363,36.2,gf,1.315,mm,OK,--,7:16:09 PM,7/30/2025,
364,36.2,gf,1.320,mm,OK,--,7:16:09 PM,7/30/2025,
365,36.2,gf,1.320,mm,OK,--,7:16:09 PM,7/30/2025,
366,36.2,gf,1.325,mm,OK,--,7:16:10 PM,7/30/2025,
367,36.2,gf,1.325,mm,OK,--,7:16:10 PM,7/30/2025,
368,36.3,gf,1.330,mm,OK,--,7:16:10 PM,7/30/2025,
369,36.3,gf,1.330,mm,OK,--,7:16:10 PM,7/30/2025,
370,36.3,gf,1.335,mm,OK,--,7:16:10 PM,7/30/2025,
371,36.3,gf,1.335,mm,OK,--,7:16:10 PM,7/30/2025,
372,36.3,gf,1.340,mm,OK,--,7:16:10 PM,7/30/2025,
373,36.3,gf,1.340,mm,OK,--,7:16:10 PM,7/30/2025,
374,36.3,gf,1.345,mm,OK,--,7:16:10 PM,7/30/2025,
375,36.3,gf,1.345,mm,OK,--,7:16:10 PM,7/30/2025,
376,36.3,gf,1.345,mm,OK,--,7:16:11 PM,7/30/2025,
377,36.3,gf,1.350,mm,OK,--,7:16:11 PM,7/30/2025,
378,36.4,gf,1.355,mm,OK,--,7:16:11 PM,7/30/2025,
379,36.4,gf,1.360,mm,OK,--,7:16:11 PM,7/30/2025,
380,36.4,gf,1.360,mm,OK,--,7:16:11 PM,7/30/2025,
381,36.4,gf,1.365,mm,OK,--,7:16:11 PM,7/30/2025,
382,36.4,gf,1.365,mm,OK,--,7:16:11 PM,7/30/2025,
383,36.4,gf,1.370,mm,OK,--,7:16:11 PM,7/30/2025,
384,36.4,gf,1.375,mm,OK,--,7:16:11 PM,7/30/2025,
385,36.5,gf,1.375,mm,OK,--,7:16:11 PM,7/30/2025,
386,36.5,gf,1.380,mm,OK,--,7:16:12 PM,7/30/2025,
387,36.5,gf,1.385,mm,OK,--,7:16:12 PM,7/30/2025,
388,36.5,gf,1.385,mm,OK,--,7:16:12 PM,7/30/2025,
389,36.5,gf,1.390,mm,OK,--,7:16:12 PM,7/30/2025,
390,36.5,gf,1.395,mm,OK,--,7:16:12 PM,7/30/2025,
391,36.6,gf,1.400,mm,OK,--,7:16:12 PM,7/30/2025,
392,36.6,gf,1.400,mm,OK,--,7:16:12 PM,7/30/2025,
393,36.6,gf,1.405,mm,OK,--,7:16:12 PM,7/30/2025,
394,36.6,gf,1.405,mm,OK,--,7:16:12 PM,7/30/2025,
395,36.7,gf,1.410,mm,OK,--,7:16:13 PM,7/30/2025,
396,36.7,gf,1.415,mm,OK,--,7:16:13 PM,7/30/2025,
397,36.7,gf,1.415,mm,OK,--,7:16:13 PM,7/30/2025,
398,36.7,gf,1.420,mm,OK,--,7:16:13 PM,7/30/2025,
399,36.8,gf,1.425,mm,OK,--,7:16:13 PM,7/30/2025,
400,36.8,gf,1.430,mm,OK,--,7:16:13 PM,7/30/2025,
401,36.8,gf,1.435,mm,OK,--,7:16:13 PM,7/30/2025,
402,36.8,gf,1.440,mm,OK,--,7:16:13 PM,7/30/2025,
403,36.8,gf,1.445,mm,OK,--,7:16:13 PM,7/30/2025,
404,36.8,gf,1.445,mm,OK,--,7:16:13 PM,7/30/2025,
405,36.9,gf,1.450,mm,OK,--,7:16:13 PM,7/30/2025,
406,36.9,gf,1.455,mm,OK,--,7:16:14 PM,7/30/2025,
407,36.9,gf,1.460,mm,OK,--,7:16:14 PM,7/30/2025,
408,36.9,gf,1.460,mm,OK,--,7:16:14 PM,7/30/2025,
409,36.9,gf,1.465,mm,OK,--,7:16:14 PM,7/30/2025,
410,37.0,gf,1.470,mm,OK,--,7:16:14 PM,7/30/2025,
411,37.0,gf,1.475,mm,OK,--,7:16:14 PM,7/30/2025,
412,37.0,gf,1.475,mm,OK,--,7:16:14 PM,7/30/2025,
413,37.0,gf,1.480,mm,OK,--,7:16:14 PM,7/30/2025,
414,37.1,gf,1.485,mm,OK,--,7:16:14 PM,7/30/2025,
415,37.1,gf,1.485,mm,OK,--,7:16:14 PM,7/30/2025,
416,37.1,gf,1.490,mm,OK,--,7:16:15 PM,7/30/2025,
417,37.1,gf,1.495,mm,OK,--,7:16:15 PM,7/30/2025,
418,37.1,gf,1.500,mm,OK,--,7:16:15 PM,7/30/2025,
419,37.1,gf,1.500,mm,OK,--,7:16:15 PM,7/30/2025,
420,37.1,gf,1.505,mm,OK,--,7:16:15 PM,7/30/2025,
421,37.2,gf,1.510,mm,OK,--,7:16:15 PM,7/30/2025,
422,37.2,gf,1.510,mm,OK,--,7:16:15 PM,7/30/2025,
423,37.3,gf,1.515,mm,OK,--,7:16:15 PM,7/30/2025,
424,37.3,gf,1.520,mm,OK,--,7:16:15 PM,7/30/2025,
425,37.3,gf,1.520,mm,OK,--,7:16:15 PM,7/30/2025,
426,37.3,gf,1.525,mm,OK,--,7:16:16 PM,7/30/2025,
427,37.3,gf,1.525,mm,OK,--,7:16:16 PM,7/30/2025,
428,37.3,gf,1.530,mm,OK,--,7:16:16 PM,7/30/2025,
429,37.3,gf,1.535,mm,OK,--,7:16:16 PM,7/30/2025,
430,37.3,gf,1.540,mm,OK,--,7:16:16 PM,7/30/2025,
431,37.4,gf,1.545,mm,OK,--,7:16:16 PM,7/30/2025,
432,37.5,gf,1.550,mm,OK,--,7:16:16 PM,7/30/2025,
433,37.5,gf,1.555,mm,OK,--,7:16:16 PM,7/30/2025,
434,37.5,gf,1.560,mm,OK,--,7:16:16 PM,7/30/2025,
435,37.5,gf,1.565,mm,OK,--,7:16:16 PM,7/30/2025,
436,37.5,gf,1.565,mm,OK,--,7:16:17 PM,7/30/2025,
437,37.5,gf,1.570,mm,OK,--,7:16:17 PM,7/30/2025,
438,37.5,gf,1.575,mm,OK,--,7:16:17 PM,7/30/2025,
439,37.5,gf,1.580,mm,OK,--,7:16:17 PM,7/30/2025,
440,37.5,gf,1.580,mm,OK,--,7:16:17 PM,7/30/2025,
441,37.5,gf,1.585,mm,OK,--,7:16:17 PM,7/30/2025,
442,37.5,gf,1.585,mm,OK,--,7:16:17 PM,7/30/2025,
443,37.5,gf,1.590,mm,OK,--,7:16:17 PM,7/30/2025,
444,37.6,gf,1.595,mm,OK,--,7:16:17 PM,7/30/2025,
445,37.6,gf,1.600,mm,OK,--,7:16:17 PM,7/30/2025,
446,37.6,gf,1.600,mm,OK,--,7:16:18 PM,7/30/2025,
447,37.6,gf,1.605,mm,OK,--,7:16:18 PM,7/30/2025,
448,37.6,gf,1.610,mm,OK,--,7:16:18 PM,7/30/2025,
449,37.6,gf,1.615,mm,OK,--,7:16:18 PM,7/30/2025,
450,37.7,gf,1.615,mm,OK,--,7:16:18 PM,7/30/2025,
451,37.7,gf,1.620,mm,OK,--,7:16:18 PM,7/30/2025,
452,37.7,gf,1.625,mm,OK,--,7:16:18 PM,7/30/2025,
453,37.8,gf,1.630,mm,OK,--,7:16:18 PM,7/30/2025,
454,37.8,gf,1.635,mm,OK,--,7:16:18 PM,7/30/2025,
455,37.8,gf,1.640,mm,OK,--,7:16:18 PM,7/30/2025,
456,37.9,gf,1.645,mm,OK,--,7:16:19 PM,7/30/2025,
457,37.9,gf,1.645,mm,OK,--,7:16:19 PM,7/30/2025,
458,37.9,gf,1.655,mm,OK,--,7:16:19 PM,7/30/2025,
459,37.9,gf,1.660,mm,OK,--,7:16:19 PM,7/30/2025,
460,38.0,gf,1.665,mm,OK,--,7:16:19 PM,7/30/2025,
461,38.0,gf,1.665,mm,OK,--,7:16:19 PM,7/30/2025,
462,38.0,gf,1.670,mm,OK,--,7:16:19 PM,7/30/2025,
463,38.1,gf,1.675,mm,OK,--,7:16:19 PM,7/30/2025,
464,38.1,gf,1.680,mm,OK,--,7:16:19 PM,7/30/2025,
465,38.1,gf,1.685,mm,OK,--,7:16:19 PM,7/30/2025,
466,38.1,gf,1.685,mm,OK,--,7:16:20 PM,7/30/2025,
467,38.1,gf,1.690,mm,OK,--,7:16:20 PM,7/30/2025,
468,38.1,gf,1.695,mm,OK,--,7:16:20 PM,7/30/2025,
469,38.2,gf,1.700,mm,OK,--,7:16:20 PM,7/30/2025,
470,38.2,gf,1.700,mm,OK,--,7:16:20 PM,7/30/2025,
471,38.2,gf,1.705,mm,OK,--,7:16:20 PM,7/30/2025,
472,38.3,gf,1.710,mm,OK,--,7:16:20 PM,7/30/2025,
473,38.3,gf,1.715,mm,OK,--,7:16:20 PM,7/30/2025,
474,38.3,gf,1.720,mm,OK,--,7:16:20 PM,7/30/2025,
475,38.4,gf,1.725,mm,OK,--,7:16:20 PM,7/30/2025,
476,38.4,gf,1.730,mm,OK,--,7:16:21 PM,7/30/2025,
477,38.5,gf,1.730,mm,OK,--,7:16:21 PM,7/30/2025,
478,38.5,gf,1.735,mm,OK,--,7:16:21 PM,7/30/2025,
479,38.5,gf,1.740,mm,OK,--,7:16:21 PM,7/30/2025,
480,38.5,gf,1.745,mm,OK,--,7:16:21 PM,7/30/2025,
481,38.5,gf,1.750,mm,OK,--,7:16:21 PM,7/30/2025,
482,38.5,gf,1.750,mm,OK,--,7:16:21 PM,7/30/2025,
483,38.6,gf,1.755,mm,OK,--,7:16:21 PM,7/30/2025,
484,38.6,gf,1.760,mm,OK,--,7:16:21 PM,7/30/2025,
485,38.7,gf,1.765,mm,OK,--,7:16:21 PM,7/30/2025,
486,38.7,gf,1.765,mm,OK,--,7:16:22 PM,7/30/2025,
487,38.7,gf,1.770,mm,OK,--,7:16:22 PM,7/30/2025,
488,38.8,gf,1.770,mm,OK,--,7:16:22 PM,7/30/2025,
489,38.8,gf,1.775,mm,OK,--,7:16:22 PM,7/30/2025,
490,38.8,gf,1.775,mm,OK,--,7:16:22 PM,7/30/2025,
491,38.8,gf,1.780,mm,OK,--,7:16:22 PM,7/30/2025,
492,38.9,gf,1.790,mm,OK,--,7:16:22 PM,7/30/2025,
493,38.9,gf,1.795,mm,OK,--,7:16:22 PM,7/30/2025,
494,38.9,gf,1.800,mm,OK,--,7:16:22 PM,7/30/2025,
495,39.0,gf,1.805,mm,OK,--,7:16:22 PM,7/30/2025,
496,39.0,gf,1.815,mm,OK,--,7:16:23 PM,7/30/2025,
497,39.0,gf,1.820,mm,OK,--,7:16:23 PM,7/30/2025,
498,39.1,gf,1.825,mm,OK,--,7:16:23 PM,7/30/2025,
499,39.1,gf,1.830,mm,OK,--,7:16:23 PM,7/30/2025,
500,39.1,gf,1.835,mm,OK,--,7:16:23 PM,7/30/2025,
501,39.1,gf,1.835,mm,OK,--,7:16:23 PM,7/30/2025,
502,39.2,gf,1.840,mm,OK,--,7:16:23 PM,7/30/2025,
503,39.2,gf,1.845,mm,OK,--,7:16:23 PM,7/30/2025,
504,39.2,gf,1.850,mm,OK,--,7:16:23 PM,7/30/2025,
505,39.3,gf,1.850,mm,OK,--,7:16:23 PM,7/30/2025,
506,39.3,gf,1.855,mm,OK,--,7:16:24 PM,7/30/2025,
507,39.3,gf,1.855,mm,OK,--,7:16:24 PM,7/30/2025,
508,39.3,gf,1.860,mm,OK,--,7:16:24 PM,7/30/2025,
509,39.3,gf,1.860,mm,OK,--,7:16:24 PM,7/30/2025,
510,39.3,gf,1.865,mm,OK,--,7:16:24 PM,7/30/2025,
511,39.3,gf,1.865,mm,OK,--,7:16:24 PM,7/30/2025,
512,39.3,gf,1.865,mm,OK,--,7:16:24 PM,7/30/2025,
513,39.3,gf,1.870,mm,OK,--,7:16:24 PM,7/30/2025,
514,39.3,gf,1.870,mm,OK,--,7:16:24 PM,7/30/2025,
515,39.4,gf,1.870,mm,OK,--,7:16:24 PM,7/30/2025,
516,39.4,gf,1.870,mm,OK,--,7:16:25 PM,7/30/2025,
517,39.4,gf,1.875,mm,OK,--,7:16:25 PM,7/30/2025,
518,39.4,gf,1.875,mm,OK,--,7:16:25 PM,7/30/2025,
519,39.4,gf,1.875,mm,OK,--,7:16:25 PM,7/30/2025,
520,39.4,gf,1.880,mm,OK,--,7:16:25 PM,7/30/2025,
521,39.4,gf,1.880,mm,OK,--,7:16:25 PM,7/30/2025,
522,39.4,gf,1.885,mm,OK,--,7:16:25 PM,7/30/2025,
523,39.5,gf,1.885,mm,OK,--,7:16:25 PM,7/30/2025,
524,39.5,gf,1.885,mm,OK,--,7:16:25 PM,7/30/2025,
525,39.6,gf,1.890,mm,OK,--,7:16:25 PM,7/30/2025,
526,39.6,gf,1.895,mm,OK,--,7:16:26 PM,7/30/2025,
527,39.6,gf,1.895,mm,OK,--,7:16:26 PM,7/30/2025,
528,39.6,gf,1.900,mm,OK,--,7:16:26 PM,7/30/2025,
529,39.6,gf,1.900,mm,OK,--,7:16:26 PM,7/30/2025,
530,39.6,gf,1.905,mm,OK,--,7:16:26 PM,7/30/2025,
531,39.7,gf,1.905,mm,OK,--,7:16:26 PM,7/30/2025,
532,39.7,gf,1.910,mm,OK,--,7:16:26 PM,7/30/2025,
533,39.7,gf,1.915,mm,OK,--,7:16:26 PM,7/30/2025,
534,39.7,gf,1.920,mm,OK,--,7:16:26 PM,7/30/2025,
535,39.7,gf,1.920,mm,OK,--,7:16:26 PM,7/30/2025,
536,39.7,gf,1.925,mm,OK,--,7:16:27 PM,7/30/2025,
537,39.8,gf,1.925,mm,OK,--,7:16:27 PM,7/30/2025,
538,39.8,gf,1.930,mm,OK,--,7:16:27 PM,7/30/2025,
539,39.8,gf,1.935,mm,OK,--,7:16:27 PM,7/30/2025,
540,39.9,gf,1.935,mm,OK,--,7:16:27 PM,7/30/2025,
541,39.9,gf,1.940,mm,OK,--,7:16:27 PM,7/30/2025,
542,39.9,gf,1.945,mm,OK,--,7:16:27 PM,7/30/2025,
543,40.0,gf,1.945,mm,OK,--,7:16:27 PM,7/30/2025,
544,40.0,gf,1.950,mm,OK,--,7:16:27 PM,7/30/2025,
545,40.0,gf,1.955,mm,OK,--,7:16:27 PM,7/30/2025,
546,40.0,gf,1.955,mm,OK,--,7:16:28 PM,7/30/2025,
547,40.0,gf,1.960,mm,OK,--,7:16:28 PM,7/30/2025,
548,40.1,gf,1.965,mm,OK,--,7:16:28 PM,7/30/2025,
549,40.1,gf,1.965,mm,OK,--,7:16:28 PM,7/30/2025,
550,40.0,gf,1.970,mm,OK,--,7:16:28 PM,7/30/2025,
551,40.0,gf,1.975,mm,OK,--,7:16:28 PM,7/30/2025,
552,40.1,gf,1.980,mm,OK,--,7:16:28 PM,7/30/2025,
553,40.1,gf,1.985,mm,OK,--,7:16:28 PM,7/30/2025,
554,40.1,gf,1.990,mm,OK,--,7:16:28 PM,7/30/2025,
555,40.2,gf,1.995,mm,OK,--,7:16:28 PM,7/30/2025,
556,40.2,gf,2.000,mm,OK,--,7:16:29 PM,7/30/2025,
557,40.2,gf,2.005,mm,OK,--,7:16:29 PM,7/30/2025,
558,40.3,gf,2.010,mm,OK,--,7:16:29 PM,7/30/2025,
559,40.3,gf,2.010,mm,OK,--,7:16:29 PM,7/30/2025,
560,40.3,gf,2.015,mm,OK,--,7:16:29 PM,7/30/2025,
561,40.3,gf,2.020,mm,OK,--,7:16:29 PM,7/30/2025,
562,40.3,gf,2.025,mm,OK,--,7:16:29 PM,7/30/2025,
563,40.4,gf,2.030,mm,OK,--,7:16:29 PM,7/30/2025,
564,40.4,gf,2.035,mm,OK,--,7:16:29 PM,7/30/2025,
565,40.4,gf,2.045,mm,OK,--,7:16:29 PM,7/30/2025,
566,40.5,gf,2.045,mm,OK,--,7:16:30 PM,7/30/2025,
567,40.6,gf,2.050,mm,OK,--,7:16:30 PM,7/30/2025,
568,40.6,gf,2.055,mm,OK,--,7:16:30 PM,7/30/2025,
569,40.6,gf,2.060,mm,OK,--,7:16:30 PM,7/30/2025,
570,40.7,gf,2.065,mm,OK,--,7:16:30 PM,7/30/2025,
571,40.7,gf,2.065,mm,OK,--,7:16:30 PM,7/30/2025,
572,40.7,gf,2.070,mm,OK,--,7:16:30 PM,7/30/2025,
573,40.7,gf,2.075,mm,OK,--,7:16:30 PM,7/30/2025,
574,40.7,gf,2.075,mm,OK,--,7:16:30 PM,7/30/2025,
575,40.7,gf,2.080,mm,OK,--,7:16:30 PM,7/30/2025,
576,40.7,gf,2.085,mm,OK,--,7:16:31 PM,7/30/2025,
577,40.7,gf,2.090,mm,OK,--,7:16:31 PM,7/30/2025,
578,40.7,gf,2.095,mm,OK,--,7:16:31 PM,7/30/2025,
579,40.8,gf,2.105,mm,OK,--,7:16:31 PM,7/30/2025,
580,40.8,gf,2.110,mm,OK,--,7:16:31 PM,7/30/2025,
581,40.8,gf,2.115,mm,OK,--,7:16:31 PM,7/30/2025,
582,40.9,gf,2.125,mm,OK,--,7:16:31 PM,7/30/2025,
583,41.0,gf,2.130,mm,OK,--,7:16:31 PM,7/30/2025,
584,41.0,gf,2.135,mm,OK,--,7:16:31 PM,7/30/2025,
585,41.1,gf,2.145,mm,OK,--,7:16:31 PM,7/30/2025,
586,41.1,gf,2.150,mm,OK,--,7:16:32 PM,7/30/2025,
587,40.9,gf,2.155,mm,OK,--,7:16:32 PM,7/30/2025,
588,41.0,gf,2.165,mm,OK,--,7:16:32 PM,7/30/2025,
589,41.1,gf,2.170,mm,OK,--,7:16:32 PM,7/30/2025,
590,41.2,gf,2.175,mm,OK,--,7:16:32 PM,7/30/2025,
591,41.2,gf,2.180,mm,OK,--,7:16:32 PM,7/30/2025,
592,41.2,gf,2.185,mm,OK,--,7:16:32 PM,7/30/2025,
593,41.2,gf,2.195,mm,OK,--,7:16:32 PM,7/30/2025,
594,41.2,gf,2.200,mm,OK,--,7:16:32 PM,7/30/2025,
595,41.2,gf,2.205,mm,OK,--,7:16:32 PM,7/30/2025,
596,41.2,gf,2.210,mm,OK,--,7:16:33 PM,7/30/2025,
597,41.2,gf,2.215,mm,OK,--,7:16:33 PM,7/30/2025,
598,41.2,gf,2.220,mm,OK,--,7:16:33 PM,7/30/2025,
599,41.2,gf,2.225,mm,OK,--,7:16:33 PM,7/30/2025,
600,41.3,gf,2.230,mm,OK,--,7:16:33 PM,7/30/2025,
601,41.4,gf,2.235,mm,OK,--,7:16:33 PM,7/30/2025,
602,41.4,gf,2.240,mm,OK,--,7:16:33 PM,7/30/2025,
603,41.4,gf,2.245,mm,OK,--,7:16:33 PM,7/30/2025,
604,41.4,gf,2.250,mm,OK,--,7:16:33 PM,7/30/2025,
605,41.6,gf,2.255,mm,OK,--,7:16:33 PM,7/30/2025,
606,41.6,gf,2.255,mm,OK,--,7:16:34 PM,7/30/2025,
607,41.6,gf,2.260,mm,OK,--,7:16:34 PM,7/30/2025,
608,41.6,gf,2.265,mm,OK,--,7:16:34 PM,7/30/2025,
609,41.7,gf,2.270,mm,OK,--,7:16:34 PM,7/30/2025,
610,41.7,gf,2.270,mm,OK,--,7:16:34 PM,7/30/2025,
611,41.7,gf,2.275,mm,OK,--,7:16:34 PM,7/30/2025,
612,41.7,gf,2.280,mm,OK,--,7:16:34 PM,7/30/2025,
613,41.7,gf,2.285,mm,OK,--,7:16:34 PM,7/30/2025,
614,41.7,gf,2.290,mm,OK,--,7:16:34 PM,7/30/2025,
615,41.7,gf,2.290,mm,OK,--,7:16:34 PM,7/30/2025,
616,41.7,gf,2.295,mm,OK,--,7:16:35 PM,7/30/2025,
617,41.7,gf,2.300,mm,OK,--,7:16:35 PM,7/30/2025,
618,41.7,gf,2.305,mm,OK,--,7:16:35 PM,7/30/2025,
619,41.7,gf,2.310,mm,OK,--,7:16:35 PM,7/30/2025,
620,41.8,gf,2.315,mm,OK,--,7:16:35 PM,7/30/2025,
621,41.9,gf,2.315,mm,OK,--,7:16:35 PM,7/30/2025,
622,41.9,gf,2.320,mm,OK,--,7:16:35 PM,7/30/2025,
623,41.9,gf,2.325,mm,OK,--,7:16:35 PM,7/30/2025,
624,41.9,gf,2.330,mm,OK,--,7:16:35 PM,7/30/2025,
625,42.0,gf,2.335,mm,OK,--,7:16:35 PM,7/30/2025,
626,42.0,gf,2.340,mm,OK,--,7:16:36 PM,7/30/2025,
627,42.1,gf,2.340,mm,OK,--,7:16:36 PM,7/30/2025,
628,42.1,gf,2.345,mm,OK,--,7:16:36 PM,7/30/2025,
629,42.0,gf,2.345,mm,OK,--,7:16:36 PM,7/30/2025,
630,42.0,gf,2.350,mm,OK,--,7:16:36 PM,7/30/2025,
631,42.0,gf,2.350,mm,OK,--,7:16:36 PM,7/30/2025,
632,42.0,gf,2.355,mm,OK,--,7:16:36 PM,7/30/2025,
633,42.0,gf,2.355,mm,OK,--,7:16:36 PM,7/30/2025,
634,42.0,gf,2.360,mm,OK,--,7:16:36 PM,7/30/2025,
635,42.0,gf,2.360,mm,OK,--,7:16:36 PM,7/30/2025,
636,42.1,gf,2.365,mm,OK,--,7:16:37 PM,7/30/2025,
637,42.1,gf,2.370,mm,OK,--,7:16:37 PM,7/30/2025,
638,42.1,gf,2.370,mm,OK,--,7:16:37 PM,7/30/2025,
639,42.2,gf,2.375,mm,OK,--,7:16:37 PM,7/30/2025,
640,42.2,gf,2.375,mm,OK,--,7:16:37 PM,7/30/2025,
641,42.2,gf,2.380,mm,OK,--,7:16:37 PM,7/30/2025,
642,42.2,gf,2.385,mm,OK,--,7:16:37 PM,7/30/2025,
643,42.2,gf,2.385,mm,OK,--,7:16:37 PM,7/30/2025,
644,42.2,gf,2.390,mm,OK,--,7:16:37 PM,7/30/2025,
645,42.2,gf,2.390,mm,OK,--,7:16:37 PM,7/30/2025,
646,42.3,gf,2.395,mm,OK,--,7:16:38 PM,7/30/2025,
647,42.3,gf,2.395,mm,OK,--,7:16:38 PM,7/30/2025,
648,42.3,gf,2.400,mm,OK,--,7:16:38 PM,7/30/2025,
649,42.3,gf,2.400,mm,OK,--,7:16:38 PM,7/30/2025,
650,42.3,gf,2.405,mm,OK,--,7:16:38 PM,7/30/2025,
651,42.3,gf,2.405,mm,OK,--,7:16:38 PM,7/30/2025,
652,42.3,gf,2.410,mm,OK,--,7:16:38 PM,7/30/2025,
653,42.3,gf,2.415,mm,OK,--,7:16:38 PM,7/30/2025,
654,42.3,gf,2.415,mm,OK,--,7:16:38 PM,7/30/2025,
655,42.4,gf,2.415,mm,OK,--,7:16:38 PM,7/30/2025,
656,42.4,gf,2.420,mm,OK,--,7:16:39 PM,7/30/2025,
657,42.4,gf,2.425,mm,OK,--,7:16:39 PM,7/30/2025,
658,42.4,gf,2.430,mm,OK,--,7:16:39 PM,7/30/2025,
659,42.4,gf,2.430,mm,OK,--,7:16:39 PM,7/30/2025,
660,42.5,gf,2.435,mm,OK,--,7:16:39 PM,7/30/2025,
661,42.5,gf,2.440,mm,OK,--,7:16:39 PM,7/30/2025,
662,42.5,gf,2.445,mm,OK,--,7:16:39 PM,7/30/2025,
663,42.5,gf,2.450,mm,OK,--,7:16:39 PM,7/30/2025,
664,42.5,gf,2.450,mm,OK,--,7:16:39 PM,7/30/2025,
665,42.6,gf,2.455,mm,OK,--,7:16:39 PM,7/30/2025,
666,42.6,gf,2.455,mm,OK,--,7:16:40 PM,7/30/2025,
667,42.5,gf,2.460,mm,OK,--,7:16:40 PM,7/30/2025,
668,42.5,gf,2.465,mm,OK,--,7:16:40 PM,7/30/2025,
669,42.5,gf,2.470,mm,OK,--,7:16:40 PM,7/30/2025,
670,42.6,gf,2.475,mm,OK,--,7:16:40 PM,7/30/2025,
671,42.6,gf,2.480,mm,OK,--,7:16:40 PM,7/30/2025,
672,42.5,gf,2.480,mm,OK,--,7:16:40 PM,7/30/2025,
673,42.6,gf,2.480,mm,OK,--,7:16:40 PM,7/30/2025,
674,42.7,gf,2.485,mm,OK,--,7:16:40 PM,7/30/2025,
675,42.7,gf,2.490,mm,OK,--,7:16:40 PM,7/30/2025,
676,42.7,gf,2.495,mm,OK,--,7:16:41 PM,7/30/2025,
677,42.8,gf,2.495,mm,OK,--,7:16:41 PM,7/30/2025,
678,42.7,gf,2.505,mm,OK,--,7:16:41 PM,7/30/2025,
679,42.8,gf,2.505,mm,OK,--,7:16:41 PM,7/30/2025,
680,42.8,gf,2.505,mm,OK,--,7:16:41 PM,7/30/2025,
681,42.8,gf,2.510,mm,OK,--,7:16:41 PM,7/30/2025,
682,42.8,gf,2.510,mm,OK,--,7:16:41 PM,7/30/2025,
683,42.9,gf,2.515,mm,OK,--,7:16:41 PM,7/30/2025,
684,42.8,gf,2.515,mm,OK,--,7:16:41 PM,7/30/2025,
685,42.9,gf,2.515,mm,OK,--,7:16:41 PM,7/30/2025,
686,42.9,gf,2.520,mm,OK,--,7:16:42 PM,7/30/2025,
687,42.9,gf,2.525,mm,OK,--,7:16:42 PM,7/30/2025,
688,42.9,gf,2.525,mm,OK,--,7:16:42 PM,7/30/2025,
689,43.0,gf,2.525,mm,OK,--,7:16:42 PM,7/30/2025,
690,43.0,gf,2.530,mm,OK,--,7:16:42 PM,7/30/2025,
691,43.0,gf,2.530,mm,OK,--,7:16:42 PM,7/30/2025,
692,43.1,gf,2.535,mm,OK,--,7:16:42 PM,7/30/2025,
693,43.1,gf,2.535,mm,OK,--,7:16:42 PM,7/30/2025,
694,43.1,gf,2.535,mm,OK,--,7:16:42 PM,7/30/2025,
695,43.1,gf,2.540,mm,OK,--,7:16:42 PM,7/30/2025,
696,43.1,gf,2.540,mm,OK,--,7:16:43 PM,7/30/2025,
697,43.1,gf,2.540,mm,OK,--,7:16:43 PM,7/30/2025,
698,43.1,gf,2.545,mm,OK,--,7:16:43 PM,7/30/2025,
699,43.1,gf,2.545,mm,OK,--,7:16:43 PM,7/30/2025,
700,43.1,gf,2.545,mm,OK,--,7:16:43 PM,7/30/2025,
701,43.1,gf,2.545,mm,OK,--,7:16:43 PM,7/30/2025,
702,43.1,gf,2.550,mm,OK,--,7:16:43 PM,7/30/2025,
703,43.1,gf,2.550,mm,OK,--,7:16:43 PM,7/30/2025,
704,43.1,gf,2.550,mm,OK,--,7:16:43 PM,7/30/2025,
705,43.1,gf,2.550,mm,OK,--,7:16:43 PM,7/30/2025,
706,43.1,gf,2.555,mm,OK,--,7:16:44 PM,7/30/2025,
707,43.1,gf,2.555,mm,OK,--,7:16:44 PM,7/30/2025,
708,43.1,gf,2.555,mm,OK,--,7:16:44 PM,7/30/2025,
709,43.1,gf,2.555,mm,OK,--,7:16:44 PM,7/30/2025,
710,43.1,gf,2.555,mm,OK,--,7:16:44 PM,7/30/2025,
711,43.1,gf,2.555,mm,OK,--,7:16:44 PM,7/30/2025,
712,43.1,gf,2.560,mm,OK,--,7:16:44 PM,7/30/2025,
713,43.1,gf,2.560,mm,OK,--,7:16:44 PM,7/30/2025,
714,43.1,gf,2.560,mm,OK,--,7:16:44 PM,7/30/2025,
715,43.2,gf,2.560,mm,OK,--,7:16:44 PM,7/30/2025,
716,43.2,gf,2.560,mm,OK,--,7:16:45 PM,7/30/2025,
717,43.2,gf,2.560,mm,OK,--,7:16:45 PM,7/30/2025,
718,43.2,gf,2.560,mm,OK,--,7:16:45 PM,7/30/2025,
719,43.2,gf,2.560,mm,OK,--,7:16:45 PM,7/30/2025,
720,43.2,gf,2.565,mm,OK,--,7:16:45 PM,7/30/2025,
721,43.1,gf,2.565,mm,OK,--,7:16:45 PM,7/30/2025,
722,43.1,gf,2.570,mm,OK,--,7:16:45 PM,7/30/2025,
723,43.2,gf,2.575,mm,OK,--,7:16:45 PM,7/30/2025,
724,43.2,gf,2.580,mm,OK,--,7:16:45 PM,7/30/2025,
725,43.2,gf,2.580,mm,OK,--,7:16:45 PM,7/30/2025,
726,43.2,gf,2.585,mm,OK,--,7:16:46 PM,7/30/2025,
727,43.2,gf,2.585,mm,OK,--,7:16:46 PM,7/30/2025,
728,43.3,gf,2.590,mm,OK,--,7:16:46 PM,7/30/2025,
729,43.3,gf,2.595,mm,OK,--,7:16:46 PM,7/30/2025,
730,43.3,gf,2.595,mm,OK,--,7:16:46 PM,7/30/2025,
731,43.3,gf,2.595,mm,OK,--,7:16:46 PM,7/30/2025,
732,43.3,gf,2.600,mm,OK,--,7:16:46 PM,7/30/2025,
733,43.4,gf,2.600,mm,OK,--,7:16:46 PM,7/30/2025,
734,43.4,gf,2.605,mm,OK,--,7:16:46 PM,7/30/2025,
735,43.5,gf,2.610,mm,OK,--,7:16:46 PM,7/30/2025,
736,43.3,gf,2.615,mm,OK,--,7:16:47 PM,7/30/2025,
737,43.3,gf,2.625,mm,OK,--,7:16:47 PM,7/30/2025,
738,43.3,gf,2.630,mm,OK,--,7:16:47 PM,7/30/2025,
739,43.4,gf,2.640,mm,OK,--,7:16:47 PM,7/30/2025,
740,43.5,gf,2.645,mm,OK,--,7:16:47 PM,7/30/2025,
741,43.5,gf,2.650,mm,OK,--,7:16:47 PM,7/30/2025,
742,43.6,gf,2.660,mm,OK,--,7:16:47 PM,7/30/2025,
743,43.6,gf,2.665,mm,OK,--,7:16:47 PM,7/30/2025,
744,43.7,gf,2.670,mm,OK,--,7:16:47 PM,7/30/2025,
745,43.6,gf,2.680,mm,OK,--,7:16:47 PM,7/30/2025,
746,43.7,gf,2.690,mm,OK,--,7:16:48 PM,7/30/2025,
747,43.7,gf,2.695,mm,OK,--,7:16:48 PM,7/30/2025,
748,43.8,gf,2.700,mm,OK,--,7:16:48 PM,7/30/2025,
749,43.8,gf,2.705,mm,OK,--,7:16:48 PM,7/30/2025,
750,43.9,gf,2.710,mm,OK,--,7:16:48 PM,7/30/2025,
751,43.9,gf,2.710,mm,OK,--,7:16:48 PM,7/30/2025,
752,43.9,gf,2.715,mm,OK,--,7:16:48 PM,7/30/2025,
753,43.9,gf,2.720,mm,OK,--,7:16:48 PM,7/30/2025,
754,43.9,gf,2.725,mm,OK,--,7:16:48 PM,7/30/2025,
755,44.0,gf,2.730,mm,OK,--,7:16:48 PM,7/30/2025,
756,44.0,gf,2.735,mm,OK,--,7:16:49 PM,7/30/2025,
757,44.0,gf,2.740,mm,OK,--,7:16:49 PM,7/30/2025,
758,44.0,gf,2.740,mm,OK,--,7:16:49 PM,7/30/2025,
759,44.1,gf,2.745,mm,OK,--,7:16:49 PM,7/30/2025,
760,44.1,gf,2.750,mm,OK,--,7:16:49 PM,7/30/2025,
761,44.2,gf,2.755,mm,OK,--,7:16:49 PM,7/30/2025,
762,44.1,gf,2.760,mm,OK,--,7:16:49 PM,7/30/2025,
763,44.0,gf,2.765,mm,OK,--,7:16:49 PM,7/30/2025,
764,44.2,gf,2.770,mm,OK,--,7:16:49 PM,7/30/2025,
765,44.2,gf,2.775,mm,OK,--,7:16:49 PM,7/30/2025,
766,44.3,gf,2.785,mm,OK,--,7:16:50 PM,7/30/2025,
767,44.3,gf,2.795,mm,OK,--,7:16:50 PM,7/30/2025,
768,44.4,gf,2.800,mm,OK,--,7:16:50 PM,7/30/2025,
769,44.4,gf,2.810,mm,OK,--,7:16:50 PM,7/30/2025,
770,44.4,gf,2.820,mm,OK,--,7:16:50 PM,7/30/2025,
771,44.5,gf,2.830,mm,OK,--,7:16:50 PM,7/30/2025,
772,44.5,gf,2.840,mm,OK,--,7:16:50 PM,7/30/2025,
773,44.6,gf,2.850,mm,OK,--,7:16:50 PM,7/30/2025,
774,44.8,gf,2.865,mm,OK,--,7:16:50 PM,7/30/2025,
775,44.7,gf,2.875,mm,OK,--,7:16:50 PM,7/30/2025,
776,44.8,gf,2.885,mm,OK,--,7:16:51 PM,7/30/2025,
777,44.8,gf,2.895,mm,OK,--,7:16:51 PM,7/30/2025,
778,44.8,gf,2.900,mm,OK,--,7:16:51 PM,7/30/2025,
779,44.8,gf,2.910,mm,OK,--,7:16:51 PM,7/30/2025,
780,44.8,gf,2.915,mm,OK,--,7:16:51 PM,7/30/2025,
781,44.9,gf,2.920,mm,OK,--,7:16:51 PM,7/30/2025,
782,45.1,gf,2.930,mm,OK,--,7:16:51 PM,7/30/2025,
783,45.1,gf,2.935,mm,OK,--,7:16:51 PM,7/30/2025,
784,45.1,gf,2.935,mm,OK,--,7:16:51 PM,7/30/2025,
785,45.2,gf,2.940,mm,OK,--,7:16:51 PM,7/30/2025,
786,45.2,gf,2.945,mm,OK,--,7:16:52 PM,7/30/2025,
787,45.1,gf,2.945,mm,OK,--,7:16:52 PM,7/30/2025,
788,45.1,gf,2.950,mm,OK,--,7:16:52 PM,7/30/2025,
789,45.1,gf,2.955,mm,OK,--,7:16:52 PM,7/30/2025,
790,45.1,gf,2.960,mm,OK,--,7:16:52 PM,7/30/2025,
791,45.1,gf,2.960,mm,OK,--,7:16:52 PM,7/30/2025,
792,45.2,gf,2.965,mm,OK,--,7:16:52 PM,7/30/2025,
793,45.2,gf,2.965,mm,OK,--,7:16:52 PM,7/30/2025,
794,45.2,gf,2.970,mm,OK,--,7:16:52 PM,7/30/2025,
795,45.2,gf,2.970,mm,OK,--,7:16:52 PM,7/30/2025,
796,45.2,gf,2.975,mm,OK,--,7:16:53 PM,7/30/2025,
797,45.3,gf,2.975,mm,OK,--,7:16:53 PM,7/30/2025,
798,45.3,gf,2.980,mm,OK,--,7:16:53 PM,7/30/2025,
799,45.3,gf,2.985,mm,OK,--,7:16:53 PM,7/30/2025,
800,45.3,gf,2.990,mm,OK,--,7:16:53 PM,7/30/2025,
801,45.4,gf,2.990,mm,OK,--,7:16:53 PM,7/30/2025,
802,45.4,gf,2.995,mm,OK,--,7:16:53 PM,7/30/2025,
803,45.4,gf,3.000,mm,OK,--,7:16:53 PM,7/30/2025,
804,45.5,gf,3.005,mm,OK,--,7:16:53 PM,7/30/2025,
805,45.5,gf,3.010,mm,OK,--,7:16:53 PM,7/30/2025,
806,45.5,gf,3.010,mm,OK,--,7:16:54 PM,7/30/2025,
807,45.6,gf,3.015,mm,OK,--,7:16:54 PM,7/30/2025,
808,45.6,gf,3.020,mm,OK,--,7:16:54 PM,7/30/2025,
809,45.6,gf,3.025,mm,OK,--,7:16:54 PM,7/30/2025,
810,45.7,gf,3.030,mm,OK,--,7:16:54 PM,7/30/2025,
811,45.8,gf,3.030,mm,OK,--,7:16:54 PM,7/30/2025,
812,45.6,gf,3.035,mm,OK,--,7:16:54 PM,7/30/2025,
813,45.6,gf,3.040,mm,OK,--,7:16:54 PM,7/30/2025,
814,45.7,gf,3.045,mm,OK,--,7:16:54 PM,7/30/2025,
815,45.7,gf,3.050,mm,OK,--,7:16:54 PM,7/30/2025,
816,45.7,gf,3.055,mm,OK,--,7:16:55 PM,7/30/2025,
817,45.8,gf,3.055,mm,OK,--,7:16:55 PM,7/30/2025,
818,45.8,gf,3.060,mm,OK,--,7:16:55 PM,7/30/2025,
819,45.8,gf,3.065,mm,OK,--,7:16:55 PM,7/30/2025,
820,45.8,gf,3.065,mm,OK,--,7:16:55 PM,7/30/2025,
821,45.9,gf,3.070,mm,OK,--,7:16:55 PM,7/30/2025,
822,45.9,gf,3.075,mm,OK,--,7:16:55 PM,7/30/2025,
823,45.9,gf,3.075,mm,OK,--,7:16:55 PM,7/30/2025,
824,46.0,gf,3.080,mm,OK,--,7:16:55 PM,7/30/2025,
825,46.0,gf,3.080,mm,OK,--,7:16:55 PM,7/30/2025,
826,46.0,gf,3.085,mm,OK,--,7:16:56 PM,7/30/2025,
827,46.0,gf,3.085,mm,OK,--,7:16:56 PM,7/30/2025,
828,46.0,gf,3.090,mm,OK,--,7:16:56 PM,7/30/2025,
829,46.1,gf,3.095,mm,OK,--,7:16:56 PM,7/30/2025,
830,46.1,gf,3.095,mm,OK,--,7:16:56 PM,7/30/2025,
831,46.1,gf,3.100,mm,OK,--,7:16:56 PM,7/30/2025,
832,45.9,gf,3.105,mm,OK,--,7:16:56 PM,7/30/2025,
833,46.0,gf,3.105,mm,OK,--,7:16:56 PM,7/30/2025,
834,46.0,gf,3.110,mm,OK,--,7:16:56 PM,7/30/2025,
835,46.0,gf,3.110,mm,OK,--,7:16:56 PM,7/30/2025,
836,46.1,gf,3.115,mm,OK,--,7:16:57 PM,7/30/2025,
837,46.1,gf,3.115,mm,OK,--,7:16:57 PM,7/30/2025,
838,46.1,gf,3.115,mm,OK,--,7:16:57 PM,7/30/2025,
839,46.2,gf,3.120,mm,OK,--,7:16:57 PM,7/30/2025,
840,46.2,gf,3.125,mm,OK,--,7:16:57 PM,7/30/2025,
841,46.2,gf,3.125,mm,OK,--,7:16:57 PM,7/30/2025,
842,46.2,gf,3.130,mm,OK,--,7:16:57 PM,7/30/2025,
843,46.2,gf,3.130,mm,OK,--,7:16:57 PM,7/30/2025,
844,46.2,gf,3.135,mm,OK,--,7:16:57 PM,7/30/2025,
845,46.2,gf,3.140,mm,OK,--,7:16:57 PM,7/30/2025,
846,46.2,gf,3.140,mm,OK,--,7:16:58 PM,7/30/2025,
847,46.2,gf,3.145,mm,OK,--,7:16:58 PM,7/30/2025,
848,46.3,gf,3.145,mm,OK,--,7:16:58 PM,7/30/2025,
849,46.3,gf,3.150,mm,OK,--,7:16:58 PM,7/30/2025,
850,46.3,gf,3.150,mm,OK,--,7:16:58 PM,7/30/2025,
851,46.3,gf,3.155,mm,OK,--,7:16:58 PM,7/30/2025,
852,46.3,gf,3.155,mm,OK,--,7:16:58 PM,7/30/2025,
853,46.4,gf,3.155,mm,OK,--,7:16:58 PM,7/30/2025,
854,46.5,gf,3.155,mm,OK,--,7:16:58 PM,7/30/2025,
855,46.5,gf,3.160,mm,OK,--,7:16:58 PM,7/30/2025,
856,46.5,gf,3.160,mm,OK,--,7:16:59 PM,7/30/2025,
857,46.5,gf,3.165,mm,OK,--,7:16:59 PM,7/30/2025,
858,46.4,gf,3.170,mm,OK,--,7:16:59 PM,7/30/2025,
859,46.5,gf,3.175,mm,OK,--,7:16:59 PM,7/30/2025,
860,46.4,gf,3.175,mm,OK,--,7:16:59 PM,7/30/2025,
861,46.4,gf,3.180,mm,OK,--,7:16:59 PM,7/30/2025,
862,46.4,gf,3.185,mm,OK,--,7:16:59 PM,7/30/2025,
863,46.5,gf,3.190,mm,OK,--,7:16:59 PM,7/30/2025,
864,46.5,gf,3.195,mm,OK,--,7:16:59 PM,7/30/2025,
865,46.5,gf,3.195,mm,OK,--,7:16:59 PM,7/30/2025,
866,46.5,gf,3.200,mm,OK,--,7:17:00 PM,7/30/2025,
867,46.5,gf,3.205,mm,OK,--,7:17:00 PM,7/30/2025,
868,46.6,gf,3.210,mm,OK,--,7:17:00 PM,7/30/2025,
869,46.7,gf,3.210,mm,OK,--,7:17:00 PM,7/30/2025,
870,46.7,gf,3.215,mm,OK,--,7:17:00 PM,7/30/2025,
871,46.7,gf,3.215,mm,OK,--,7:17:00 PM,7/30/2025,
872,46.8,gf,3.220,mm,OK,--,7:17:00 PM,7/30/2025,
873,46.7,gf,3.220,mm,OK,--,7:17:00 PM,7/30/2025,
874,46.7,gf,3.220,mm,OK,--,7:17:00 PM,7/30/2025,
875,46.7,gf,3.225,mm,OK,--,7:17:00 PM,7/30/2025,
876,46.7,gf,3.225,mm,OK,--,7:17:01 PM,7/30/2025,
877,46.8,gf,3.230,mm,OK,--,7:17:01 PM,7/30/2025,
878,46.8,gf,3.230,mm,OK,--,7:17:01 PM,7/30/2025,
879,46.8,gf,3.235,mm,OK,--,7:17:01 PM,7/30/2025,
880,46.7,gf,3.240,mm,OK,--,7:17:01 PM,7/30/2025,
881,46.7,gf,3.245,mm,OK,--,7:17:01 PM,7/30/2025,
882,46.8,gf,3.250,mm,OK,--,7:17:01 PM,7/30/2025,
883,46.7,gf,3.250,mm,OK,--,7:17:01 PM,7/30/2025,
884,46.8,gf,3.255,mm,OK,--,7:17:01 PM,7/30/2025,
885,46.8,gf,3.260,mm,OK,--,7:17:01 PM,7/30/2025,
886,46.8,gf,3.265,mm,OK,--,7:17:02 PM,7/30/2025,
887,46.8,gf,3.270,mm,OK,--,7:17:02 PM,7/30/2025,
888,46.8,gf,3.270,mm,OK,--,7:17:02 PM,7/30/2025,
889,46.9,gf,3.275,mm,OK,--,7:17:02 PM,7/30/2025,
890,46.9,gf,3.275,mm,OK,--,7:17:02 PM,7/30/2025,
891,46.9,gf,3.280,mm,OK,--,7:17:02 PM,7/30/2025,
892,46.9,gf,3.280,mm,OK,--,7:17:02 PM,7/30/2025,
893,46.9,gf,3.285,mm,OK,--,7:17:02 PM,7/30/2025,
894,47.0,gf,3.290,mm,OK,--,7:17:02 PM,7/30/2025,
895,47.0,gf,3.290,mm,OK,--,7:17:02 PM,7/30/2025,
896,47.1,gf,3.295,mm,OK,--,7:17:03 PM,7/30/2025,
897,47.1,gf,3.295,mm,OK,--,7:17:03 PM,7/30/2025,
898,47.1,gf,3.300,mm,OK,--,7:17:03 PM,7/30/2025,
899,47.2,gf,3.300,mm,OK,--,7:17:03 PM,7/30/2025,
900,47.2,gf,3.305,mm,OK,--,7:17:03 PM,7/30/2025,
901,47.1,gf,3.305,mm,OK,--,7:17:03 PM,7/30/2025,
902,47.1,gf,3.310,mm,OK,--,7:17:03 PM,7/30/2025,
903,47.1,gf,3.310,mm,OK,--,7:17:03 PM,7/30/2025,
904,47.1,gf,3.315,mm,OK,--,7:17:03 PM,7/30/2025,
905,47.1,gf,3.315,mm,OK,--,7:17:03 PM,7/30/2025,
906,47.1,gf,3.315,mm,OK,--,7:17:04 PM,7/30/2025,
907,47.1,gf,3.320,mm,OK,--,7:17:04 PM,7/30/2025,
908,47.1,gf,3.320,mm,OK,--,7:17:04 PM,7/30/2025,
909,47.1,gf,3.325,mm,OK,--,7:17:04 PM,7/30/2025,
910,47.2,gf,3.325,mm,OK,--,7:17:04 PM,7/30/2025,
911,47.2,gf,3.325,mm,OK,--,7:17:04 PM,7/30/2025,
912,47.2,gf,3.325,mm,OK,--,7:17:04 PM,7/30/2025,
913,47.3,gf,3.330,mm,OK,--,7:17:04 PM,7/30/2025,
914,47.3,gf,3.330,mm,OK,--,7:17:04 PM,7/30/2025,
915,47.3,gf,3.335,mm,OK,--,7:17:04 PM,7/30/2025,
916,47.3,gf,3.340,mm,OK,--,7:17:05 PM,7/30/2025,
917,47.3,gf,3.345,mm,OK,--,7:17:05 PM,7/30/2025,
918,47.3,gf,3.355,mm,OK,--,7:17:05 PM,7/30/2025,
919,47.4,gf,3.360,mm,OK,--,7:17:05 PM,7/30/2025,
920,47.5,gf,3.365,mm,OK,--,7:17:05 PM,7/30/2025,
921,47.3,gf,3.370,mm,OK,--,7:17:05 PM,7/30/2025,
922,47.4,gf,3.380,mm,OK,--,7:17:05 PM,7/30/2025,
923,47.5,gf,3.385,mm,OK,--,7:17:05 PM,7/30/2025,
924,47.5,gf,3.390,mm,OK,--,7:17:05 PM,7/30/2025,
925,47.6,gf,3.400,mm,OK,--,7:17:05 PM,7/30/2025,
926,47.6,gf,3.405,mm,OK,--,7:17:06 PM,7/30/2025,
927,47.7,gf,3.405,mm,OK,--,7:17:06 PM,7/30/2025,
928,47.8,gf,3.410,mm,OK,--,7:17:06 PM,7/30/2025,
929,47.7,gf,3.415,mm,OK,--,7:17:06 PM,7/30/2025,
930,47.8,gf,3.415,mm,OK,--,7:17:06 PM,7/30/2025,
931,47.8,gf,3.420,mm,OK,--,7:17:06 PM,7/30/2025,
932,47.8,gf,3.425,mm,OK,--,7:17:06 PM,7/30/2025,
933,47.9,gf,3.425,mm,OK,--,7:17:06 PM,7/30/2025,
934,47.9,gf,3.430,mm,OK,--,7:17:06 PM,7/30/2025,
935,47.9,gf,3.430,mm,OK,--,7:17:06 PM,7/30/2025,
936,47.9,gf,3.435,mm,OK,--,7:17:07 PM,7/30/2025,
937,47.9,gf,3.440,mm,OK,--,7:17:07 PM,7/30/2025,
938,47.9,gf,3.440,mm,OK,--,7:17:07 PM,7/30/2025,
939,47.9,gf,3.445,mm,OK,--,7:17:07 PM,7/30/2025,
940,47.9,gf,3.450,mm,OK,--,7:17:07 PM,7/30/2025,
941,47.9,gf,3.450,mm,OK,--,7:17:07 PM,7/30/2025,
942,47.9,gf,3.455,mm,OK,--,7:17:07 PM,7/30/2025,
943,47.9,gf,3.460,mm,OK,--,7:17:07 PM,7/30/2025,
944,47.9,gf,3.465,mm,OK,--,7:17:07 PM,7/30/2025,
945,48.1,gf,3.465,mm,OK,--,7:17:07 PM,7/30/2025,
946,48.1,gf,3.470,mm,OK,--,7:17:08 PM,7/30/2025,
947,48.1,gf,3.470,mm,OK,--,7:17:08 PM,7/30/2025,
948,48.1,gf,3.475,mm,OK,--,7:17:08 PM,7/30/2025,
949,48.2,gf,3.475,mm,OK,--,7:17:08 PM,7/30/2025,
950,48.2,gf,3.480,mm,OK,--,7:17:08 PM,7/30/2025,
951,48.2,gf,3.480,mm,OK,--,7:17:08 PM,7/30/2025,
952,48.2,gf,3.485,mm,OK,--,7:17:08 PM,7/30/2025,
953,48.2,gf,3.490,mm,OK,--,7:17:08 PM,7/30/2025,
954,48.1,gf,3.490,mm,OK,--,7:17:08 PM,7/30/2025,
955,48.1,gf,3.495,mm,OK,--,7:17:08 PM,7/30/2025,
956,48.1,gf,3.495,mm,OK,--,7:17:09 PM,7/30/2025,
957,48.2,gf,3.500,mm,OK,--,7:17:09 PM,7/30/2025,
958,48.3,gf,3.500,mm,OK,--,7:17:09 PM,7/30/2025,
959,48.2,gf,3.505,mm,OK,--,7:17:09 PM,7/30/2025,
960,48.2,gf,3.505,mm,OK,--,7:17:09 PM,7/30/2025,
961,48.2,gf,3.510,mm,OK,--,7:17:09 PM,7/30/2025,
962,48.2,gf,3.510,mm,OK,--,7:17:09 PM,7/30/2025,
963,48.2,gf,3.515,mm,OK,--,7:17:09 PM,7/30/2025,
964,48.2,gf,3.515,mm,OK,--,7:17:09 PM,7/30/2025,
965,48.3,gf,3.520,mm,OK,--,7:17:09 PM,7/30/2025,
966,48.3,gf,3.525,mm,OK,--,7:17:10 PM,7/30/2025,
967,48.2,gf,3.525,mm,OK,--,7:17:10 PM,7/30/2025,
968,48.2,gf,3.530,mm,OK,--,7:17:10 PM,7/30/2025,
969,48.2,gf,3.530,mm,OK,--,7:17:10 PM,7/30/2025,
970,48.2,gf,3.535,mm,OK,--,7:17:10 PM,7/30/2025,
971,48.2,gf,3.535,mm,OK,--,7:17:10 PM,7/30/2025,
972,48.2,gf,3.535,mm,OK,--,7:17:10 PM,7/30/2025,
973,48.3,gf,3.540,mm,OK,--,7:17:10 PM,7/30/2025,
974,48.3,gf,3.545,mm,OK,--,7:17:10 PM,7/30/2025,
975,48.3,gf,3.545,mm,OK,--,7:17:10 PM,7/30/2025,
976,48.3,gf,3.550,mm,OK,--,7:17:11 PM,7/30/2025,
977,48.1,gf,3.560,mm,OK,--,7:17:11 PM,7/30/2025,
978,48.2,gf,3.565,mm,OK,--,7:17:11 PM,7/30/2025,
979,48.4,gf,3.570,mm,OK,--,7:17:11 PM,7/30/2025,
980,48.4,gf,3.575,mm,OK,--,7:17:11 PM,7/30/2025,
981,48.3,gf,3.580,mm,OK,--,7:17:11 PM,7/30/2025,
982,48.4,gf,3.585,mm,OK,--,7:17:11 PM,7/30/2025,
983,48.5,gf,3.590,mm,OK,--,7:17:11 PM,7/30/2025,
984,48.5,gf,3.590,mm,OK,--,7:17:11 PM,7/30/2025,
985,48.5,gf,3.595,mm,OK,--,7:17:11 PM,7/30/2025,
986,48.5,gf,3.600,mm,OK,--,7:17:12 PM,7/30/2025,
987,48.5,gf,3.605,mm,OK,--,7:17:12 PM,7/30/2025,
988,48.6,gf,3.610,mm,OK,--,7:17:12 PM,7/30/2025,
989,48.5,gf,3.615,mm,OK,--,7:17:12 PM,7/30/2025,
990,48.4,gf,3.620,mm,OK,--,7:17:12 PM,7/30/2025,
991,48.5,gf,3.625,mm,OK,--,7:17:12 PM,7/30/2025,
992,48.5,gf,3.630,mm,OK,--,7:17:12 PM,7/30/2025,
993,48.5,gf,3.635,mm,OK,--,7:17:12 PM,7/30/2025,
994,48.6,gf,3.640,mm,OK,--,7:17:12 PM,7/30/2025,
995,48.6,gf,3.645,mm,OK,--,7:17:12 PM,7/30/2025,
996,48.6,gf,3.650,mm,OK,--,7:17:13 PM,7/30/2025,
997,48.7,gf,3.655,mm,OK,--,7:17:13 PM,7/30/2025,
998,48.6,gf,3.660,mm,OK,--,7:17:13 PM,7/30/2025,
999,48.5,gf,3.665,mm,OK,--,7:17:13 PM,7/30/2025,
1000,48.5,gf,3.675,mm,OK,--,7:17:13 PM,7/30/2025,
1001,48.6,gf,3.680,mm,OK,--,7:17:13 PM,7/30/2025,
1002,48.7,gf,3.685,mm,OK,--,7:17:13 PM,7/30/2025,
1003,48.8,gf,3.690,mm,OK,--,7:17:13 PM,7/30/2025,
1004,48.9,gf,3.695,mm,OK,--,7:17:13 PM,7/30/2025,
1005,48.8,gf,3.695,mm,OK,--,7:17:13 PM,7/30/2025,
1006,49.0,gf,3.700,mm,OK,--,7:17:14 PM,7/30/2025,
1007,49.0,gf,3.705,mm,OK,--,7:17:14 PM,7/30/2025,
1008,49.1,gf,3.705,mm,OK,--,7:17:14 PM,7/30/2025,
1009,49.0,gf,3.710,mm,OK,--,7:17:14 PM,7/30/2025,
1010,48.9,gf,3.710,mm,OK,--,7:17:14 PM,7/30/2025,
1011,48.9,gf,3.715,mm,OK,--,7:17:14 PM,7/30/2025,
1012,49.0,gf,3.715,mm,OK,--,7:17:14 PM,7/30/2025,
1013,49.0,gf,3.720,mm,OK,--,7:17:14 PM,7/30/2025,
1014,49.0,gf,3.720,mm,OK,--,7:17:14 PM,7/30/2025,
1015,48.9,gf,3.725,mm,OK,--,7:17:14 PM,7/30/2025,
1016,49.0,gf,3.730,mm,OK,--,7:17:15 PM,7/30/2025,
1017,49.8,gf,3.730,mm,OK,--,7:17:15 PM,7/30/2025,
1018,53.3,gf,3.735,mm,OK,--,7:17:15 PM,7/30/2025,
1019,57.2,gf,3.740,mm,OK,--,7:17:15 PM,7/30/2025,
1020,60.7,gf,3.745,mm,OK,--,7:17:15 PM,7/30/2025,
1021,63.4,gf,3.745,mm,OK,--,7:17:15 PM,7/30/2025,
1022,66.4,gf,3.750,mm,OK,--,7:17:15 PM,7/30/2025,
1023,69.2,gf,3.755,mm,OK,--,7:17:15 PM,7/30/2025,
1024,71.6,gf,3.755,mm,OK,--,7:17:15 PM,7/30/2025,
1025,74.7,gf,3.760,mm,OK,--,7:17:15 PM,7/30/2025,
1026,77.5,gf,3.760,mm,OK,--,7:17:16 PM,7/30/2025,
1027,80.5,gf,3.765,mm,OK,--,7:17:16 PM,7/30/2025,
1028,83.4,gf,3.765,mm,OK,--,7:17:16 PM,7/30/2025,
1029,85.9,gf,3.770,mm,OK,--,7:17:16 PM,7/30/2025,
1030,88.3,gf,3.770,mm,OK,--,7:17:16 PM,7/30/2025,
1031,90.3,gf,3.775,mm,OK,--,7:17:16 PM,7/30/2025,
1032,92.6,gf,3.775,mm,OK,--,7:17:16 PM,7/30/2025,
1033,95.6,gf,3.780,mm,OK,--,7:17:16 PM,7/30/2025,
1034,98.5,gf,3.785,mm,OK,--,7:17:16 PM,7/30/2025,
1035,100.8,gf,3.785,mm,OK,--,7:17:16 PM,7/30/2025,
1036,103.1,gf,3.785,mm,OK,--,7:17:17 PM,7/30/2025,
1037,105.9,gf,3.790,mm,OK,--,7:17:17 PM,7/30/2025,
1038,108.7,gf,3.795,mm,OK,--,7:17:17 PM,7/30/2025,
1039,111.1,gf,3.795,mm,OK,--,7:17:17 PM,7/30/2025,
1040,113.1,gf,3.795,mm,OK,--,7:17:17 PM,7/30/2025,
1041,115.2,gf,3.800,mm,OK,--,7:17:17 PM,7/30/2025,
1042,117.0,gf,3.800,mm,OK,--,7:17:17 PM,7/30/2025,
1043,119.2,gf,3.805,mm,OK,--,7:17:17 PM,7/30/2025,
1044,121.2,gf,3.805,mm,OK,--,7:17:17 PM,7/30/2025,
1045,123.0,gf,3.810,mm,OK,--,7:17:17 PM,7/30/2025,
1046,125.0,gf,3.810,mm,OK,--,7:17:18 PM,7/30/2025,
1047,127.0,gf,3.810,mm,OK,--,7:17:18 PM,7/30/2025,
1048,128.9,gf,3.815,mm,OK,--,7:17:18 PM,7/30/2025,
1049,130.7,gf,3.815,mm,OK,--,7:17:18 PM,7/30/2025,
1050,132.3,gf,3.815,mm,OK,--,7:17:18 PM,7/30/2025,
1051,134.0,gf,3.820,mm,OK,--,7:17:18 PM,7/30/2025,
1052,135.7,gf,3.820,mm,OK,--,7:17:18 PM,7/30/2025,
1053,137.3,gf,3.825,mm,OK,--,7:17:18 PM,7/30/2025,
1054,139.2,gf,3.825,mm,OK,--,7:17:18 PM,7/30/2025,
1055,140.8,gf,3.825,mm,OK,--,7:17:18 PM,7/30/2025,
1056,142.3,gf,3.825,mm,OK,--,7:17:19 PM,7/30/2025,
1057,144.1,gf,3.830,mm,OK,--,7:17:19 PM,7/30/2025,
1058,146.2,gf,3.830,mm,OK,--,7:17:19 PM,7/30/2025,
1059,148.2,gf,3.835,mm,OK,--,7:17:19 PM,7/30/2025,
1060,150.2,gf,3.835,mm,OK,--,7:17:19 PM,7/30/2025,
1061,152.0,gf,3.835,mm,OK,--,7:17:19 PM,7/30/2025,
1062,154.0,gf,3.840,mm,OK,--,7:17:19 PM,7/30/2025,
1063,156.1,gf,3.840,mm,OK,--,7:17:19 PM,7/30/2025,
1064,158.1,gf,3.845,mm,OK,--,7:17:19 PM,7/30/2025,
1065,159.9,gf,3.845,mm,OK,--,7:17:19 PM,7/30/2025,
1066,161.6,gf,3.845,mm,OK,--,7:17:20 PM,7/30/2025,
1067,163.4,gf,3.850,mm,OK,--,7:17:20 PM,7/30/2025,
1068,165.5,gf,3.850,mm,OK,--,7:17:20 PM,7/30/2025,
1069,167.2,gf,3.850,mm,OK,--,7:17:20 PM,7/30/2025,
1070,168.6,gf,3.855,mm,OK,--,7:17:20 PM,7/30/2025,
1071,170.2,gf,3.855,mm,OK,--,7:17:20 PM,7/30/2025,
1072,171.8,gf,3.855,mm,OK,--,7:17:20 PM,7/30/2025,
1073,173.4,gf,3.855,mm,OK,--,7:17:20 PM,7/30/2025,
1074,175.1,gf,3.860,mm,OK,--,7:17:20 PM,7/30/2025,
1075,176.5,gf,3.860,mm,OK,--,7:17:20 PM,7/30/2025,
1076,178.0,gf,3.860,mm,OK,--,7:17:21 PM,7/30/2025,
1077,179.2,gf,3.865,mm,OK,--,7:17:21 PM,7/30/2025,
1078,180.2,gf,3.865,mm,OK,--,7:17:21 PM,7/30/2025,
1079,181.2,gf,3.865,mm,OK,--,7:17:21 PM,7/30/2025,
1080,182.4,gf,3.865,mm,OK,--,7:17:21 PM,7/30/2025,
1081,183.4,gf,3.865,mm,OK,--,7:17:21 PM,7/30/2025,
1082,184.4,gf,3.870,mm,OK,--,7:17:21 PM,7/30/2025,
1083,185.6,gf,3.870,mm,OK,--,7:17:21 PM,7/30/2025,
1084,187.2,gf,3.870,mm,OK,--,7:17:21 PM,7/30/2025,
1085,188.8,gf,3.875,mm,OK,--,7:17:21 PM,7/30/2025,
1086,190.2,gf,3.875,mm,OK,--,7:17:22 PM,7/30/2025,
1087,191.8,gf,3.875,mm,OK,--,7:17:22 PM,7/30/2025,
1088,193.6,gf,3.875,mm,OK,--,7:17:22 PM,7/30/2025,
1089,194.9,gf,3.880,mm,OK,--,7:17:22 PM,7/30/2025,
1090,195.7,gf,3.880,mm,OK,--,7:17:22 PM,7/30/2025,
1091,196.0,gf,3.880,mm,OK,--,7:17:22 PM,7/30/2025,
1092,195.9,gf,3.880,mm,OK,--,7:17:22 PM,7/30/2025,
1093,195.9,gf,3.880,mm,OK,--,7:17:22 PM,7/30/2025,
1094,195.7,gf,3.880,mm,OK,--,7:17:22 PM,7/30/2025,
1095,195.6,gf,3.880,mm,OK,--,7:17:22 PM,7/30/2025,
1096,195.6,gf,3.880,mm,OK,--,7:17:23 PM,7/30/2025,
1097,195.6,gf,3.880,mm,OK,--,7:17:23 PM,7/30/2025,
1098,195.6,gf,3.880,mm,OK,--,7:17:23 PM,7/30/2025,
1099,195.6,gf,3.880,mm,OK,--,7:17:23 PM,7/30/2025,
1100,195.6,gf,3.880,mm,OK,--,7:17:23 PM,7/30/2025,
1101,195.6,gf,3.880,mm,OK,--,7:17:23 PM,7/30/2025,
1102,195.6,gf,3.880,mm,OK,--,7:17:23 PM,7/30/2025,
1103,195.6,gf,3.880,mm,OK,--,7:17:23 PM,7/30/2025,
1104,195.5,gf,3.880,mm,OK,--,7:17:23 PM,7/30/2025,
1105,195.5,gf,3.880,mm,OK,--,7:17:23 PM,7/30/2025,
1106,195.4,gf,3.880,mm,OK,--,7:17:24 PM,7/30/2025,
1107,195.2,gf,3.880,mm,OK,--,7:17:24 PM,7/30/2025,
1108,195.2,gf,3.880,mm,OK,--,7:17:24 PM,7/30/2025,
1109,195.0,gf,3.880,mm,OK,--,7:17:24 PM,7/30/2025,
1110,194.9,gf,3.880,mm,OK,--,7:17:24 PM,7/30/2025,
1111,194.9,gf,3.880,mm,OK,--,7:17:24 PM,7/30/2025,
1112,194.8,gf,3.880,mm,OK,--,7:17:24 PM,7/30/2025,
1113,194.8,gf,3.880,mm,OK,--,7:17:24 PM,7/30/2025,
1114,194.6,gf,3.880,mm,OK,--,7:17:24 PM,7/30/2025,
1115,194.4,gf,3.880,mm,OK,--,7:17:24 PM,7/30/2025,
1116,194.2,gf,3.880,mm,OK,--,7:17:25 PM,7/30/2025,
1117,194.0,gf,3.880,mm,OK,--,7:17:25 PM,7/30/2025,
1118,193.6,gf,3.880,mm,OK,--,7:17:25 PM,7/30/2025,
1119,193.4,gf,3.880,mm,OK,--,7:17:25 PM,7/30/2025,
1120,193.2,gf,3.880,mm,OK,--,7:17:25 PM,7/30/2025,
1121,193.1,gf,3.880,mm,OK,--,7:17:25 PM,7/30/2025,
1122,193.0,gf,3.880,mm,OK,--,7:17:25 PM,7/30/2025,
1123,192.9,gf,3.880,mm,OK,--,7:17:25 PM,7/30/2025,
1124,192.7,gf,3.880,mm,OK,--,7:17:25 PM,7/30/2025,
1125,192.6,gf,3.880,mm,OK,--,7:17:25 PM,7/30/2025,
1126,192.5,gf,3.880,mm,OK,--,7:17:26 PM,7/30/2025,
1127,192.4,gf,3.880,mm,OK,--,7:17:26 PM,7/30/2025,
1128,192.1,gf,3.880,mm,OK,--,7:17:26 PM,7/30/2025,
1129,191.7,gf,3.880,mm,OK,--,7:17:26 PM,7/30/2025,
1130,191.4,gf,3.875,mm,OK,--,7:17:26 PM,7/30/2025,
1131,190.9,gf,3.875,mm,OK,--,7:17:26 PM,7/30/2025,
1132,190.3,gf,3.875,mm,OK,--,7:17:26 PM,7/30/2025,
1133,189.4,gf,3.875,mm,OK,--,7:17:26 PM,7/30/2025,
1134,188.7,gf,3.875,mm,OK,--,7:17:26 PM,7/30/2025,
1135,188.4,gf,3.875,mm,OK,--,7:17:26 PM,7/30/2025,
1136,188.1,gf,3.875,mm,OK,--,7:17:27 PM,7/30/2025,
1137,187.6,gf,3.875,mm,OK,--,7:17:27 PM,7/30/2025,
1138,186.8,gf,3.875,mm,OK,--,7:17:27 PM,7/30/2025,
1139,185.9,gf,3.870,mm,OK,--,7:17:27 PM,7/30/2025,
1140,185.3,gf,3.870,mm,OK,--,7:17:27 PM,7/30/2025,
1141,184.6,gf,3.870,mm,OK,--,7:17:27 PM,7/30/2025,
1142,183.9,gf,3.870,mm,OK,--,7:17:27 PM,7/30/2025,
1143,183.2,gf,3.870,mm,OK,--,7:17:27 PM,7/30/2025,
1144,182.6,gf,3.870,mm,OK,--,7:17:27 PM,7/30/2025,
1145,182.1,gf,3.870,mm,OK,--,7:17:27 PM,7/30/2025,
1146,181.6,gf,3.870,mm,OK,--,7:17:28 PM,7/30/2025,
1147,181.2,gf,3.870,mm,OK,--,7:17:28 PM,7/30/2025,
1148,181.0,gf,3.870,mm,OK,--,7:17:28 PM,7/30/2025,
1149,180.9,gf,3.870,mm,OK,--,7:17:28 PM,7/30/2025,
1150,180.6,gf,3.865,mm,OK,--,7:17:28 PM,7/30/2025,
1151,180.3,gf,3.865,mm,OK,--,7:17:28 PM,7/30/2025,
1152,179.8,gf,3.865,mm,OK,--,7:17:28 PM,7/30/2025,
1153,179.5,gf,3.865,mm,OK,--,7:17:28 PM,7/30/2025,
1154,179.3,gf,3.865,mm,OK,--,7:17:28 PM,7/30/2025,
1155,179.1,gf,3.865,mm,OK,--,7:17:28 PM,7/30/2025,
1156,178.8,gf,3.865,mm,OK,--,7:17:29 PM,7/30/2025,
1157,178.5,gf,3.865,mm,OK,--,7:17:29 PM,7/30/2025,
1158,177.6,gf,3.865,mm,OK,--,7:17:29 PM,7/30/2025,
1159,175.9,gf,3.865,mm,OK,--,7:17:29 PM,7/30/2025,
1160,173.7,gf,3.860,mm,OK,--,7:17:29 PM,7/30/2025,
1161,172.5,gf,3.860,mm,OK,--,7:17:29 PM,7/30/2025,
1162,171.8,gf,3.860,mm,OK,--,7:17:29 PM,7/30/2025,
1163,171.3,gf,3.860,mm,OK,--,7:17:29 PM,7/30/2025,
1164,170.8,gf,3.860,mm,OK,--,7:17:29 PM,7/30/2025,
1165,170.4,gf,3.860,mm,OK,--,7:17:29 PM,7/30/2025,
1166,170.1,gf,3.855,mm,OK,--,7:17:30 PM,7/30/2025,
1167,169.7,gf,3.855,mm,OK,--,7:17:30 PM,7/30/2025,
1168,169.2,gf,3.855,mm,OK,--,7:17:30 PM,7/30/2025,
1169,168.9,gf,3.855,mm,OK,--,7:17:30 PM,7/30/2025,
1170,168.5,gf,3.855,mm,OK,--,7:17:30 PM,7/30/2025,
1171,168.1,gf,3.855,mm,OK,--,7:17:30 PM,7/30/2025,
1172,167.7,gf,3.855,mm,OK,--,7:17:30 PM,7/30/2025,
1173,167.5,gf,3.855,mm,OK,--,7:17:30 PM,7/30/2025,
1174,166.9,gf,3.855,mm,OK,--,7:17:30 PM,7/30/2025,
1175,166.4,gf,3.855,mm,OK,--,7:17:30 PM,7/30/2025,
1176,165.8,gf,3.855,mm,OK,--,7:17:31 PM,7/30/2025,
1177,165.2,gf,3.855,mm,OK,--,7:17:31 PM,7/30/2025,
1178,164.7,gf,3.850,mm,OK,--,7:17:31 PM,7/30/2025,
1179,164.2,gf,3.850,mm,OK,--,7:17:31 PM,7/30/2025,
1180,163.7,gf,3.850,mm,OK,--,7:17:31 PM,7/30/2025,
1181,163.1,gf,3.850,mm,OK,--,7:17:31 PM,7/30/2025,
1182,162.3,gf,3.850,mm,OK,--,7:17:31 PM,7/30/2025,
1183,161.9,gf,3.850,mm,OK,--,7:17:31 PM,7/30/2025,
1184,161.6,gf,3.850,mm,OK,--,7:17:31 PM,7/30/2025,
1185,161.3,gf,3.850,mm,OK,--,7:17:31 PM,7/30/2025,
1186,161.1,gf,3.850,mm,OK,--,7:17:32 PM,7/30/2025,
1187,160.9,gf,3.850,mm,OK,--,7:17:32 PM,7/30/2025,
1188,160.7,gf,3.850,mm,OK,--,7:17:32 PM,7/30/2025,
1189,160.4,gf,3.850,mm,OK,--,7:17:32 PM,7/30/2025,
1190,160.1,gf,3.850,mm,OK,--,7:17:32 PM,7/30/2025,
1191,159.8,gf,3.850,mm,OK,--,7:17:32 PM,7/30/2025,
1192,159.4,gf,3.850,mm,OK,--,7:17:32 PM,7/30/2025,
1193,158.8,gf,3.845,mm,OK,--,7:17:32 PM,7/30/2025,
1194,157.9,gf,3.845,mm,OK,--,7:17:32 PM,7/30/2025,
1195,157.2,gf,3.845,mm,OK,--,7:17:32 PM,7/30/2025,
1196,156.3,gf,3.845,mm,OK,--,7:17:33 PM,7/30/2025,
1197,155.4,gf,3.845,mm,OK,--,7:17:33 PM,7/30/2025,
1198,154.6,gf,3.845,mm,OK,--,7:17:33 PM,7/30/2025,
1199,153.7,gf,3.840,mm,OK,--,7:17:33 PM,7/30/2025,
1200,152.9,gf,3.840,mm,OK,--,7:17:33 PM,7/30/2025,
1201,152.0,gf,3.840,mm,OK,--,7:17:33 PM,7/30/2025,
1202,151.1,gf,3.840,mm,OK,--,7:17:33 PM,7/30/2025,
1203,150.1,gf,3.840,mm,OK,--,7:17:33 PM,7/30/2025,
1204,149.0,gf,3.840,mm,OK,--,7:17:33 PM,7/30/2025,
1205,147.9,gf,3.835,mm,OK,--,7:17:33 PM,7/30/2025,
1206,146.7,gf,3.835,mm,OK,--,7:17:34 PM,7/30/2025,
1207,145.5,gf,3.835,mm,OK,--,7:17:34 PM,7/30/2025,
1208,144.3,gf,3.835,mm,OK,--,7:17:34 PM,7/30/2025,
1209,143.0,gf,3.830,mm,OK,--,7:17:34 PM,7/30/2025,
1210,141.5,gf,3.830,mm,OK,--,7:17:34 PM,7/30/2025,
1211,140.1,gf,3.830,mm,OK,--,7:17:34 PM,7/30/2025,
1212,138.5,gf,3.830,mm,OK,--,7:17:34 PM,7/30/2025,
1213,136.7,gf,3.825,mm,OK,--,7:17:34 PM,7/30/2025,
1214,134.7,gf,3.825,mm,OK,--,7:17:34 PM,7/30/2025,
1215,133.1,gf,3.825,mm,OK,--,7:17:34 PM,7/30/2025,
1216,131.3,gf,3.820,mm,OK,--,7:17:35 PM,7/30/2025,
1217,130.0,gf,3.820,mm,OK,--,7:17:35 PM,7/30/2025,
1218,129.3,gf,3.820,mm,OK,--,7:17:35 PM,7/30/2025,
1219,128.7,gf,3.820,mm,OK,--,7:17:35 PM,7/30/2025,
1220,128.3,gf,3.820,mm,OK,--,7:17:35 PM,7/30/2025,
1221,127.9,gf,3.815,mm,OK,--,7:17:35 PM,7/30/2025,
1222,127.4,gf,3.815,mm,OK,--,7:17:35 PM,7/30/2025,
1223,126.7,gf,3.815,mm,OK,--,7:17:35 PM,7/30/2025,
1224,126.0,gf,3.815,mm,OK,--,7:17:35 PM,7/30/2025,
1225,125.1,gf,3.815,mm,OK,--,7:17:35 PM,7/30/2025,
1226,124.4,gf,3.815,mm,OK,--,7:17:36 PM,7/30/2025,
1227,123.8,gf,3.815,mm,OK,--,7:17:36 PM,7/30/2025,
1228,122.7,gf,3.810,mm,OK,--,7:17:36 PM,7/30/2025,
1229,121.6,gf,3.810,mm,OK,--,7:17:36 PM,7/30/2025,
1230,120.3,gf,3.810,mm,OK,--,7:17:36 PM,7/30/2025,
1231,119.0,gf,3.810,mm,OK,--,7:17:36 PM,7/30/2025,
1232,117.6,gf,3.805,mm,OK,--,7:17:36 PM,7/30/2025,
1233,116.3,gf,3.805,mm,OK,--,7:17:36 PM,7/30/2025,
1234,114.9,gf,3.805,mm,OK,--,7:17:36 PM,7/30/2025,
1235,113.5,gf,3.805,mm,OK,--,7:17:36 PM,7/30/2025,
1236,112.1,gf,3.800,mm,OK,--,7:17:37 PM,7/30/2025,
1237,110.3,gf,3.800,mm,OK,--,7:17:37 PM,7/30/2025,
1238,108.8,gf,3.800,mm,OK,--,7:17:37 PM,7/30/2025,
1239,107.2,gf,3.795,mm,OK,--,7:17:37 PM,7/30/2025,
1240,105.3,gf,3.795,mm,OK,--,7:17:37 PM,7/30/2025,
1241,103.4,gf,3.795,mm,OK,--,7:17:37 PM,7/30/2025,
1242,101.6,gf,3.790,mm,OK,--,7:17:37 PM,7/30/2025,
1243,100.1,gf,3.790,mm,OK,--,7:17:37 PM,7/30/2025,
1244,98.6,gf,3.790,mm,OK,--,7:17:37 PM,7/30/2025,
1245,97.0,gf,3.785,mm,OK,--,7:17:37 PM,7/30/2025,
1246,95.3,gf,3.785,mm,OK,--,7:17:38 PM,7/30/2025,
1247,93.6,gf,3.785,mm,OK,--,7:17:38 PM,7/30/2025,
1248,91.3,gf,3.780,mm,OK,--,7:17:38 PM,7/30/2025,
1249,89.0,gf,3.780,mm,OK,--,7:17:38 PM,7/30/2025,
1250,86.7,gf,3.775,mm,OK,--,7:17:38 PM,7/30/2025,
1251,84.3,gf,3.775,mm,OK,--,7:17:38 PM,7/30/2025,
1252,82.5,gf,3.770,mm,OK,--,7:17:38 PM,7/30/2025,
1253,80.9,gf,3.770,mm,OK,--,7:17:38 PM,7/30/2025,
1254,79.5,gf,3.770,mm,OK,--,7:17:38 PM,7/30/2025,
1255,77.7,gf,3.765,mm,OK,--,7:17:38 PM,7/30/2025,
1256,75.5,gf,3.765,mm,OK,--,7:17:39 PM,7/30/2025,
1257,72.9,gf,3.765,mm,OK,--,7:17:39 PM,7/30/2025,
1258,69.9,gf,3.760,mm,OK,--,7:17:39 PM,7/30/2025,
1259,67.1,gf,3.755,mm,OK,--,7:17:39 PM,7/30/2025,
1260,64.4,gf,3.755,mm,OK,--,7:17:39 PM,7/30/2025,
1261,60.8,gf,3.750,mm,OK,--,7:17:39 PM,7/30/2025,
1262,56.5,gf,3.745,mm,OK,--,7:17:39 PM,7/30/2025,
1263,52.1,gf,3.740,mm,OK,--,7:17:39 PM,7/30/2025,
1264,47.9,gf,3.735,mm,OK,--,7:17:39 PM,7/30/2025,
1265,45.5,gf,3.730,mm,OK,--,7:17:39 PM,7/30/2025,
1266,45.4,gf,3.725,mm,OK,--,7:17:40 PM,7/30/2025,
1267,45.3,gf,3.720,mm,OK,--,7:17:40 PM,7/30/2025,
1268,45.2,gf,3.715,mm,OK,--,7:17:40 PM,7/30/2025,
1269,45.1,gf,3.710,mm,OK,--,7:17:40 PM,7/30/2025,
1270,45.2,gf,3.705,mm,OK,--,7:17:40 PM,7/30/2025,
1271,45.1,gf,3.705,mm,OK,--,7:17:40 PM,7/30/2025,
1272,45.1,gf,3.700,mm,OK,--,7:17:40 PM,7/30/2025,
1273,45.0,gf,3.695,mm,OK,--,7:17:40 PM,7/30/2025,
1274,45.0,gf,3.695,mm,OK,--,7:17:40 PM,7/30/2025,
1275,45.0,gf,3.690,mm,OK,--,7:17:40 PM,7/30/2025,
1276,45.1,gf,3.685,mm,OK,--,7:17:41 PM,7/30/2025,
1277,45.1,gf,3.685,mm,OK,--,7:17:41 PM,7/30/2025,
1278,45.2,gf,3.680,mm,OK,--,7:17:41 PM,7/30/2025,
1279,45.2,gf,3.675,mm,OK,--,7:17:41 PM,7/30/2025,
1280,45.2,gf,3.675,mm,OK,--,7:17:41 PM,7/30/2025,
1281,45.3,gf,3.670,mm,OK,--,7:17:41 PM,7/30/2025,
1282,45.3,gf,3.665,mm,OK,--,7:17:41 PM,7/30/2025,
1283,45.3,gf,3.665,mm,OK,--,7:17:41 PM,7/30/2025,
1284,45.3,gf,3.660,mm,OK,--,7:17:41 PM,7/30/2025,
1285,45.3,gf,3.660,mm,OK,--,7:17:41 PM,7/30/2025,
1286,45.3,gf,3.655,mm,OK,--,7:17:42 PM,7/30/2025,
1287,45.4,gf,3.650,mm,OK,--,7:17:42 PM,7/30/2025,
1288,45.5,gf,3.650,mm,OK,--,7:17:42 PM,7/30/2025,
1289,45.4,gf,3.645,mm,OK,--,7:17:42 PM,7/30/2025,
1290,45.5,gf,3.640,mm,OK,--,7:17:42 PM,7/30/2025,
1291,45.6,gf,3.635,mm,OK,--,7:17:42 PM,7/30/2025,
1292,45.6,gf,3.630,mm,OK,--,7:17:42 PM,7/30/2025,
1293,45.7,gf,3.625,mm,OK,--,7:17:42 PM,7/30/2025,
1294,45.8,gf,3.620,mm,OK,--,7:17:42 PM,7/30/2025,
1295,45.8,gf,3.615,mm,OK,--,7:17:42 PM,7/30/2025,
1296,46.0,gf,3.610,mm,OK,--,7:17:43 PM,7/30/2025,
1297,45.7,gf,3.605,mm,OK,--,7:17:43 PM,7/30/2025,
1298,45.1,gf,3.600,mm,OK,--,7:17:43 PM,7/30/2025,
1299,44.6,gf,3.595,mm,OK,--,7:17:43 PM,7/30/2025,
1300,44.6,gf,3.590,mm,OK,--,7:17:43 PM,7/30/2025,
1301,44.6,gf,3.585,mm,OK,--,7:17:43 PM,7/30/2025,
1302,44.6,gf,3.575,mm,OK,--,7:17:43 PM,7/30/2025,
1303,44.5,gf,3.570,mm,OK,--,7:17:43 PM,7/30/2025,
1304,44.4,gf,3.565,mm,OK,--,7:17:43 PM,7/30/2025,
1305,44.4,gf,3.560,mm,OK,--,7:17:43 PM,7/30/2025,
1306,44.4,gf,3.550,mm,OK,--,7:17:44 PM,7/30/2025,
1307,44.4,gf,3.545,mm,OK,--,7:17:44 PM,7/30/2025,
1308,44.3,gf,3.540,mm,OK,--,7:17:44 PM,7/30/2025,
1309,44.2,gf,3.535,mm,OK,--,7:17:44 PM,7/30/2025,
1310,44.2,gf,3.530,mm,OK,--,7:17:44 PM,7/30/2025,
1311,44.2,gf,3.525,mm,OK,--,7:17:44 PM,7/30/2025,
1312,44.2,gf,3.520,mm,OK,--,7:17:44 PM,7/30/2025,
1313,44.1,gf,3.515,mm,OK,--,7:17:44 PM,7/30/2025,
1314,44.0,gf,3.510,mm,OK,--,7:17:44 PM,7/30/2025,
1315,44.0,gf,3.510,mm,OK,--,7:17:44 PM,7/30/2025,
1316,44.1,gf,3.505,mm,OK,--,7:17:45 PM,7/30/2025,
1317,44.3,gf,3.495,mm,OK,--,7:17:45 PM,7/30/2025,
1318,44.2,gf,3.490,mm,OK,--,7:17:45 PM,7/30/2025,
1319,44.1,gf,3.485,mm,OK,--,7:17:45 PM,7/30/2025,
1320,43.9,gf,3.475,mm,OK,--,7:17:45 PM,7/30/2025,
1321,43.8,gf,3.470,mm,OK,--,7:17:45 PM,7/30/2025,
1322,43.8,gf,3.465,mm,OK,--,7:17:45 PM,7/30/2025,
1323,43.8,gf,3.450,mm,OK,--,7:17:45 PM,7/30/2025,
1324,43.8,gf,3.445,mm,OK,--,7:17:45 PM,7/30/2025,
1325,43.7,gf,3.435,mm,OK,--,7:17:45 PM,7/30/2025,
1326,43.7,gf,3.425,mm,OK,--,7:17:46 PM,7/30/2025,
1327,43.6,gf,3.415,mm,OK,--,7:17:46 PM,7/30/2025,
1328,43.5,gf,3.410,mm,OK,--,7:17:46 PM,7/30/2025,
1329,43.5,gf,3.400,mm,OK,--,7:17:46 PM,7/30/2025,
1330,43.5,gf,3.390,mm,OK,--,7:17:46 PM,7/30/2025,
1331,43.5,gf,3.385,mm,OK,--,7:17:46 PM,7/30/2025,
1332,43.5,gf,3.380,mm,OK,--,7:17:46 PM,7/30/2025,
1333,43.5,gf,3.380,mm,OK,--,7:17:46 PM,7/30/2025,
1334,43.4,gf,3.375,mm,OK,--,7:17:46 PM,7/30/2025,
1335,43.4,gf,3.370,mm,OK,--,7:17:46 PM,7/30/2025,
1336,43.3,gf,3.370,mm,OK,--,7:17:47 PM,7/30/2025,
1337,43.3,gf,3.365,mm,OK,--,7:17:47 PM,7/30/2025,
1338,43.2,gf,3.365,mm,OK,--,7:17:47 PM,7/30/2025,
1339,43.2,gf,3.360,mm,OK,--,7:17:47 PM,7/30/2025,
1340,43.2,gf,3.355,mm,OK,--,7:17:47 PM,7/30/2025,
1341,43.2,gf,3.350,mm,OK,--,7:17:47 PM,7/30/2025,
1342,43.3,gf,3.345,mm,OK,--,7:17:47 PM,7/30/2025,
1343,43.2,gf,3.340,mm,OK,--,7:17:47 PM,7/30/2025,
1344,43.2,gf,3.335,mm,OK,--,7:17:47 PM,7/30/2025,
1345,43.2,gf,3.330,mm,OK,--,7:17:47 PM,7/30/2025,
1346,43.1,gf,3.320,mm,OK,--,7:17:48 PM,7/30/2025,
1347,43.1,gf,3.305,mm,OK,--,7:17:48 PM,7/30/2025,
1348,43.0,gf,3.295,mm,OK,--,7:17:48 PM,7/30/2025,
1349,42.9,gf,3.280,mm,OK,--,7:17:48 PM,7/30/2025,
1350,43.1,gf,3.270,mm,OK,--,7:17:48 PM,7/30/2025,
1351,42.8,gf,3.255,mm,OK,--,7:17:48 PM,7/30/2025,
1352,42.8,gf,3.240,mm,OK,--,7:17:48 PM,7/30/2025,
1353,42.6,gf,3.230,mm,OK,--,7:17:48 PM,7/30/2025,
1354,42.7,gf,3.220,mm,OK,--,7:17:48 PM,7/30/2025,
1355,42.6,gf,3.215,mm,OK,--,7:17:48 PM,7/30/2025,
1356,42.4,gf,3.205,mm,OK,--,7:17:49 PM,7/30/2025,
1357,42.5,gf,3.200,mm,OK,--,7:17:49 PM,7/30/2025,
1358,42.5,gf,3.195,mm,OK,--,7:17:49 PM,7/30/2025,
1359,42.4,gf,3.185,mm,OK,--,7:17:49 PM,7/30/2025,
1360,42.4,gf,3.175,mm,OK,--,7:17:49 PM,7/30/2025,
1361,42.4,gf,3.170,mm,OK,--,7:17:49 PM,7/30/2025,
1362,42.4,gf,3.160,mm,OK,--,7:17:49 PM,7/30/2025,
1363,42.2,gf,3.150,mm,OK,--,7:17:49 PM,7/30/2025,
1364,42.2,gf,3.140,mm,OK,--,7:17:49 PM,7/30/2025,
1365,42.1,gf,3.135,mm,OK,--,7:17:49 PM,7/30/2025,
1366,42.3,gf,3.130,mm,OK,--,7:17:50 PM,7/30/2025,
1367,42.3,gf,3.120,mm,OK,--,7:17:50 PM,7/30/2025,
1368,42.2,gf,3.115,mm,OK,--,7:17:50 PM,7/30/2025,
1369,42.1,gf,3.105,mm,OK,--,7:17:50 PM,7/30/2025,
1370,42.0,gf,3.095,mm,OK,--,7:17:50 PM,7/30/2025,
1371,42.0,gf,3.085,mm,OK,--,7:17:50 PM,7/30/2025,
1372,42.0,gf,3.080,mm,OK,--,7:17:50 PM,7/30/2025,
1373,41.9,gf,3.070,mm,OK,--,7:17:50 PM,7/30/2025,
1374,42.0,gf,3.060,mm,OK,--,7:17:50 PM,7/30/2025,
1375,41.9,gf,3.055,mm,OK,--,7:17:50 PM,7/30/2025,
1376,41.8,gf,3.045,mm,OK,--,7:17:51 PM,7/30/2025,
1377,41.8,gf,3.040,mm,OK,--,7:17:51 PM,7/30/2025,
1378,41.8,gf,3.030,mm,OK,--,7:17:51 PM,7/30/2025,
1379,41.7,gf,3.020,mm,OK,--,7:17:51 PM,7/30/2025,
1380,41.6,gf,3.010,mm,OK,--,7:17:51 PM,7/30/2025,
1381,41.6,gf,3.000,mm,OK,--,7:17:51 PM,7/30/2025,
1382,41.6,gf,2.985,mm,OK,--,7:17:51 PM,7/30/2025,
1383,41.6,gf,2.975,mm,OK,--,7:17:51 PM,7/30/2025,
1384,41.5,gf,2.965,mm,OK,--,7:17:51 PM,7/30/2025,
1385,41.4,gf,2.955,mm,OK,--,7:17:51 PM,7/30/2025,
1386,41.3,gf,2.950,mm,OK,--,7:17:52 PM,7/30/2025,
1387,41.3,gf,2.940,mm,OK,--,7:17:52 PM,7/30/2025,
1388,41.3,gf,2.935,mm,OK,--,7:17:52 PM,7/30/2025,
1389,41.2,gf,2.925,mm,OK,--,7:17:52 PM,7/30/2025,
1390,41.2,gf,2.925,mm,OK,--,7:17:52 PM,7/30/2025,
1391,41.1,gf,2.920,mm,OK,--,7:17:52 PM,7/30/2025,
1392,41.1,gf,2.915,mm,OK,--,7:17:52 PM,7/30/2025,
1393,41.2,gf,2.910,mm,OK,--,7:17:52 PM,7/30/2025,
1394,41.2,gf,2.905,mm,OK,--,7:17:52 PM,7/30/2025,
1395,41.2,gf,2.900,mm,OK,--,7:17:52 PM,7/30/2025,
1396,41.1,gf,2.895,mm,OK,--,7:17:53 PM,7/30/2025,
1397,41.1,gf,2.890,mm,OK,--,7:17:53 PM,7/30/2025,
1398,41.1,gf,2.880,mm,OK,--,7:17:53 PM,7/30/2025,
1399,41.2,gf,2.875,mm,OK,--,7:17:53 PM,7/30/2025,
1400,41.0,gf,2.865,mm,OK,--,7:17:53 PM,7/30/2025,
1401,41.0,gf,2.850,mm,OK,--,7:17:53 PM,7/30/2025,
1402,40.9,gf,2.845,mm,OK,--,7:17:53 PM,7/30/2025,
1403,40.9,gf,2.835,mm,OK,--,7:17:53 PM,7/30/2025,
1404,40.9,gf,2.830,mm,OK,--,7:17:53 PM,7/30/2025,
1405,40.9,gf,2.820,mm,OK,--,7:17:53 PM,7/30/2025,
1406,40.8,gf,2.810,mm,OK,--,7:17:54 PM,7/30/2025,
1407,40.7,gf,2.800,mm,OK,--,7:17:54 PM,7/30/2025,
1408,40.7,gf,2.790,mm,OK,--,7:17:54 PM,7/30/2025,
1409,40.7,gf,2.785,mm,OK,--,7:17:54 PM,7/30/2025,
1410,40.6,gf,2.775,mm,OK,--,7:17:54 PM,7/30/2025,
1411,40.6,gf,2.770,mm,OK,--,7:17:54 PM,7/30/2025,
1412,40.5,gf,2.765,mm,OK,--,7:17:54 PM,7/30/2025,
1413,40.5,gf,2.760,mm,OK,--,7:17:54 PM,7/30/2025,
1414,40.5,gf,2.750,mm,OK,--,7:17:54 PM,7/30/2025,
1415,40.5,gf,2.745,mm,OK,--,7:17:54 PM,7/30/2025,
1416,40.4,gf,2.740,mm,OK,--,7:17:55 PM,7/30/2025,
1417,40.4,gf,2.740,mm,OK,--,7:17:55 PM,7/30/2025,
1418,40.4,gf,2.735,mm,OK,--,7:17:55 PM,7/30/2025,
1419,40.4,gf,2.735,mm,OK,--,7:17:55 PM,7/30/2025,
1420,40.3,gf,2.735,mm,OK,--,7:17:55 PM,7/30/2025,
1421,40.3,gf,2.735,mm,OK,--,7:17:55 PM,7/30/2025,
1422,40.3,gf,2.730,mm,OK,--,7:17:55 PM,7/30/2025,
1423,40.3,gf,2.725,mm,OK,--,7:17:55 PM,7/30/2025,
1424,40.3,gf,2.725,mm,OK,--,7:17:55 PM,7/30/2025,
1425,40.3,gf,2.720,mm,OK,--,7:17:55 PM,7/30/2025,
1426,40.3,gf,2.720,mm,OK,--,7:17:56 PM,7/30/2025,
1427,40.3,gf,2.715,mm,OK,--,7:17:56 PM,7/30/2025,
1428,40.2,gf,2.710,mm,OK,--,7:17:56 PM,7/30/2025,
1429,40.2,gf,2.705,mm,OK,--,7:17:56 PM,7/30/2025,
1430,40.2,gf,2.700,mm,OK,--,7:17:56 PM,7/30/2025,
1431,40.3,gf,2.700,mm,OK,--,7:17:56 PM,7/30/2025,
1432,40.3,gf,2.695,mm,OK,--,7:17:56 PM,7/30/2025,
1433,40.2,gf,2.690,mm,OK,--,7:17:56 PM,7/30/2025,
1434,40.2,gf,2.685,mm,OK,--,7:17:56 PM,7/30/2025,
1435,40.2,gf,2.680,mm,OK,--,7:17:56 PM,7/30/2025,
1436,40.1,gf,2.675,mm,OK,--,7:17:57 PM,7/30/2025,
1437,40.1,gf,2.670,mm,OK,--,7:17:57 PM,7/30/2025,
1438,40.1,gf,2.665,mm,OK,--,7:17:57 PM,7/30/2025,
1439,40.1,gf,2.660,mm,OK,--,7:17:57 PM,7/30/2025,
1440,40.1,gf,2.655,mm,OK,--,7:17:57 PM,7/30/2025,
1441,40.0,gf,2.650,mm,OK,--,7:17:57 PM,7/30/2025,
1442,40.0,gf,2.645,mm,OK,--,7:17:57 PM,7/30/2025,
1443,40.0,gf,2.640,mm,OK,--,7:17:57 PM,7/30/2025,
1444,39.9,gf,2.635,mm,OK,--,7:17:57 PM,7/30/2025,
1445,39.9,gf,2.630,mm,OK,--,7:17:57 PM,7/30/2025,
1446,39.9,gf,2.625,mm,OK,--,7:17:58 PM,7/30/2025,
1447,39.9,gf,2.620,mm,OK,--,7:17:58 PM,7/30/2025,
1448,39.9,gf,2.615,mm,OK,--,7:17:58 PM,7/30/2025,
1449,39.8,gf,2.610,mm,OK,--,7:17:58 PM,7/30/2025,
1450,39.8,gf,2.605,mm,OK,--,7:17:58 PM,7/30/2025,
1451,39.8,gf,2.600,mm,OK,--,7:17:58 PM,7/30/2025,
1452,39.8,gf,2.595,mm,OK,--,7:17:58 PM,7/30/2025,
1453,39.7,gf,2.590,mm,OK,--,7:17:58 PM,7/30/2025,
1454,39.7,gf,2.585,mm,OK,--,7:17:58 PM,7/30/2025,
1455,39.7,gf,2.585,mm,OK,--,7:17:58 PM,7/30/2025,
1456,39.6,gf,2.580,mm,OK,--,7:17:59 PM,7/30/2025,
1457,39.7,gf,2.575,mm,OK,--,7:17:59 PM,7/30/2025,
1458,39.7,gf,2.570,mm,OK,--,7:17:59 PM,7/30/2025,
1459,39.6,gf,2.570,mm,OK,--,7:17:59 PM,7/30/2025,
1460,39.6,gf,2.565,mm,OK,--,7:17:59 PM,7/30/2025,
1461,39.6,gf,2.565,mm,OK,--,7:17:59 PM,7/30/2025,
1462,39.6,gf,2.560,mm,OK,--,7:17:59 PM,7/30/2025,
1463,39.6,gf,2.560,mm,OK,--,7:17:59 PM,7/30/2025,
1464,39.5,gf,2.560,mm,OK,--,7:17:59 PM,7/30/2025,
1465,39.5,gf,2.555,mm,OK,--,7:17:59 PM,7/30/2025,
1466,39.5,gf,2.550,mm,OK,--,7:18:00 PM,7/30/2025,
1467,39.5,gf,2.545,mm,OK,--,7:18:00 PM,7/30/2025,
1468,39.5,gf,2.540,mm,OK,--,7:18:00 PM,7/30/2025,
1469,39.4,gf,2.530,mm,OK,--,7:18:00 PM,7/30/2025,
1470,39.4,gf,2.520,mm,OK,--,7:18:00 PM,7/30/2025,
1471,39.3,gf,2.515,mm,OK,--,7:18:00 PM,7/30/2025,
1472,39.3,gf,2.510,mm,OK,--,7:18:00 PM,7/30/2025,
1473,39.3,gf,2.505,mm,OK,--,7:18:00 PM,7/30/2025,
1474,39.2,gf,2.500,mm,OK,--,7:18:00 PM,7/30/2025,
1475,39.2,gf,2.495,mm,OK,--,7:18:00 PM,7/30/2025,
1476,39.2,gf,2.490,mm,OK,--,7:18:01 PM,7/30/2025,
1477,39.2,gf,2.485,mm,OK,--,7:18:01 PM,7/30/2025,
1478,39.2,gf,2.485,mm,OK,--,7:18:01 PM,7/30/2025,
1479,39.2,gf,2.480,mm,OK,--,7:18:01 PM,7/30/2025,
1480,39.2,gf,2.475,mm,OK,--,7:18:01 PM,7/30/2025,
1481,39.2,gf,2.470,mm,OK,--,7:18:01 PM,7/30/2025,
1482,39.2,gf,2.465,mm,OK,--,7:18:01 PM,7/30/2025,
1483,39.2,gf,2.460,mm,OK,--,7:18:01 PM,7/30/2025,
1484,39.2,gf,2.460,mm,OK,--,7:18:01 PM,7/30/2025,
1485,39.1,gf,2.455,mm,OK,--,7:18:01 PM,7/30/2025,
1486,39.2,gf,2.455,mm,OK,--,7:18:02 PM,7/30/2025,
1487,39.2,gf,2.455,mm,OK,--,7:18:02 PM,7/30/2025,
1488,39.1,gf,2.450,mm,OK,--,7:18:02 PM,7/30/2025,
1489,39.0,gf,2.450,mm,OK,--,7:18:02 PM,7/30/2025,
1490,39.0,gf,2.450,mm,OK,--,7:18:02 PM,7/30/2025,
1491,39.0,gf,2.445,mm,OK,--,7:18:02 PM,7/30/2025,
1492,39.0,gf,2.440,mm,OK,--,7:18:02 PM,7/30/2025,
1493,38.9,gf,2.435,mm,OK,--,7:18:02 PM,7/30/2025,
1494,38.9,gf,2.430,mm,OK,--,7:18:02 PM,7/30/2025,
1495,38.8,gf,2.420,mm,OK,--,7:18:02 PM,7/30/2025,
1496,39.0,gf,2.415,mm,OK,--,7:18:03 PM,7/30/2025,
1497,38.9,gf,2.405,mm,OK,--,7:18:03 PM,7/30/2025,
1498,38.8,gf,2.400,mm,OK,--,7:18:03 PM,7/30/2025,
1499,38.7,gf,2.395,mm,OK,--,7:18:03 PM,7/30/2025,
1500,38.7,gf,2.390,mm,OK,--,7:18:03 PM,7/30/2025,
1501,38.8,gf,2.380,mm,OK,--,7:18:03 PM,7/30/2025,
1502,38.7,gf,2.375,mm,OK,--,7:18:03 PM,7/30/2025,
1503,38.7,gf,2.365,mm,OK,--,7:18:03 PM,7/30/2025,
1504,38.6,gf,2.355,mm,OK,--,7:18:03 PM,7/30/2025,
1505,38.6,gf,2.340,mm,OK,--,7:18:03 PM,7/30/2025,
1506,38.5,gf,2.325,mm,OK,--,7:18:04 PM,7/30/2025,
1507,38.4,gf,2.315,mm,OK,--,7:18:04 PM,7/30/2025,
1508,38.4,gf,2.305,mm,OK,--,7:18:04 PM,7/30/2025,
1509,38.3,gf,2.295,mm,OK,--,7:18:04 PM,7/30/2025,
1510,38.4,gf,2.285,mm,OK,--,7:18:04 PM,7/30/2025,
1511,38.2,gf,2.280,mm,OK,--,7:18:04 PM,7/30/2025,
1512,38.3,gf,2.275,mm,OK,--,7:18:04 PM,7/30/2025,
1513,38.2,gf,2.265,mm,OK,--,7:18:04 PM,7/30/2025,
1514,38.2,gf,2.260,mm,OK,--,7:18:04 PM,7/30/2025,
1515,38.2,gf,2.250,mm,OK,--,7:18:04 PM,7/30/2025,
1516,38.1,gf,2.240,mm,OK,--,7:18:05 PM,7/30/2025,
1517,38.1,gf,2.225,mm,OK,--,7:18:05 PM,7/30/2025,
1518,38.0,gf,2.210,mm,OK,--,7:18:05 PM,7/30/2025,
1519,38.1,gf,2.195,mm,OK,--,7:18:05 PM,7/30/2025,
1520,37.9,gf,2.185,mm,OK,--,7:18:05 PM,7/30/2025,
1521,37.8,gf,2.175,mm,OK,--,7:18:05 PM,7/30/2025,
1522,37.8,gf,2.165,mm,OK,--,7:18:05 PM,7/30/2025,
1523,37.8,gf,2.160,mm,OK,--,7:18:05 PM,7/30/2025,
1524,37.8,gf,2.150,mm,OK,--,7:18:05 PM,7/30/2025,
1525,37.7,gf,2.140,mm,OK,--,7:18:05 PM,7/30/2025,
1526,37.6,gf,2.130,mm,OK,--,7:18:06 PM,7/30/2025,
1527,37.6,gf,2.120,mm,OK,--,7:18:06 PM,7/30/2025,
1528,37.6,gf,2.110,mm,OK,--,7:18:06 PM,7/30/2025,
1529,37.5,gf,2.095,mm,OK,--,7:18:06 PM,7/30/2025,
1530,37.5,gf,2.085,mm,OK,--,7:18:06 PM,7/30/2025,
1531,37.5,gf,2.075,mm,OK,--,7:18:06 PM,7/30/2025,
1532,37.4,gf,2.065,mm,OK,--,7:18:06 PM,7/30/2025,
1533,37.3,gf,2.050,mm,OK,--,7:18:06 PM,7/30/2025,
1534,37.3,gf,2.040,mm,OK,--,7:18:06 PM,7/30/2025,
1535,37.2,gf,2.030,mm,OK,--,7:18:06 PM,7/30/2025,
1536,37.2,gf,2.020,mm,OK,--,7:18:07 PM,7/30/2025,
1537,37.1,gf,2.020,mm,OK,--,7:18:07 PM,7/30/2025,
1538,37.1,gf,2.015,mm,OK,--,7:18:07 PM,7/30/2025,
1539,37.1,gf,2.015,mm,OK,--,7:18:07 PM,7/30/2025,
1540,37.0,gf,2.010,mm,OK,--,7:18:07 PM,7/30/2025,
1541,37.1,gf,2.000,mm,OK,--,7:18:07 PM,7/30/2025,
1542,37.1,gf,1.990,mm,OK,--,7:18:07 PM,7/30/2025,
1543,37.2,gf,1.980,mm,OK,--,7:18:07 PM,7/30/2025,
1544,37.1,gf,1.970,mm,OK,--,7:18:07 PM,7/30/2025,
1545,37.0,gf,1.960,mm,OK,--,7:18:07 PM,7/30/2025,
1546,37.0,gf,1.950,mm,OK,--,7:18:08 PM,7/30/2025,
1547,36.9,gf,1.940,mm,OK,--,7:18:08 PM,7/30/2025,
1548,36.8,gf,1.925,mm,OK,--,7:18:08 PM,7/30/2025,
1549,36.8,gf,1.915,mm,OK,--,7:18:08 PM,7/30/2025,
1550,36.7,gf,1.900,mm,OK,--,7:18:08 PM,7/30/2025,
1551,36.7,gf,1.890,mm,OK,--,7:18:08 PM,7/30/2025,
1552,36.7,gf,1.880,mm,OK,--,7:18:08 PM,7/30/2025,
1553,36.6,gf,1.870,mm,OK,--,7:18:08 PM,7/30/2025,
1554,36.5,gf,1.860,mm,OK,--,7:18:08 PM,7/30/2025,
1555,36.5,gf,1.845,mm,OK,--,7:18:08 PM,7/30/2025,
1556,36.4,gf,1.835,mm,OK,--,7:18:09 PM,7/30/2025,
1557,36.4,gf,1.825,mm,OK,--,7:18:09 PM,7/30/2025,
1558,36.4,gf,1.815,mm,OK,--,7:18:09 PM,7/30/2025,
1559,36.3,gf,1.805,mm,OK,--,7:18:09 PM,7/30/2025,
1560,36.2,gf,1.795,mm,OK,--,7:18:09 PM,7/30/2025,
1561,36.2,gf,1.785,mm,OK,--,7:18:09 PM,7/30/2025,
1562,36.1,gf,1.780,mm,OK,--,7:18:09 PM,7/30/2025,
1563,36.1,gf,1.775,mm,OK,--,7:18:09 PM,7/30/2025,
1564,36.1,gf,1.770,mm,OK,--,7:18:09 PM,7/30/2025,
1565,36.1,gf,1.765,mm,OK,--,7:18:09 PM,7/30/2025,
1566,36.0,gf,1.755,mm,OK,--,7:18:10 PM,7/30/2025,
1567,36.0,gf,1.750,mm,OK,--,7:18:10 PM,7/30/2025,
1568,36.0,gf,1.745,mm,OK,--,7:18:10 PM,7/30/2025,
1569,36.0,gf,1.745,mm,OK,--,7:18:10 PM,7/30/2025,
1570,35.9,gf,1.735,mm,OK,--,7:18:10 PM,7/30/2025,
1571,35.9,gf,1.730,mm,OK,--,7:18:10 PM,7/30/2025,
1572,35.8,gf,1.715,mm,OK,--,7:18:10 PM,7/30/2025,
1573,35.8,gf,1.700,mm,OK,--,7:18:10 PM,7/30/2025,
1574,35.7,gf,1.690,mm,OK,--,7:18:10 PM,7/30/2025,
1575,35.7,gf,1.680,mm,OK,--,7:18:10 PM,7/30/2025,
1576,35.6,gf,1.665,mm,OK,--,7:18:11 PM,7/30/2025,
1577,35.6,gf,1.645,mm,OK,--,7:18:11 PM,7/30/2025,
1578,35.4,gf,1.630,mm,OK,--,7:18:11 PM,7/30/2025,
1579,35.3,gf,1.620,mm,OK,--,7:18:11 PM,7/30/2025,
1580,35.3,gf,1.610,mm,OK,--,7:18:11 PM,7/30/2025,
1581,35.3,gf,1.605,mm,OK,--,7:18:11 PM,7/30/2025,
1582,35.3,gf,1.600,mm,OK,--,7:18:11 PM,7/30/2025,
1583,35.3,gf,1.595,mm,OK,--,7:18:11 PM,7/30/2025,
1584,35.3,gf,1.590,mm,OK,--,7:18:11 PM,7/30/2025,
1585,35.3,gf,1.590,mm,OK,--,7:18:11 PM,7/30/2025,
1586,35.2,gf,1.585,mm,OK,--,7:18:12 PM,7/30/2025,
1587,35.2,gf,1.585,mm,OK,--,7:18:12 PM,7/30/2025,
1588,35.2,gf,1.580,mm,OK,--,7:18:12 PM,7/30/2025,
1589,35.1,gf,1.575,mm,OK,--,7:18:12 PM,7/30/2025,
1590,35.1,gf,1.570,mm,OK,--,7:18:12 PM,7/30/2025,
1591,35.1,gf,1.565,mm,OK,--,7:18:12 PM,7/30/2025,
1592,35.0,gf,1.555,mm,OK,--,7:18:12 PM,7/30/2025,
1593,35.0,gf,1.545,mm,OK,--,7:18:12 PM,7/30/2025,
1594,35.0,gf,1.535,mm,OK,--,7:18:12 PM,7/30/2025,
1595,34.9,gf,1.525,mm,OK,--,7:18:12 PM,7/30/2025,
1596,34.9,gf,1.510,mm,OK,--,7:18:13 PM,7/30/2025,
1597,34.8,gf,1.495,mm,OK,--,7:18:13 PM,7/30/2025,
1598,34.7,gf,1.490,mm,OK,--,7:18:13 PM,7/30/2025,
1599,34.7,gf,1.480,mm,OK,--,7:18:13 PM,7/30/2025,
1600,34.6,gf,1.470,mm,OK,--,7:18:13 PM,7/30/2025,
1601,34.6,gf,1.460,mm,OK,--,7:18:13 PM,7/30/2025,
1602,34.6,gf,1.450,mm,OK,--,7:18:13 PM,7/30/2025,
1603,34.6,gf,1.440,mm,OK,--,7:18:13 PM,7/30/2025,
1604,34.5,gf,1.430,mm,OK,--,7:18:13 PM,7/30/2025,
1605,34.5,gf,1.420,mm,OK,--,7:18:13 PM,7/30/2025,
1606,34.4,gf,1.415,mm,OK,--,7:18:14 PM,7/30/2025,
1607,34.3,gf,1.405,mm,OK,--,7:18:14 PM,7/30/2025,
1608,34.4,gf,1.395,mm,OK,--,7:18:14 PM,7/30/2025,
1609,34.3,gf,1.385,mm,OK,--,7:18:14 PM,7/30/2025,
1610,34.2,gf,1.380,mm,OK,--,7:18:14 PM,7/30/2025,
1611,34.2,gf,1.375,mm,OK,--,7:18:14 PM,7/30/2025,
1612,34.2,gf,1.370,mm,OK,--,7:18:14 PM,7/30/2025,
1613,34.2,gf,1.360,mm,OK,--,7:18:14 PM,7/30/2025,
1614,34.1,gf,1.355,mm,OK,--,7:18:14 PM,7/30/2025,
1615,34.1,gf,1.345,mm,OK,--,7:18:14 PM,7/30/2025,
1616,34.1,gf,1.340,mm,OK,--,7:18:15 PM,7/30/2025,
1617,34.0,gf,1.335,mm,OK,--,7:18:15 PM,7/30/2025,
1618,34.0,gf,1.330,mm,OK,--,7:18:15 PM,7/30/2025,
1619,34.0,gf,1.325,mm,OK,--,7:18:15 PM,7/30/2025,
1620,34.0,gf,1.325,mm,OK,--,7:18:15 PM,7/30/2025,
1621,33.9,gf,1.320,mm,OK,--,7:18:15 PM,7/30/2025,
1622,33.9,gf,1.315,mm,OK,--,7:18:15 PM,7/30/2025,
1623,33.9,gf,1.315,mm,OK,--,7:18:15 PM,7/30/2025,
1624,33.9,gf,1.310,mm,OK,--,7:18:15 PM,7/30/2025,
1625,33.9,gf,1.305,mm,OK,--,7:18:15 PM,7/30/2025,
1626,33.9,gf,1.300,mm,OK,--,7:18:16 PM,7/30/2025,
1627,33.8,gf,1.295,mm,OK,--,7:18:16 PM,7/30/2025,
1628,33.8,gf,1.290,mm,OK,--,7:18:16 PM,7/30/2025,
1629,33.8,gf,1.285,mm,OK,--,7:18:16 PM,7/30/2025,
1630,33.8,gf,1.285,mm,OK,--,7:18:16 PM,7/30/2025,
1631,33.8,gf,1.280,mm,OK,--,7:18:16 PM,7/30/2025,
1632,33.8,gf,1.275,mm,OK,--,7:18:16 PM,7/30/2025,
1633,33.8,gf,1.275,mm,OK,--,7:18:16 PM,7/30/2025,
1634,33.8,gf,1.270,mm,OK,--,7:18:16 PM,7/30/2025,
1635,33.7,gf,1.265,mm,OK,--,7:18:16 PM,7/30/2025,
1636,33.7,gf,1.260,mm,OK,--,7:18:17 PM,7/30/2025,
1637,33.7,gf,1.260,mm,OK,--,7:18:17 PM,7/30/2025,
1638,33.7,gf,1.255,mm,OK,--,7:18:17 PM,7/30/2025,
1639,33.6,gf,1.245,mm,OK,--,7:18:17 PM,7/30/2025,
1640,33.5,gf,1.235,mm,OK,--,7:18:17 PM,7/30/2025,
1641,33.5,gf,1.225,mm,OK,--,7:18:17 PM,7/30/2025,
1642,33.4,gf,1.220,mm,OK,--,7:18:17 PM,7/30/2025,
1643,33.4,gf,1.210,mm,OK,--,7:18:17 PM,7/30/2025,
1644,33.4,gf,1.200,mm,OK,--,7:18:17 PM,7/30/2025,
1645,33.4,gf,1.195,mm,OK,--,7:18:17 PM,7/30/2025,
1646,33.3,gf,1.185,mm,OK,--,7:18:18 PM,7/30/2025,
1647,33.3,gf,1.180,mm,OK,--,7:18:18 PM,7/30/2025,
1648,33.2,gf,1.175,mm,OK,--,7:18:18 PM,7/30/2025,
1649,33.2,gf,1.170,mm,OK,--,7:18:18 PM,7/30/2025,
1650,33.2,gf,1.160,mm,OK,--,7:18:18 PM,7/30/2025,
1651,33.2,gf,1.155,mm,OK,--,7:18:18 PM,7/30/2025,
1652,33.1,gf,1.150,mm,OK,--,7:18:18 PM,7/30/2025,
1653,33.1,gf,1.140,mm,OK,--,7:18:18 PM,7/30/2025,
1654,33.1,gf,1.130,mm,OK,--,7:18:18 PM,7/30/2025,
1655,33.0,gf,1.120,mm,OK,--,7:18:18 PM,7/30/2025,
1656,33.0,gf,1.110,mm,OK,--,7:18:19 PM,7/30/2025,
1657,32.9,gf,1.100,mm,OK,--,7:18:19 PM,7/30/2025,
1658,32.9,gf,1.095,mm,OK,--,7:18:19 PM,7/30/2025,
1659,32.8,gf,1.085,mm,OK,--,7:18:19 PM,7/30/2025,
1660,32.8,gf,1.080,mm,OK,--,7:18:19 PM,7/30/2025,
1661,32.8,gf,1.070,mm,OK,--,7:18:19 PM,7/30/2025,
1662,32.7,gf,1.065,mm,OK,--,7:18:19 PM,7/30/2025,
1663,32.7,gf,1.060,mm,OK,--,7:18:19 PM,7/30/2025,
1664,32.7,gf,1.055,mm,OK,--,7:18:19 PM,7/30/2025,
1665,32.7,gf,1.050,mm,OK,--,7:18:19 PM,7/30/2025,
1666,32.6,gf,1.040,mm,OK,--,7:18:20 PM,7/30/2025,
1667,32.6,gf,1.030,mm,OK,--,7:18:20 PM,7/30/2025,
1668,32.5,gf,1.025,mm,OK,--,7:18:20 PM,7/30/2025,
1669,32.5,gf,1.015,mm,OK,--,7:18:20 PM,7/30/2025,
1670,32.5,gf,1.010,mm,OK,--,7:18:20 PM,7/30/2025,
1671,32.4,gf,1.010,mm,OK,--,7:18:20 PM,7/30/2025,
1672,32.5,gf,1.005,mm,OK,--,7:18:20 PM,7/30/2025,
1673,32.4,gf,0.995,mm,OK,--,7:18:20 PM,7/30/2025,
1674,32.4,gf,0.985,mm,OK,--,7:18:20 PM,7/30/2025,
1675,32.3,gf,0.970,mm,OK,--,7:18:20 PM,7/30/2025,
1676,32.3,gf,0.970,mm,OK,--,7:18:21 PM,7/30/2025,
1677,32.3,gf,0.965,mm,OK,--,7:18:21 PM,7/30/2025,
1678,32.3,gf,0.965,mm,OK,--,7:18:21 PM,7/30/2025,
1679,32.3,gf,0.960,mm,OK,--,7:18:21 PM,7/30/2025,
1680,32.3,gf,0.960,mm,OK,--,7:18:21 PM,7/30/2025,
1681,32.2,gf,0.960,mm,OK,--,7:18:21 PM,7/30/2025,
1682,32.2,gf,0.955,mm,OK,--,7:18:21 PM,7/30/2025,
1683,32.2,gf,0.950,mm,OK,--,7:18:21 PM,7/30/2025,
1684,32.2,gf,0.950,mm,OK,--,7:18:21 PM,7/30/2025,
1685,32.2,gf,0.950,mm,OK,--,7:18:21 PM,7/30/2025,
1686,32.2,gf,0.945,mm,OK,--,7:18:22 PM,7/30/2025,
1687,32.1,gf,0.945,mm,OK,--,7:18:22 PM,7/30/2025,
1688,32.1,gf,0.940,mm,OK,--,7:18:22 PM,7/30/2025,
1689,32.1,gf,0.935,mm,OK,--,7:18:22 PM,7/30/2025,
1690,32.1,gf,0.935,mm,OK,--,7:18:22 PM,7/30/2025,
1691,32.1,gf,0.930,mm,OK,--,7:18:22 PM,7/30/2025,
1692,32.1,gf,0.930,mm,OK,--,7:18:22 PM,7/30/2025,
1693,32.1,gf,0.925,mm,OK,--,7:18:22 PM,7/30/2025,
1694,32.0,gf,0.925,mm,OK,--,7:18:22 PM,7/30/2025,
1695,32.0,gf,0.920,mm,OK,--,7:18:22 PM,7/30/2025,
1696,32.0,gf,0.920,mm,OK,--,7:18:23 PM,7/30/2025,
1697,32.0,gf,0.915,mm,OK,--,7:18:23 PM,7/30/2025,
1698,32.0,gf,0.910,mm,OK,--,7:18:23 PM,7/30/2025,
1699,32.0,gf,0.910,mm,OK,--,7:18:23 PM,7/30/2025,
1700,31.9,gf,0.905,mm,OK,--,7:18:23 PM,7/30/2025,
1701,31.9,gf,0.900,mm,OK,--,7:18:23 PM,7/30/2025,
1702,31.9,gf,0.895,mm,OK,--,7:18:23 PM,7/30/2025,
1703,31.9,gf,0.895,mm,OK,--,7:18:23 PM,7/30/2025,
1704,31.9,gf,0.890,mm,OK,--,7:18:23 PM,7/30/2025,
1705,31.9,gf,0.885,mm,OK,--,7:18:23 PM,7/30/2025,
1706,31.9,gf,0.880,mm,OK,--,7:18:24 PM,7/30/2025,
1707,31.9,gf,0.875,mm,OK,--,7:18:24 PM,7/30/2025,
1708,31.8,gf,0.870,mm,OK,--,7:18:24 PM,7/30/2025,
1709,31.8,gf,0.865,mm,OK,--,7:18:24 PM,7/30/2025,
1710,31.7,gf,0.860,mm,OK,--,7:18:24 PM,7/30/2025,
1711,31.7,gf,0.850,mm,OK,--,7:18:24 PM,7/30/2025,
1712,31.7,gf,0.840,mm,OK,--,7:18:24 PM,7/30/2025,
1713,31.6,gf,0.835,mm,OK,--,7:18:24 PM,7/30/2025,
1714,31.6,gf,0.830,mm,OK,--,7:18:24 PM,7/30/2025,
1715,31.6,gf,0.825,mm,OK,--,7:18:24 PM,7/30/2025,
1716,31.6,gf,0.815,mm,OK,--,7:18:25 PM,7/30/2025,
1717,31.6,gf,0.810,mm,OK,--,7:18:25 PM,7/30/2025,
1718,31.5,gf,0.805,mm,OK,--,7:18:25 PM,7/30/2025,
1719,31.5,gf,0.800,mm,OK,--,7:18:25 PM,7/30/2025,
1720,31.4,gf,0.795,mm,OK,--,7:18:25 PM,7/30/2025,
1721,31.4,gf,0.790,mm,OK,--,7:18:25 PM,7/30/2025,
1722,31.4,gf,0.785,mm,OK,--,7:18:25 PM,7/30/2025,
1723,31.4,gf,0.785,mm,OK,--,7:18:25 PM,7/30/2025,
1724,31.4,gf,0.780,mm,OK,--,7:18:25 PM,7/30/2025,
1725,31.3,gf,0.775,mm,OK,--,7:18:25 PM,7/30/2025,
1726,31.3,gf,0.770,mm,OK,--,7:18:26 PM,7/30/2025,
1727,31.3,gf,0.765,mm,OK,--,7:18:26 PM,7/30/2025,
1728,31.3,gf,0.755,mm,OK,--,7:18:26 PM,7/30/2025,
1729,31.2,gf,0.745,mm,OK,--,7:18:26 PM,7/30/2025,
1730,31.2,gf,0.735,mm,OK,--,7:18:26 PM,7/30/2025,
1731,31.1,gf,0.730,mm,OK,--,7:18:26 PM,7/30/2025,
1732,31.1,gf,0.725,mm,OK,--,7:18:26 PM,7/30/2025,
1733,31.1,gf,0.720,mm,OK,--,7:18:26 PM,7/30/2025,
1734,31.1,gf,0.715,mm,OK,--,7:18:26 PM,7/30/2025,
1735,31.1,gf,0.710,mm,OK,--,7:18:26 PM,7/30/2025,
1736,31.0,gf,0.705,mm,OK,--,7:18:27 PM,7/30/2025,
1737,31.0,gf,0.700,mm,OK,--,7:18:27 PM,7/30/2025,
1738,31.0,gf,0.690,mm,OK,--,7:18:27 PM,7/30/2025,
1739,31.0,gf,0.685,mm,OK,--,7:18:27 PM,7/30/2025,
1740,30.9,gf,0.680,mm,OK,--,7:18:27 PM,7/30/2025,
1741,30.9,gf,0.675,mm,OK,--,7:18:27 PM,7/30/2025,
1742,30.9,gf,0.675,mm,OK,--,7:18:27 PM,7/30/2025,
1743,30.8,gf,0.675,mm,OK,--,7:18:27 PM,7/30/2025,
1744,30.8,gf,0.670,mm,OK,--,7:18:27 PM,7/30/2025,
1745,30.9,gf,0.660,mm,OK,--,7:18:27 PM,7/30/2025,
1746,30.8,gf,0.655,mm,OK,--,7:18:28 PM,7/30/2025,
1747,30.8,gf,0.650,mm,OK,--,7:18:28 PM,7/30/2025,
1748,30.7,gf,0.645,mm,OK,--,7:18:28 PM,7/30/2025,
1749,30.8,gf,0.640,mm,OK,--,7:18:28 PM,7/30/2025,
1750,30.7,gf,0.630,mm,OK,--,7:18:28 PM,7/30/2025,
1751,30.6,gf,0.620,mm,OK,--,7:18:28 PM,7/30/2025,
1752,30.6,gf,0.615,mm,OK,--,7:18:28 PM,7/30/2025,
1753,30.6,gf,0.615,mm,OK,--,7:18:28 PM,7/30/2025,
1754,30.6,gf,0.610,mm,OK,--,7:18:28 PM,7/30/2025,
1755,30.6,gf,0.610,mm,OK,--,7:18:28 PM,7/30/2025,
1756,30.6,gf,0.610,mm,OK,--,7:18:29 PM,7/30/2025,
1757,30.6,gf,0.605,mm,OK,--,7:18:29 PM,7/30/2025,
1758,30.5,gf,0.605,mm,OK,--,7:18:29 PM,7/30/2025,
1759,30.6,gf,0.605,mm,OK,--,7:18:29 PM,7/30/2025,
1760,30.5,gf,0.600,mm,OK,--,7:18:29 PM,7/30/2025,
1761,30.5,gf,0.600,mm,OK,--,7:18:29 PM,7/30/2025,
1762,30.5,gf,0.595,mm,OK,--,7:18:29 PM,7/30/2025,
1763,30.4,gf,0.590,mm,OK,--,7:18:29 PM,7/30/2025,
1764,30.4,gf,0.585,mm,OK,--,7:18:29 PM,7/30/2025,
1765,30.5,gf,0.580,mm,OK,--,7:18:29 PM,7/30/2025,
1766,30.4,gf,0.580,mm,OK,--,7:18:30 PM,7/30/2025,
1767,30.4,gf,0.575,mm,OK,--,7:18:30 PM,7/30/2025,
1768,30.3,gf,0.575,mm,OK,--,7:18:30 PM,7/30/2025,
1769,30.3,gf,0.570,mm,OK,--,7:18:30 PM,7/30/2025,
1770,30.3,gf,0.565,mm,OK,--,7:18:30 PM,7/30/2025,
1771,30.3,gf,0.565,mm,OK,--,7:18:30 PM,7/30/2025,
1772,30.3,gf,0.560,mm,OK,--,7:18:30 PM,7/30/2025,
1773,30.3,gf,0.560,mm,OK,--,7:18:30 PM,7/30/2025,
1774,30.3,gf,0.555,mm,OK,--,7:18:30 PM,7/30/2025,
1775,30.3,gf,0.550,mm,OK,--,7:18:30 PM,7/30/2025,
1776,30.2,gf,0.540,mm,OK,--,7:18:31 PM,7/30/2025,
1777,30.2,gf,0.535,mm,OK,--,7:18:31 PM,7/30/2025,
1778,30.2,gf,0.530,mm,OK,--,7:18:31 PM,7/30/2025,
1779,30.2,gf,0.525,mm,OK,--,7:18:31 PM,7/30/2025,
1780,30.1,gf,0.520,mm,OK,--,7:18:31 PM,7/30/2025,
1781,30.1,gf,0.520,mm,OK,--,7:18:31 PM,7/30/2025,
1782,30.1,gf,0.515,mm,OK,--,7:18:31 PM,7/30/2025,
1783,30.1,gf,0.515,mm,OK,--,7:18:31 PM,7/30/2025,
1784,30.1,gf,0.510,mm,OK,--,7:18:31 PM,7/30/2025,
1785,30.0,gf,0.505,mm,OK,--,7:18:31 PM,7/30/2025,
1786,30.0,gf,0.505,mm,OK,--,7:18:32 PM,7/30/2025,
1787,30.0,gf,0.500,mm,OK,--,7:18:32 PM,7/30/2025,
1788,30.0,gf,0.500,mm,OK,--,7:18:32 PM,7/30/2025,
1789,30.0,gf,0.495,mm,OK,--,7:18:32 PM,7/30/2025,
1790,30.0,gf,0.490,mm,OK,--,7:18:32 PM,7/30/2025,
1791,30.0,gf,0.485,mm,OK,--,7:18:32 PM,7/30/2025,
1792,30.0,gf,0.480,mm,OK,--,7:18:32 PM,7/30/2025,
1793,30.0,gf,0.480,mm,OK,--,7:18:32 PM,7/30/2025,
1794,30.0,gf,0.475,mm,OK,--,7:18:32 PM,7/30/2025,
1795,29.9,gf,0.475,mm,OK,--,7:18:32 PM,7/30/2025,
1796,29.9,gf,0.470,mm,OK,--,7:18:33 PM,7/30/2025,
1797,29.9,gf,0.470,mm,OK,--,7:18:33 PM,7/30/2025,
1798,29.9,gf,0.465,mm,OK,--,7:18:33 PM,7/30/2025,
1799,29.9,gf,0.460,mm,OK,--,7:18:33 PM,7/30/2025,
1800,29.8,gf,0.460,mm,OK,--,7:18:33 PM,7/30/2025,
1801,29.8,gf,0.455,mm,OK,--,7:18:33 PM,7/30/2025,
1802,29.7,gf,0.450,mm,OK,--,7:18:33 PM,7/30/2025,
1803,29.8,gf,0.445,mm,OK,--,7:18:33 PM,7/30/2025,
1804,29.7,gf,0.440,mm,OK,--,7:18:33 PM,7/30/2025,
1805,29.7,gf,0.440,mm,OK,--,7:18:33 PM,7/30/2025,
1806,29.7,gf,0.435,mm,OK,--,7:18:34 PM,7/30/2025,
1807,29.7,gf,0.430,mm,OK,--,7:18:34 PM,7/30/2025,
1808,29.6,gf,0.430,mm,OK,--,7:18:34 PM,7/30/2025,
1809,29.7,gf,0.425,mm,OK,--,7:18:34 PM,7/30/2025,
1810,29.7,gf,0.420,mm,OK,--,7:18:34 PM,7/30/2025,
1811,29.6,gf,0.420,mm,OK,--,7:18:34 PM,7/30/2025,
1812,29.6,gf,0.410,mm,OK,--,7:18:34 PM,7/30/2025,
1813,29.6,gf,0.405,mm,OK,--,7:18:34 PM,7/30/2025,
1814,29.5,gf,0.405,mm,OK,--,7:18:34 PM,7/30/2025,
1815,29.5,gf,0.400,mm,OK,--,7:18:34 PM,7/30/2025,
1816,29.5,gf,0.395,mm,OK,--,7:18:35 PM,7/30/2025,
1817,29.5,gf,0.385,mm,OK,--,7:18:35 PM,7/30/2025,
1818,29.5,gf,0.375,mm,OK,--,7:18:35 PM,7/30/2025,
1819,29.4,gf,0.365,mm,OK,--,7:18:35 PM,7/30/2025,
1820,29.4,gf,0.360,mm,OK,--,7:18:35 PM,7/30/2025,
1821,29.4,gf,0.355,mm,OK,--,7:18:35 PM,7/30/2025,
1822,29.4,gf,0.355,mm,OK,--,7:18:35 PM,7/30/2025,
1823,29.4,gf,0.350,mm,OK,--,7:18:35 PM,7/30/2025,
1824,29.4,gf,0.345,mm,OK,--,7:18:35 PM,7/30/2025,
1825,29.4,gf,0.340,mm,OK,--,7:18:35 PM,7/30/2025,
1826,29.4,gf,0.340,mm,OK,--,7:18:36 PM,7/30/2025,
1827,29.4,gf,0.335,mm,OK,--,7:18:36 PM,7/30/2025,
1828,29.4,gf,0.335,mm,OK,--,7:18:36 PM,7/30/2025,
1829,29.4,gf,0.330,mm,OK,--,7:18:36 PM,7/30/2025,
1830,29.4,gf,0.330,mm,OK,--,7:18:36 PM,7/30/2025,
1831,29.3,gf,0.325,mm,OK,--,7:18:36 PM,7/30/2025,
1832,29.3,gf,0.320,mm,OK,--,7:18:36 PM,7/30/2025,
1833,29.3,gf,0.320,mm,OK,--,7:18:36 PM,7/30/2025,
1834,29.3,gf,0.315,mm,OK,--,7:18:36 PM,7/30/2025,
1835,29.3,gf,0.315,mm,OK,--,7:18:36 PM,7/30/2025,
1836,29.3,gf,0.315,mm,OK,--,7:18:37 PM,7/30/2025,
1837,29.2,gf,0.310,mm,OK,--,7:18:37 PM,7/30/2025,
1838,29.2,gf,0.305,mm,OK,--,7:18:37 PM,7/30/2025,
1839,29.2,gf,0.305,mm,OK,--,7:18:37 PM,7/30/2025,
1840,29.2,gf,0.300,mm,OK,--,7:18:37 PM,7/30/2025,
1841,29.2,gf,0.300,mm,OK,--,7:18:37 PM,7/30/2025,
1842,29.2,gf,0.295,mm,OK,--,7:18:37 PM,7/30/2025,
1843,29.2,gf,0.295,mm,OK,--,7:18:37 PM,7/30/2025,
1844,29.2,gf,0.295,mm,OK,--,7:18:37 PM,7/30/2025,
1845,29.2,gf,0.290,mm,OK,--,7:18:37 PM,7/30/2025,
1846,29.2,gf,0.290,mm,OK,--,7:18:38 PM,7/30/2025,
1847,29.2,gf,0.290,mm,OK,--,7:18:38 PM,7/30/2025,
1848,29.2,gf,0.290,mm,OK,--,7:18:38 PM,7/30/2025,
1849,29.2,gf,0.285,mm,OK,--,7:18:38 PM,7/30/2025,
1850,29.2,gf,0.285,mm,OK,--,7:18:38 PM,7/30/2025,
1851,29.2,gf,0.285,mm,OK,--,7:18:38 PM,7/30/2025,
1852,29.2,gf,0.285,mm,OK,--,7:18:38 PM,7/30/2025,
1853,29.2,gf,0.280,mm,OK,--,7:18:38 PM,7/30/2025,
1854,29.1,gf,0.280,mm,OK,--,7:18:38 PM,7/30/2025,
1855,29.1,gf,0.280,mm,OK,--,7:18:38 PM,7/30/2025,
1856,29.1,gf,0.280,mm,OK,--,7:18:39 PM,7/30/2025,
1857,29.1,gf,0.280,mm,OK,--,7:18:39 PM,7/30/2025,
1858,29.1,gf,0.275,mm,OK,--,7:18:39 PM,7/30/2025,
1859,29.1,gf,0.275,mm,OK,--,7:18:39 PM,7/30/2025,
1860,29.1,gf,0.275,mm,OK,--,7:18:39 PM,7/30/2025,
1861,29.1,gf,0.270,mm,OK,--,7:18:39 PM,7/30/2025,
1862,29.1,gf,0.265,mm,OK,--,7:18:39 PM,7/30/2025,
1863,29.1,gf,0.265,mm,OK,--,7:18:39 PM,7/30/2025,
1864,29.1,gf,0.260,mm,OK,--,7:18:39 PM,7/30/2025,
1865,29.1,gf,0.260,mm,OK,--,7:18:39 PM,7/30/2025,
1866,28.6,gf,0.255,mm,OK,--,7:18:40 PM,7/30/2025,
1867,27.7,gf,0.255,mm,OK,--,7:18:40 PM,7/30/2025,
1868,26.9,gf,0.255,mm,OK,--,7:18:40 PM,7/30/2025,
1869,26.6,gf,0.250,mm,OK,--,7:18:40 PM,7/30/2025,
1870,26.4,gf,0.250,mm,OK,--,7:18:40 PM,7/30/2025,
1871,26.3,gf,0.250,mm,OK,--,7:18:40 PM,7/30/2025,
1872,26.1,gf,0.250,mm,OK,--,7:18:40 PM,7/30/2025,
1873,25.5,gf,0.245,mm,OK,--,7:18:40 PM,7/30/2025,
1874,24.7,gf,0.245,mm,OK,--,7:18:40 PM,7/30/2025,
1875,24.6,gf,0.245,mm,OK,--,7:18:40 PM,7/30/2025,
1876,23.6,gf,0.240,mm,OK,--,7:18:41 PM,7/30/2025,
1877,20.5,gf,0.235,mm,OK,--,7:18:41 PM,7/30/2025,
1878,16.5,gf,0.230,mm,OK,--,7:18:41 PM,7/30/2025,
1879,12.8,gf,0.225,mm,OK,--,7:18:41 PM,7/30/2025,
1880,10.0,gf,0.220,mm,OK,--,7:18:41 PM,7/30/2025,
1881,7.0,gf,0.220,mm,OK,--,7:18:41 PM,7/30/2025,
1882,4.2,gf,0.215,mm,OK,--,7:18:41 PM,7/30/2025,
1883,2.5,gf,0.210,mm,OK,--,7:18:41 PM,7/30/2025,
1884,2.2,gf,0.205,mm,OK,--,7:18:41 PM,7/30/2025,
1885,0.2,gf,0.200,mm,OK,--,7:18:41 PM,7/30/2025,
1886,0.0,gf,0.190,mm,OK,--,7:18:42 PM,7/30/2025,
1887,0.2,gf,0.180,mm,OK,--,7:18:42 PM,7/30/2025,
1888,0.1,gf,0.170,mm,OK,--,7:18:42 PM,7/30/2025,
1889,0.1,gf,0.160,mm,OK,--,7:18:42 PM,7/30/2025,
1890,0.0,gf,0.150,mm,OK,--,7:18:42 PM,7/30/2025,
1891,0.0,gf,0.145,mm,OK,--,7:18:42 PM,7/30/2025,
1892,0.1,gf,0.140,mm,OK,--,7:18:42 PM,7/30/2025,
1893,0.0,gf,0.130,mm,OK,--,7:18:42 PM,7/30/2025,
1894,0.0,gf,0.120,mm,OK,--,7:18:42 PM,7/30/2025,
1895,0.1,gf,0.105,mm,OK,--,7:18:42 PM,7/30/2025,
1896,0.0,gf,0.095,mm,OK,--,7:18:43 PM,7/30/2025,
1897,0.0,gf,0.085,mm,OK,--,7:18:43 PM,7/30/2025,
1898,0.0,gf,0.075,mm,OK,--,7:18:43 PM,7/30/2025,
1899,0.0,gf,0.060,mm,OK,--,7:18:43 PM,7/30/2025,
1900,0.0,gf,0.050,mm,OK,--,7:18:43 PM,7/30/2025,
1901,0.0,gf,0.040,mm,OK,--,7:18:43 PM,7/30/2025,
1902,0.1,gf,0.030,mm,OK,--,7:18:43 PM,7/30/2025,
1903,0.0,gf,0.020,mm,OK,--,7:18:43 PM,7/30/2025,
1904,0.0,gf,0.010,mm,OK,--,7:18:43 PM,7/30/2025,
1905,0.1,gf,0.000,mm,OK,--,7:18:43 PM,7/30/2025,
1906,0.0,gf,-0.005,mm,OK,--,7:18:44 PM,7/30/2025,
1907,0.0,gf,-0.010,mm,OK,--,7:18:44 PM,7/30/2025,
1908,0.0,gf,-0.015,mm,OK,--,7:18:44 PM,7/30/2025,
1909,0.0,gf,-0.015,mm,OK,--,7:18:44 PM,7/30/2025,
1910,0.0,gf,-0.015,mm,OK,--,7:18:44 PM,7/30/2025,
1911,-0.1,gf,-0.015,mm,OK,--,7:18:44 PM,7/30/2025,
1912,0.0,gf,-0.015,mm,OK,--,7:18:44 PM,7/30/2025,
1913,0.0,gf,-0.015,mm,OK,--,7:18:44 PM,7/30/2025,
1914,0.0,gf,-0.015,mm,OK,--,7:18:44 PM,7/30/2025,
1915,0.0,gf,-0.015,mm,OK,--,7:18:44 PM,7/30/2025,
1916,0.0,gf,-0.015,mm,OK,--,7:18:45 PM,7/30/2025,
1917,0.0,gf,-0.015,mm,OK,--,7:18:45 PM,7/30/2025,
1918,0.1,gf,-0.015,mm,OK,--,7:18:45 PM,7/30/2025,
1919,0.2,gf,-0.015,mm,OK,--,7:18:45 PM,7/30/2025,
1920,0.1,gf,-0.015,mm,OK,--,7:18:45 PM,7/30/2025,
1921,0.0,gf,-0.010,mm,OK,--,7:18:45 PM,7/30/2025,
1922,0.0,gf,-0.010,mm,OK,--,7:18:45 PM,7/30/2025,
1923,0.0,gf,-0.010,mm,OK,--,7:18:45 PM,7/30/2025,
1924,0.1,gf,-0.010,mm,OK,--,7:18:45 PM,7/30/2025,
1925,0.0,gf,-0.010,mm,OK,--,7:18:45 PM,7/30/2025,
1926,0.0,gf,-0.010,mm,OK,--,7:18:46 PM,7/30/2025,
1927,0.0,gf,-0.010,mm,OK,--,7:18:46 PM,7/30/2025,
1928,0.0,gf,-0.010,mm,OK,--,7:18:46 PM,7/30/2025,
1929,0.0,gf,-0.005,mm,OK,--,7:18:46 PM,7/30/2025,
1930,0.0,gf,-0.005,mm,OK,--,7:18:46 PM,7/30/2025,
1931,0.0,gf,-0.005,mm,OK,--,7:18:46 PM,7/30/2025,
1932,0.0,gf,-0.005,mm,OK,--,7:18:46 PM,7/30/2025,
1933,0.0,gf,-0.005,mm,OK,--,7:18:46 PM,7/30/2025,
1934,0.0,gf,-0.005,mm,OK,--,7:18:46 PM,7/30/2025,
1935,0.0,gf,-0.005,mm,OK,--,7:18:46 PM,7/30/2025,
1936,0.0,gf,-0.005,mm,OK,--,7:18:47 PM,7/30/2025,
