Maximum,198.2,@,No.949,,,,,,
Minimum,-0.2,@,No.59,,,,,,
Average,47.74,,,,,,,,
Data Quantity,1793,,,,,,,,
Number of NG,0,,,,,,,,
No.,Force,Unit,Displacement,Unit,Judge,Position,Time,Date,
1,0.1,gf,0.005,mm,OK,--,9:52:41 AM,1/10/2026,
2,0.0,gf,0.005,mm,OK,--,9:52:41 AM,1/10/2026,
3,0.1,gf,0.005,mm,OK,--,9:52:41 AM,1/10/2026,
4,-0.1,gf,0.005,mm,OK,--,9:52:41 AM,1/10/2026,
5,0.0,gf,0.005,mm,OK,--,9:52:41 AM,1/10/2026,
6,0.0,gf,0.005,mm,OK,--,9:52:41 AM,1/10/2026,
7,-0.1,gf,0.005,mm,OK,--,9:52:41 AM,1/10/2026,
8,-0.1,gf,0.005,mm,OK,--,9:52:41 AM,1/10/2026,
9,0.0,gf,0.005,mm,OK,--,9:52:41 AM,1/10/2026,
10,0.1,gf,0.005,mm,OK,--,9:52:41 AM,1/10/2026,
11,0.0,gf,0.005,mm,OK,--,9:52:42 AM,1/10/2026,
12,-0.1,gf,0.005,mm,OK,--,9:52:42 AM,1/10/2026,
13,0.1,gf,0.005,mm,OK,--,9:52:42 AM,1/10/2026,
14,0.1,gf,0.010,mm,OK,--,9:52:42 AM,1/10/2026,
15,-0.1,gf,0.010,mm,OK,--,9:52:42 AM,1/10/2026,
16,0.0,gf,0.010,mm,OK,--,9:52:42 AM,1/10/2026,
17,0.1,gf,0.015,mm,OK,--,9:52:42 AM,1/10/2026,
18,0.1,gf,0.020,mm,OK,--,9:52:42 AM,1/10/2026,
19,0.0,gf,0.035,mm,OK,--,9:52:42 AM,1/10/2026,
20,-0.1,gf,0.050,mm,OK,--,9:52:42 AM,1/10/2026,
21,0.0,gf,0.070,mm,OK,--,9:52:43 AM,1/10/2026,
22,0.1,gf,0.085,mm,OK,--,9:52:43 AM,1/10/2026,
23,0.0,gf,0.100,mm,OK,--,9:52:43 AM,1/10/2026,
24,-0.1,gf,0.110,mm,OK,--,9:52:43 AM,1/10/2026,
25,0.1,gf,0.125,mm,OK,--,9:52:43 AM,1/10/2026,
26,0.1,gf,0.135,mm,OK,--,9:52:43 AM,1/10/2026,
27,-0.1,gf,0.145,mm,OK,--,9:52:43 AM,1/10/2026,
28,0.0,gf,0.155,mm,OK,--,9:52:43 AM,1/10/2026,
29,0.1,gf,0.160,mm,OK,--,9:52:43 AM,1/10/2026,
30,0.0,gf,0.165,mm,OK,--,9:52:43 AM,1/10/2026,
31,-0.1,gf,0.175,mm,OK,--,9:52:44 AM,1/10/2026,
32,0.0,gf,0.180,mm,OK,--,9:52:44 AM,1/10/2026,
33,0.0,gf,0.190,mm,OK,--,9:52:44 AM,1/10/2026,
34,-0.1,gf,0.195,mm,OK,--,9:52:44 AM,1/10/2026,
35,0.0,gf,0.200,mm,OK,--,9:52:44 AM,1/10/2026,
36,0.0,gf,0.205,mm,OK,--,9:52:44 AM,1/10/2026,
37,0.1,gf,0.210,mm,OK,--,9:52:44 AM,1/10/2026,
38,0.0,gf,0.215,mm,OK,--,9:52:44 AM,1/10/2026,
39,0.0,gf,0.220,mm,OK,--,9:52:44 AM,1/10/2026,
40,0.0,gf,0.225,mm,OK,--,9:52:44 AM,1/10/2026,
41,0.0,gf,0.230,mm,OK,--,9:52:45 AM,1/10/2026,
42,0.1,gf,0.235,mm,OK,--,9:52:45 AM,1/10/2026,
43,-0.1,gf,0.240,mm,OK,--,9:52:45 AM,1/10/2026,
44,0.0,gf,0.245,mm,OK,--,9:52:45 AM,1/10/2026,
45,0.1,gf,0.250,mm,OK,--,9:52:45 AM,1/10/2026,
46,0.0,gf,0.255,mm,OK,--,9:52:45 AM,1/10/2026,
47,-0.1,gf,0.260,mm,OK,--,9:52:45 AM,1/10/2026,
48,0.0,gf,0.265,mm,OK,--,9:52:45 AM,1/10/2026,
49,0.2,gf,0.265,mm,OK,--,9:52:45 AM,1/10/2026,
50,0.0,gf,0.270,mm,OK,--,9:52:45 AM,1/10/2026,
51,0.0,gf,0.280,mm,OK,--,9:52:46 AM,1/10/2026,
52,0.0,gf,0.285,mm,OK,--,9:52:46 AM,1/10/2026,
53,0.0,gf,0.290,mm,OK,--,9:52:46 AM,1/10/2026,
54,0.0,gf,0.290,mm,OK,--,9:52:46 AM,1/10/2026,
55,-0.1,gf,0.295,mm,OK,--,9:52:46 AM,1/10/2026,
56,0.0,gf,0.300,mm,OK,--,9:52:46 AM,1/10/2026,
57,0.1,gf,0.305,mm,OK,--,9:52:46 AM,1/10/2026,
58,0.0,gf,0.310,mm,OK,--,9:52:46 AM,1/10/2026,
59,-0.2,gf,0.315,mm,OK,--,9:52:46 AM,1/10/2026,
60,0.0,gf,0.320,mm,OK,--,9:52:46 AM,1/10/2026,
61,0.1,gf,0.325,mm,OK,--,9:52:47 AM,1/10/2026,
62,-0.1,gf,0.330,mm,OK,--,9:52:47 AM,1/10/2026,
63,-0.1,gf,0.335,mm,OK,--,9:52:47 AM,1/10/2026,
64,-0.1,gf,0.340,mm,OK,--,9:52:47 AM,1/10/2026,
65,0.0,gf,0.345,mm,OK,--,9:52:47 AM,1/10/2026,
66,-0.1,gf,0.355,mm,OK,--,9:52:47 AM,1/10/2026,
67,-0.1,gf,0.360,mm,OK,--,9:52:47 AM,1/10/2026,
68,0.0,gf,0.365,mm,OK,--,9:52:47 AM,1/10/2026,
69,0.0,gf,0.375,mm,OK,--,9:52:47 AM,1/10/2026,
70,0.0,gf,0.380,mm,OK,--,9:52:47 AM,1/10/2026,
71,0.0,gf,0.385,mm,OK,--,9:52:48 AM,1/10/2026,
72,-0.1,gf,0.390,mm,OK,--,9:52:48 AM,1/10/2026,
73,0.1,gf,0.400,mm,OK,--,9:52:48 AM,1/10/2026,
74,0.0,gf,0.405,mm,OK,--,9:52:48 AM,1/10/2026,
75,-0.1,gf,0.410,mm,OK,--,9:52:48 AM,1/10/2026,
76,0.1,gf,0.420,mm,OK,--,9:52:48 AM,1/10/2026,
77,0.1,gf,0.425,mm,OK,--,9:52:48 AM,1/10/2026,
78,0.1,gf,0.430,mm,OK,--,9:52:48 AM,1/10/2026,
79,-0.1,gf,0.435,mm,OK,--,9:52:48 AM,1/10/2026,
80,0.0,gf,0.440,mm,OK,--,9:52:48 AM,1/10/2026,
81,0.1,gf,0.445,mm,OK,--,9:52:49 AM,1/10/2026,
82,0.0,gf,0.450,mm,OK,--,9:52:49 AM,1/10/2026,
83,0.0,gf,0.455,mm,OK,--,9:52:49 AM,1/10/2026,
84,0.0,gf,0.460,mm,OK,--,9:52:49 AM,1/10/2026,
85,0.0,gf,0.465,mm,OK,--,9:52:49 AM,1/10/2026,
86,0.1,gf,0.470,mm,OK,--,9:52:49 AM,1/10/2026,
87,-0.1,gf,0.480,mm,OK,--,9:52:49 AM,1/10/2026,
88,0.7,gf,0.485,mm,OK,--,9:52:49 AM,1/10/2026,
89,5.2,gf,0.490,mm,OK,--,9:52:49 AM,1/10/2026,
90,10.4,gf,0.500,mm,OK,--,9:52:49 AM,1/10/2026,
91,15.0,gf,0.500,mm,OK,--,9:52:50 AM,1/10/2026,
92,19.2,gf,0.505,mm,OK,--,9:52:50 AM,1/10/2026,
93,23.2,gf,0.510,mm,OK,--,9:52:50 AM,1/10/2026,
94,25.9,gf,0.515,mm,OK,--,9:52:50 AM,1/10/2026,
95,29.1,gf,0.515,mm,OK,--,9:52:50 AM,1/10/2026,
96,32.1,gf,0.520,mm,OK,--,9:52:50 AM,1/10/2026,
97,34.3,gf,0.525,mm,OK,--,9:52:50 AM,1/10/2026,
98,34.5,gf,0.525,mm,OK,--,9:52:50 AM,1/10/2026,
99,32.6,gf,0.530,mm,OK,--,9:52:50 AM,1/10/2026,
100,32.8,gf,0.530,mm,OK,--,9:52:50 AM,1/10/2026,
101,33.0,gf,0.535,mm,OK,--,9:52:51 AM,1/10/2026,
102,32.7,gf,0.540,mm,OK,--,9:52:51 AM,1/10/2026,
103,32.8,gf,0.540,mm,OK,--,9:52:51 AM,1/10/2026,
104,32.7,gf,0.545,mm,OK,--,9:52:51 AM,1/10/2026,
105,33.4,gf,0.550,mm,OK,--,9:52:51 AM,1/10/2026,
106,32.6,gf,0.560,mm,OK,--,9:52:51 AM,1/10/2026,
107,32.0,gf,0.560,mm,OK,--,9:52:51 AM,1/10/2026,
108,32.3,gf,0.560,mm,OK,--,9:52:51 AM,1/10/2026,
109,32.9,gf,0.565,mm,OK,--,9:52:51 AM,1/10/2026,
110,32.5,gf,0.565,mm,OK,--,9:52:51 AM,1/10/2026,
111,32.9,gf,0.565,mm,OK,--,9:52:52 AM,1/10/2026,
112,32.9,gf,0.570,mm,OK,--,9:52:52 AM,1/10/2026,
113,33.2,gf,0.575,mm,OK,--,9:52:52 AM,1/10/2026,
114,33.2,gf,0.580,mm,OK,--,9:52:52 AM,1/10/2026,
115,33.4,gf,0.580,mm,OK,--,9:52:52 AM,1/10/2026,
116,33.4,gf,0.585,mm,OK,--,9:52:52 AM,1/10/2026,
117,33.3,gf,0.585,mm,OK,--,9:52:52 AM,1/10/2026,
118,33.1,gf,0.590,mm,OK,--,9:52:52 AM,1/10/2026,
119,34.1,gf,0.590,mm,OK,--,9:52:52 AM,1/10/2026,
120,34.7,gf,0.590,mm,OK,--,9:52:52 AM,1/10/2026,
121,35.3,gf,0.595,mm,OK,--,9:52:53 AM,1/10/2026,
122,36.1,gf,0.595,mm,OK,--,9:52:53 AM,1/10/2026,
123,36.6,gf,0.600,mm,OK,--,9:52:53 AM,1/10/2026,
124,36.6,gf,0.600,mm,OK,--,9:52:53 AM,1/10/2026,
125,37.0,gf,0.605,mm,OK,--,9:52:53 AM,1/10/2026,
126,37.4,gf,0.605,mm,OK,--,9:52:53 AM,1/10/2026,
127,37.5,gf,0.610,mm,OK,--,9:52:53 AM,1/10/2026,
128,37.7,gf,0.615,mm,OK,--,9:52:53 AM,1/10/2026,
129,37.6,gf,0.620,mm,OK,--,9:52:53 AM,1/10/2026,
130,37.4,gf,0.630,mm,OK,--,9:52:53 AM,1/10/2026,
131,37.3,gf,0.635,mm,OK,--,9:52:54 AM,1/10/2026,
132,37.3,gf,0.640,mm,OK,--,9:52:54 AM,1/10/2026,
133,37.2,gf,0.650,mm,OK,--,9:52:54 AM,1/10/2026,
134,37.0,gf,0.660,mm,OK,--,9:52:54 AM,1/10/2026,
135,37.0,gf,0.670,mm,OK,--,9:52:54 AM,1/10/2026,
136,36.9,gf,0.675,mm,OK,--,9:52:54 AM,1/10/2026,
137,37.0,gf,0.680,mm,OK,--,9:52:54 AM,1/10/2026,
138,36.9,gf,0.685,mm,OK,--,9:52:54 AM,1/10/2026,
139,36.9,gf,0.690,mm,OK,--,9:52:54 AM,1/10/2026,
140,37.0,gf,0.695,mm,OK,--,9:52:54 AM,1/10/2026,
141,36.9,gf,0.700,mm,OK,--,9:52:55 AM,1/10/2026,
142,37.0,gf,0.700,mm,OK,--,9:52:55 AM,1/10/2026,
143,37.0,gf,0.705,mm,OK,--,9:52:55 AM,1/10/2026,
144,37.0,gf,0.710,mm,OK,--,9:52:55 AM,1/10/2026,
145,36.9,gf,0.715,mm,OK,--,9:52:55 AM,1/10/2026,
146,36.9,gf,0.720,mm,OK,--,9:52:55 AM,1/10/2026,
147,37.0,gf,0.725,mm,OK,--,9:52:55 AM,1/10/2026,
148,36.9,gf,0.730,mm,OK,--,9:52:55 AM,1/10/2026,
149,37.0,gf,0.735,mm,OK,--,9:52:55 AM,1/10/2026,
150,36.9,gf,0.740,mm,OK,--,9:52:55 AM,1/10/2026,
151,36.9,gf,0.740,mm,OK,--,9:52:56 AM,1/10/2026,
152,36.9,gf,0.745,mm,OK,--,9:52:56 AM,1/10/2026,
153,37.0,gf,0.750,mm,OK,--,9:52:56 AM,1/10/2026,
154,37.0,gf,0.755,mm,OK,--,9:52:56 AM,1/10/2026,
155,36.9,gf,0.760,mm,OK,--,9:52:56 AM,1/10/2026,
156,37.0,gf,0.765,mm,OK,--,9:52:56 AM,1/10/2026,
157,36.9,gf,0.770,mm,OK,--,9:52:56 AM,1/10/2026,
158,37.0,gf,0.775,mm,OK,--,9:52:56 AM,1/10/2026,
159,37.0,gf,0.785,mm,OK,--,9:52:56 AM,1/10/2026,
160,37.0,gf,0.790,mm,OK,--,9:52:56 AM,1/10/2026,
161,37.1,gf,0.795,mm,OK,--,9:52:57 AM,1/10/2026,
162,37.1,gf,0.805,mm,OK,--,9:52:57 AM,1/10/2026,
163,37.0,gf,0.805,mm,OK,--,9:52:57 AM,1/10/2026,
164,37.0,gf,0.810,mm,OK,--,9:52:57 AM,1/10/2026,
165,37.0,gf,0.815,mm,OK,--,9:52:57 AM,1/10/2026,
166,37.0,gf,0.815,mm,OK,--,9:52:57 AM,1/10/2026,
167,37.1,gf,0.820,mm,OK,--,9:52:57 AM,1/10/2026,
168,37.2,gf,0.820,mm,OK,--,9:52:57 AM,1/10/2026,
169,37.1,gf,0.825,mm,OK,--,9:52:57 AM,1/10/2026,
170,37.1,gf,0.830,mm,OK,--,9:52:57 AM,1/10/2026,
171,37.1,gf,0.830,mm,OK,--,9:52:58 AM,1/10/2026,
172,37.0,gf,0.835,mm,OK,--,9:52:58 AM,1/10/2026,
173,37.1,gf,0.840,mm,OK,--,9:52:58 AM,1/10/2026,
174,37.1,gf,0.845,mm,OK,--,9:52:58 AM,1/10/2026,
175,37.1,gf,0.845,mm,OK,--,9:52:58 AM,1/10/2026,
176,37.3,gf,0.850,mm,OK,--,9:52:58 AM,1/10/2026,
177,37.3,gf,0.850,mm,OK,--,9:52:58 AM,1/10/2026,
178,37.4,gf,0.855,mm,OK,--,9:52:58 AM,1/10/2026,
179,37.5,gf,0.860,mm,OK,--,9:52:58 AM,1/10/2026,
180,37.4,gf,0.865,mm,OK,--,9:52:58 AM,1/10/2026,
181,37.5,gf,0.865,mm,OK,--,9:52:59 AM,1/10/2026,
182,37.5,gf,0.870,mm,OK,--,9:52:59 AM,1/10/2026,
183,37.3,gf,0.875,mm,OK,--,9:52:59 AM,1/10/2026,
184,37.4,gf,0.880,mm,OK,--,9:52:59 AM,1/10/2026,
185,37.4,gf,0.885,mm,OK,--,9:52:59 AM,1/10/2026,
186,37.4,gf,0.890,mm,OK,--,9:52:59 AM,1/10/2026,
187,37.4,gf,0.895,mm,OK,--,9:52:59 AM,1/10/2026,
188,37.4,gf,0.900,mm,OK,--,9:52:59 AM,1/10/2026,
189,37.5,gf,0.905,mm,OK,--,9:52:59 AM,1/10/2026,
190,37.5,gf,0.910,mm,OK,--,9:52:59 AM,1/10/2026,
191,37.5,gf,0.910,mm,OK,--,9:53:00 AM,1/10/2026,
192,37.4,gf,0.915,mm,OK,--,9:53:00 AM,1/10/2026,
193,37.5,gf,0.920,mm,OK,--,9:53:00 AM,1/10/2026,
194,37.4,gf,0.920,mm,OK,--,9:53:00 AM,1/10/2026,
195,37.4,gf,0.925,mm,OK,--,9:53:00 AM,1/10/2026,
196,37.4,gf,0.930,mm,OK,--,9:53:00 AM,1/10/2026,
197,37.5,gf,0.930,mm,OK,--,9:53:00 AM,1/10/2026,
198,37.4,gf,0.935,mm,OK,--,9:53:00 AM,1/10/2026,
199,37.4,gf,0.940,mm,OK,--,9:53:00 AM,1/10/2026,
200,37.5,gf,0.945,mm,OK,--,9:53:00 AM,1/10/2026,
201,37.6,gf,0.945,mm,OK,--,9:53:01 AM,1/10/2026,
202,37.6,gf,0.950,mm,OK,--,9:53:01 AM,1/10/2026,
203,37.6,gf,0.955,mm,OK,--,9:53:01 AM,1/10/2026,
204,37.6,gf,0.955,mm,OK,--,9:53:01 AM,1/10/2026,
205,37.7,gf,0.960,mm,OK,--,9:53:01 AM,1/10/2026,
206,37.7,gf,0.965,mm,OK,--,9:53:01 AM,1/10/2026,
207,37.8,gf,0.965,mm,OK,--,9:53:01 AM,1/10/2026,
208,37.8,gf,0.970,mm,OK,--,9:53:01 AM,1/10/2026,
209,37.8,gf,0.970,mm,OK,--,9:53:01 AM,1/10/2026,
210,38.0,gf,0.975,mm,OK,--,9:53:01 AM,1/10/2026,
211,37.9,gf,0.980,mm,OK,--,9:53:02 AM,1/10/2026,
212,37.9,gf,0.985,mm,OK,--,9:53:02 AM,1/10/2026,
213,38.0,gf,0.990,mm,OK,--,9:53:02 AM,1/10/2026,
214,38.1,gf,0.995,mm,OK,--,9:53:02 AM,1/10/2026,
215,38.2,gf,1.000,mm,OK,--,9:53:02 AM,1/10/2026,
216,38.2,gf,1.005,mm,OK,--,9:53:02 AM,1/10/2026,
217,38.3,gf,1.010,mm,OK,--,9:53:02 AM,1/10/2026,
218,38.3,gf,1.020,mm,OK,--,9:53:02 AM,1/10/2026,
219,38.4,gf,1.025,mm,OK,--,9:53:02 AM,1/10/2026,
220,38.5,gf,1.030,mm,OK,--,9:53:02 AM,1/10/2026,
221,38.5,gf,1.035,mm,OK,--,9:53:03 AM,1/10/2026,
222,38.5,gf,1.040,mm,OK,--,9:53:03 AM,1/10/2026,
223,38.5,gf,1.045,mm,OK,--,9:53:03 AM,1/10/2026,
224,38.5,gf,1.050,mm,OK,--,9:53:03 AM,1/10/2026,
225,38.5,gf,1.055,mm,OK,--,9:53:03 AM,1/10/2026,
226,38.5,gf,1.060,mm,OK,--,9:53:03 AM,1/10/2026,
227,38.5,gf,1.065,mm,OK,--,9:53:03 AM,1/10/2026,
228,38.5,gf,1.070,mm,OK,--,9:53:03 AM,1/10/2026,
229,38.5,gf,1.075,mm,OK,--,9:53:03 AM,1/10/2026,
230,38.5,gf,1.080,mm,OK,--,9:53:03 AM,1/10/2026,
231,38.5,gf,1.080,mm,OK,--,9:53:04 AM,1/10/2026,
232,38.3,gf,1.085,mm,OK,--,9:53:04 AM,1/10/2026,
233,38.4,gf,1.085,mm,OK,--,9:53:04 AM,1/10/2026,
234,38.5,gf,1.085,mm,OK,--,9:53:04 AM,1/10/2026,
235,38.6,gf,1.090,mm,OK,--,9:53:04 AM,1/10/2026,
236,38.6,gf,1.095,mm,OK,--,9:53:04 AM,1/10/2026,
237,38.5,gf,1.100,mm,OK,--,9:53:04 AM,1/10/2026,
238,38.5,gf,1.105,mm,OK,--,9:53:04 AM,1/10/2026,
239,38.5,gf,1.115,mm,OK,--,9:53:04 AM,1/10/2026,
240,38.5,gf,1.120,mm,OK,--,9:53:04 AM,1/10/2026,
241,38.5,gf,1.125,mm,OK,--,9:53:05 AM,1/10/2026,
242,38.7,gf,1.130,mm,OK,--,9:53:05 AM,1/10/2026,
243,38.6,gf,1.140,mm,OK,--,9:53:05 AM,1/10/2026,
244,38.6,gf,1.145,mm,OK,--,9:53:05 AM,1/10/2026,
245,38.6,gf,1.150,mm,OK,--,9:53:05 AM,1/10/2026,
246,38.5,gf,1.155,mm,OK,--,9:53:05 AM,1/10/2026,
247,38.5,gf,1.160,mm,OK,--,9:53:05 AM,1/10/2026,
248,38.5,gf,1.165,mm,OK,--,9:53:05 AM,1/10/2026,
249,38.6,gf,1.170,mm,OK,--,9:53:05 AM,1/10/2026,
250,38.6,gf,1.175,mm,OK,--,9:53:05 AM,1/10/2026,
251,38.7,gf,1.175,mm,OK,--,9:53:06 AM,1/10/2026,
252,38.7,gf,1.180,mm,OK,--,9:53:06 AM,1/10/2026,
253,38.8,gf,1.185,mm,OK,--,9:53:06 AM,1/10/2026,
254,38.8,gf,1.185,mm,OK,--,9:53:06 AM,1/10/2026,
255,38.8,gf,1.190,mm,OK,--,9:53:06 AM,1/10/2026,
256,38.8,gf,1.195,mm,OK,--,9:53:06 AM,1/10/2026,
257,38.8,gf,1.195,mm,OK,--,9:53:06 AM,1/10/2026,
258,38.9,gf,1.200,mm,OK,--,9:53:06 AM,1/10/2026,
259,38.9,gf,1.200,mm,OK,--,9:53:06 AM,1/10/2026,
260,38.9,gf,1.200,mm,OK,--,9:53:06 AM,1/10/2026,
261,38.9,gf,1.205,mm,OK,--,9:53:07 AM,1/10/2026,
262,38.9,gf,1.205,mm,OK,--,9:53:07 AM,1/10/2026,
263,38.9,gf,1.205,mm,OK,--,9:53:07 AM,1/10/2026,
264,39.0,gf,1.205,mm,OK,--,9:53:07 AM,1/10/2026,
265,39.0,gf,1.210,mm,OK,--,9:53:07 AM,1/10/2026,
266,39.0,gf,1.210,mm,OK,--,9:53:07 AM,1/10/2026,
267,39.0,gf,1.215,mm,OK,--,9:53:07 AM,1/10/2026,
268,39.0,gf,1.215,mm,OK,--,9:53:07 AM,1/10/2026,
269,39.0,gf,1.215,mm,OK,--,9:53:07 AM,1/10/2026,
270,39.0,gf,1.220,mm,OK,--,9:53:07 AM,1/10/2026,
271,39.1,gf,1.220,mm,OK,--,9:53:08 AM,1/10/2026,
272,39.1,gf,1.220,mm,OK,--,9:53:08 AM,1/10/2026,
273,39.1,gf,1.225,mm,OK,--,9:53:08 AM,1/10/2026,
274,39.1,gf,1.230,mm,OK,--,9:53:08 AM,1/10/2026,
275,39.1,gf,1.230,mm,OK,--,9:53:08 AM,1/10/2026,
276,39.2,gf,1.235,mm,OK,--,9:53:08 AM,1/10/2026,
277,39.2,gf,1.235,mm,OK,--,9:53:08 AM,1/10/2026,
278,39.2,gf,1.240,mm,OK,--,9:53:08 AM,1/10/2026,
279,39.2,gf,1.240,mm,OK,--,9:53:08 AM,1/10/2026,
280,39.2,gf,1.245,mm,OK,--,9:53:08 AM,1/10/2026,
281,39.2,gf,1.250,mm,OK,--,9:53:09 AM,1/10/2026,
282,39.2,gf,1.250,mm,OK,--,9:53:09 AM,1/10/2026,
283,39.3,gf,1.255,mm,OK,--,9:53:09 AM,1/10/2026,
284,39.3,gf,1.260,mm,OK,--,9:53:09 AM,1/10/2026,
285,39.3,gf,1.260,mm,OK,--,9:53:09 AM,1/10/2026,
286,39.3,gf,1.270,mm,OK,--,9:53:09 AM,1/10/2026,
287,39.3,gf,1.275,mm,OK,--,9:53:09 AM,1/10/2026,
288,39.2,gf,1.280,mm,OK,--,9:53:09 AM,1/10/2026,
289,39.2,gf,1.285,mm,OK,--,9:53:09 AM,1/10/2026,
290,39.2,gf,1.290,mm,OK,--,9:53:09 AM,1/10/2026,
291,39.2,gf,1.295,mm,OK,--,9:53:10 AM,1/10/2026,
292,39.3,gf,1.300,mm,OK,--,9:53:10 AM,1/10/2026,
293,39.3,gf,1.305,mm,OK,--,9:53:10 AM,1/10/2026,
294,39.4,gf,1.315,mm,OK,--,9:53:10 AM,1/10/2026,
295,39.4,gf,1.315,mm,OK,--,9:53:10 AM,1/10/2026,
296,39.4,gf,1.320,mm,OK,--,9:53:10 AM,1/10/2026,
297,39.4,gf,1.325,mm,OK,--,9:53:10 AM,1/10/2026,
298,39.5,gf,1.330,mm,OK,--,9:53:10 AM,1/10/2026,
299,39.5,gf,1.335,mm,OK,--,9:53:10 AM,1/10/2026,
300,39.6,gf,1.335,mm,OK,--,9:53:10 AM,1/10/2026,
301,39.6,gf,1.340,mm,OK,--,9:53:11 AM,1/10/2026,
302,39.6,gf,1.345,mm,OK,--,9:53:11 AM,1/10/2026,
303,39.5,gf,1.345,mm,OK,--,9:53:11 AM,1/10/2026,
304,39.6,gf,1.350,mm,OK,--,9:53:11 AM,1/10/2026,
305,39.6,gf,1.350,mm,OK,--,9:53:11 AM,1/10/2026,
306,39.6,gf,1.355,mm,OK,--,9:53:11 AM,1/10/2026,
307,39.6,gf,1.360,mm,OK,--,9:53:11 AM,1/10/2026,
308,39.6,gf,1.365,mm,OK,--,9:53:11 AM,1/10/2026,
309,39.7,gf,1.365,mm,OK,--,9:53:11 AM,1/10/2026,
310,39.7,gf,1.370,mm,OK,--,9:53:11 AM,1/10/2026,
311,39.6,gf,1.375,mm,OK,--,9:53:12 AM,1/10/2026,
312,39.6,gf,1.380,mm,OK,--,9:53:12 AM,1/10/2026,
313,39.6,gf,1.385,mm,OK,--,9:53:12 AM,1/10/2026,
314,39.6,gf,1.385,mm,OK,--,9:53:12 AM,1/10/2026,
315,39.6,gf,1.390,mm,OK,--,9:53:12 AM,1/10/2026,
316,39.8,gf,1.395,mm,OK,--,9:53:12 AM,1/10/2026,
317,39.7,gf,1.400,mm,OK,--,9:53:12 AM,1/10/2026,
318,39.8,gf,1.405,mm,OK,--,9:53:12 AM,1/10/2026,
319,39.8,gf,1.410,mm,OK,--,9:53:12 AM,1/10/2026,
320,39.8,gf,1.415,mm,OK,--,9:53:12 AM,1/10/2026,
321,39.9,gf,1.420,mm,OK,--,9:53:13 AM,1/10/2026,
322,39.9,gf,1.420,mm,OK,--,9:53:13 AM,1/10/2026,
323,40.0,gf,1.425,mm,OK,--,9:53:13 AM,1/10/2026,
324,40.0,gf,1.430,mm,OK,--,9:53:13 AM,1/10/2026,
325,40.1,gf,1.440,mm,OK,--,9:53:13 AM,1/10/2026,
326,40.1,gf,1.445,mm,OK,--,9:53:13 AM,1/10/2026,
327,39.9,gf,1.450,mm,OK,--,9:53:13 AM,1/10/2026,
328,40.1,gf,1.455,mm,OK,--,9:53:13 AM,1/10/2026,
329,40.1,gf,1.460,mm,OK,--,9:53:13 AM,1/10/2026,
330,40.2,gf,1.465,mm,OK,--,9:53:13 AM,1/10/2026,
331,40.4,gf,1.475,mm,OK,--,9:53:14 AM,1/10/2026,
332,40.1,gf,1.480,mm,OK,--,9:53:14 AM,1/10/2026,
333,40.1,gf,1.480,mm,OK,--,9:53:14 AM,1/10/2026,
334,40.2,gf,1.485,mm,OK,--,9:53:14 AM,1/10/2026,
335,40.2,gf,1.490,mm,OK,--,9:53:14 AM,1/10/2026,
336,40.2,gf,1.490,mm,OK,--,9:53:14 AM,1/10/2026,
337,40.3,gf,1.495,mm,OK,--,9:53:14 AM,1/10/2026,
338,40.3,gf,1.500,mm,OK,--,9:53:14 AM,1/10/2026,
339,40.2,gf,1.505,mm,OK,--,9:53:14 AM,1/10/2026,
340,40.3,gf,1.505,mm,OK,--,9:53:14 AM,1/10/2026,
341,40.3,gf,1.510,mm,OK,--,9:53:15 AM,1/10/2026,
342,40.4,gf,1.515,mm,OK,--,9:53:15 AM,1/10/2026,
343,40.3,gf,1.520,mm,OK,--,9:53:15 AM,1/10/2026,
344,40.3,gf,1.520,mm,OK,--,9:53:15 AM,1/10/2026,
345,40.3,gf,1.525,mm,OK,--,9:53:15 AM,1/10/2026,
346,40.4,gf,1.525,mm,OK,--,9:53:15 AM,1/10/2026,
347,40.4,gf,1.525,mm,OK,--,9:53:15 AM,1/10/2026,
348,40.4,gf,1.530,mm,OK,--,9:53:15 AM,1/10/2026,
349,40.4,gf,1.530,mm,OK,--,9:53:15 AM,1/10/2026,
350,40.4,gf,1.535,mm,OK,--,9:53:15 AM,1/10/2026,
351,40.5,gf,1.535,mm,OK,--,9:53:16 AM,1/10/2026,
352,40.4,gf,1.535,mm,OK,--,9:53:16 AM,1/10/2026,
353,40.4,gf,1.540,mm,OK,--,9:53:16 AM,1/10/2026,
354,40.5,gf,1.540,mm,OK,--,9:53:16 AM,1/10/2026,
355,40.5,gf,1.540,mm,OK,--,9:53:16 AM,1/10/2026,
356,40.5,gf,1.540,mm,OK,--,9:53:16 AM,1/10/2026,
357,40.5,gf,1.545,mm,OK,--,9:53:16 AM,1/10/2026,
358,40.4,gf,1.545,mm,OK,--,9:53:16 AM,1/10/2026,
359,40.4,gf,1.545,mm,OK,--,9:53:16 AM,1/10/2026,
360,40.4,gf,1.545,mm,OK,--,9:53:16 AM,1/10/2026,
361,40.5,gf,1.550,mm,OK,--,9:53:17 AM,1/10/2026,
362,40.6,gf,1.550,mm,OK,--,9:53:17 AM,1/10/2026,
363,40.7,gf,1.550,mm,OK,--,9:53:17 AM,1/10/2026,
364,40.7,gf,1.555,mm,OK,--,9:53:17 AM,1/10/2026,
365,40.6,gf,1.555,mm,OK,--,9:53:17 AM,1/10/2026,
366,40.6,gf,1.555,mm,OK,--,9:53:17 AM,1/10/2026,
367,40.5,gf,1.560,mm,OK,--,9:53:17 AM,1/10/2026,
368,40.5,gf,1.560,mm,OK,--,9:53:17 AM,1/10/2026,
369,40.5,gf,1.560,mm,OK,--,9:53:17 AM,1/10/2026,
370,40.5,gf,1.565,mm,OK,--,9:53:17 AM,1/10/2026,
371,40.6,gf,1.565,mm,OK,--,9:53:18 AM,1/10/2026,
372,40.5,gf,1.565,mm,OK,--,9:53:18 AM,1/10/2026,
373,40.4,gf,1.565,mm,OK,--,9:53:18 AM,1/10/2026,
374,40.4,gf,1.565,mm,OK,--,9:53:18 AM,1/10/2026,
375,40.4,gf,1.565,mm,OK,--,9:53:18 AM,1/10/2026,
376,40.4,gf,1.570,mm,OK,--,9:53:18 AM,1/10/2026,
377,40.4,gf,1.570,mm,OK,--,9:53:18 AM,1/10/2026,
378,40.3,gf,1.570,mm,OK,--,9:53:18 AM,1/10/2026,
379,40.3,gf,1.570,mm,OK,--,9:53:18 AM,1/10/2026,
380,40.2,gf,1.570,mm,OK,--,9:53:18 AM,1/10/2026,
381,40.3,gf,1.570,mm,OK,--,9:53:19 AM,1/10/2026,
382,40.3,gf,1.570,mm,OK,--,9:53:19 AM,1/10/2026,
383,40.3,gf,1.570,mm,OK,--,9:53:19 AM,1/10/2026,
384,40.3,gf,1.570,mm,OK,--,9:53:19 AM,1/10/2026,
385,40.4,gf,1.570,mm,OK,--,9:53:19 AM,1/10/2026,
386,40.4,gf,1.570,mm,OK,--,9:53:19 AM,1/10/2026,
387,40.4,gf,1.570,mm,OK,--,9:53:19 AM,1/10/2026,
388,40.4,gf,1.570,mm,OK,--,9:53:19 AM,1/10/2026,
389,40.4,gf,1.570,mm,OK,--,9:53:19 AM,1/10/2026,
390,40.5,gf,1.575,mm,OK,--,9:53:19 AM,1/10/2026,
391,40.5,gf,1.575,mm,OK,--,9:53:20 AM,1/10/2026,
392,40.5,gf,1.575,mm,OK,--,9:53:20 AM,1/10/2026,
393,40.5,gf,1.575,mm,OK,--,9:53:20 AM,1/10/2026,
394,40.5,gf,1.580,mm,OK,--,9:53:20 AM,1/10/2026,
395,40.5,gf,1.580,mm,OK,--,9:53:20 AM,1/10/2026,
396,40.5,gf,1.580,mm,OK,--,9:53:20 AM,1/10/2026,
397,40.5,gf,1.585,mm,OK,--,9:53:20 AM,1/10/2026,
398,40.5,gf,1.585,mm,OK,--,9:53:20 AM,1/10/2026,
399,40.5,gf,1.590,mm,OK,--,9:53:20 AM,1/10/2026,
400,40.5,gf,1.590,mm,OK,--,9:53:20 AM,1/10/2026,
401,40.5,gf,1.595,mm,OK,--,9:53:21 AM,1/10/2026,
402,40.5,gf,1.600,mm,OK,--,9:53:21 AM,1/10/2026,
403,40.5,gf,1.600,mm,OK,--,9:53:21 AM,1/10/2026,
404,40.7,gf,1.605,mm,OK,--,9:53:21 AM,1/10/2026,
405,40.8,gf,1.610,mm,OK,--,9:53:21 AM,1/10/2026,
406,40.9,gf,1.610,mm,OK,--,9:53:21 AM,1/10/2026,
407,40.8,gf,1.615,mm,OK,--,9:53:21 AM,1/10/2026,
408,40.8,gf,1.620,mm,OK,--,9:53:21 AM,1/10/2026,
409,40.9,gf,1.625,mm,OK,--,9:53:21 AM,1/10/2026,
410,41.0,gf,1.630,mm,OK,--,9:53:21 AM,1/10/2026,
411,41.0,gf,1.635,mm,OK,--,9:53:22 AM,1/10/2026,
412,41.0,gf,1.640,mm,OK,--,9:53:22 AM,1/10/2026,
413,40.9,gf,1.640,mm,OK,--,9:53:22 AM,1/10/2026,
414,40.9,gf,1.645,mm,OK,--,9:53:22 AM,1/10/2026,
415,40.9,gf,1.650,mm,OK,--,9:53:22 AM,1/10/2026,
416,41.0,gf,1.655,mm,OK,--,9:53:22 AM,1/10/2026,
417,41.0,gf,1.660,mm,OK,--,9:53:22 AM,1/10/2026,
418,40.9,gf,1.665,mm,OK,--,9:53:22 AM,1/10/2026,
419,41.1,gf,1.670,mm,OK,--,9:53:22 AM,1/10/2026,
420,41.1,gf,1.675,mm,OK,--,9:53:22 AM,1/10/2026,
421,41.1,gf,1.680,mm,OK,--,9:53:23 AM,1/10/2026,
422,41.0,gf,1.690,mm,OK,--,9:53:23 AM,1/10/2026,
423,41.2,gf,1.695,mm,OK,--,9:53:23 AM,1/10/2026,
424,41.2,gf,1.700,mm,OK,--,9:53:23 AM,1/10/2026,
425,41.3,gf,1.705,mm,OK,--,9:53:23 AM,1/10/2026,
426,41.4,gf,1.715,mm,OK,--,9:53:23 AM,1/10/2026,
427,41.6,gf,1.720,mm,OK,--,9:53:23 AM,1/10/2026,
428,41.6,gf,1.730,mm,OK,--,9:53:23 AM,1/10/2026,
429,41.4,gf,1.740,mm,OK,--,9:53:23 AM,1/10/2026,
430,41.6,gf,1.750,mm,OK,--,9:53:23 AM,1/10/2026,
431,41.6,gf,1.755,mm,OK,--,9:53:24 AM,1/10/2026,
432,41.8,gf,1.765,mm,OK,--,9:53:24 AM,1/10/2026,
433,41.9,gf,1.770,mm,OK,--,9:53:24 AM,1/10/2026,
434,42.0,gf,1.780,mm,OK,--,9:53:24 AM,1/10/2026,
435,41.8,gf,1.790,mm,OK,--,9:53:24 AM,1/10/2026,
436,42.0,gf,1.800,mm,OK,--,9:53:24 AM,1/10/2026,
437,42.0,gf,1.815,mm,OK,--,9:53:24 AM,1/10/2026,
438,42.1,gf,1.825,mm,OK,--,9:53:24 AM,1/10/2026,
439,42.2,gf,1.835,mm,OK,--,9:53:24 AM,1/10/2026,
440,42.2,gf,1.845,mm,OK,--,9:53:24 AM,1/10/2026,
441,42.2,gf,1.855,mm,OK,--,9:53:25 AM,1/10/2026,
442,42.2,gf,1.860,mm,OK,--,9:53:25 AM,1/10/2026,
443,42.3,gf,1.865,mm,OK,--,9:53:25 AM,1/10/2026,
444,42.2,gf,1.870,mm,OK,--,9:53:25 AM,1/10/2026,
445,42.3,gf,1.880,mm,OK,--,9:53:25 AM,1/10/2026,
446,42.3,gf,1.885,mm,OK,--,9:53:25 AM,1/10/2026,
447,42.4,gf,1.890,mm,OK,--,9:53:25 AM,1/10/2026,
448,42.4,gf,1.900,mm,OK,--,9:53:25 AM,1/10/2026,
449,42.5,gf,1.910,mm,OK,--,9:53:25 AM,1/10/2026,
450,42.5,gf,1.915,mm,OK,--,9:53:25 AM,1/10/2026,
451,42.5,gf,1.925,mm,OK,--,9:53:26 AM,1/10/2026,
452,42.5,gf,1.930,mm,OK,--,9:53:26 AM,1/10/2026,
453,42.4,gf,1.935,mm,OK,--,9:53:26 AM,1/10/2026,
454,42.5,gf,1.940,mm,OK,--,9:53:26 AM,1/10/2026,
455,42.5,gf,1.940,mm,OK,--,9:53:26 AM,1/10/2026,
456,42.5,gf,1.945,mm,OK,--,9:53:26 AM,1/10/2026,
457,42.6,gf,1.950,mm,OK,--,9:53:26 AM,1/10/2026,
458,42.6,gf,1.955,mm,OK,--,9:53:26 AM,1/10/2026,
459,42.6,gf,1.955,mm,OK,--,9:53:26 AM,1/10/2026,
460,42.7,gf,1.960,mm,OK,--,9:53:26 AM,1/10/2026,
461,42.8,gf,1.965,mm,OK,--,9:53:27 AM,1/10/2026,
462,42.9,gf,1.970,mm,OK,--,9:53:27 AM,1/10/2026,
463,43.1,gf,1.975,mm,OK,--,9:53:27 AM,1/10/2026,
464,43.2,gf,1.980,mm,OK,--,9:53:27 AM,1/10/2026,
465,43.2,gf,1.985,mm,OK,--,9:53:27 AM,1/10/2026,
466,43.3,gf,1.990,mm,OK,--,9:53:27 AM,1/10/2026,
467,43.4,gf,1.995,mm,OK,--,9:53:27 AM,1/10/2026,
468,43.3,gf,2.000,mm,OK,--,9:53:27 AM,1/10/2026,
469,43.2,gf,2.010,mm,OK,--,9:53:27 AM,1/10/2026,
470,43.2,gf,2.015,mm,OK,--,9:53:27 AM,1/10/2026,
471,43.2,gf,2.025,mm,OK,--,9:53:28 AM,1/10/2026,
472,43.3,gf,2.030,mm,OK,--,9:53:28 AM,1/10/2026,
473,43.4,gf,2.035,mm,OK,--,9:53:28 AM,1/10/2026,
474,43.4,gf,2.035,mm,OK,--,9:53:28 AM,1/10/2026,
475,43.4,gf,2.040,mm,OK,--,9:53:28 AM,1/10/2026,
476,43.5,gf,2.045,mm,OK,--,9:53:28 AM,1/10/2026,
477,43.5,gf,2.055,mm,OK,--,9:53:28 AM,1/10/2026,
478,43.4,gf,2.060,mm,OK,--,9:53:28 AM,1/10/2026,
479,43.4,gf,2.065,mm,OK,--,9:53:28 AM,1/10/2026,
480,43.6,gf,2.070,mm,OK,--,9:53:28 AM,1/10/2026,
481,43.5,gf,2.085,mm,OK,--,9:53:29 AM,1/10/2026,
482,43.4,gf,2.090,mm,OK,--,9:53:29 AM,1/10/2026,
483,43.6,gf,2.100,mm,OK,--,9:53:29 AM,1/10/2026,
484,43.6,gf,2.110,mm,OK,--,9:53:29 AM,1/10/2026,
485,43.6,gf,2.110,mm,OK,--,9:53:29 AM,1/10/2026,
486,43.5,gf,2.115,mm,OK,--,9:53:29 AM,1/10/2026,
487,43.6,gf,2.120,mm,OK,--,9:53:29 AM,1/10/2026,
488,43.8,gf,2.125,mm,OK,--,9:53:29 AM,1/10/2026,
489,43.9,gf,2.125,mm,OK,--,9:53:29 AM,1/10/2026,
490,43.9,gf,2.130,mm,OK,--,9:53:29 AM,1/10/2026,
491,43.7,gf,2.135,mm,OK,--,9:53:30 AM,1/10/2026,
492,43.8,gf,2.135,mm,OK,--,9:53:30 AM,1/10/2026,
493,44.1,gf,2.135,mm,OK,--,9:53:30 AM,1/10/2026,
494,44.0,gf,2.140,mm,OK,--,9:53:30 AM,1/10/2026,
495,43.8,gf,2.140,mm,OK,--,9:53:30 AM,1/10/2026,
496,43.8,gf,2.140,mm,OK,--,9:53:30 AM,1/10/2026,
497,43.9,gf,2.145,mm,OK,--,9:53:30 AM,1/10/2026,
498,43.8,gf,2.145,mm,OK,--,9:53:30 AM,1/10/2026,
499,43.8,gf,2.145,mm,OK,--,9:53:30 AM,1/10/2026,
500,43.8,gf,2.145,mm,OK,--,9:53:30 AM,1/10/2026,
501,43.9,gf,2.145,mm,OK,--,9:53:31 AM,1/10/2026,
502,43.8,gf,2.145,mm,OK,--,9:53:31 AM,1/10/2026,
503,43.9,gf,2.150,mm,OK,--,9:53:31 AM,1/10/2026,
504,44.0,gf,2.150,mm,OK,--,9:53:31 AM,1/10/2026,
505,44.0,gf,2.150,mm,OK,--,9:53:31 AM,1/10/2026,
506,44.0,gf,2.150,mm,OK,--,9:53:31 AM,1/10/2026,
507,43.8,gf,2.155,mm,OK,--,9:53:31 AM,1/10/2026,
508,43.8,gf,2.155,mm,OK,--,9:53:31 AM,1/10/2026,
509,43.8,gf,2.155,mm,OK,--,9:53:31 AM,1/10/2026,
510,43.8,gf,2.155,mm,OK,--,9:53:31 AM,1/10/2026,
511,43.9,gf,2.155,mm,OK,--,9:53:32 AM,1/10/2026,
512,44.0,gf,2.160,mm,OK,--,9:53:32 AM,1/10/2026,
513,44.1,gf,2.160,mm,OK,--,9:53:32 AM,1/10/2026,
514,44.1,gf,2.165,mm,OK,--,9:53:32 AM,1/10/2026,
515,44.1,gf,2.165,mm,OK,--,9:53:32 AM,1/10/2026,
516,44.0,gf,2.170,mm,OK,--,9:53:32 AM,1/10/2026,
517,44.0,gf,2.175,mm,OK,--,9:53:32 AM,1/10/2026,
518,44.0,gf,2.180,mm,OK,--,9:53:32 AM,1/10/2026,
519,43.9,gf,2.185,mm,OK,--,9:53:32 AM,1/10/2026,
520,43.9,gf,2.190,mm,OK,--,9:53:32 AM,1/10/2026,
521,43.9,gf,2.195,mm,OK,--,9:53:33 AM,1/10/2026,
522,43.9,gf,2.195,mm,OK,--,9:53:33 AM,1/10/2026,
523,43.9,gf,2.200,mm,OK,--,9:53:33 AM,1/10/2026,
524,43.9,gf,2.205,mm,OK,--,9:53:33 AM,1/10/2026,
525,43.9,gf,2.205,mm,OK,--,9:53:33 AM,1/10/2026,
526,43.9,gf,2.210,mm,OK,--,9:53:33 AM,1/10/2026,
527,44.0,gf,2.210,mm,OK,--,9:53:33 AM,1/10/2026,
528,44.1,gf,2.215,mm,OK,--,9:53:33 AM,1/10/2026,
529,44.2,gf,2.220,mm,OK,--,9:53:33 AM,1/10/2026,
530,44.2,gf,2.220,mm,OK,--,9:53:33 AM,1/10/2026,
531,44.2,gf,2.225,mm,OK,--,9:53:34 AM,1/10/2026,
532,44.2,gf,2.230,mm,OK,--,9:53:34 AM,1/10/2026,
533,44.2,gf,2.235,mm,OK,--,9:53:34 AM,1/10/2026,
534,44.2,gf,2.235,mm,OK,--,9:53:34 AM,1/10/2026,
535,44.2,gf,2.240,mm,OK,--,9:53:34 AM,1/10/2026,
536,44.2,gf,2.245,mm,OK,--,9:53:34 AM,1/10/2026,
537,44.3,gf,2.245,mm,OK,--,9:53:34 AM,1/10/2026,
538,44.2,gf,2.250,mm,OK,--,9:53:34 AM,1/10/2026,
539,44.1,gf,2.255,mm,OK,--,9:53:34 AM,1/10/2026,
540,44.1,gf,2.260,mm,OK,--,9:53:34 AM,1/10/2026,
541,44.1,gf,2.265,mm,OK,--,9:53:35 AM,1/10/2026,
542,44.1,gf,2.265,mm,OK,--,9:53:35 AM,1/10/2026,
543,44.3,gf,2.270,mm,OK,--,9:53:35 AM,1/10/2026,
544,44.3,gf,2.275,mm,OK,--,9:53:35 AM,1/10/2026,
545,44.3,gf,2.280,mm,OK,--,9:53:35 AM,1/10/2026,
546,44.3,gf,2.285,mm,OK,--,9:53:35 AM,1/10/2026,
547,44.4,gf,2.290,mm,OK,--,9:53:35 AM,1/10/2026,
548,44.4,gf,2.290,mm,OK,--,9:53:35 AM,1/10/2026,
549,44.4,gf,2.295,mm,OK,--,9:53:35 AM,1/10/2026,
550,44.5,gf,2.300,mm,OK,--,9:53:35 AM,1/10/2026,
551,44.5,gf,2.305,mm,OK,--,9:53:36 AM,1/10/2026,
552,44.5,gf,2.310,mm,OK,--,9:53:36 AM,1/10/2026,
553,44.4,gf,2.310,mm,OK,--,9:53:36 AM,1/10/2026,
554,44.4,gf,2.315,mm,OK,--,9:53:36 AM,1/10/2026,
555,44.5,gf,2.315,mm,OK,--,9:53:36 AM,1/10/2026,
556,44.5,gf,2.320,mm,OK,--,9:53:36 AM,1/10/2026,
557,44.4,gf,2.320,mm,OK,--,9:53:36 AM,1/10/2026,
558,44.4,gf,2.320,mm,OK,--,9:53:36 AM,1/10/2026,
559,44.4,gf,2.320,mm,OK,--,9:53:36 AM,1/10/2026,
560,44.5,gf,2.325,mm,OK,--,9:53:36 AM,1/10/2026,
561,44.4,gf,2.325,mm,OK,--,9:53:37 AM,1/10/2026,
562,44.4,gf,2.325,mm,OK,--,9:53:37 AM,1/10/2026,
563,44.4,gf,2.325,mm,OK,--,9:53:37 AM,1/10/2026,
564,44.5,gf,2.325,mm,OK,--,9:53:37 AM,1/10/2026,
565,44.5,gf,2.325,mm,OK,--,9:53:37 AM,1/10/2026,
566,44.6,gf,2.330,mm,OK,--,9:53:37 AM,1/10/2026,
567,44.6,gf,2.330,mm,OK,--,9:53:37 AM,1/10/2026,
568,44.6,gf,2.330,mm,OK,--,9:53:37 AM,1/10/2026,
569,44.6,gf,2.330,mm,OK,--,9:53:37 AM,1/10/2026,
570,44.6,gf,2.335,mm,OK,--,9:53:37 AM,1/10/2026,
571,44.6,gf,2.335,mm,OK,--,9:53:38 AM,1/10/2026,
572,44.6,gf,2.335,mm,OK,--,9:53:38 AM,1/10/2026,
573,44.6,gf,2.335,mm,OK,--,9:53:38 AM,1/10/2026,
574,44.6,gf,2.335,mm,OK,--,9:53:38 AM,1/10/2026,
575,44.6,gf,2.335,mm,OK,--,9:53:38 AM,1/10/2026,
576,44.7,gf,2.340,mm,OK,--,9:53:38 AM,1/10/2026,
577,44.7,gf,2.340,mm,OK,--,9:53:38 AM,1/10/2026,
578,44.7,gf,2.340,mm,OK,--,9:53:38 AM,1/10/2026,
579,44.7,gf,2.340,mm,OK,--,9:53:38 AM,1/10/2026,
580,44.7,gf,2.340,mm,OK,--,9:53:38 AM,1/10/2026,
581,44.6,gf,2.340,mm,OK,--,9:53:39 AM,1/10/2026,
582,44.6,gf,2.345,mm,OK,--,9:53:39 AM,1/10/2026,
583,44.6,gf,2.345,mm,OK,--,9:53:39 AM,1/10/2026,
584,44.8,gf,2.345,mm,OK,--,9:53:39 AM,1/10/2026,
585,44.9,gf,2.345,mm,OK,--,9:53:39 AM,1/10/2026,
586,44.8,gf,2.350,mm,OK,--,9:53:39 AM,1/10/2026,
587,44.8,gf,2.355,mm,OK,--,9:53:39 AM,1/10/2026,
588,44.9,gf,2.355,mm,OK,--,9:53:39 AM,1/10/2026,
589,44.8,gf,2.360,mm,OK,--,9:53:39 AM,1/10/2026,
590,44.8,gf,2.365,mm,OK,--,9:53:39 AM,1/10/2026,
591,44.8,gf,2.370,mm,OK,--,9:53:40 AM,1/10/2026,
592,44.8,gf,2.375,mm,OK,--,9:53:40 AM,1/10/2026,
593,45.0,gf,2.380,mm,OK,--,9:53:40 AM,1/10/2026,
594,45.2,gf,2.390,mm,OK,--,9:53:40 AM,1/10/2026,
595,45.1,gf,2.395,mm,OK,--,9:53:40 AM,1/10/2026,
596,45.1,gf,2.405,mm,OK,--,9:53:40 AM,1/10/2026,
597,45.1,gf,2.410,mm,OK,--,9:53:40 AM,1/10/2026,
598,45.0,gf,2.415,mm,OK,--,9:53:40 AM,1/10/2026,
599,45.0,gf,2.420,mm,OK,--,9:53:40 AM,1/10/2026,
600,45.1,gf,2.425,mm,OK,--,9:53:40 AM,1/10/2026,
601,44.9,gf,2.430,mm,OK,--,9:53:41 AM,1/10/2026,
602,44.9,gf,2.435,mm,OK,--,9:53:41 AM,1/10/2026,
603,45.0,gf,2.435,mm,OK,--,9:53:41 AM,1/10/2026,
604,45.0,gf,2.440,mm,OK,--,9:53:41 AM,1/10/2026,
605,45.0,gf,2.445,mm,OK,--,9:53:41 AM,1/10/2026,
606,45.1,gf,2.445,mm,OK,--,9:53:41 AM,1/10/2026,
607,45.1,gf,2.450,mm,OK,--,9:53:41 AM,1/10/2026,
608,45.1,gf,2.450,mm,OK,--,9:53:41 AM,1/10/2026,
609,45.2,gf,2.455,mm,OK,--,9:53:41 AM,1/10/2026,
610,45.1,gf,2.455,mm,OK,--,9:53:41 AM,1/10/2026,
611,45.1,gf,2.460,mm,OK,--,9:53:41 AM,1/10/2026,
612,45.2,gf,2.465,mm,OK,--,9:53:42 AM,1/10/2026,
613,45.2,gf,2.465,mm,OK,--,9:53:42 AM,1/10/2026,
614,45.3,gf,2.470,mm,OK,--,9:53:42 AM,1/10/2026,
615,45.3,gf,2.475,mm,OK,--,9:53:42 AM,1/10/2026,
616,45.4,gf,2.480,mm,OK,--,9:53:42 AM,1/10/2026,
617,45.5,gf,2.485,mm,OK,--,9:53:42 AM,1/10/2026,
618,45.6,gf,2.490,mm,OK,--,9:53:42 AM,1/10/2026,
619,45.6,gf,2.495,mm,OK,--,9:53:42 AM,1/10/2026,
620,45.7,gf,2.500,mm,OK,--,9:53:42 AM,1/10/2026,
621,45.8,gf,2.505,mm,OK,--,9:53:42 AM,1/10/2026,
622,45.8,gf,2.505,mm,OK,--,9:53:43 AM,1/10/2026,
623,45.9,gf,2.510,mm,OK,--,9:53:43 AM,1/10/2026,
624,45.9,gf,2.515,mm,OK,--,9:53:43 AM,1/10/2026,
625,45.9,gf,2.515,mm,OK,--,9:53:43 AM,1/10/2026,
626,45.9,gf,2.520,mm,OK,--,9:53:43 AM,1/10/2026,
627,45.9,gf,2.525,mm,OK,--,9:53:43 AM,1/10/2026,
628,45.9,gf,2.525,mm,OK,--,9:53:43 AM,1/10/2026,
629,46.0,gf,2.530,mm,OK,--,9:53:43 AM,1/10/2026,
630,46.0,gf,2.530,mm,OK,--,9:53:43 AM,1/10/2026,
631,46.0,gf,2.535,mm,OK,--,9:53:44 AM,1/10/2026,
632,46.1,gf,2.540,mm,OK,--,9:53:44 AM,1/10/2026,
633,46.1,gf,2.540,mm,OK,--,9:53:44 AM,1/10/2026,
634,46.1,gf,2.545,mm,OK,--,9:53:44 AM,1/10/2026,
635,46.1,gf,2.545,mm,OK,--,9:53:44 AM,1/10/2026,
636,46.2,gf,2.550,mm,OK,--,9:53:44 AM,1/10/2026,
637,46.2,gf,2.555,mm,OK,--,9:53:44 AM,1/10/2026,
638,46.2,gf,2.555,mm,OK,--,9:53:44 AM,1/10/2026,
639,46.3,gf,2.560,mm,OK,--,9:53:44 AM,1/10/2026,
640,46.3,gf,2.565,mm,OK,--,9:53:44 AM,1/10/2026,
641,46.4,gf,2.565,mm,OK,--,9:53:44 AM,1/10/2026,
642,46.4,gf,2.570,mm,OK,--,9:53:45 AM,1/10/2026,
643,46.4,gf,2.570,mm,OK,--,9:53:45 AM,1/10/2026,
644,46.3,gf,2.575,mm,OK,--,9:53:45 AM,1/10/2026,
645,46.3,gf,2.575,mm,OK,--,9:53:45 AM,1/10/2026,
646,46.4,gf,2.580,mm,OK,--,9:53:45 AM,1/10/2026,
647,46.2,gf,2.585,mm,OK,--,9:53:45 AM,1/10/2026,
648,46.2,gf,2.585,mm,OK,--,9:53:45 AM,1/10/2026,
649,46.3,gf,2.590,mm,OK,--,9:53:45 AM,1/10/2026,
650,46.3,gf,2.590,mm,OK,--,9:53:45 AM,1/10/2026,
651,46.4,gf,2.595,mm,OK,--,9:53:45 AM,1/10/2026,
652,46.4,gf,2.600,mm,OK,--,9:53:46 AM,1/10/2026,
653,46.4,gf,2.605,mm,OK,--,9:53:46 AM,1/10/2026,
654,46.4,gf,2.610,mm,OK,--,9:53:46 AM,1/10/2026,
655,46.4,gf,2.615,mm,OK,--,9:53:46 AM,1/10/2026,
656,46.4,gf,2.620,mm,OK,--,9:53:46 AM,1/10/2026,
657,46.4,gf,2.625,mm,OK,--,9:53:46 AM,1/10/2026,
658,46.4,gf,2.635,mm,OK,--,9:53:46 AM,1/10/2026,
659,46.5,gf,2.645,mm,OK,--,9:53:46 AM,1/10/2026,
660,46.5,gf,2.660,mm,OK,--,9:53:46 AM,1/10/2026,
661,46.5,gf,2.670,mm,OK,--,9:53:46 AM,1/10/2026,
662,46.6,gf,2.680,mm,OK,--,9:53:47 AM,1/10/2026,
663,46.7,gf,2.690,mm,OK,--,9:53:47 AM,1/10/2026,
664,46.7,gf,2.700,mm,OK,--,9:53:47 AM,1/10/2026,
665,46.8,gf,2.705,mm,OK,--,9:53:47 AM,1/10/2026,
666,46.8,gf,2.715,mm,OK,--,9:53:47 AM,1/10/2026,
667,46.9,gf,2.720,mm,OK,--,9:53:47 AM,1/10/2026,
668,47.0,gf,2.725,mm,OK,--,9:53:47 AM,1/10/2026,
669,47.1,gf,2.735,mm,OK,--,9:53:47 AM,1/10/2026,
670,47.1,gf,2.740,mm,OK,--,9:53:47 AM,1/10/2026,
671,47.1,gf,2.750,mm,OK,--,9:53:47 AM,1/10/2026,
672,47.2,gf,2.755,mm,OK,--,9:53:48 AM,1/10/2026,
673,47.3,gf,2.760,mm,OK,--,9:53:48 AM,1/10/2026,
674,47.3,gf,2.765,mm,OK,--,9:53:48 AM,1/10/2026,
675,47.3,gf,2.770,mm,OK,--,9:53:48 AM,1/10/2026,
676,47.3,gf,2.775,mm,OK,--,9:53:48 AM,1/10/2026,
677,47.4,gf,2.775,mm,OK,--,9:53:48 AM,1/10/2026,
678,47.4,gf,2.780,mm,OK,--,9:53:48 AM,1/10/2026,
679,47.4,gf,2.785,mm,OK,--,9:53:48 AM,1/10/2026,
680,47.4,gf,2.785,mm,OK,--,9:53:48 AM,1/10/2026,
681,47.4,gf,2.790,mm,OK,--,9:53:48 AM,1/10/2026,
682,47.5,gf,2.795,mm,OK,--,9:53:49 AM,1/10/2026,
683,47.4,gf,2.800,mm,OK,--,9:53:49 AM,1/10/2026,
684,47.5,gf,2.800,mm,OK,--,9:53:49 AM,1/10/2026,
685,47.5,gf,2.805,mm,OK,--,9:53:49 AM,1/10/2026,
686,47.5,gf,2.805,mm,OK,--,9:53:49 AM,1/10/2026,
687,47.5,gf,2.810,mm,OK,--,9:53:49 AM,1/10/2026,
688,47.6,gf,2.815,mm,OK,--,9:53:49 AM,1/10/2026,
689,47.6,gf,2.820,mm,OK,--,9:53:49 AM,1/10/2026,
690,47.6,gf,2.825,mm,OK,--,9:53:49 AM,1/10/2026,
691,47.6,gf,2.830,mm,OK,--,9:53:50 AM,1/10/2026,
692,47.6,gf,2.835,mm,OK,--,9:53:50 AM,1/10/2026,
693,47.6,gf,2.840,mm,OK,--,9:53:50 AM,1/10/2026,
694,47.7,gf,2.845,mm,OK,--,9:53:50 AM,1/10/2026,
695,47.7,gf,2.850,mm,OK,--,9:53:50 AM,1/10/2026,
696,47.7,gf,2.855,mm,OK,--,9:53:50 AM,1/10/2026,
697,47.7,gf,2.860,mm,OK,--,9:53:50 AM,1/10/2026,
698,47.8,gf,2.870,mm,OK,--,9:53:50 AM,1/10/2026,
699,47.8,gf,2.880,mm,OK,--,9:53:50 AM,1/10/2026,
700,47.9,gf,2.885,mm,OK,--,9:53:50 AM,1/10/2026,
701,48.0,gf,2.895,mm,OK,--,9:53:50 AM,1/10/2026,
702,47.9,gf,2.900,mm,OK,--,9:53:51 AM,1/10/2026,
703,48.0,gf,2.910,mm,OK,--,9:53:51 AM,1/10/2026,
704,48.1,gf,2.920,mm,OK,--,9:53:51 AM,1/10/2026,
705,48.1,gf,2.930,mm,OK,--,9:53:51 AM,1/10/2026,
706,48.1,gf,2.935,mm,OK,--,9:53:51 AM,1/10/2026,
707,48.2,gf,2.940,mm,OK,--,9:53:51 AM,1/10/2026,
708,48.2,gf,2.945,mm,OK,--,9:53:51 AM,1/10/2026,
709,48.2,gf,2.950,mm,OK,--,9:53:51 AM,1/10/2026,
710,48.2,gf,2.955,mm,OK,--,9:53:51 AM,1/10/2026,
711,48.2,gf,2.960,mm,OK,--,9:53:51 AM,1/10/2026,
712,48.2,gf,2.960,mm,OK,--,9:53:52 AM,1/10/2026,
713,48.2,gf,2.965,mm,OK,--,9:53:52 AM,1/10/2026,
714,48.2,gf,2.970,mm,OK,--,9:53:52 AM,1/10/2026,
715,48.3,gf,2.975,mm,OK,--,9:53:52 AM,1/10/2026,
716,48.3,gf,2.980,mm,OK,--,9:53:52 AM,1/10/2026,
717,48.3,gf,2.980,mm,OK,--,9:53:52 AM,1/10/2026,
718,48.4,gf,2.985,mm,OK,--,9:53:52 AM,1/10/2026,
719,48.4,gf,2.990,mm,OK,--,9:53:52 AM,1/10/2026,
720,48.4,gf,2.995,mm,OK,--,9:53:52 AM,1/10/2026,
721,48.4,gf,2.995,mm,OK,--,9:53:52 AM,1/10/2026,
722,48.4,gf,2.995,mm,OK,--,9:53:53 AM,1/10/2026,
723,48.4,gf,2.995,mm,OK,--,9:53:53 AM,1/10/2026,
724,48.4,gf,3.000,mm,OK,--,9:53:53 AM,1/10/2026,
725,48.4,gf,3.000,mm,OK,--,9:53:53 AM,1/10/2026,
726,48.4,gf,3.005,mm,OK,--,9:53:53 AM,1/10/2026,
727,48.4,gf,3.005,mm,OK,--,9:53:53 AM,1/10/2026,
728,48.5,gf,3.010,mm,OK,--,9:53:53 AM,1/10/2026,
729,48.5,gf,3.015,mm,OK,--,9:53:53 AM,1/10/2026,
730,48.5,gf,3.020,mm,OK,--,9:53:53 AM,1/10/2026,
731,48.4,gf,3.020,mm,OK,--,9:53:53 AM,1/10/2026,
732,48.5,gf,3.020,mm,OK,--,9:53:54 AM,1/10/2026,
733,48.5,gf,3.025,mm,OK,--,9:53:54 AM,1/10/2026,
734,48.5,gf,3.025,mm,OK,--,9:53:54 AM,1/10/2026,
735,48.5,gf,3.030,mm,OK,--,9:53:54 AM,1/10/2026,
736,48.5,gf,3.030,mm,OK,--,9:53:54 AM,1/10/2026,
737,48.5,gf,3.030,mm,OK,--,9:53:54 AM,1/10/2026,
738,48.6,gf,3.035,mm,OK,--,9:53:54 AM,1/10/2026,
739,48.6,gf,3.035,mm,OK,--,9:53:54 AM,1/10/2026,
740,48.6,gf,3.035,mm,OK,--,9:53:54 AM,1/10/2026,
741,48.6,gf,3.040,mm,OK,--,9:53:54 AM,1/10/2026,
742,48.6,gf,3.040,mm,OK,--,9:53:55 AM,1/10/2026,
743,48.6,gf,3.040,mm,OK,--,9:53:55 AM,1/10/2026,
744,48.6,gf,3.045,mm,OK,--,9:53:55 AM,1/10/2026,
745,48.6,gf,3.045,mm,OK,--,9:53:55 AM,1/10/2026,
746,48.6,gf,3.045,mm,OK,--,9:53:55 AM,1/10/2026,
747,48.6,gf,3.050,mm,OK,--,9:53:55 AM,1/10/2026,
748,48.7,gf,3.055,mm,OK,--,9:53:55 AM,1/10/2026,
749,48.7,gf,3.065,mm,OK,--,9:53:55 AM,1/10/2026,
750,48.8,gf,3.070,mm,OK,--,9:53:55 AM,1/10/2026,
751,48.7,gf,3.080,mm,OK,--,9:53:55 AM,1/10/2026,
752,48.9,gf,3.095,mm,OK,--,9:53:56 AM,1/10/2026,
753,49.0,gf,3.110,mm,OK,--,9:53:56 AM,1/10/2026,
754,49.1,gf,3.125,mm,OK,--,9:53:56 AM,1/10/2026,
755,49.0,gf,3.140,mm,OK,--,9:53:56 AM,1/10/2026,
756,49.1,gf,3.165,mm,OK,--,9:53:56 AM,1/10/2026,
757,49.2,gf,3.185,mm,OK,--,9:53:56 AM,1/10/2026,
758,49.3,gf,3.205,mm,OK,--,9:53:56 AM,1/10/2026,
759,49.4,gf,3.220,mm,OK,--,9:53:56 AM,1/10/2026,
760,49.4,gf,3.240,mm,OK,--,9:53:56 AM,1/10/2026,
761,49.6,gf,3.250,mm,OK,--,9:53:56 AM,1/10/2026,
762,49.5,gf,3.270,mm,OK,--,9:53:57 AM,1/10/2026,
763,49.6,gf,3.285,mm,OK,--,9:53:57 AM,1/10/2026,
764,49.7,gf,3.305,mm,OK,--,9:53:57 AM,1/10/2026,
765,49.8,gf,3.325,mm,OK,--,9:53:57 AM,1/10/2026,
766,49.9,gf,3.340,mm,OK,--,9:53:57 AM,1/10/2026,
767,50.0,gf,3.355,mm,OK,--,9:53:57 AM,1/10/2026,
768,50.0,gf,3.370,mm,OK,--,9:53:57 AM,1/10/2026,
769,50.0,gf,3.380,mm,OK,--,9:53:57 AM,1/10/2026,
770,50.2,gf,3.385,mm,OK,--,9:53:57 AM,1/10/2026,
771,50.2,gf,3.395,mm,OK,--,9:53:57 AM,1/10/2026,
772,50.2,gf,3.400,mm,OK,--,9:53:58 AM,1/10/2026,
773,50.2,gf,3.400,mm,OK,--,9:53:58 AM,1/10/2026,
774,50.2,gf,3.405,mm,OK,--,9:53:58 AM,1/10/2026,
775,50.3,gf,3.405,mm,OK,--,9:53:58 AM,1/10/2026,
776,50.3,gf,3.410,mm,OK,--,9:53:58 AM,1/10/2026,
777,50.3,gf,3.415,mm,OK,--,9:53:58 AM,1/10/2026,
778,50.3,gf,3.420,mm,OK,--,9:53:58 AM,1/10/2026,
779,50.3,gf,3.425,mm,OK,--,9:53:58 AM,1/10/2026,
780,50.3,gf,3.425,mm,OK,--,9:53:58 AM,1/10/2026,
781,50.3,gf,3.430,mm,OK,--,9:53:58 AM,1/10/2026,
782,50.4,gf,3.435,mm,OK,--,9:53:59 AM,1/10/2026,
783,50.4,gf,3.440,mm,OK,--,9:53:59 AM,1/10/2026,
784,50.4,gf,3.445,mm,OK,--,9:53:59 AM,1/10/2026,
785,50.5,gf,3.450,mm,OK,--,9:53:59 AM,1/10/2026,
786,50.5,gf,3.455,mm,OK,--,9:53:59 AM,1/10/2026,
787,50.5,gf,3.460,mm,OK,--,9:53:59 AM,1/10/2026,
788,50.6,gf,3.465,mm,OK,--,9:53:59 AM,1/10/2026,
789,50.6,gf,3.470,mm,OK,--,9:53:59 AM,1/10/2026,
790,50.6,gf,3.475,mm,OK,--,9:53:59 AM,1/10/2026,
791,50.6,gf,3.480,mm,OK,--,9:53:59 AM,1/10/2026,
792,50.6,gf,3.485,mm,OK,--,9:54:00 AM,1/10/2026,
793,50.6,gf,3.495,mm,OK,--,9:54:00 AM,1/10/2026,
794,50.7,gf,3.500,mm,OK,--,9:54:00 AM,1/10/2026,
795,50.7,gf,3.510,mm,OK,--,9:54:00 AM,1/10/2026,
796,50.8,gf,3.515,mm,OK,--,9:54:00 AM,1/10/2026,
797,50.8,gf,3.525,mm,OK,--,9:54:00 AM,1/10/2026,
798,50.9,gf,3.535,mm,OK,--,9:54:00 AM,1/10/2026,
799,50.9,gf,3.545,mm,OK,--,9:54:00 AM,1/10/2026,
800,51.0,gf,3.555,mm,OK,--,9:54:00 AM,1/10/2026,
801,51.0,gf,3.565,mm,OK,--,9:54:00 AM,1/10/2026,
802,51.0,gf,3.570,mm,OK,--,9:54:01 AM,1/10/2026,
803,51.1,gf,3.575,mm,OK,--,9:54:01 AM,1/10/2026,
804,51.1,gf,3.580,mm,OK,--,9:54:01 AM,1/10/2026,
805,51.0,gf,3.585,mm,OK,--,9:54:01 AM,1/10/2026,
806,51.1,gf,3.590,mm,OK,--,9:54:01 AM,1/10/2026,
807,51.1,gf,3.595,mm,OK,--,9:54:01 AM,1/10/2026,
808,51.1,gf,3.600,mm,OK,--,9:54:01 AM,1/10/2026,
809,51.1,gf,3.600,mm,OK,--,9:54:01 AM,1/10/2026,
810,51.2,gf,3.605,mm,OK,--,9:54:01 AM,1/10/2026,
811,51.1,gf,3.610,mm,OK,--,9:54:01 AM,1/10/2026,
812,51.2,gf,3.610,mm,OK,--,9:54:02 AM,1/10/2026,
813,51.2,gf,3.615,mm,OK,--,9:54:02 AM,1/10/2026,
814,51.2,gf,3.620,mm,OK,--,9:54:02 AM,1/10/2026,
815,51.2,gf,3.620,mm,OK,--,9:54:02 AM,1/10/2026,
816,51.2,gf,3.625,mm,OK,--,9:54:02 AM,1/10/2026,
817,51.2,gf,3.625,mm,OK,--,9:54:02 AM,1/10/2026,
818,51.3,gf,3.630,mm,OK,--,9:54:02 AM,1/10/2026,
819,51.3,gf,3.630,mm,OK,--,9:54:02 AM,1/10/2026,
820,51.3,gf,3.635,mm,OK,--,9:54:02 AM,1/10/2026,
821,51.3,gf,3.640,mm,OK,--,9:54:02 AM,1/10/2026,
822,51.3,gf,3.640,mm,OK,--,9:54:03 AM,1/10/2026,
823,51.3,gf,3.645,mm,OK,--,9:54:03 AM,1/10/2026,
824,51.3,gf,3.645,mm,OK,--,9:54:03 AM,1/10/2026,
825,51.3,gf,3.650,mm,OK,--,9:54:03 AM,1/10/2026,
826,51.3,gf,3.650,mm,OK,--,9:54:03 AM,1/10/2026,
827,51.3,gf,3.650,mm,OK,--,9:54:03 AM,1/10/2026,
828,51.3,gf,3.650,mm,OK,--,9:54:03 AM,1/10/2026,
829,51.3,gf,3.650,mm,OK,--,9:54:03 AM,1/10/2026,
830,51.3,gf,3.655,mm,OK,--,9:54:03 AM,1/10/2026,
831,51.3,gf,3.655,mm,OK,--,9:54:03 AM,1/10/2026,
832,51.4,gf,3.655,mm,OK,--,9:54:04 AM,1/10/2026,
833,51.4,gf,3.660,mm,OK,--,9:54:04 AM,1/10/2026,
834,51.4,gf,3.660,mm,OK,--,9:54:04 AM,1/10/2026,
835,51.4,gf,3.665,mm,OK,--,9:54:04 AM,1/10/2026,
836,51.4,gf,3.665,mm,OK,--,9:54:04 AM,1/10/2026,
837,51.4,gf,3.670,mm,OK,--,9:54:04 AM,1/10/2026,
838,51.4,gf,3.670,mm,OK,--,9:54:04 AM,1/10/2026,
839,51.4,gf,3.675,mm,OK,--,9:54:04 AM,1/10/2026,
840,51.5,gf,3.680,mm,OK,--,9:54:04 AM,1/10/2026,
841,51.5,gf,3.680,mm,OK,--,9:54:04 AM,1/10/2026,
842,51.5,gf,3.685,mm,OK,--,9:54:05 AM,1/10/2026,
843,51.5,gf,3.685,mm,OK,--,9:54:05 AM,1/10/2026,
844,51.5,gf,3.690,mm,OK,--,9:54:05 AM,1/10/2026,
845,51.5,gf,3.690,mm,OK,--,9:54:05 AM,1/10/2026,
846,51.6,gf,3.695,mm,OK,--,9:54:05 AM,1/10/2026,
847,51.5,gf,3.695,mm,OK,--,9:54:05 AM,1/10/2026,
848,51.6,gf,3.700,mm,OK,--,9:54:05 AM,1/10/2026,
849,51.6,gf,3.700,mm,OK,--,9:54:05 AM,1/10/2026,
850,51.6,gf,3.705,mm,OK,--,9:54:05 AM,1/10/2026,
851,51.6,gf,3.705,mm,OK,--,9:54:05 AM,1/10/2026,
852,51.6,gf,3.710,mm,OK,--,9:54:06 AM,1/10/2026,
853,51.6,gf,3.710,mm,OK,--,9:54:06 AM,1/10/2026,
854,51.7,gf,3.715,mm,OK,--,9:54:06 AM,1/10/2026,
855,51.7,gf,3.720,mm,OK,--,9:54:06 AM,1/10/2026,
856,51.7,gf,3.720,mm,OK,--,9:54:06 AM,1/10/2026,
857,51.7,gf,3.725,mm,OK,--,9:54:06 AM,1/10/2026,
858,51.7,gf,3.730,mm,OK,--,9:54:06 AM,1/10/2026,
859,51.7,gf,3.735,mm,OK,--,9:54:06 AM,1/10/2026,
860,51.7,gf,3.740,mm,OK,--,9:54:06 AM,1/10/2026,
861,51.8,gf,3.750,mm,OK,--,9:54:06 AM,1/10/2026,
862,51.8,gf,3.755,mm,OK,--,9:54:07 AM,1/10/2026,
863,51.8,gf,3.765,mm,OK,--,9:54:07 AM,1/10/2026,
864,51.9,gf,3.775,mm,OK,--,9:54:07 AM,1/10/2026,
865,51.9,gf,3.785,mm,OK,--,9:54:07 AM,1/10/2026,
866,51.9,gf,3.790,mm,OK,--,9:54:07 AM,1/10/2026,
867,52.0,gf,3.800,mm,OK,--,9:54:07 AM,1/10/2026,
868,52.0,gf,3.810,mm,OK,--,9:54:07 AM,1/10/2026,
869,52.1,gf,3.820,mm,OK,--,9:54:07 AM,1/10/2026,
870,52.2,gf,3.825,mm,OK,--,9:54:07 AM,1/10/2026,
871,52.2,gf,3.835,mm,OK,--,9:54:07 AM,1/10/2026,
872,52.3,gf,3.845,mm,OK,--,9:54:08 AM,1/10/2026,
873,52.3,gf,3.850,mm,OK,--,9:54:08 AM,1/10/2026,
874,52.4,gf,3.860,mm,OK,--,9:54:08 AM,1/10/2026,
875,52.3,gf,3.865,mm,OK,--,9:54:08 AM,1/10/2026,
876,52.3,gf,3.870,mm,OK,--,9:54:08 AM,1/10/2026,
877,52.8,gf,3.880,mm,OK,--,9:54:08 AM,1/10/2026,
878,58.8,gf,3.885,mm,OK,--,9:54:08 AM,1/10/2026,
879,63.2,gf,3.890,mm,OK,--,9:54:08 AM,1/10/2026,
880,65.8,gf,3.895,mm,OK,--,9:54:08 AM,1/10/2026,
881,67.8,gf,3.895,mm,OK,--,9:54:08 AM,1/10/2026,
882,69.5,gf,3.895,mm,OK,--,9:54:09 AM,1/10/2026,
883,70.8,gf,3.900,mm,OK,--,9:54:09 AM,1/10/2026,
884,72.2,gf,3.900,mm,OK,--,9:54:09 AM,1/10/2026,
885,73.5,gf,3.900,mm,OK,--,9:54:09 AM,1/10/2026,
886,74.0,gf,3.900,mm,OK,--,9:54:09 AM,1/10/2026,
887,74.4,gf,3.900,mm,OK,--,9:54:09 AM,1/10/2026,
888,75.1,gf,3.905,mm,OK,--,9:54:09 AM,1/10/2026,
889,75.7,gf,3.905,mm,OK,--,9:54:09 AM,1/10/2026,
890,76.5,gf,3.905,mm,OK,--,9:54:09 AM,1/10/2026,
891,77.6,gf,3.905,mm,OK,--,9:54:09 AM,1/10/2026,
892,78.2,gf,3.905,mm,OK,--,9:54:10 AM,1/10/2026,
893,78.7,gf,3.905,mm,OK,--,9:54:10 AM,1/10/2026,
894,80.0,gf,3.910,mm,OK,--,9:54:10 AM,1/10/2026,
895,81.0,gf,3.910,mm,OK,--,9:54:10 AM,1/10/2026,
896,81.6,gf,3.910,mm,OK,--,9:54:10 AM,1/10/2026,
897,81.9,gf,3.910,mm,OK,--,9:54:10 AM,1/10/2026,
898,82.0,gf,3.910,mm,OK,--,9:54:10 AM,1/10/2026,
899,82.2,gf,3.910,mm,OK,--,9:54:10 AM,1/10/2026,
900,82.8,gf,3.910,mm,OK,--,9:54:10 AM,1/10/2026,
901,83.4,gf,3.910,mm,OK,--,9:54:10 AM,1/10/2026,
902,84.1,gf,3.910,mm,OK,--,9:54:11 AM,1/10/2026,
903,84.6,gf,3.915,mm,OK,--,9:54:11 AM,1/10/2026,
904,85.2,gf,3.915,mm,OK,--,9:54:11 AM,1/10/2026,
905,86.0,gf,3.915,mm,OK,--,9:54:11 AM,1/10/2026,
906,87.1,gf,3.915,mm,OK,--,9:54:11 AM,1/10/2026,
907,88.4,gf,3.915,mm,OK,--,9:54:11 AM,1/10/2026,
908,89.9,gf,3.920,mm,OK,--,9:54:11 AM,1/10/2026,
909,91.5,gf,3.920,mm,OK,--,9:54:11 AM,1/10/2026,
910,93.1,gf,3.920,mm,OK,--,9:54:11 AM,1/10/2026,
911,94.6,gf,3.925,mm,OK,--,9:54:11 AM,1/10/2026,
912,96.0,gf,3.925,mm,OK,--,9:54:12 AM,1/10/2026,
913,97.3,gf,3.925,mm,OK,--,9:54:12 AM,1/10/2026,
914,98.5,gf,3.930,mm,OK,--,9:54:12 AM,1/10/2026,
915,99.9,gf,3.930,mm,OK,--,9:54:12 AM,1/10/2026,
916,101.3,gf,3.930,mm,OK,--,9:54:12 AM,1/10/2026,
917,103.0,gf,3.930,mm,OK,--,9:54:12 AM,1/10/2026,
918,105.2,gf,3.935,mm,OK,--,9:54:12 AM,1/10/2026,
919,107.1,gf,3.935,mm,OK,--,9:54:12 AM,1/10/2026,
920,108.9,gf,3.940,mm,OK,--,9:54:12 AM,1/10/2026,
921,110.7,gf,3.940,mm,OK,--,9:54:12 AM,1/10/2026,
922,112.1,gf,3.940,mm,OK,--,9:54:13 AM,1/10/2026,
923,113.7,gf,3.945,mm,OK,--,9:54:13 AM,1/10/2026,
924,115.5,gf,3.945,mm,OK,--,9:54:13 AM,1/10/2026,
925,117.4,gf,3.945,mm,OK,--,9:54:13 AM,1/10/2026,
926,120.1,gf,3.950,mm,OK,--,9:54:13 AM,1/10/2026,
927,123.5,gf,3.955,mm,OK,--,9:54:13 AM,1/10/2026,
928,127.0,gf,3.955,mm,OK,--,9:54:13 AM,1/10/2026,
929,130.8,gf,3.960,mm,OK,--,9:54:13 AM,1/10/2026,
930,134.6,gf,3.965,mm,OK,--,9:54:13 AM,1/10/2026,
931,137.6,gf,3.965,mm,OK,--,9:54:13 AM,1/10/2026,
932,140.3,gf,3.970,mm,OK,--,9:54:14 AM,1/10/2026,
933,143.0,gf,3.970,mm,OK,--,9:54:14 AM,1/10/2026,
934,145.3,gf,3.975,mm,OK,--,9:54:14 AM,1/10/2026,
935,147.5,gf,3.975,mm,OK,--,9:54:14 AM,1/10/2026,
936,149.4,gf,3.980,mm,OK,--,9:54:14 AM,1/10/2026,
937,151.6,gf,3.980,mm,OK,--,9:54:14 AM,1/10/2026,
938,154.3,gf,3.985,mm,OK,--,9:54:14 AM,1/10/2026,
939,157.8,gf,3.985,mm,OK,--,9:54:14 AM,1/10/2026,
940,161.4,gf,3.990,mm,OK,--,9:54:14 AM,1/10/2026,
941,164.7,gf,3.995,mm,OK,--,9:54:14 AM,1/10/2026,
942,167.8,gf,3.995,mm,OK,--,9:54:15 AM,1/10/2026,
943,171.6,gf,4.000,mm,OK,--,9:54:15 AM,1/10/2026,
944,176.6,gf,4.005,mm,OK,--,9:54:15 AM,1/10/2026,
945,182.4,gf,4.010,mm,OK,--,9:54:15 AM,1/10/2026,
946,188.2,gf,4.020,mm,OK,--,9:54:15 AM,1/10/2026,
947,194.0,gf,4.025,mm,OK,--,9:54:15 AM,1/10/2026,
948,197.2,gf,4.025,mm,OK,--,9:54:15 AM,1/10/2026,
949,198.2,gf,4.025,mm,OK,--,9:54:15 AM,1/10/2026,
950,198.0,gf,4.025,mm,OK,--,9:54:15 AM,1/10/2026,
951,197.9,gf,4.025,mm,OK,--,9:54:15 AM,1/10/2026,
952,197.9,gf,4.025,mm,OK,--,9:54:16 AM,1/10/2026,
953,197.8,gf,4.025,mm,OK,--,9:54:16 AM,1/10/2026,
954,197.8,gf,4.025,mm,OK,--,9:54:16 AM,1/10/2026,
955,197.7,gf,4.025,mm,OK,--,9:54:16 AM,1/10/2026,
956,197.7,gf,4.025,mm,OK,--,9:54:16 AM,1/10/2026,
957,197.7,gf,4.025,mm,OK,--,9:54:16 AM,1/10/2026,
958,197.6,gf,4.025,mm,OK,--,9:54:16 AM,1/10/2026,
959,197.6,gf,4.025,mm,OK,--,9:54:16 AM,1/10/2026,
960,197.6,gf,4.025,mm,OK,--,9:54:16 AM,1/10/2026,
961,197.5,gf,4.025,mm,OK,--,9:54:16 AM,1/10/2026,
962,197.5,gf,4.025,mm,OK,--,9:54:17 AM,1/10/2026,
963,197.4,gf,4.025,mm,OK,--,9:54:17 AM,1/10/2026,
964,197.3,gf,4.025,mm,OK,--,9:54:17 AM,1/10/2026,
965,197.1,gf,4.025,mm,OK,--,9:54:17 AM,1/10/2026,
966,197.0,gf,4.025,mm,OK,--,9:54:17 AM,1/10/2026,
967,196.8,gf,4.025,mm,OK,--,9:54:17 AM,1/10/2026,
968,196.6,gf,4.025,mm,OK,--,9:54:17 AM,1/10/2026,
969,196.5,gf,4.025,mm,OK,--,9:54:17 AM,1/10/2026,
970,196.2,gf,4.025,mm,OK,--,9:54:17 AM,1/10/2026,
971,195.5,gf,4.025,mm,OK,--,9:54:17 AM,1/10/2026,
972,194.0,gf,4.025,mm,OK,--,9:54:18 AM,1/10/2026,
973,192.6,gf,4.025,mm,OK,--,9:54:18 AM,1/10/2026,
974,190.5,gf,4.020,mm,OK,--,9:54:18 AM,1/10/2026,
975,188.4,gf,4.020,mm,OK,--,9:54:18 AM,1/10/2026,
976,187.7,gf,4.020,mm,OK,--,9:54:18 AM,1/10/2026,
977,187.0,gf,4.020,mm,OK,--,9:54:18 AM,1/10/2026,
978,184.7,gf,4.015,mm,OK,--,9:54:18 AM,1/10/2026,
979,182.4,gf,4.015,mm,OK,--,9:54:18 AM,1/10/2026,
980,180.5,gf,4.015,mm,OK,--,9:54:18 AM,1/10/2026,
981,179.2,gf,4.010,mm,OK,--,9:54:18 AM,1/10/2026,
982,178.4,gf,4.010,mm,OK,--,9:54:19 AM,1/10/2026,
983,177.8,gf,4.010,mm,OK,--,9:54:19 AM,1/10/2026,
984,177.1,gf,4.010,mm,OK,--,9:54:19 AM,1/10/2026,
985,176.4,gf,4.010,mm,OK,--,9:54:19 AM,1/10/2026,
986,175.5,gf,4.010,mm,OK,--,9:54:19 AM,1/10/2026,
987,174.8,gf,4.005,mm,OK,--,9:54:19 AM,1/10/2026,
988,174.1,gf,4.005,mm,OK,--,9:54:19 AM,1/10/2026,
989,173.5,gf,4.005,mm,OK,--,9:54:19 AM,1/10/2026,
990,173.2,gf,4.005,mm,OK,--,9:54:19 AM,1/10/2026,
991,172.7,gf,4.005,mm,OK,--,9:54:19 AM,1/10/2026,
992,172.6,gf,4.005,mm,OK,--,9:54:20 AM,1/10/2026,
993,172.4,gf,4.005,mm,OK,--,9:54:20 AM,1/10/2026,
994,172.3,gf,4.005,mm,OK,--,9:54:20 AM,1/10/2026,
995,172.1,gf,4.005,mm,OK,--,9:54:20 AM,1/10/2026,
996,171.5,gf,4.005,mm,OK,--,9:54:20 AM,1/10/2026,
997,170.5,gf,4.005,mm,OK,--,9:54:20 AM,1/10/2026,
998,169.8,gf,4.005,mm,OK,--,9:54:20 AM,1/10/2026,
999,169.3,gf,4.000,mm,OK,--,9:54:20 AM,1/10/2026,
1000,168.9,gf,4.000,mm,OK,--,9:54:20 AM,1/10/2026,
1001,168.4,gf,4.000,mm,OK,--,9:54:20 AM,1/10/2026,
1002,167.9,gf,4.000,mm,OK,--,9:54:21 AM,1/10/2026,
1003,167.5,gf,4.000,mm,OK,--,9:54:21 AM,1/10/2026,
1004,166.8,gf,4.000,mm,OK,--,9:54:21 AM,1/10/2026,
1005,166.0,gf,4.000,mm,OK,--,9:54:21 AM,1/10/2026,
1006,165.1,gf,4.000,mm,OK,--,9:54:21 AM,1/10/2026,
1007,164.0,gf,3.995,mm,OK,--,9:54:21 AM,1/10/2026,
1008,162.6,gf,3.995,mm,OK,--,9:54:21 AM,1/10/2026,
1009,160.7,gf,3.995,mm,OK,--,9:54:21 AM,1/10/2026,
1010,158.7,gf,3.990,mm,OK,--,9:54:21 AM,1/10/2026,
1011,156.8,gf,3.990,mm,OK,--,9:54:21 AM,1/10/2026,
1012,154.6,gf,3.990,mm,OK,--,9:54:22 AM,1/10/2026,
1013,152.6,gf,3.985,mm,OK,--,9:54:22 AM,1/10/2026,
1014,151.2,gf,3.985,mm,OK,--,9:54:22 AM,1/10/2026,
1015,150.5,gf,3.985,mm,OK,--,9:54:22 AM,1/10/2026,
1016,149.4,gf,3.985,mm,OK,--,9:54:22 AM,1/10/2026,
1017,148.3,gf,3.980,mm,OK,--,9:54:22 AM,1/10/2026,
1018,147.4,gf,3.980,mm,OK,--,9:54:22 AM,1/10/2026,
1019,146.5,gf,3.980,mm,OK,--,9:54:22 AM,1/10/2026,
1020,145.7,gf,3.980,mm,OK,--,9:54:22 AM,1/10/2026,
1021,145.0,gf,3.980,mm,OK,--,9:54:22 AM,1/10/2026,
1022,144.3,gf,3.980,mm,OK,--,9:54:23 AM,1/10/2026,
1023,143.6,gf,3.975,mm,OK,--,9:54:23 AM,1/10/2026,
1024,143.1,gf,3.975,mm,OK,--,9:54:23 AM,1/10/2026,
1025,142.6,gf,3.975,mm,OK,--,9:54:23 AM,1/10/2026,
1026,142.1,gf,3.975,mm,OK,--,9:54:23 AM,1/10/2026,
1027,141.5,gf,3.975,mm,OK,--,9:54:23 AM,1/10/2026,
1028,140.9,gf,3.975,mm,OK,--,9:54:23 AM,1/10/2026,
1029,140.3,gf,3.975,mm,OK,--,9:54:23 AM,1/10/2026,
1030,139.6,gf,3.975,mm,OK,--,9:54:23 AM,1/10/2026,
1031,138.8,gf,3.975,mm,OK,--,9:54:23 AM,1/10/2026,
1032,138.0,gf,3.970,mm,OK,--,9:54:24 AM,1/10/2026,
1033,137.2,gf,3.970,mm,OK,--,9:54:24 AM,1/10/2026,
1034,136.3,gf,3.970,mm,OK,--,9:54:24 AM,1/10/2026,
1035,135.3,gf,3.970,mm,OK,--,9:54:24 AM,1/10/2026,
1036,134.4,gf,3.970,mm,OK,--,9:54:24 AM,1/10/2026,
1037,133.2,gf,3.965,mm,OK,--,9:54:24 AM,1/10/2026,
1038,132.1,gf,3.965,mm,OK,--,9:54:24 AM,1/10/2026,
1039,130.8,gf,3.965,mm,OK,--,9:54:24 AM,1/10/2026,
1040,129.6,gf,3.965,mm,OK,--,9:54:24 AM,1/10/2026,
1041,128.6,gf,3.965,mm,OK,--,9:54:24 AM,1/10/2026,
1042,127.4,gf,3.960,mm,OK,--,9:54:25 AM,1/10/2026,
1043,125.8,gf,3.960,mm,OK,--,9:54:25 AM,1/10/2026,
1044,123.4,gf,3.960,mm,OK,--,9:54:25 AM,1/10/2026,
1045,120.0,gf,3.955,mm,OK,--,9:54:25 AM,1/10/2026,
1046,116.9,gf,3.950,mm,OK,--,9:54:25 AM,1/10/2026,
1047,114.4,gf,3.950,mm,OK,--,9:54:25 AM,1/10/2026,
1048,112.2,gf,3.945,mm,OK,--,9:54:25 AM,1/10/2026,
1049,109.9,gf,3.945,mm,OK,--,9:54:25 AM,1/10/2026,
1050,108.0,gf,3.945,mm,OK,--,9:54:25 AM,1/10/2026,
1051,106.4,gf,3.940,mm,OK,--,9:54:25 AM,1/10/2026,
1052,105.3,gf,3.940,mm,OK,--,9:54:26 AM,1/10/2026,
1053,103.6,gf,3.940,mm,OK,--,9:54:26 AM,1/10/2026,
1054,101.8,gf,3.935,mm,OK,--,9:54:26 AM,1/10/2026,
1055,100.4,gf,3.935,mm,OK,--,9:54:26 AM,1/10/2026,
1056,99.4,gf,3.935,mm,OK,--,9:54:26 AM,1/10/2026,
1057,98.4,gf,3.935,mm,OK,--,9:54:26 AM,1/10/2026,
1058,97.8,gf,3.935,mm,OK,--,9:54:26 AM,1/10/2026,
1059,97.4,gf,3.930,mm,OK,--,9:54:26 AM,1/10/2026,
1060,97.1,gf,3.930,mm,OK,--,9:54:26 AM,1/10/2026,
1061,96.7,gf,3.930,mm,OK,--,9:54:26 AM,1/10/2026,
1062,96.0,gf,3.930,mm,OK,--,9:54:27 AM,1/10/2026,
1063,94.9,gf,3.930,mm,OK,--,9:54:27 AM,1/10/2026,
1064,93.9,gf,3.930,mm,OK,--,9:54:27 AM,1/10/2026,
1065,92.8,gf,3.925,mm,OK,--,9:54:27 AM,1/10/2026,
1066,91.8,gf,3.925,mm,OK,--,9:54:27 AM,1/10/2026,
1067,90.5,gf,3.925,mm,OK,--,9:54:27 AM,1/10/2026,
1068,89.5,gf,3.925,mm,OK,--,9:54:27 AM,1/10/2026,
1069,88.5,gf,3.925,mm,OK,--,9:54:27 AM,1/10/2026,
1070,87.4,gf,3.920,mm,OK,--,9:54:27 AM,1/10/2026,
1071,86.7,gf,3.920,mm,OK,--,9:54:27 AM,1/10/2026,
1072,86.0,gf,3.920,mm,OK,--,9:54:28 AM,1/10/2026,
1073,85.3,gf,3.920,mm,OK,--,9:54:28 AM,1/10/2026,
1074,84.9,gf,3.920,mm,OK,--,9:54:28 AM,1/10/2026,
1075,84.6,gf,3.920,mm,OK,--,9:54:28 AM,1/10/2026,
1076,84.2,gf,3.920,mm,OK,--,9:54:28 AM,1/10/2026,
1077,83.8,gf,3.920,mm,OK,--,9:54:28 AM,1/10/2026,
1078,83.1,gf,3.920,mm,OK,--,9:54:28 AM,1/10/2026,
1079,82.6,gf,3.915,mm,OK,--,9:54:28 AM,1/10/2026,
1080,82.2,gf,3.915,mm,OK,--,9:54:28 AM,1/10/2026,
1081,81.7,gf,3.915,mm,OK,--,9:54:28 AM,1/10/2026,
1082,80.8,gf,3.915,mm,OK,--,9:54:29 AM,1/10/2026,
1083,79.9,gf,3.915,mm,OK,--,9:54:29 AM,1/10/2026,
1084,78.6,gf,3.910,mm,OK,--,9:54:29 AM,1/10/2026,
1085,76.8,gf,3.910,mm,OK,--,9:54:29 AM,1/10/2026,
1086,75.1,gf,3.910,mm,OK,--,9:54:29 AM,1/10/2026,
1087,73.0,gf,3.905,mm,OK,--,9:54:29 AM,1/10/2026,
1088,70.4,gf,3.905,mm,OK,--,9:54:29 AM,1/10/2026,
1089,67.1,gf,3.900,mm,OK,--,9:54:29 AM,1/10/2026,
1090,64.7,gf,3.900,mm,OK,--,9:54:29 AM,1/10/2026,
1091,62.2,gf,3.895,mm,OK,--,9:54:29 AM,1/10/2026,
1092,59.3,gf,3.895,mm,OK,--,9:54:30 AM,1/10/2026,
1093,56.1,gf,3.890,mm,OK,--,9:54:30 AM,1/10/2026,
1094,53.4,gf,3.885,mm,OK,--,9:54:30 AM,1/10/2026,
1095,52.2,gf,3.885,mm,OK,--,9:54:30 AM,1/10/2026,
1096,52.2,gf,3.880,mm,OK,--,9:54:30 AM,1/10/2026,
1097,52.2,gf,3.875,mm,OK,--,9:54:30 AM,1/10/2026,
1098,52.2,gf,3.870,mm,OK,--,9:54:30 AM,1/10/2026,
1099,52.1,gf,3.865,mm,OK,--,9:54:30 AM,1/10/2026,
1100,52.1,gf,3.860,mm,OK,--,9:54:30 AM,1/10/2026,
1101,52.1,gf,3.855,mm,OK,--,9:54:30 AM,1/10/2026,
1102,52.1,gf,3.850,mm,OK,--,9:54:31 AM,1/10/2026,
1103,52.1,gf,3.845,mm,OK,--,9:54:31 AM,1/10/2026,
1104,52.0,gf,3.840,mm,OK,--,9:54:31 AM,1/10/2026,
1105,52.0,gf,3.835,mm,OK,--,9:54:31 AM,1/10/2026,
1106,52.0,gf,3.830,mm,OK,--,9:54:31 AM,1/10/2026,
1107,51.9,gf,3.825,mm,OK,--,9:54:31 AM,1/10/2026,
1108,51.9,gf,3.820,mm,OK,--,9:54:31 AM,1/10/2026,
1109,51.9,gf,3.810,mm,OK,--,9:54:31 AM,1/10/2026,
1110,51.8,gf,3.805,mm,OK,--,9:54:31 AM,1/10/2026,
1111,51.8,gf,3.800,mm,OK,--,9:54:31 AM,1/10/2026,
1112,51.8,gf,3.795,mm,OK,--,9:54:32 AM,1/10/2026,
1113,51.8,gf,3.790,mm,OK,--,9:54:32 AM,1/10/2026,
1114,51.8,gf,3.780,mm,OK,--,9:54:32 AM,1/10/2026,
1115,51.7,gf,3.775,mm,OK,--,9:54:32 AM,1/10/2026,
1116,51.7,gf,3.770,mm,OK,--,9:54:32 AM,1/10/2026,
1117,51.7,gf,3.760,mm,OK,--,9:54:32 AM,1/10/2026,
1118,51.6,gf,3.755,mm,OK,--,9:54:32 AM,1/10/2026,
1119,51.6,gf,3.745,mm,OK,--,9:54:32 AM,1/10/2026,
1120,51.6,gf,3.740,mm,OK,--,9:54:32 AM,1/10/2026,
1121,51.6,gf,3.735,mm,OK,--,9:54:32 AM,1/10/2026,
1122,51.5,gf,3.735,mm,OK,--,9:54:33 AM,1/10/2026,
1123,51.5,gf,3.730,mm,OK,--,9:54:33 AM,1/10/2026,
1124,51.5,gf,3.725,mm,OK,--,9:54:33 AM,1/10/2026,
1125,51.4,gf,3.720,mm,OK,--,9:54:33 AM,1/10/2026,
1126,51.4,gf,3.715,mm,OK,--,9:54:33 AM,1/10/2026,
1127,51.4,gf,3.710,mm,OK,--,9:54:33 AM,1/10/2026,
1128,51.3,gf,3.700,mm,OK,--,9:54:33 AM,1/10/2026,
1129,51.3,gf,3.695,mm,OK,--,9:54:33 AM,1/10/2026,
1130,51.3,gf,3.690,mm,OK,--,9:54:33 AM,1/10/2026,
1131,51.3,gf,3.690,mm,OK,--,9:54:33 AM,1/10/2026,
1132,51.3,gf,3.685,mm,OK,--,9:54:34 AM,1/10/2026,
1133,51.4,gf,3.685,mm,OK,--,9:54:34 AM,1/10/2026,
1134,51.3,gf,3.685,mm,OK,--,9:54:34 AM,1/10/2026,
1135,51.3,gf,3.680,mm,OK,--,9:54:34 AM,1/10/2026,
1136,51.3,gf,3.680,mm,OK,--,9:54:34 AM,1/10/2026,
1137,51.2,gf,3.675,mm,OK,--,9:54:34 AM,1/10/2026,
1138,51.2,gf,3.670,mm,OK,--,9:54:34 AM,1/10/2026,
1139,51.2,gf,3.660,mm,OK,--,9:54:34 AM,1/10/2026,
1140,51.2,gf,3.655,mm,OK,--,9:54:34 AM,1/10/2026,
1141,51.2,gf,3.650,mm,OK,--,9:54:34 AM,1/10/2026,
1142,51.1,gf,3.650,mm,OK,--,9:54:35 AM,1/10/2026,
1143,51.1,gf,3.645,mm,OK,--,9:54:35 AM,1/10/2026,
1144,51.1,gf,3.640,mm,OK,--,9:54:35 AM,1/10/2026,
1145,51.1,gf,3.635,mm,OK,--,9:54:35 AM,1/10/2026,
1146,51.0,gf,3.625,mm,OK,--,9:54:35 AM,1/10/2026,
1147,51.0,gf,3.620,mm,OK,--,9:54:35 AM,1/10/2026,
1148,50.9,gf,3.610,mm,OK,--,9:54:35 AM,1/10/2026,
1149,51.0,gf,3.605,mm,OK,--,9:54:35 AM,1/10/2026,
1150,51.0,gf,3.600,mm,OK,--,9:54:35 AM,1/10/2026,
1151,50.9,gf,3.595,mm,OK,--,9:54:35 AM,1/10/2026,
1152,50.8,gf,3.590,mm,OK,--,9:54:36 AM,1/10/2026,
1153,50.9,gf,3.585,mm,OK,--,9:54:36 AM,1/10/2026,
1154,50.8,gf,3.580,mm,OK,--,9:54:36 AM,1/10/2026,
1155,50.8,gf,3.575,mm,OK,--,9:54:36 AM,1/10/2026,
1156,50.7,gf,3.570,mm,OK,--,9:54:36 AM,1/10/2026,
1157,50.7,gf,3.565,mm,OK,--,9:54:36 AM,1/10/2026,
1158,50.7,gf,3.560,mm,OK,--,9:54:36 AM,1/10/2026,
1159,50.7,gf,3.555,mm,OK,--,9:54:36 AM,1/10/2026,
1160,50.7,gf,3.550,mm,OK,--,9:54:36 AM,1/10/2026,
1161,50.7,gf,3.540,mm,OK,--,9:54:36 AM,1/10/2026,
1162,50.6,gf,3.535,mm,OK,--,9:54:37 AM,1/10/2026,
1163,50.6,gf,3.530,mm,OK,--,9:54:37 AM,1/10/2026,
1164,50.5,gf,3.525,mm,OK,--,9:54:37 AM,1/10/2026,
1165,50.6,gf,3.520,mm,OK,--,9:54:37 AM,1/10/2026,
1166,50.5,gf,3.510,mm,OK,--,9:54:37 AM,1/10/2026,
1167,50.5,gf,3.505,mm,OK,--,9:54:37 AM,1/10/2026,
1168,50.4,gf,3.490,mm,OK,--,9:54:37 AM,1/10/2026,
1169,50.4,gf,3.480,mm,OK,--,9:54:37 AM,1/10/2026,
1170,50.3,gf,3.470,mm,OK,--,9:54:37 AM,1/10/2026,
1171,50.3,gf,3.460,mm,OK,--,9:54:37 AM,1/10/2026,
1172,50.2,gf,3.450,mm,OK,--,9:54:38 AM,1/10/2026,
1173,50.2,gf,3.445,mm,OK,--,9:54:38 AM,1/10/2026,
1174,50.2,gf,3.440,mm,OK,--,9:54:38 AM,1/10/2026,
1175,50.1,gf,3.435,mm,OK,--,9:54:38 AM,1/10/2026,
1176,50.1,gf,3.425,mm,OK,--,9:54:38 AM,1/10/2026,
1177,50.0,gf,3.410,mm,OK,--,9:54:38 AM,1/10/2026,
1178,49.9,gf,3.395,mm,OK,--,9:54:38 AM,1/10/2026,
1179,49.9,gf,3.390,mm,OK,--,9:54:38 AM,1/10/2026,
1180,49.9,gf,3.380,mm,OK,--,9:54:38 AM,1/10/2026,
1181,49.8,gf,3.370,mm,OK,--,9:54:38 AM,1/10/2026,
1182,49.7,gf,3.360,mm,OK,--,9:54:39 AM,1/10/2026,
1183,49.7,gf,3.350,mm,OK,--,9:54:39 AM,1/10/2026,
1184,49.7,gf,3.345,mm,OK,--,9:54:39 AM,1/10/2026,
1185,49.7,gf,3.335,mm,OK,--,9:54:39 AM,1/10/2026,
1186,49.6,gf,3.325,mm,OK,--,9:54:39 AM,1/10/2026,
1187,49.6,gf,3.320,mm,OK,--,9:54:39 AM,1/10/2026,
1188,49.5,gf,3.315,mm,OK,--,9:54:39 AM,1/10/2026,
1189,49.6,gf,3.310,mm,OK,--,9:54:39 AM,1/10/2026,
1190,49.5,gf,3.305,mm,OK,--,9:54:39 AM,1/10/2026,
1191,49.5,gf,3.300,mm,OK,--,9:54:39 AM,1/10/2026,
1192,49.5,gf,3.290,mm,OK,--,9:54:40 AM,1/10/2026,
1193,49.5,gf,3.285,mm,OK,--,9:54:40 AM,1/10/2026,
1194,49.4,gf,3.275,mm,OK,--,9:54:40 AM,1/10/2026,
1195,49.4,gf,3.270,mm,OK,--,9:54:40 AM,1/10/2026,
1196,49.4,gf,3.265,mm,OK,--,9:54:40 AM,1/10/2026,
1197,49.3,gf,3.255,mm,OK,--,9:54:40 AM,1/10/2026,
1198,49.2,gf,3.250,mm,OK,--,9:54:40 AM,1/10/2026,
1199,49.3,gf,3.245,mm,OK,--,9:54:40 AM,1/10/2026,
1200,49.3,gf,3.240,mm,OK,--,9:54:40 AM,1/10/2026,
1201,49.2,gf,3.235,mm,OK,--,9:54:40 AM,1/10/2026,
1202,49.2,gf,3.225,mm,OK,--,9:54:41 AM,1/10/2026,
1203,49.1,gf,3.215,mm,OK,--,9:54:41 AM,1/10/2026,
1204,49.1,gf,3.210,mm,OK,--,9:54:41 AM,1/10/2026,
1205,49.1,gf,3.205,mm,OK,--,9:54:41 AM,1/10/2026,
1206,49.1,gf,3.200,mm,OK,--,9:54:41 AM,1/10/2026,
1207,49.0,gf,3.190,mm,OK,--,9:54:41 AM,1/10/2026,
1208,49.0,gf,3.185,mm,OK,--,9:54:41 AM,1/10/2026,
1209,49.0,gf,3.180,mm,OK,--,9:54:41 AM,1/10/2026,
1210,49.0,gf,3.175,mm,OK,--,9:54:41 AM,1/10/2026,
1211,48.9,gf,3.165,mm,OK,--,9:54:41 AM,1/10/2026,
1212,48.9,gf,3.160,mm,OK,--,9:54:42 AM,1/10/2026,
1213,48.9,gf,3.150,mm,OK,--,9:54:42 AM,1/10/2026,
1214,48.8,gf,3.145,mm,OK,--,9:54:42 AM,1/10/2026,
1215,48.8,gf,3.140,mm,OK,--,9:54:42 AM,1/10/2026,
1216,48.7,gf,3.125,mm,OK,--,9:54:42 AM,1/10/2026,
1217,48.7,gf,3.115,mm,OK,--,9:54:42 AM,1/10/2026,
1218,48.6,gf,3.105,mm,OK,--,9:54:42 AM,1/10/2026,
1219,48.5,gf,3.085,mm,OK,--,9:54:42 AM,1/10/2026,
1220,48.5,gf,3.075,mm,OK,--,9:54:42 AM,1/10/2026,
1221,48.5,gf,3.065,mm,OK,--,9:54:42 AM,1/10/2026,
1222,48.4,gf,3.060,mm,OK,--,9:54:43 AM,1/10/2026,
1223,48.4,gf,3.055,mm,OK,--,9:54:43 AM,1/10/2026,
1224,48.4,gf,3.045,mm,OK,--,9:54:43 AM,1/10/2026,
1225,48.3,gf,3.035,mm,OK,--,9:54:43 AM,1/10/2026,
1226,48.3,gf,3.025,mm,OK,--,9:54:43 AM,1/10/2026,
1227,48.2,gf,3.010,mm,OK,--,9:54:43 AM,1/10/2026,
1228,48.2,gf,3.000,mm,OK,--,9:54:43 AM,1/10/2026,
1229,48.2,gf,2.995,mm,OK,--,9:54:43 AM,1/10/2026,
1230,48.2,gf,2.985,mm,OK,--,9:54:43 AM,1/10/2026,
1231,48.1,gf,2.980,mm,OK,--,9:54:43 AM,1/10/2026,
1232,48.1,gf,2.975,mm,OK,--,9:54:44 AM,1/10/2026,
1233,48.1,gf,2.970,mm,OK,--,9:54:44 AM,1/10/2026,
1234,48.0,gf,2.965,mm,OK,--,9:54:44 AM,1/10/2026,
1235,48.0,gf,2.965,mm,OK,--,9:54:44 AM,1/10/2026,
1236,48.0,gf,2.960,mm,OK,--,9:54:44 AM,1/10/2026,
1237,48.0,gf,2.955,mm,OK,--,9:54:44 AM,1/10/2026,
1238,47.9,gf,2.955,mm,OK,--,9:54:44 AM,1/10/2026,
1239,47.9,gf,2.945,mm,OK,--,9:54:44 AM,1/10/2026,
1240,47.9,gf,2.940,mm,OK,--,9:54:44 AM,1/10/2026,
1241,47.9,gf,2.935,mm,OK,--,9:54:44 AM,1/10/2026,
1242,47.8,gf,2.930,mm,OK,--,9:54:45 AM,1/10/2026,
1243,47.8,gf,2.920,mm,OK,--,9:54:45 AM,1/10/2026,
1244,47.7,gf,2.915,mm,OK,--,9:54:45 AM,1/10/2026,
1245,47.8,gf,2.910,mm,OK,--,9:54:45 AM,1/10/2026,
1246,47.7,gf,2.905,mm,OK,--,9:54:45 AM,1/10/2026,
1247,47.7,gf,2.895,mm,OK,--,9:54:45 AM,1/10/2026,
1248,47.7,gf,2.890,mm,OK,--,9:54:45 AM,1/10/2026,
1249,47.7,gf,2.885,mm,OK,--,9:54:45 AM,1/10/2026,
1250,47.6,gf,2.880,mm,OK,--,9:54:45 AM,1/10/2026,
1251,47.6,gf,2.875,mm,OK,--,9:54:45 AM,1/10/2026,
1252,47.6,gf,2.870,mm,OK,--,9:54:46 AM,1/10/2026,
1253,47.5,gf,2.860,mm,OK,--,9:54:46 AM,1/10/2026,
1254,47.5,gf,2.855,mm,OK,--,9:54:46 AM,1/10/2026,
1255,47.5,gf,2.845,mm,OK,--,9:54:46 AM,1/10/2026,
1256,47.4,gf,2.835,mm,OK,--,9:54:46 AM,1/10/2026,
1257,47.4,gf,2.825,mm,OK,--,9:54:46 AM,1/10/2026,
1258,47.3,gf,2.815,mm,OK,--,9:54:46 AM,1/10/2026,
1259,47.2,gf,2.805,mm,OK,--,9:54:46 AM,1/10/2026,
1260,46.9,gf,2.795,mm,OK,--,9:54:46 AM,1/10/2026,
1261,46.7,gf,2.785,mm,OK,--,9:54:46 AM,1/10/2026,
1262,46.1,gf,2.765,mm,OK,--,9:54:47 AM,1/10/2026,
1263,45.8,gf,2.745,mm,OK,--,9:54:47 AM,1/10/2026,
1264,45.2,gf,2.725,mm,OK,--,9:54:47 AM,1/10/2026,
1265,45.0,gf,2.710,mm,OK,--,9:54:47 AM,1/10/2026,
1266,44.7,gf,2.695,mm,OK,--,9:54:47 AM,1/10/2026,
1267,44.4,gf,2.685,mm,OK,--,9:54:47 AM,1/10/2026,
1268,44.1,gf,2.670,mm,OK,--,9:54:47 AM,1/10/2026,
1269,43.9,gf,2.660,mm,OK,--,9:54:47 AM,1/10/2026,
1270,43.7,gf,2.650,mm,OK,--,9:54:47 AM,1/10/2026,
1271,43.5,gf,2.640,mm,OK,--,9:54:47 AM,1/10/2026,
1272,43.2,gf,2.625,mm,OK,--,9:54:48 AM,1/10/2026,
1273,43.0,gf,2.615,mm,OK,--,9:54:48 AM,1/10/2026,
1274,42.8,gf,2.605,mm,OK,--,9:54:48 AM,1/10/2026,
1275,42.5,gf,2.595,mm,OK,--,9:54:48 AM,1/10/2026,
1276,42.3,gf,2.590,mm,OK,--,9:54:48 AM,1/10/2026,
1277,42.2,gf,2.580,mm,OK,--,9:54:48 AM,1/10/2026,
1278,42.0,gf,2.575,mm,OK,--,9:54:48 AM,1/10/2026,
1279,42.0,gf,2.575,mm,OK,--,9:54:48 AM,1/10/2026,
1280,41.7,gf,2.570,mm,OK,--,9:54:48 AM,1/10/2026,
1281,41.4,gf,2.565,mm,OK,--,9:54:48 AM,1/10/2026,
1282,41.2,gf,2.555,mm,OK,--,9:54:49 AM,1/10/2026,
1283,41.0,gf,2.550,mm,OK,--,9:54:49 AM,1/10/2026,
1284,40.8,gf,2.540,mm,OK,--,9:54:49 AM,1/10/2026,
1285,40.6,gf,2.530,mm,OK,--,9:54:49 AM,1/10/2026,
1286,40.4,gf,2.525,mm,OK,--,9:54:49 AM,1/10/2026,
1287,40.1,gf,2.515,mm,OK,--,9:54:49 AM,1/10/2026,
1288,39.8,gf,2.505,mm,OK,--,9:54:49 AM,1/10/2026,
1289,39.6,gf,2.495,mm,OK,--,9:54:49 AM,1/10/2026,
1290,39.3,gf,2.485,mm,OK,--,9:54:49 AM,1/10/2026,
1291,39.0,gf,2.470,mm,OK,--,9:54:49 AM,1/10/2026,
1292,38.9,gf,2.465,mm,OK,--,9:54:50 AM,1/10/2026,
1293,38.9,gf,2.460,mm,OK,--,9:54:50 AM,1/10/2026,
1294,38.8,gf,2.450,mm,OK,--,9:54:50 AM,1/10/2026,
1295,38.6,gf,2.445,mm,OK,--,9:54:50 AM,1/10/2026,
1296,38.4,gf,2.440,mm,OK,--,9:54:50 AM,1/10/2026,
1297,38.2,gf,2.435,mm,OK,--,9:54:50 AM,1/10/2026,
1298,38.0,gf,2.425,mm,OK,--,9:54:50 AM,1/10/2026,
1299,38.1,gf,2.420,mm,OK,--,9:54:50 AM,1/10/2026,
1300,38.0,gf,2.415,mm,OK,--,9:54:50 AM,1/10/2026,
1301,37.9,gf,2.410,mm,OK,--,9:54:50 AM,1/10/2026,
1302,37.6,gf,2.400,mm,OK,--,9:54:51 AM,1/10/2026,
1303,37.7,gf,2.395,mm,OK,--,9:54:51 AM,1/10/2026,
1304,37.5,gf,2.385,mm,OK,--,9:54:51 AM,1/10/2026,
1305,37.4,gf,2.380,mm,OK,--,9:54:51 AM,1/10/2026,
1306,37.4,gf,2.375,mm,OK,--,9:54:51 AM,1/10/2026,
1307,37.5,gf,2.370,mm,OK,--,9:54:51 AM,1/10/2026,
1308,37.5,gf,2.365,mm,OK,--,9:54:51 AM,1/10/2026,
1309,37.6,gf,2.360,mm,OK,--,9:54:51 AM,1/10/2026,
1310,37.5,gf,2.355,mm,OK,--,9:54:51 AM,1/10/2026,
1311,37.4,gf,2.355,mm,OK,--,9:54:51 AM,1/10/2026,
1312,37.2,gf,2.345,mm,OK,--,9:54:52 AM,1/10/2026,
1313,36.8,gf,2.335,mm,OK,--,9:54:52 AM,1/10/2026,
1314,36.9,gf,2.320,mm,OK,--,9:54:52 AM,1/10/2026,
1315,37.2,gf,2.310,mm,OK,--,9:54:52 AM,1/10/2026,
1316,36.9,gf,2.305,mm,OK,--,9:54:52 AM,1/10/2026,
1317,36.7,gf,2.300,mm,OK,--,9:54:52 AM,1/10/2026,
1318,36.8,gf,2.290,mm,OK,--,9:54:52 AM,1/10/2026,
1319,36.7,gf,2.285,mm,OK,--,9:54:52 AM,1/10/2026,
1320,36.5,gf,2.280,mm,OK,--,9:54:52 AM,1/10/2026,
1321,36.5,gf,2.275,mm,OK,--,9:54:52 AM,1/10/2026,
1322,36.4,gf,2.270,mm,OK,--,9:54:53 AM,1/10/2026,
1323,36.3,gf,2.265,mm,OK,--,9:54:53 AM,1/10/2026,
1324,36.4,gf,2.260,mm,OK,--,9:54:53 AM,1/10/2026,
1325,36.4,gf,2.255,mm,OK,--,9:54:53 AM,1/10/2026,
1326,36.5,gf,2.250,mm,OK,--,9:54:53 AM,1/10/2026,
1327,36.5,gf,2.245,mm,OK,--,9:54:53 AM,1/10/2026,
1328,36.4,gf,2.240,mm,OK,--,9:54:53 AM,1/10/2026,
1329,36.3,gf,2.240,mm,OK,--,9:54:53 AM,1/10/2026,
1330,36.2,gf,2.230,mm,OK,--,9:54:53 AM,1/10/2026,
1331,36.1,gf,2.225,mm,OK,--,9:54:53 AM,1/10/2026,
1332,36.0,gf,2.220,mm,OK,--,9:54:54 AM,1/10/2026,
1333,35.9,gf,2.210,mm,OK,--,9:54:54 AM,1/10/2026,
1334,36.0,gf,2.205,mm,OK,--,9:54:54 AM,1/10/2026,
1335,35.9,gf,2.205,mm,OK,--,9:54:54 AM,1/10/2026,
1336,36.0,gf,2.200,mm,OK,--,9:54:54 AM,1/10/2026,
1337,36.0,gf,2.195,mm,OK,--,9:54:54 AM,1/10/2026,
1338,36.0,gf,2.195,mm,OK,--,9:54:54 AM,1/10/2026,
1339,35.9,gf,2.195,mm,OK,--,9:54:54 AM,1/10/2026,
1340,35.9,gf,2.190,mm,OK,--,9:54:54 AM,1/10/2026,
1341,36.0,gf,2.190,mm,OK,--,9:54:54 AM,1/10/2026,
1342,35.9,gf,2.185,mm,OK,--,9:54:55 AM,1/10/2026,
1343,35.9,gf,2.185,mm,OK,--,9:54:55 AM,1/10/2026,
1344,35.9,gf,2.180,mm,OK,--,9:54:55 AM,1/10/2026,
1345,36.0,gf,2.180,mm,OK,--,9:54:55 AM,1/10/2026,
1346,36.1,gf,2.180,mm,OK,--,9:54:55 AM,1/10/2026,
1347,36.0,gf,2.175,mm,OK,--,9:54:55 AM,1/10/2026,
1348,36.0,gf,2.175,mm,OK,--,9:54:55 AM,1/10/2026,
1349,35.9,gf,2.175,mm,OK,--,9:54:55 AM,1/10/2026,
1350,35.8,gf,2.175,mm,OK,--,9:54:55 AM,1/10/2026,
1351,35.7,gf,2.170,mm,OK,--,9:54:55 AM,1/10/2026,
1352,35.5,gf,2.170,mm,OK,--,9:54:56 AM,1/10/2026,
1353,35.5,gf,2.165,mm,OK,--,9:54:56 AM,1/10/2026,
1354,35.5,gf,2.165,mm,OK,--,9:54:56 AM,1/10/2026,
1355,35.6,gf,2.160,mm,OK,--,9:54:56 AM,1/10/2026,
1356,35.5,gf,2.155,mm,OK,--,9:54:56 AM,1/10/2026,
1357,35.6,gf,2.155,mm,OK,--,9:54:56 AM,1/10/2026,
1358,35.6,gf,2.150,mm,OK,--,9:54:56 AM,1/10/2026,
1359,35.6,gf,2.150,mm,OK,--,9:54:56 AM,1/10/2026,
1360,35.5,gf,2.145,mm,OK,--,9:54:56 AM,1/10/2026,
1361,35.4,gf,2.145,mm,OK,--,9:54:56 AM,1/10/2026,
1362,35.4,gf,2.140,mm,OK,--,9:54:57 AM,1/10/2026,
1363,35.2,gf,2.140,mm,OK,--,9:54:57 AM,1/10/2026,
1364,35.2,gf,2.135,mm,OK,--,9:54:57 AM,1/10/2026,
1365,35.0,gf,2.130,mm,OK,--,9:54:57 AM,1/10/2026,
1366,35.0,gf,2.120,mm,OK,--,9:54:57 AM,1/10/2026,
1367,35.0,gf,2.115,mm,OK,--,9:54:57 AM,1/10/2026,
1368,34.9,gf,2.115,mm,OK,--,9:54:57 AM,1/10/2026,
1369,34.9,gf,2.110,mm,OK,--,9:54:57 AM,1/10/2026,
1370,34.9,gf,2.105,mm,OK,--,9:54:57 AM,1/10/2026,
1371,34.9,gf,2.100,mm,OK,--,9:54:57 AM,1/10/2026,
1372,34.9,gf,2.095,mm,OK,--,9:54:58 AM,1/10/2026,
1373,34.9,gf,2.090,mm,OK,--,9:54:58 AM,1/10/2026,
1374,34.9,gf,2.085,mm,OK,--,9:54:58 AM,1/10/2026,
1375,35.0,gf,2.085,mm,OK,--,9:54:58 AM,1/10/2026,
1376,34.9,gf,2.080,mm,OK,--,9:54:58 AM,1/10/2026,
1377,34.8,gf,2.075,mm,OK,--,9:54:58 AM,1/10/2026,
1378,34.8,gf,2.065,mm,OK,--,9:54:58 AM,1/10/2026,
1379,34.6,gf,2.060,mm,OK,--,9:54:58 AM,1/10/2026,
1380,34.6,gf,2.055,mm,OK,--,9:54:58 AM,1/10/2026,
1381,34.6,gf,2.050,mm,OK,--,9:54:58 AM,1/10/2026,
1382,34.6,gf,2.045,mm,OK,--,9:54:59 AM,1/10/2026,
1383,34.4,gf,2.040,mm,OK,--,9:54:59 AM,1/10/2026,
1384,34.3,gf,2.030,mm,OK,--,9:54:59 AM,1/10/2026,
1385,34.4,gf,2.025,mm,OK,--,9:54:59 AM,1/10/2026,
1386,34.4,gf,2.020,mm,OK,--,9:54:59 AM,1/10/2026,
1387,34.2,gf,2.015,mm,OK,--,9:54:59 AM,1/10/2026,
1388,34.3,gf,2.005,mm,OK,--,9:54:59 AM,1/10/2026,
1389,34.3,gf,2.000,mm,OK,--,9:54:59 AM,1/10/2026,
1390,34.4,gf,1.995,mm,OK,--,9:54:59 AM,1/10/2026,
1391,34.3,gf,1.990,mm,OK,--,9:54:59 AM,1/10/2026,
1392,34.3,gf,1.985,mm,OK,--,9:55:00 AM,1/10/2026,
1393,34.3,gf,1.980,mm,OK,--,9:55:00 AM,1/10/2026,
1394,34.1,gf,1.975,mm,OK,--,9:55:00 AM,1/10/2026,
1395,33.9,gf,1.970,mm,OK,--,9:55:00 AM,1/10/2026,
1396,33.8,gf,1.965,mm,OK,--,9:55:00 AM,1/10/2026,
1397,33.8,gf,1.955,mm,OK,--,9:55:00 AM,1/10/2026,
1398,33.8,gf,1.950,mm,OK,--,9:55:00 AM,1/10/2026,
1399,33.7,gf,1.945,mm,OK,--,9:55:00 AM,1/10/2026,
1400,33.7,gf,1.940,mm,OK,--,9:55:00 AM,1/10/2026,
1401,33.9,gf,1.935,mm,OK,--,9:55:00 AM,1/10/2026,
1402,33.8,gf,1.930,mm,OK,--,9:55:01 AM,1/10/2026,
1403,33.5,gf,1.925,mm,OK,--,9:55:01 AM,1/10/2026,
1404,33.3,gf,1.915,mm,OK,--,9:55:01 AM,1/10/2026,
1405,33.2,gf,1.900,mm,OK,--,9:55:01 AM,1/10/2026,
1406,33.4,gf,1.890,mm,OK,--,9:55:01 AM,1/10/2026,
1407,33.4,gf,1.885,mm,OK,--,9:55:01 AM,1/10/2026,
1408,33.3,gf,1.875,mm,OK,--,9:55:01 AM,1/10/2026,
1409,33.2,gf,1.870,mm,OK,--,9:55:01 AM,1/10/2026,
1410,33.1,gf,1.865,mm,OK,--,9:55:01 AM,1/10/2026,
1411,33.1,gf,1.855,mm,OK,--,9:55:01 AM,1/10/2026,
1412,32.8,gf,1.850,mm,OK,--,9:55:02 AM,1/10/2026,
1413,32.9,gf,1.840,mm,OK,--,9:55:02 AM,1/10/2026,
1414,32.8,gf,1.830,mm,OK,--,9:55:02 AM,1/10/2026,
1415,32.8,gf,1.825,mm,OK,--,9:55:02 AM,1/10/2026,
1416,32.7,gf,1.815,mm,OK,--,9:55:02 AM,1/10/2026,
1417,32.6,gf,1.810,mm,OK,--,9:55:02 AM,1/10/2026,
1418,32.6,gf,1.805,mm,OK,--,9:55:02 AM,1/10/2026,
1419,32.6,gf,1.800,mm,OK,--,9:55:02 AM,1/10/2026,
1420,32.5,gf,1.795,mm,OK,--,9:55:02 AM,1/10/2026,
1421,32.5,gf,1.790,mm,OK,--,9:55:02 AM,1/10/2026,
1422,32.4,gf,1.785,mm,OK,--,9:55:03 AM,1/10/2026,
1423,32.3,gf,1.780,mm,OK,--,9:55:03 AM,1/10/2026,
1424,32.2,gf,1.775,mm,OK,--,9:55:03 AM,1/10/2026,
1425,32.4,gf,1.765,mm,OK,--,9:55:03 AM,1/10/2026,
1426,32.3,gf,1.760,mm,OK,--,9:55:03 AM,1/10/2026,
1427,32.4,gf,1.755,mm,OK,--,9:55:03 AM,1/10/2026,
1428,32.4,gf,1.750,mm,OK,--,9:55:03 AM,1/10/2026,
1429,32.2,gf,1.745,mm,OK,--,9:55:03 AM,1/10/2026,
1430,32.3,gf,1.735,mm,OK,--,9:55:03 AM,1/10/2026,
1431,32.3,gf,1.730,mm,OK,--,9:55:03 AM,1/10/2026,
1432,32.2,gf,1.725,mm,OK,--,9:55:04 AM,1/10/2026,
1433,32.3,gf,1.720,mm,OK,--,9:55:04 AM,1/10/2026,
1434,32.2,gf,1.715,mm,OK,--,9:55:04 AM,1/10/2026,
1435,32.1,gf,1.710,mm,OK,--,9:55:04 AM,1/10/2026,
1436,32.1,gf,1.705,mm,OK,--,9:55:04 AM,1/10/2026,
1437,32.1,gf,1.700,mm,OK,--,9:55:04 AM,1/10/2026,
1438,32.0,gf,1.695,mm,OK,--,9:55:04 AM,1/10/2026,
1439,32.1,gf,1.695,mm,OK,--,9:55:04 AM,1/10/2026,
1440,32.2,gf,1.690,mm,OK,--,9:55:04 AM,1/10/2026,
1441,32.2,gf,1.690,mm,OK,--,9:55:04 AM,1/10/2026,
1442,32.2,gf,1.685,mm,OK,--,9:55:05 AM,1/10/2026,
1443,32.0,gf,1.680,mm,OK,--,9:55:05 AM,1/10/2026,
1444,32.1,gf,1.680,mm,OK,--,9:55:05 AM,1/10/2026,
1445,32.2,gf,1.675,mm,OK,--,9:55:05 AM,1/10/2026,
1446,32.1,gf,1.670,mm,OK,--,9:55:05 AM,1/10/2026,
1447,32.2,gf,1.665,mm,OK,--,9:55:05 AM,1/10/2026,
1448,32.0,gf,1.665,mm,OK,--,9:55:05 AM,1/10/2026,
1449,32.1,gf,1.660,mm,OK,--,9:55:05 AM,1/10/2026,
1450,32.1,gf,1.655,mm,OK,--,9:55:05 AM,1/10/2026,
1451,32.2,gf,1.655,mm,OK,--,9:55:05 AM,1/10/2026,
1452,32.2,gf,1.650,mm,OK,--,9:55:06 AM,1/10/2026,
1453,32.3,gf,1.650,mm,OK,--,9:55:06 AM,1/10/2026,
1454,32.3,gf,1.645,mm,OK,--,9:55:06 AM,1/10/2026,
1455,32.1,gf,1.640,mm,OK,--,9:55:06 AM,1/10/2026,
1456,32.0,gf,1.635,mm,OK,--,9:55:06 AM,1/10/2026,
1457,31.9,gf,1.630,mm,OK,--,9:55:06 AM,1/10/2026,
1458,31.9,gf,1.625,mm,OK,--,9:55:06 AM,1/10/2026,
1459,32.0,gf,1.620,mm,OK,--,9:55:06 AM,1/10/2026,
1460,32.0,gf,1.615,mm,OK,--,9:55:06 AM,1/10/2026,
1461,31.8,gf,1.605,mm,OK,--,9:55:06 AM,1/10/2026,
1462,31.7,gf,1.605,mm,OK,--,9:55:07 AM,1/10/2026,
1463,31.6,gf,1.600,mm,OK,--,9:55:07 AM,1/10/2026,
1464,31.5,gf,1.595,mm,OK,--,9:55:07 AM,1/10/2026,
1465,31.5,gf,1.590,mm,OK,--,9:55:07 AM,1/10/2026,
1466,31.3,gf,1.585,mm,OK,--,9:55:07 AM,1/10/2026,
1467,31.4,gf,1.580,mm,OK,--,9:55:07 AM,1/10/2026,
1468,31.6,gf,1.570,mm,OK,--,9:55:07 AM,1/10/2026,
1469,31.6,gf,1.565,mm,OK,--,9:55:07 AM,1/10/2026,
1470,31.6,gf,1.560,mm,OK,--,9:55:07 AM,1/10/2026,
1471,31.7,gf,1.560,mm,OK,--,9:55:07 AM,1/10/2026,
1472,31.8,gf,1.555,mm,OK,--,9:55:08 AM,1/10/2026,
1473,31.7,gf,1.555,mm,OK,--,9:55:08 AM,1/10/2026,
1474,31.5,gf,1.555,mm,OK,--,9:55:08 AM,1/10/2026,
1475,31.6,gf,1.550,mm,OK,--,9:55:08 AM,1/10/2026,
1476,31.6,gf,1.550,mm,OK,--,9:55:08 AM,1/10/2026,
1477,31.6,gf,1.545,mm,OK,--,9:55:08 AM,1/10/2026,
1478,31.4,gf,1.545,mm,OK,--,9:55:08 AM,1/10/2026,
1479,31.4,gf,1.540,mm,OK,--,9:55:08 AM,1/10/2026,
1480,31.4,gf,1.540,mm,OK,--,9:55:08 AM,1/10/2026,
1481,31.3,gf,1.535,mm,OK,--,9:55:08 AM,1/10/2026,
1482,31.2,gf,1.530,mm,OK,--,9:55:09 AM,1/10/2026,
1483,31.2,gf,1.525,mm,OK,--,9:55:09 AM,1/10/2026,
1484,31.2,gf,1.520,mm,OK,--,9:55:09 AM,1/10/2026,
1485,31.1,gf,1.515,mm,OK,--,9:55:09 AM,1/10/2026,
1486,31.0,gf,1.510,mm,OK,--,9:55:09 AM,1/10/2026,
1487,31.0,gf,1.505,mm,OK,--,9:55:09 AM,1/10/2026,
1488,30.9,gf,1.500,mm,OK,--,9:55:09 AM,1/10/2026,
1489,31.1,gf,1.495,mm,OK,--,9:55:09 AM,1/10/2026,
1490,31.2,gf,1.490,mm,OK,--,9:55:09 AM,1/10/2026,
1491,31.0,gf,1.490,mm,OK,--,9:55:09 AM,1/10/2026,
1492,31.1,gf,1.485,mm,OK,--,9:55:10 AM,1/10/2026,
1493,30.9,gf,1.485,mm,OK,--,9:55:10 AM,1/10/2026,
1494,30.9,gf,1.480,mm,OK,--,9:55:10 AM,1/10/2026,
1495,31.0,gf,1.475,mm,OK,--,9:55:10 AM,1/10/2026,
1496,31.1,gf,1.470,mm,OK,--,9:55:10 AM,1/10/2026,
1497,30.9,gf,1.470,mm,OK,--,9:55:10 AM,1/10/2026,
1498,30.9,gf,1.465,mm,OK,--,9:55:10 AM,1/10/2026,
1499,30.9,gf,1.460,mm,OK,--,9:55:10 AM,1/10/2026,
1500,30.9,gf,1.455,mm,OK,--,9:55:10 AM,1/10/2026,
1501,30.7,gf,1.450,mm,OK,--,9:55:10 AM,1/10/2026,
1502,30.6,gf,1.445,mm,OK,--,9:55:11 AM,1/10/2026,
1503,30.7,gf,1.440,mm,OK,--,9:55:11 AM,1/10/2026,
1504,30.8,gf,1.435,mm,OK,--,9:55:11 AM,1/10/2026,
1505,30.9,gf,1.430,mm,OK,--,9:55:11 AM,1/10/2026,
1506,30.8,gf,1.430,mm,OK,--,9:55:11 AM,1/10/2026,
1507,30.7,gf,1.425,mm,OK,--,9:55:11 AM,1/10/2026,
1508,30.7,gf,1.420,mm,OK,--,9:55:11 AM,1/10/2026,
1509,30.5,gf,1.420,mm,OK,--,9:55:11 AM,1/10/2026,
1510,30.6,gf,1.415,mm,OK,--,9:55:11 AM,1/10/2026,
1511,30.4,gf,1.410,mm,OK,--,9:55:11 AM,1/10/2026,
1512,30.4,gf,1.405,mm,OK,--,9:55:12 AM,1/10/2026,
1513,30.4,gf,1.400,mm,OK,--,9:55:12 AM,1/10/2026,
1514,30.5,gf,1.400,mm,OK,--,9:55:12 AM,1/10/2026,
1515,30.6,gf,1.395,mm,OK,--,9:55:12 AM,1/10/2026,
1516,30.5,gf,1.390,mm,OK,--,9:55:12 AM,1/10/2026,
1517,30.5,gf,1.390,mm,OK,--,9:55:12 AM,1/10/2026,
1518,30.4,gf,1.385,mm,OK,--,9:55:12 AM,1/10/2026,
1519,30.3,gf,1.385,mm,OK,--,9:55:12 AM,1/10/2026,
1520,30.2,gf,1.380,mm,OK,--,9:55:12 AM,1/10/2026,
1521,30.2,gf,1.375,mm,OK,--,9:55:12 AM,1/10/2026,
1522,30.1,gf,1.365,mm,OK,--,9:55:13 AM,1/10/2026,
1523,30.2,gf,1.360,mm,OK,--,9:55:13 AM,1/10/2026,
1524,30.3,gf,1.350,mm,OK,--,9:55:13 AM,1/10/2026,
1525,30.4,gf,1.345,mm,OK,--,9:55:13 AM,1/10/2026,
1526,30.4,gf,1.340,mm,OK,--,9:55:13 AM,1/10/2026,
1527,30.3,gf,1.330,mm,OK,--,9:55:13 AM,1/10/2026,
1528,30.3,gf,1.325,mm,OK,--,9:55:13 AM,1/10/2026,
1529,30.4,gf,1.320,mm,OK,--,9:55:13 AM,1/10/2026,
1530,30.1,gf,1.315,mm,OK,--,9:55:13 AM,1/10/2026,
1531,30.3,gf,1.310,mm,OK,--,9:55:13 AM,1/10/2026,
1532,30.3,gf,1.305,mm,OK,--,9:55:14 AM,1/10/2026,
1533,30.5,gf,1.300,mm,OK,--,9:55:14 AM,1/10/2026,
1534,30.4,gf,1.295,mm,OK,--,9:55:14 AM,1/10/2026,
1535,30.3,gf,1.295,mm,OK,--,9:55:14 AM,1/10/2026,
1536,30.3,gf,1.290,mm,OK,--,9:55:14 AM,1/10/2026,
1537,30.4,gf,1.285,mm,OK,--,9:55:14 AM,1/10/2026,
1538,30.4,gf,1.285,mm,OK,--,9:55:14 AM,1/10/2026,
1539,30.3,gf,1.285,mm,OK,--,9:55:14 AM,1/10/2026,
1540,30.3,gf,1.280,mm,OK,--,9:55:14 AM,1/10/2026,
1541,30.2,gf,1.280,mm,OK,--,9:55:14 AM,1/10/2026,
1542,30.2,gf,1.275,mm,OK,--,9:55:15 AM,1/10/2026,
1543,30.4,gf,1.275,mm,OK,--,9:55:15 AM,1/10/2026,
1544,30.3,gf,1.275,mm,OK,--,9:55:15 AM,1/10/2026,
1545,30.3,gf,1.275,mm,OK,--,9:55:15 AM,1/10/2026,
1546,30.3,gf,1.270,mm,OK,--,9:55:15 AM,1/10/2026,
1547,30.3,gf,1.270,mm,OK,--,9:55:15 AM,1/10/2026,
1548,30.3,gf,1.270,mm,OK,--,9:55:15 AM,1/10/2026,
1549,30.2,gf,1.270,mm,OK,--,9:55:15 AM,1/10/2026,
1550,30.2,gf,1.265,mm,OK,--,9:55:15 AM,1/10/2026,
1551,30.1,gf,1.265,mm,OK,--,9:55:15 AM,1/10/2026,
1552,29.9,gf,1.265,mm,OK,--,9:55:16 AM,1/10/2026,
1553,30.0,gf,1.260,mm,OK,--,9:55:16 AM,1/10/2026,
1554,30.1,gf,1.260,mm,OK,--,9:55:16 AM,1/10/2026,
1555,30.2,gf,1.255,mm,OK,--,9:55:16 AM,1/10/2026,
1556,29.9,gf,1.255,mm,OK,--,9:55:16 AM,1/10/2026,
1557,29.6,gf,1.250,mm,OK,--,9:55:16 AM,1/10/2026,
1558,29.7,gf,1.240,mm,OK,--,9:55:16 AM,1/10/2026,
1559,29.9,gf,1.235,mm,OK,--,9:55:16 AM,1/10/2026,
1560,30.0,gf,1.235,mm,OK,--,9:55:16 AM,1/10/2026,
1561,29.7,gf,1.230,mm,OK,--,9:55:16 AM,1/10/2026,
1562,29.7,gf,1.225,mm,OK,--,9:55:17 AM,1/10/2026,
1563,29.7,gf,1.220,mm,OK,--,9:55:17 AM,1/10/2026,
1564,29.4,gf,1.210,mm,OK,--,9:55:17 AM,1/10/2026,
1565,29.4,gf,1.205,mm,OK,--,9:55:17 AM,1/10/2026,
1566,29.4,gf,1.200,mm,OK,--,9:55:17 AM,1/10/2026,
1567,29.3,gf,1.190,mm,OK,--,9:55:17 AM,1/10/2026,
1568,29.3,gf,1.185,mm,OK,--,9:55:17 AM,1/10/2026,
1569,29.4,gf,1.175,mm,OK,--,9:55:17 AM,1/10/2026,
1570,29.4,gf,1.170,mm,OK,--,9:55:17 AM,1/10/2026,
1571,29.3,gf,1.165,mm,OK,--,9:55:17 AM,1/10/2026,
1572,29.5,gf,1.160,mm,OK,--,9:55:18 AM,1/10/2026,
1573,29.7,gf,1.155,mm,OK,--,9:55:18 AM,1/10/2026,
1574,29.9,gf,1.155,mm,OK,--,9:55:18 AM,1/10/2026,
1575,30.0,gf,1.155,mm,OK,--,9:55:18 AM,1/10/2026,
1576,29.9,gf,1.155,mm,OK,--,9:55:18 AM,1/10/2026,
1577,29.6,gf,1.150,mm,OK,--,9:55:18 AM,1/10/2026,
1578,29.3,gf,1.150,mm,OK,--,9:55:18 AM,1/10/2026,
1579,29.3,gf,1.145,mm,OK,--,9:55:18 AM,1/10/2026,
1580,28.9,gf,1.135,mm,OK,--,9:55:18 AM,1/10/2026,
1581,29.1,gf,1.130,mm,OK,--,9:55:18 AM,1/10/2026,
1582,28.7,gf,1.120,mm,OK,--,9:55:19 AM,1/10/2026,
1583,29.0,gf,1.110,mm,OK,--,9:55:19 AM,1/10/2026,
1584,29.3,gf,1.105,mm,OK,--,9:55:19 AM,1/10/2026,
1585,29.1,gf,1.105,mm,OK,--,9:55:19 AM,1/10/2026,
1586,29.0,gf,1.100,mm,OK,--,9:55:19 AM,1/10/2026,
1587,29.0,gf,1.090,mm,OK,--,9:55:19 AM,1/10/2026,
1588,28.9,gf,1.085,mm,OK,--,9:55:19 AM,1/10/2026,
1589,28.8,gf,1.080,mm,OK,--,9:55:19 AM,1/10/2026,
1590,28.7,gf,1.070,mm,OK,--,9:55:19 AM,1/10/2026,
1591,29.1,gf,1.065,mm,OK,--,9:55:19 AM,1/10/2026,
1592,29.2,gf,1.060,mm,OK,--,9:55:20 AM,1/10/2026,
1593,29.0,gf,1.060,mm,OK,--,9:55:20 AM,1/10/2026,
1594,28.8,gf,1.055,mm,OK,--,9:55:20 AM,1/10/2026,
1595,28.7,gf,1.050,mm,OK,--,9:55:20 AM,1/10/2026,
1596,28.7,gf,1.045,mm,OK,--,9:55:20 AM,1/10/2026,
1597,28.6,gf,1.035,mm,OK,--,9:55:20 AM,1/10/2026,
1598,28.6,gf,1.025,mm,OK,--,9:55:20 AM,1/10/2026,
1599,28.7,gf,1.020,mm,OK,--,9:55:20 AM,1/10/2026,
1600,28.5,gf,1.010,mm,OK,--,9:55:20 AM,1/10/2026,
1601,28.3,gf,1.000,mm,OK,--,9:55:20 AM,1/10/2026,
1602,28.3,gf,0.995,mm,OK,--,9:55:21 AM,1/10/2026,
1603,28.0,gf,0.985,mm,OK,--,9:55:21 AM,1/10/2026,
1604,28.0,gf,0.975,mm,OK,--,9:55:21 AM,1/10/2026,
1605,28.1,gf,0.965,mm,OK,--,9:55:21 AM,1/10/2026,
1606,28.2,gf,0.960,mm,OK,--,9:55:21 AM,1/10/2026,
1607,28.1,gf,0.960,mm,OK,--,9:55:21 AM,1/10/2026,
1608,28.0,gf,0.955,mm,OK,--,9:55:21 AM,1/10/2026,
1609,28.0,gf,0.950,mm,OK,--,9:55:21 AM,1/10/2026,
1610,28.0,gf,0.945,mm,OK,--,9:55:21 AM,1/10/2026,
1611,27.9,gf,0.940,mm,OK,--,9:55:21 AM,1/10/2026,
1612,28.1,gf,0.940,mm,OK,--,9:55:22 AM,1/10/2026,
1613,28.1,gf,0.935,mm,OK,--,9:55:22 AM,1/10/2026,
1614,28.2,gf,0.935,mm,OK,--,9:55:22 AM,1/10/2026,
1615,28.3,gf,0.935,mm,OK,--,9:55:22 AM,1/10/2026,
1616,28.4,gf,0.930,mm,OK,--,9:55:22 AM,1/10/2026,
1617,28.4,gf,0.930,mm,OK,--,9:55:22 AM,1/10/2026,
1618,27.9,gf,0.930,mm,OK,--,9:55:22 AM,1/10/2026,
1619,27.8,gf,0.925,mm,OK,--,9:55:22 AM,1/10/2026,
1620,27.7,gf,0.925,mm,OK,--,9:55:22 AM,1/10/2026,
1621,27.8,gf,0.920,mm,OK,--,9:55:22 AM,1/10/2026,
1622,27.8,gf,0.915,mm,OK,--,9:55:23 AM,1/10/2026,
1623,27.8,gf,0.910,mm,OK,--,9:55:23 AM,1/10/2026,
1624,27.8,gf,0.905,mm,OK,--,9:55:23 AM,1/10/2026,
1625,27.8,gf,0.900,mm,OK,--,9:55:23 AM,1/10/2026,
1626,27.8,gf,0.895,mm,OK,--,9:55:23 AM,1/10/2026,
1627,27.8,gf,0.890,mm,OK,--,9:55:23 AM,1/10/2026,
1628,27.9,gf,0.885,mm,OK,--,9:55:23 AM,1/10/2026,
1629,27.7,gf,0.885,mm,OK,--,9:55:23 AM,1/10/2026,
1630,27.7,gf,0.880,mm,OK,--,9:55:23 AM,1/10/2026,
1631,27.7,gf,0.875,mm,OK,--,9:55:23 AM,1/10/2026,
1632,27.5,gf,0.870,mm,OK,--,9:55:24 AM,1/10/2026,
1633,27.4,gf,0.865,mm,OK,--,9:55:24 AM,1/10/2026,
1634,27.4,gf,0.860,mm,OK,--,9:55:24 AM,1/10/2026,
1635,27.5,gf,0.855,mm,OK,--,9:55:24 AM,1/10/2026,
1636,27.5,gf,0.845,mm,OK,--,9:55:24 AM,1/10/2026,
1637,27.3,gf,0.840,mm,OK,--,9:55:24 AM,1/10/2026,
1638,27.2,gf,0.835,mm,OK,--,9:55:24 AM,1/10/2026,
1639,27.2,gf,0.830,mm,OK,--,9:55:24 AM,1/10/2026,
1640,27.2,gf,0.825,mm,OK,--,9:55:24 AM,1/10/2026,
1641,27.1,gf,0.815,mm,OK,--,9:55:24 AM,1/10/2026,
1642,27.2,gf,0.810,mm,OK,--,9:55:25 AM,1/10/2026,
1643,27.2,gf,0.805,mm,OK,--,9:55:25 AM,1/10/2026,
1644,26.9,gf,0.800,mm,OK,--,9:55:25 AM,1/10/2026,
1645,26.9,gf,0.790,mm,OK,--,9:55:25 AM,1/10/2026,
1646,26.8,gf,0.785,mm,OK,--,9:55:25 AM,1/10/2026,
1647,26.8,gf,0.775,mm,OK,--,9:55:25 AM,1/10/2026,
1648,26.9,gf,0.770,mm,OK,--,9:55:25 AM,1/10/2026,
1649,26.9,gf,0.765,mm,OK,--,9:55:25 AM,1/10/2026,
1650,27.1,gf,0.765,mm,OK,--,9:55:25 AM,1/10/2026,
1651,26.9,gf,0.760,mm,OK,--,9:55:25 AM,1/10/2026,
1652,26.9,gf,0.760,mm,OK,--,9:55:26 AM,1/10/2026,
1653,26.9,gf,0.755,mm,OK,--,9:55:26 AM,1/10/2026,
1654,26.9,gf,0.755,mm,OK,--,9:55:26 AM,1/10/2026,
1655,26.9,gf,0.750,mm,OK,--,9:55:26 AM,1/10/2026,
1656,27.0,gf,0.750,mm,OK,--,9:55:26 AM,1/10/2026,
1657,26.6,gf,0.745,mm,OK,--,9:55:26 AM,1/10/2026,
1658,26.6,gf,0.745,mm,OK,--,9:55:26 AM,1/10/2026,
1659,26.8,gf,0.740,mm,OK,--,9:55:26 AM,1/10/2026,
1660,26.7,gf,0.740,mm,OK,--,9:55:26 AM,1/10/2026,
1661,26.7,gf,0.735,mm,OK,--,9:55:26 AM,1/10/2026,
1662,26.7,gf,0.735,mm,OK,--,9:55:27 AM,1/10/2026,
1663,26.8,gf,0.730,mm,OK,--,9:55:27 AM,1/10/2026,
1664,26.8,gf,0.730,mm,OK,--,9:55:27 AM,1/10/2026,
1665,26.7,gf,0.725,mm,OK,--,9:55:27 AM,1/10/2026,
1666,26.7,gf,0.725,mm,OK,--,9:55:27 AM,1/10/2026,
1667,26.6,gf,0.720,mm,OK,--,9:55:27 AM,1/10/2026,
1668,26.7,gf,0.715,mm,OK,--,9:55:27 AM,1/10/2026,
1669,26.7,gf,0.715,mm,OK,--,9:55:27 AM,1/10/2026,
1670,26.7,gf,0.715,mm,OK,--,9:55:27 AM,1/10/2026,
1671,26.7,gf,0.710,mm,OK,--,9:55:27 AM,1/10/2026,
1672,26.7,gf,0.710,mm,OK,--,9:55:28 AM,1/10/2026,
1673,26.5,gf,0.705,mm,OK,--,9:55:28 AM,1/10/2026,
1674,26.6,gf,0.705,mm,OK,--,9:55:28 AM,1/10/2026,
1675,26.7,gf,0.705,mm,OK,--,9:55:28 AM,1/10/2026,
1676,26.6,gf,0.700,mm,OK,--,9:55:28 AM,1/10/2026,
1677,26.5,gf,0.700,mm,OK,--,9:55:28 AM,1/10/2026,
1678,26.3,gf,0.695,mm,OK,--,9:55:28 AM,1/10/2026,
1679,26.2,gf,0.690,mm,OK,--,9:55:28 AM,1/10/2026,
1680,26.3,gf,0.685,mm,OK,--,9:55:28 AM,1/10/2026,
1681,26.2,gf,0.680,mm,OK,--,9:55:28 AM,1/10/2026,
1682,26.2,gf,0.675,mm,OK,--,9:55:29 AM,1/10/2026,
1683,26.2,gf,0.670,mm,OK,--,9:55:29 AM,1/10/2026,
1684,26.3,gf,0.665,mm,OK,--,9:55:29 AM,1/10/2026,
1685,26.3,gf,0.665,mm,OK,--,9:55:29 AM,1/10/2026,
1686,26.3,gf,0.660,mm,OK,--,9:55:29 AM,1/10/2026,
1687,26.3,gf,0.655,mm,OK,--,9:55:29 AM,1/10/2026,
1688,26.3,gf,0.655,mm,OK,--,9:55:29 AM,1/10/2026,
1689,26.3,gf,0.650,mm,OK,--,9:55:29 AM,1/10/2026,
1690,26.2,gf,0.650,mm,OK,--,9:55:29 AM,1/10/2026,
1691,26.3,gf,0.645,mm,OK,--,9:55:29 AM,1/10/2026,
1692,26.4,gf,0.645,mm,OK,--,9:55:30 AM,1/10/2026,
1693,26.5,gf,0.640,mm,OK,--,9:55:30 AM,1/10/2026,
1694,26.5,gf,0.640,mm,OK,--,9:55:30 AM,1/10/2026,
1695,26.5,gf,0.635,mm,OK,--,9:55:30 AM,1/10/2026,
1696,26.5,gf,0.635,mm,OK,--,9:55:30 AM,1/10/2026,
1697,26.5,gf,0.635,mm,OK,--,9:55:30 AM,1/10/2026,
1698,26.6,gf,0.630,mm,OK,--,9:55:30 AM,1/10/2026,
1699,26.6,gf,0.630,mm,OK,--,9:55:30 AM,1/10/2026,
1700,26.6,gf,0.630,mm,OK,--,9:55:30 AM,1/10/2026,
1701,26.6,gf,0.625,mm,OK,--,9:55:30 AM,1/10/2026,
1702,25.9,gf,0.620,mm,OK,--,9:55:31 AM,1/10/2026,
1703,26.4,gf,0.615,mm,OK,--,9:55:31 AM,1/10/2026,
1704,26.4,gf,0.610,mm,OK,--,9:55:31 AM,1/10/2026,
1705,24.9,gf,0.605,mm,OK,--,9:55:31 AM,1/10/2026,
1706,23.5,gf,0.600,mm,OK,--,9:55:31 AM,1/10/2026,
1707,23.2,gf,0.600,mm,OK,--,9:55:31 AM,1/10/2026,
1708,23.2,gf,0.595,mm,OK,--,9:55:31 AM,1/10/2026,
1709,23.3,gf,0.595,mm,OK,--,9:55:31 AM,1/10/2026,
1710,23.3,gf,0.590,mm,OK,--,9:55:31 AM,1/10/2026,
1711,22.9,gf,0.585,mm,OK,--,9:55:31 AM,1/10/2026,
1712,22.6,gf,0.580,mm,OK,--,9:55:32 AM,1/10/2026,
1713,22.3,gf,0.575,mm,OK,--,9:55:32 AM,1/10/2026,
1714,22.1,gf,0.575,mm,OK,--,9:55:32 AM,1/10/2026,
1715,21.8,gf,0.570,mm,OK,--,9:55:32 AM,1/10/2026,
1716,21.6,gf,0.570,mm,OK,--,9:55:32 AM,1/10/2026,
1717,21.4,gf,0.570,mm,OK,--,9:55:32 AM,1/10/2026,
1718,21.1,gf,0.565,mm,OK,--,9:55:32 AM,1/10/2026,
1719,20.9,gf,0.565,mm,OK,--,9:55:32 AM,1/10/2026,
1720,20.8,gf,0.565,mm,OK,--,9:55:32 AM,1/10/2026,
1721,20.6,gf,0.565,mm,OK,--,9:55:32 AM,1/10/2026,
1722,20.2,gf,0.560,mm,OK,--,9:55:33 AM,1/10/2026,
1723,19.9,gf,0.560,mm,OK,--,9:55:33 AM,1/10/2026,
1724,19.6,gf,0.560,mm,OK,--,9:55:33 AM,1/10/2026,
1725,19.4,gf,0.555,mm,OK,--,9:55:33 AM,1/10/2026,
1726,19.2,gf,0.555,mm,OK,--,9:55:33 AM,1/10/2026,
1727,19.0,gf,0.555,mm,OK,--,9:55:33 AM,1/10/2026,
1728,18.7,gf,0.550,mm,OK,--,9:55:33 AM,1/10/2026,
1729,18.8,gf,0.550,mm,OK,--,9:55:33 AM,1/10/2026,
1730,19.2,gf,0.545,mm,OK,--,9:55:33 AM,1/10/2026,
1731,19.6,gf,0.545,mm,OK,--,9:55:33 AM,1/10/2026,
1732,19.3,gf,0.540,mm,OK,--,9:55:34 AM,1/10/2026,
1733,19.5,gf,0.535,mm,OK,--,9:55:34 AM,1/10/2026,
1734,19.5,gf,0.530,mm,OK,--,9:55:34 AM,1/10/2026,
1735,19.3,gf,0.525,mm,OK,--,9:55:34 AM,1/10/2026,
1736,19.2,gf,0.520,mm,OK,--,9:55:34 AM,1/10/2026,
1737,19.1,gf,0.515,mm,OK,--,9:55:34 AM,1/10/2026,
1738,16.7,gf,0.510,mm,OK,--,9:55:34 AM,1/10/2026,
1739,12.9,gf,0.505,mm,OK,--,9:55:34 AM,1/10/2026,
1740,9.9,gf,0.505,mm,OK,--,9:55:34 AM,1/10/2026,
1741,7.0,gf,0.500,mm,OK,--,9:55:34 AM,1/10/2026,
1742,4.2,gf,0.495,mm,OK,--,9:55:35 AM,1/10/2026,
1743,1.5,gf,0.495,mm,OK,--,9:55:35 AM,1/10/2026,
1744,0.0,gf,0.490,mm,OK,--,9:55:35 AM,1/10/2026,
1745,0.0,gf,0.485,mm,OK,--,9:55:35 AM,1/10/2026,
1746,0.1,gf,0.480,mm,OK,--,9:55:35 AM,1/10/2026,
1747,0.0,gf,0.470,mm,OK,--,9:55:35 AM,1/10/2026,
1748,-0.1,gf,0.460,mm,OK,--,9:55:35 AM,1/10/2026,
1749,0.1,gf,0.435,mm,OK,--,9:55:35 AM,1/10/2026,
1750,0.1,gf,0.420,mm,OK,--,9:55:35 AM,1/10/2026,
1751,-0.1,gf,0.405,mm,OK,--,9:55:35 AM,1/10/2026,
1752,0.0,gf,0.390,mm,OK,--,9:55:36 AM,1/10/2026,
1753,0.1,gf,0.375,mm,OK,--,9:55:36 AM,1/10/2026,
1754,0.1,gf,0.365,mm,OK,--,9:55:36 AM,1/10/2026,
1755,0.0,gf,0.350,mm,OK,--,9:55:36 AM,1/10/2026,
1756,0.0,gf,0.330,mm,OK,--,9:55:36 AM,1/10/2026,
1757,0.1,gf,0.310,mm,OK,--,9:55:36 AM,1/10/2026,
1758,0.1,gf,0.295,mm,OK,--,9:55:36 AM,1/10/2026,
1759,0.0,gf,0.285,mm,OK,--,9:55:36 AM,1/10/2026,
1760,0.1,gf,0.280,mm,OK,--,9:55:36 AM,1/10/2026,
1761,0.1,gf,0.280,mm,OK,--,9:55:36 AM,1/10/2026,
1762,0.0,gf,0.280,mm,OK,--,9:55:37 AM,1/10/2026,
1763,0.0,gf,0.280,mm,OK,--,9:55:37 AM,1/10/2026,
1764,0.1,gf,0.280,mm,OK,--,9:55:37 AM,1/10/2026,
1765,0.1,gf,0.280,mm,OK,--,9:55:37 AM,1/10/2026,
1766,-0.1,gf,0.280,mm,OK,--,9:55:37 AM,1/10/2026,
1767,0.0,gf,0.280,mm,OK,--,9:55:37 AM,1/10/2026,
1768,0.0,gf,0.280,mm,OK,--,9:55:37 AM,1/10/2026,
1769,0.1,gf,0.280,mm,OK,--,9:55:37 AM,1/10/2026,
1770,-0.1,gf,0.275,mm,OK,--,9:55:37 AM,1/10/2026,
1771,-0.1,gf,0.275,mm,OK,--,9:55:37 AM,1/10/2026,
1772,0.0,gf,0.265,mm,OK,--,9:55:38 AM,1/10/2026,
1773,0.1,gf,0.265,mm,OK,--,9:55:38 AM,1/10/2026,
1774,0.0,gf,0.265,mm,OK,--,9:55:38 AM,1/10/2026,
1775,-0.1,gf,0.265,mm,OK,--,9:55:38 AM,1/10/2026,
1776,0.1,gf,0.265,mm,OK,--,9:55:38 AM,1/10/2026,
1777,0.2,gf,0.265,mm,OK,--,9:55:38 AM,1/10/2026,
1778,-0.1,gf,0.265,mm,OK,--,9:55:38 AM,1/10/2026,
1779,-0.1,gf,0.265,mm,OK,--,9:55:38 AM,1/10/2026,
1780,0.2,gf,0.265,mm,OK,--,9:55:38 AM,1/10/2026,
1781,-0.1,gf,0.270,mm,OK,--,9:55:38 AM,1/10/2026,
1782,-0.1,gf,0.275,mm,OK,--,9:55:39 AM,1/10/2026,
1783,0.0,gf,0.275,mm,OK,--,9:55:39 AM,1/10/2026,
1784,0.0,gf,0.280,mm,OK,--,9:55:39 AM,1/10/2026,
1785,0.0,gf,0.280,mm,OK,--,9:55:39 AM,1/10/2026,
1786,0.0,gf,0.280,mm,OK,--,9:55:39 AM,1/10/2026,
1787,-0.1,gf,0.285,mm,OK,--,9:55:39 AM,1/10/2026,
1788,0.1,gf,0.285,mm,OK,--,9:55:39 AM,1/10/2026,
1789,0.2,gf,0.290,mm,OK,--,9:55:39 AM,1/10/2026,
1790,0.0,gf,0.290,mm,OK,--,9:55:39 AM,1/10/2026,
1791,0.0,gf,0.295,mm,OK,--,9:55:39 AM,1/10/2026,
1792,0.1,gf,0.295,mm,OK,--,9:55:40 AM,1/10/2026,
1793,0.1,gf,0.295,mm,OK,--,9:55:40 AM,1/10/2026,
