Maximum,193.3,@,No.1048,,,,,,
Minimum,-0.1,@,No.5,,,,,,
Average,50.01,,,,,,,,
Data Quantity,1863,,,,,,,,
Number of NG,0,,,,,,,,
No.,Force,Unit,Displacement,Unit,Judge,Position,Time,Date,
1,0.0,gf,0.000,mm,OK,--,6:46:58 PM,7/30/2025,
2,0.0,gf,0.000,mm,OK,--,6:46:58 PM,7/30/2025,
3,0.2,gf,0.000,mm,OK,--,6:46:59 PM,7/30/2025,
4,0.1,gf,0.000,mm,OK,--,6:46:59 PM,7/30/2025,
5,-0.1,gf,0.000,mm,OK,--,6:46:59 PM,7/30/2025,
6,0.0,gf,0.000,mm,OK,--,6:46:59 PM,7/30/2025,
7,0.0,gf,0.000,mm,OK,--,6:46:59 PM,7/30/2025,
8,0.0,gf,0.000,mm,OK,--,6:46:59 PM,7/30/2025,
9,0.0,gf,0.000,mm,OK,--,6:46:59 PM,7/30/2025,
10,0.0,gf,0.000,mm,OK,--,6:46:59 PM,7/30/2025,
11,0.0,gf,0.000,mm,OK,--,6:46:59 PM,7/30/2025,
12,0.0,gf,0.000,mm,OK,--,6:46:59 PM,7/30/2025,
13,0.0,gf,0.000,mm,OK,--,6:47:00 PM,7/30/2025,
14,0.0,gf,0.000,mm,OK,--,6:47:00 PM,7/30/2025,
15,-0.1,gf,0.000,mm,OK,--,6:47:00 PM,7/30/2025,
16,0.0,gf,0.000,mm,OK,--,6:47:00 PM,7/30/2025,
17,0.0,gf,0.000,mm,OK,--,6:47:00 PM,7/30/2025,
18,0.0,gf,0.000,mm,OK,--,6:47:00 PM,7/30/2025,
19,0.0,gf,0.000,mm,OK,--,6:47:00 PM,7/30/2025,
20,0.0,gf,0.000,mm,OK,--,6:47:00 PM,7/30/2025,
21,0.1,gf,0.000,mm,OK,--,6:47:00 PM,7/30/2025,
22,0.0,gf,0.000,mm,OK,--,6:47:00 PM,7/30/2025,
23,0.0,gf,0.000,mm,OK,--,6:47:01 PM,7/30/2025,
24,0.0,gf,0.000,mm,OK,--,6:47:01 PM,7/30/2025,
25,0.0,gf,0.000,mm,OK,--,6:47:01 PM,7/30/2025,
26,0.0,gf,0.000,mm,OK,--,6:47:01 PM,7/30/2025,
27,0.0,gf,0.000,mm,OK,--,6:47:01 PM,7/30/2025,
28,0.0,gf,0.000,mm,OK,--,6:47:01 PM,7/30/2025,
29,0.0,gf,0.000,mm,OK,--,6:47:01 PM,7/30/2025,
30,0.0,gf,0.000,mm,OK,--,6:47:01 PM,7/30/2025,
31,0.0,gf,0.000,mm,OK,--,6:47:01 PM,7/30/2025,
32,0.0,gf,0.005,mm,OK,--,6:47:01 PM,7/30/2025,
33,0.0,gf,0.005,mm,OK,--,6:47:02 PM,7/30/2025,
34,0.0,gf,0.010,mm,OK,--,6:47:02 PM,7/30/2025,
35,0.0,gf,0.010,mm,OK,--,6:47:02 PM,7/30/2025,
36,0.0,gf,0.015,mm,OK,--,6:47:02 PM,7/30/2025,
37,0.0,gf,0.025,mm,OK,--,6:47:02 PM,7/30/2025,
38,0.0,gf,0.030,mm,OK,--,6:47:02 PM,7/30/2025,
39,0.0,gf,0.040,mm,OK,--,6:47:02 PM,7/30/2025,
40,0.0,gf,0.050,mm,OK,--,6:47:02 PM,7/30/2025,
41,0.0,gf,0.055,mm,OK,--,6:47:02 PM,7/30/2025,
42,0.0,gf,0.060,mm,OK,--,6:47:02 PM,7/30/2025,
43,0.0,gf,0.065,mm,OK,--,6:47:03 PM,7/30/2025,
44,0.1,gf,0.070,mm,OK,--,6:47:03 PM,7/30/2025,
45,0.0,gf,0.075,mm,OK,--,6:47:03 PM,7/30/2025,
46,0.0,gf,0.080,mm,OK,--,6:47:03 PM,7/30/2025,
47,0.0,gf,0.085,mm,OK,--,6:47:03 PM,7/30/2025,
48,0.0,gf,0.090,mm,OK,--,6:47:03 PM,7/30/2025,
49,0.0,gf,0.095,mm,OK,--,6:47:03 PM,7/30/2025,
50,0.0,gf,0.100,mm,OK,--,6:47:03 PM,7/30/2025,
51,0.0,gf,0.105,mm,OK,--,6:47:03 PM,7/30/2025,
52,0.0,gf,0.110,mm,OK,--,6:47:03 PM,7/30/2025,
53,0.0,gf,0.115,mm,OK,--,6:47:04 PM,7/30/2025,
54,0.0,gf,0.125,mm,OK,--,6:47:04 PM,7/30/2025,
55,0.0,gf,0.130,mm,OK,--,6:47:04 PM,7/30/2025,
56,0.0,gf,0.135,mm,OK,--,6:47:04 PM,7/30/2025,
57,0.0,gf,0.140,mm,OK,--,6:47:04 PM,7/30/2025,
58,0.0,gf,0.145,mm,OK,--,6:47:04 PM,7/30/2025,
59,0.0,gf,0.150,mm,OK,--,6:47:04 PM,7/30/2025,
60,-0.1,gf,0.155,mm,OK,--,6:47:04 PM,7/30/2025,
61,0.0,gf,0.160,mm,OK,--,6:47:04 PM,7/30/2025,
62,0.0,gf,0.165,mm,OK,--,6:47:04 PM,7/30/2025,
63,0.0,gf,0.170,mm,OK,--,6:47:05 PM,7/30/2025,
64,0.0,gf,0.175,mm,OK,--,6:47:05 PM,7/30/2025,
65,0.0,gf,0.180,mm,OK,--,6:47:05 PM,7/30/2025,
66,0.0,gf,0.185,mm,OK,--,6:47:05 PM,7/30/2025,
67,0.0,gf,0.190,mm,OK,--,6:47:05 PM,7/30/2025,
68,-0.1,gf,0.190,mm,OK,--,6:47:05 PM,7/30/2025,
69,0.0,gf,0.195,mm,OK,--,6:47:05 PM,7/30/2025,
70,0.0,gf,0.200,mm,OK,--,6:47:05 PM,7/30/2025,
71,-0.1,gf,0.205,mm,OK,--,6:47:05 PM,7/30/2025,
72,0.0,gf,0.210,mm,OK,--,6:47:05 PM,7/30/2025,
73,0.0,gf,0.215,mm,OK,--,6:47:06 PM,7/30/2025,
74,0.0,gf,0.220,mm,OK,--,6:47:06 PM,7/30/2025,
75,0.0,gf,0.225,mm,OK,--,6:47:06 PM,7/30/2025,
76,0.5,gf,0.230,mm,OK,--,6:47:06 PM,7/30/2025,
77,2.4,gf,0.235,mm,OK,--,6:47:06 PM,7/30/2025,
78,5.9,gf,0.240,mm,OK,--,6:47:06 PM,7/30/2025,
79,8.7,gf,0.240,mm,OK,--,6:47:06 PM,7/30/2025,
80,11.0,gf,0.245,mm,OK,--,6:47:06 PM,7/30/2025,
81,13.1,gf,0.250,mm,OK,--,6:47:06 PM,7/30/2025,
82,14.8,gf,0.250,mm,OK,--,6:47:06 PM,7/30/2025,
83,16.5,gf,0.255,mm,OK,--,6:47:07 PM,7/30/2025,
84,19.4,gf,0.255,mm,OK,--,6:47:07 PM,7/30/2025,
85,22.5,gf,0.260,mm,OK,--,6:47:07 PM,7/30/2025,
86,25.0,gf,0.265,mm,OK,--,6:47:07 PM,7/30/2025,
87,27.3,gf,0.265,mm,OK,--,6:47:07 PM,7/30/2025,
88,29.7,gf,0.270,mm,OK,--,6:47:07 PM,7/30/2025,
89,31.8,gf,0.275,mm,OK,--,6:47:07 PM,7/30/2025,
90,33.7,gf,0.275,mm,OK,--,6:47:07 PM,7/30/2025,
91,35.4,gf,0.275,mm,OK,--,6:47:07 PM,7/30/2025,
92,36.5,gf,0.280,mm,OK,--,6:47:07 PM,7/30/2025,
93,36.8,gf,0.280,mm,OK,--,6:47:08 PM,7/30/2025,
94,36.8,gf,0.285,mm,OK,--,6:47:08 PM,7/30/2025,
95,36.8,gf,0.285,mm,OK,--,6:47:08 PM,7/30/2025,
96,36.8,gf,0.290,mm,OK,--,6:47:08 PM,7/30/2025,
97,36.8,gf,0.290,mm,OK,--,6:47:08 PM,7/30/2025,
98,36.8,gf,0.295,mm,OK,--,6:47:08 PM,7/30/2025,
99,36.8,gf,0.295,mm,OK,--,6:47:08 PM,7/30/2025,
100,36.8,gf,0.300,mm,OK,--,6:47:08 PM,7/30/2025,
101,36.8,gf,0.300,mm,OK,--,6:47:08 PM,7/30/2025,
102,36.8,gf,0.305,mm,OK,--,6:47:08 PM,7/30/2025,
103,36.8,gf,0.305,mm,OK,--,6:47:09 PM,7/30/2025,
104,36.9,gf,0.310,mm,OK,--,6:47:09 PM,7/30/2025,
105,36.9,gf,0.315,mm,OK,--,6:47:09 PM,7/30/2025,
106,36.9,gf,0.320,mm,OK,--,6:47:09 PM,7/30/2025,
107,36.9,gf,0.320,mm,OK,--,6:47:09 PM,7/30/2025,
108,36.9,gf,0.330,mm,OK,--,6:47:09 PM,7/30/2025,
109,37.0,gf,0.330,mm,OK,--,6:47:09 PM,7/30/2025,
110,37.0,gf,0.335,mm,OK,--,6:47:09 PM,7/30/2025,
111,37.1,gf,0.340,mm,OK,--,6:47:09 PM,7/30/2025,
112,37.2,gf,0.340,mm,OK,--,6:47:09 PM,7/30/2025,
113,37.2,gf,0.345,mm,OK,--,6:47:10 PM,7/30/2025,
114,37.2,gf,0.350,mm,OK,--,6:47:10 PM,7/30/2025,
115,37.2,gf,0.355,mm,OK,--,6:47:10 PM,7/30/2025,
116,37.3,gf,0.360,mm,OK,--,6:47:10 PM,7/30/2025,
117,37.3,gf,0.365,mm,OK,--,6:47:10 PM,7/30/2025,
118,37.3,gf,0.365,mm,OK,--,6:47:10 PM,7/30/2025,
119,37.3,gf,0.370,mm,OK,--,6:47:10 PM,7/30/2025,
120,37.3,gf,0.375,mm,OK,--,6:47:10 PM,7/30/2025,
121,37.3,gf,0.380,mm,OK,--,6:47:10 PM,7/30/2025,
122,37.4,gf,0.385,mm,OK,--,6:47:10 PM,7/30/2025,
123,37.4,gf,0.390,mm,OK,--,6:47:11 PM,7/30/2025,
124,37.4,gf,0.395,mm,OK,--,6:47:11 PM,7/30/2025,
125,37.5,gf,0.400,mm,OK,--,6:47:11 PM,7/30/2025,
126,37.5,gf,0.405,mm,OK,--,6:47:11 PM,7/30/2025,
127,37.5,gf,0.410,mm,OK,--,6:47:11 PM,7/30/2025,
128,37.5,gf,0.410,mm,OK,--,6:47:11 PM,7/30/2025,
129,37.5,gf,0.415,mm,OK,--,6:47:11 PM,7/30/2025,
130,37.6,gf,0.420,mm,OK,--,6:47:11 PM,7/30/2025,
131,37.6,gf,0.425,mm,OK,--,6:47:11 PM,7/30/2025,
132,37.6,gf,0.430,mm,OK,--,6:47:11 PM,7/30/2025,
133,37.6,gf,0.435,mm,OK,--,6:47:12 PM,7/30/2025,
134,37.7,gf,0.435,mm,OK,--,6:47:12 PM,7/30/2025,
135,37.7,gf,0.440,mm,OK,--,6:47:12 PM,7/30/2025,
136,37.7,gf,0.445,mm,OK,--,6:47:12 PM,7/30/2025,
137,37.7,gf,0.450,mm,OK,--,6:47:12 PM,7/30/2025,
138,37.8,gf,0.455,mm,OK,--,6:47:12 PM,7/30/2025,
139,37.8,gf,0.465,mm,OK,--,6:47:12 PM,7/30/2025,
140,37.8,gf,0.470,mm,OK,--,6:47:12 PM,7/30/2025,
141,37.8,gf,0.475,mm,OK,--,6:47:12 PM,7/30/2025,
142,37.8,gf,0.480,mm,OK,--,6:47:12 PM,7/30/2025,
143,37.9,gf,0.485,mm,OK,--,6:47:13 PM,7/30/2025,
144,37.9,gf,0.495,mm,OK,--,6:47:13 PM,7/30/2025,
145,37.9,gf,0.500,mm,OK,--,6:47:13 PM,7/30/2025,
146,37.9,gf,0.505,mm,OK,--,6:47:13 PM,7/30/2025,
147,38.0,gf,0.510,mm,OK,--,6:47:13 PM,7/30/2025,
148,38.0,gf,0.515,mm,OK,--,6:47:13 PM,7/30/2025,
149,38.0,gf,0.525,mm,OK,--,6:47:13 PM,7/30/2025,
150,38.0,gf,0.530,mm,OK,--,6:47:13 PM,7/30/2025,
151,38.1,gf,0.535,mm,OK,--,6:47:13 PM,7/30/2025,
152,38.1,gf,0.545,mm,OK,--,6:47:13 PM,7/30/2025,
153,38.2,gf,0.555,mm,OK,--,6:47:14 PM,7/30/2025,
154,38.3,gf,0.565,mm,OK,--,6:47:14 PM,7/30/2025,
155,38.2,gf,0.575,mm,OK,--,6:47:14 PM,7/30/2025,
156,38.3,gf,0.590,mm,OK,--,6:47:14 PM,7/30/2025,
157,38.4,gf,0.610,mm,OK,--,6:47:14 PM,7/30/2025,
158,38.5,gf,0.625,mm,OK,--,6:47:14 PM,7/30/2025,
159,38.5,gf,0.640,mm,OK,--,6:47:14 PM,7/30/2025,
160,38.5,gf,0.650,mm,OK,--,6:47:14 PM,7/30/2025,
161,38.6,gf,0.665,mm,OK,--,6:47:14 PM,7/30/2025,
162,38.7,gf,0.670,mm,OK,--,6:47:14 PM,7/30/2025,
163,38.7,gf,0.680,mm,OK,--,6:47:15 PM,7/30/2025,
164,38.7,gf,0.695,mm,OK,--,6:47:15 PM,7/30/2025,
165,38.8,gf,0.705,mm,OK,--,6:47:15 PM,7/30/2025,
166,38.8,gf,0.720,mm,OK,--,6:47:15 PM,7/30/2025,
167,38.9,gf,0.730,mm,OK,--,6:47:15 PM,7/30/2025,
168,38.9,gf,0.740,mm,OK,--,6:47:15 PM,7/30/2025,
169,38.9,gf,0.750,mm,OK,--,6:47:15 PM,7/30/2025,
170,39.0,gf,0.760,mm,OK,--,6:47:15 PM,7/30/2025,
171,39.1,gf,0.765,mm,OK,--,6:47:15 PM,7/30/2025,
172,39.1,gf,0.770,mm,OK,--,6:47:15 PM,7/30/2025,
173,39.1,gf,0.775,mm,OK,--,6:47:16 PM,7/30/2025,
174,39.1,gf,0.780,mm,OK,--,6:47:16 PM,7/30/2025,
175,39.2,gf,0.790,mm,OK,--,6:47:16 PM,7/30/2025,
176,39.2,gf,0.790,mm,OK,--,6:47:16 PM,7/30/2025,
177,39.2,gf,0.795,mm,OK,--,6:47:16 PM,7/30/2025,
178,39.2,gf,0.800,mm,OK,--,6:47:16 PM,7/30/2025,
179,39.3,gf,0.810,mm,OK,--,6:47:16 PM,7/30/2025,
180,39.3,gf,0.815,mm,OK,--,6:47:16 PM,7/30/2025,
181,39.3,gf,0.815,mm,OK,--,6:47:16 PM,7/30/2025,
182,39.3,gf,0.820,mm,OK,--,6:47:16 PM,7/30/2025,
183,39.4,gf,0.825,mm,OK,--,6:47:17 PM,7/30/2025,
184,39.4,gf,0.830,mm,OK,--,6:47:17 PM,7/30/2025,
185,39.4,gf,0.835,mm,OK,--,6:47:17 PM,7/30/2025,
186,39.4,gf,0.840,mm,OK,--,6:47:17 PM,7/30/2025,
187,39.4,gf,0.850,mm,OK,--,6:47:17 PM,7/30/2025,
188,39.4,gf,0.855,mm,OK,--,6:47:17 PM,7/30/2025,
189,39.5,gf,0.860,mm,OK,--,6:47:17 PM,7/30/2025,
190,39.6,gf,0.865,mm,OK,--,6:47:17 PM,7/30/2025,
191,39.5,gf,0.870,mm,OK,--,6:47:17 PM,7/30/2025,
192,39.5,gf,0.875,mm,OK,--,6:47:17 PM,7/30/2025,
193,39.5,gf,0.880,mm,OK,--,6:47:18 PM,7/30/2025,
194,39.5,gf,0.880,mm,OK,--,6:47:18 PM,7/30/2025,
195,39.5,gf,0.885,mm,OK,--,6:47:18 PM,7/30/2025,
196,39.5,gf,0.890,mm,OK,--,6:47:18 PM,7/30/2025,
197,39.6,gf,0.895,mm,OK,--,6:47:18 PM,7/30/2025,
198,39.6,gf,0.900,mm,OK,--,6:47:18 PM,7/30/2025,
199,39.6,gf,0.900,mm,OK,--,6:47:18 PM,7/30/2025,
200,39.6,gf,0.905,mm,OK,--,6:47:18 PM,7/30/2025,
201,39.6,gf,0.910,mm,OK,--,6:47:18 PM,7/30/2025,
202,39.6,gf,0.910,mm,OK,--,6:47:18 PM,7/30/2025,
203,39.6,gf,0.915,mm,OK,--,6:47:19 PM,7/30/2025,
204,39.6,gf,0.920,mm,OK,--,6:47:19 PM,7/30/2025,
205,39.6,gf,0.920,mm,OK,--,6:47:19 PM,7/30/2025,
206,39.6,gf,0.925,mm,OK,--,6:47:19 PM,7/30/2025,
207,39.6,gf,0.925,mm,OK,--,6:47:19 PM,7/30/2025,
208,39.6,gf,0.930,mm,OK,--,6:47:19 PM,7/30/2025,
209,39.6,gf,0.930,mm,OK,--,6:47:19 PM,7/30/2025,
210,39.7,gf,0.935,mm,OK,--,6:47:19 PM,7/30/2025,
211,39.7,gf,0.935,mm,OK,--,6:47:19 PM,7/30/2025,
212,39.7,gf,0.940,mm,OK,--,6:47:19 PM,7/30/2025,
213,39.6,gf,0.940,mm,OK,--,6:47:20 PM,7/30/2025,
214,39.6,gf,0.940,mm,OK,--,6:47:20 PM,7/30/2025,
215,39.6,gf,0.940,mm,OK,--,6:47:20 PM,7/30/2025,
216,39.6,gf,0.945,mm,OK,--,6:47:20 PM,7/30/2025,
217,39.6,gf,0.945,mm,OK,--,6:47:20 PM,7/30/2025,
218,39.7,gf,0.945,mm,OK,--,6:47:20 PM,7/30/2025,
219,39.7,gf,0.950,mm,OK,--,6:47:20 PM,7/30/2025,
220,39.7,gf,0.950,mm,OK,--,6:47:20 PM,7/30/2025,
221,39.7,gf,0.950,mm,OK,--,6:47:20 PM,7/30/2025,
222,39.7,gf,0.950,mm,OK,--,6:47:20 PM,7/30/2025,
223,39.8,gf,0.955,mm,OK,--,6:47:21 PM,7/30/2025,
224,39.8,gf,0.955,mm,OK,--,6:47:21 PM,7/30/2025,
225,39.8,gf,0.955,mm,OK,--,6:47:21 PM,7/30/2025,
226,39.8,gf,0.960,mm,OK,--,6:47:21 PM,7/30/2025,
227,39.9,gf,0.960,mm,OK,--,6:47:21 PM,7/30/2025,
228,39.9,gf,0.965,mm,OK,--,6:47:21 PM,7/30/2025,
229,39.9,gf,0.965,mm,OK,--,6:47:21 PM,7/30/2025,
230,39.9,gf,0.970,mm,OK,--,6:47:21 PM,7/30/2025,
231,39.9,gf,0.975,mm,OK,--,6:47:21 PM,7/30/2025,
232,39.9,gf,0.975,mm,OK,--,6:47:21 PM,7/30/2025,
233,39.9,gf,0.980,mm,OK,--,6:47:22 PM,7/30/2025,
234,39.9,gf,0.980,mm,OK,--,6:47:22 PM,7/30/2025,
235,39.9,gf,0.985,mm,OK,--,6:47:22 PM,7/30/2025,
236,39.9,gf,0.990,mm,OK,--,6:47:22 PM,7/30/2025,
237,40.0,gf,0.995,mm,OK,--,6:47:22 PM,7/30/2025,
238,40.0,gf,0.995,mm,OK,--,6:47:22 PM,7/30/2025,
239,40.0,gf,1.000,mm,OK,--,6:47:22 PM,7/30/2025,
240,40.0,gf,1.005,mm,OK,--,6:47:22 PM,7/30/2025,
241,40.0,gf,1.010,mm,OK,--,6:47:22 PM,7/30/2025,
242,40.0,gf,1.010,mm,OK,--,6:47:22 PM,7/30/2025,
243,40.0,gf,1.015,mm,OK,--,6:47:23 PM,7/30/2025,
244,40.0,gf,1.020,mm,OK,--,6:47:23 PM,7/30/2025,
245,40.1,gf,1.020,mm,OK,--,6:47:23 PM,7/30/2025,
246,40.1,gf,1.025,mm,OK,--,6:47:23 PM,7/30/2025,
247,40.1,gf,1.030,mm,OK,--,6:47:23 PM,7/30/2025,
248,40.2,gf,1.035,mm,OK,--,6:47:23 PM,7/30/2025,
249,40.2,gf,1.040,mm,OK,--,6:47:23 PM,7/30/2025,
250,40.2,gf,1.050,mm,OK,--,6:47:23 PM,7/30/2025,
251,40.2,gf,1.055,mm,OK,--,6:47:23 PM,7/30/2025,
252,40.3,gf,1.060,mm,OK,--,6:47:23 PM,7/30/2025,
253,40.3,gf,1.065,mm,OK,--,6:47:24 PM,7/30/2025,
254,40.3,gf,1.070,mm,OK,--,6:47:24 PM,7/30/2025,
255,40.3,gf,1.070,mm,OK,--,6:47:24 PM,7/30/2025,
256,40.3,gf,1.075,mm,OK,--,6:47:24 PM,7/30/2025,
257,40.3,gf,1.080,mm,OK,--,6:47:24 PM,7/30/2025,
258,40.3,gf,1.080,mm,OK,--,6:47:24 PM,7/30/2025,
259,40.3,gf,1.085,mm,OK,--,6:47:24 PM,7/30/2025,
260,40.3,gf,1.090,mm,OK,--,6:47:24 PM,7/30/2025,
261,40.4,gf,1.090,mm,OK,--,6:47:24 PM,7/30/2025,
262,40.4,gf,1.095,mm,OK,--,6:47:24 PM,7/30/2025,
263,40.4,gf,1.095,mm,OK,--,6:47:25 PM,7/30/2025,
264,40.4,gf,1.100,mm,OK,--,6:47:25 PM,7/30/2025,
265,40.4,gf,1.100,mm,OK,--,6:47:25 PM,7/30/2025,
266,40.4,gf,1.100,mm,OK,--,6:47:25 PM,7/30/2025,
267,40.4,gf,1.105,mm,OK,--,6:47:25 PM,7/30/2025,
268,40.4,gf,1.105,mm,OK,--,6:47:25 PM,7/30/2025,
269,40.4,gf,1.110,mm,OK,--,6:47:25 PM,7/30/2025,
270,40.5,gf,1.110,mm,OK,--,6:47:25 PM,7/30/2025,
271,40.5,gf,1.115,mm,OK,--,6:47:25 PM,7/30/2025,
272,40.5,gf,1.115,mm,OK,--,6:47:25 PM,7/30/2025,
273,40.5,gf,1.120,mm,OK,--,6:47:26 PM,7/30/2025,
274,40.4,gf,1.120,mm,OK,--,6:47:26 PM,7/30/2025,
275,40.4,gf,1.125,mm,OK,--,6:47:26 PM,7/30/2025,
276,40.4,gf,1.125,mm,OK,--,6:47:26 PM,7/30/2025,
277,40.5,gf,1.130,mm,OK,--,6:47:26 PM,7/30/2025,
278,40.5,gf,1.130,mm,OK,--,6:47:26 PM,7/30/2025,
279,40.5,gf,1.135,mm,OK,--,6:47:26 PM,7/30/2025,
280,40.6,gf,1.135,mm,OK,--,6:47:26 PM,7/30/2025,
281,40.6,gf,1.140,mm,OK,--,6:47:26 PM,7/30/2025,
282,40.6,gf,1.140,mm,OK,--,6:47:26 PM,7/30/2025,
283,40.6,gf,1.140,mm,OK,--,6:47:27 PM,7/30/2025,
284,40.6,gf,1.145,mm,OK,--,6:47:27 PM,7/30/2025,
285,40.6,gf,1.145,mm,OK,--,6:47:27 PM,7/30/2025,
286,40.6,gf,1.150,mm,OK,--,6:47:27 PM,7/30/2025,
287,40.6,gf,1.150,mm,OK,--,6:47:27 PM,7/30/2025,
288,40.6,gf,1.155,mm,OK,--,6:47:27 PM,7/30/2025,
289,40.7,gf,1.155,mm,OK,--,6:47:27 PM,7/30/2025,
290,40.7,gf,1.155,mm,OK,--,6:47:27 PM,7/30/2025,
291,40.7,gf,1.160,mm,OK,--,6:47:27 PM,7/30/2025,
292,40.7,gf,1.165,mm,OK,--,6:47:27 PM,7/30/2025,
293,40.7,gf,1.165,mm,OK,--,6:47:28 PM,7/30/2025,
294,40.7,gf,1.170,mm,OK,--,6:47:28 PM,7/30/2025,
295,40.7,gf,1.175,mm,OK,--,6:47:28 PM,7/30/2025,
296,40.7,gf,1.175,mm,OK,--,6:47:28 PM,7/30/2025,
297,40.7,gf,1.180,mm,OK,--,6:47:28 PM,7/30/2025,
298,40.7,gf,1.180,mm,OK,--,6:47:28 PM,7/30/2025,
299,40.8,gf,1.185,mm,OK,--,6:47:28 PM,7/30/2025,
300,40.8,gf,1.190,mm,OK,--,6:47:28 PM,7/30/2025,
301,40.8,gf,1.190,mm,OK,--,6:47:28 PM,7/30/2025,
302,40.9,gf,1.195,mm,OK,--,6:47:28 PM,7/30/2025,
303,40.9,gf,1.200,mm,OK,--,6:47:29 PM,7/30/2025,
304,40.9,gf,1.200,mm,OK,--,6:47:29 PM,7/30/2025,
305,40.9,gf,1.205,mm,OK,--,6:47:29 PM,7/30/2025,
306,40.9,gf,1.205,mm,OK,--,6:47:29 PM,7/30/2025,
307,40.9,gf,1.210,mm,OK,--,6:47:29 PM,7/30/2025,
308,40.9,gf,1.210,mm,OK,--,6:47:29 PM,7/30/2025,
309,41.0,gf,1.215,mm,OK,--,6:47:29 PM,7/30/2025,
310,41.0,gf,1.215,mm,OK,--,6:47:29 PM,7/30/2025,
311,41.0,gf,1.220,mm,OK,--,6:47:29 PM,7/30/2025,
312,41.0,gf,1.220,mm,OK,--,6:47:29 PM,7/30/2025,
313,41.0,gf,1.225,mm,OK,--,6:47:30 PM,7/30/2025,
314,41.0,gf,1.225,mm,OK,--,6:47:30 PM,7/30/2025,
315,41.0,gf,1.230,mm,OK,--,6:47:30 PM,7/30/2025,
316,41.0,gf,1.230,mm,OK,--,6:47:30 PM,7/30/2025,
317,41.0,gf,1.235,mm,OK,--,6:47:30 PM,7/30/2025,
318,41.0,gf,1.240,mm,OK,--,6:47:30 PM,7/30/2025,
319,41.0,gf,1.240,mm,OK,--,6:47:30 PM,7/30/2025,
320,41.0,gf,1.240,mm,OK,--,6:47:30 PM,7/30/2025,
321,41.0,gf,1.245,mm,OK,--,6:47:30 PM,7/30/2025,
322,41.0,gf,1.245,mm,OK,--,6:47:30 PM,7/30/2025,
323,41.0,gf,1.250,mm,OK,--,6:47:31 PM,7/30/2025,
324,41.0,gf,1.250,mm,OK,--,6:47:31 PM,7/30/2025,
325,41.0,gf,1.255,mm,OK,--,6:47:31 PM,7/30/2025,
326,41.0,gf,1.255,mm,OK,--,6:47:31 PM,7/30/2025,
327,41.0,gf,1.260,mm,OK,--,6:47:31 PM,7/30/2025,
328,41.1,gf,1.260,mm,OK,--,6:47:31 PM,7/30/2025,
329,41.1,gf,1.265,mm,OK,--,6:47:31 PM,7/30/2025,
330,41.1,gf,1.270,mm,OK,--,6:47:31 PM,7/30/2025,
331,41.1,gf,1.270,mm,OK,--,6:47:31 PM,7/30/2025,
332,41.1,gf,1.275,mm,OK,--,6:47:31 PM,7/30/2025,
333,41.2,gf,1.280,mm,OK,--,6:47:32 PM,7/30/2025,
334,41.2,gf,1.280,mm,OK,--,6:47:32 PM,7/30/2025,
335,41.2,gf,1.285,mm,OK,--,6:47:32 PM,7/30/2025,
336,41.2,gf,1.285,mm,OK,--,6:47:32 PM,7/30/2025,
337,41.2,gf,1.285,mm,OK,--,6:47:32 PM,7/30/2025,
338,41.2,gf,1.290,mm,OK,--,6:47:32 PM,7/30/2025,
339,41.3,gf,1.290,mm,OK,--,6:47:32 PM,7/30/2025,
340,41.3,gf,1.295,mm,OK,--,6:47:32 PM,7/30/2025,
341,41.3,gf,1.295,mm,OK,--,6:47:32 PM,7/30/2025,
342,41.3,gf,1.295,mm,OK,--,6:47:32 PM,7/30/2025,
343,41.3,gf,1.300,mm,OK,--,6:47:33 PM,7/30/2025,
344,41.3,gf,1.300,mm,OK,--,6:47:33 PM,7/30/2025,
345,41.3,gf,1.300,mm,OK,--,6:47:33 PM,7/30/2025,
346,41.3,gf,1.305,mm,OK,--,6:47:33 PM,7/30/2025,
347,41.3,gf,1.305,mm,OK,--,6:47:33 PM,7/30/2025,
348,41.3,gf,1.305,mm,OK,--,6:47:33 PM,7/30/2025,
349,41.3,gf,1.310,mm,OK,--,6:47:33 PM,7/30/2025,
350,41.3,gf,1.310,mm,OK,--,6:47:33 PM,7/30/2025,
351,41.3,gf,1.315,mm,OK,--,6:47:33 PM,7/30/2025,
352,41.4,gf,1.315,mm,OK,--,6:47:33 PM,7/30/2025,
353,41.4,gf,1.320,mm,OK,--,6:47:34 PM,7/30/2025,
354,41.4,gf,1.325,mm,OK,--,6:47:34 PM,7/30/2025,
355,41.5,gf,1.330,mm,OK,--,6:47:34 PM,7/30/2025,
356,41.5,gf,1.335,mm,OK,--,6:47:34 PM,7/30/2025,
357,41.5,gf,1.335,mm,OK,--,6:47:34 PM,7/30/2025,
358,41.5,gf,1.340,mm,OK,--,6:47:34 PM,7/30/2025,
359,41.5,gf,1.345,mm,OK,--,6:47:34 PM,7/30/2025,
360,41.5,gf,1.350,mm,OK,--,6:47:34 PM,7/30/2025,
361,41.5,gf,1.355,mm,OK,--,6:47:34 PM,7/30/2025,
362,41.5,gf,1.360,mm,OK,--,6:47:34 PM,7/30/2025,
363,41.5,gf,1.360,mm,OK,--,6:47:35 PM,7/30/2025,
364,41.5,gf,1.365,mm,OK,--,6:47:35 PM,7/30/2025,
365,41.6,gf,1.370,mm,OK,--,6:47:35 PM,7/30/2025,
366,41.6,gf,1.380,mm,OK,--,6:47:35 PM,7/30/2025,
367,41.6,gf,1.385,mm,OK,--,6:47:35 PM,7/30/2025,
368,41.6,gf,1.390,mm,OK,--,6:47:35 PM,7/30/2025,
369,41.6,gf,1.395,mm,OK,--,6:47:35 PM,7/30/2025,
370,41.7,gf,1.400,mm,OK,--,6:47:35 PM,7/30/2025,
371,41.7,gf,1.405,mm,OK,--,6:47:35 PM,7/30/2025,
372,41.8,gf,1.410,mm,OK,--,6:47:35 PM,7/30/2025,
373,41.8,gf,1.415,mm,OK,--,6:47:36 PM,7/30/2025,
374,41.8,gf,1.420,mm,OK,--,6:47:36 PM,7/30/2025,
375,41.9,gf,1.425,mm,OK,--,6:47:36 PM,7/30/2025,
376,41.9,gf,1.430,mm,OK,--,6:47:36 PM,7/30/2025,
377,41.9,gf,1.435,mm,OK,--,6:47:36 PM,7/30/2025,
378,41.9,gf,1.440,mm,OK,--,6:47:36 PM,7/30/2025,
379,41.9,gf,1.445,mm,OK,--,6:47:36 PM,7/30/2025,
380,42.0,gf,1.450,mm,OK,--,6:47:36 PM,7/30/2025,
381,42.0,gf,1.460,mm,OK,--,6:47:36 PM,7/30/2025,
382,42.0,gf,1.465,mm,OK,--,6:47:36 PM,7/30/2025,
383,42.0,gf,1.470,mm,OK,--,6:47:37 PM,7/30/2025,
384,42.1,gf,1.475,mm,OK,--,6:47:37 PM,7/30/2025,
385,42.1,gf,1.480,mm,OK,--,6:47:37 PM,7/30/2025,
386,42.1,gf,1.485,mm,OK,--,6:47:37 PM,7/30/2025,
387,42.1,gf,1.490,mm,OK,--,6:47:37 PM,7/30/2025,
388,42.1,gf,1.495,mm,OK,--,6:47:37 PM,7/30/2025,
389,42.1,gf,1.500,mm,OK,--,6:47:37 PM,7/30/2025,
390,42.1,gf,1.500,mm,OK,--,6:47:37 PM,7/30/2025,
391,42.1,gf,1.505,mm,OK,--,6:47:37 PM,7/30/2025,
392,42.1,gf,1.510,mm,OK,--,6:47:37 PM,7/30/2025,
393,42.1,gf,1.515,mm,OK,--,6:47:38 PM,7/30/2025,
394,42.1,gf,1.520,mm,OK,--,6:47:38 PM,7/30/2025,
395,42.2,gf,1.525,mm,OK,--,6:47:38 PM,7/30/2025,
396,42.2,gf,1.530,mm,OK,--,6:47:38 PM,7/30/2025,
397,42.2,gf,1.535,mm,OK,--,6:47:38 PM,7/30/2025,
398,42.3,gf,1.540,mm,OK,--,6:47:38 PM,7/30/2025,
399,42.3,gf,1.540,mm,OK,--,6:47:38 PM,7/30/2025,
400,42.3,gf,1.545,mm,OK,--,6:47:38 PM,7/30/2025,
401,42.3,gf,1.550,mm,OK,--,6:47:38 PM,7/30/2025,
402,42.3,gf,1.555,mm,OK,--,6:47:38 PM,7/30/2025,
403,42.3,gf,1.560,mm,OK,--,6:47:39 PM,7/30/2025,
404,42.4,gf,1.560,mm,OK,--,6:47:39 PM,7/30/2025,
405,42.4,gf,1.565,mm,OK,--,6:47:39 PM,7/30/2025,
406,42.4,gf,1.565,mm,OK,--,6:47:39 PM,7/30/2025,
407,42.4,gf,1.570,mm,OK,--,6:47:39 PM,7/30/2025,
408,42.4,gf,1.570,mm,OK,--,6:47:39 PM,7/30/2025,
409,42.4,gf,1.575,mm,OK,--,6:47:39 PM,7/30/2025,
410,42.4,gf,1.575,mm,OK,--,6:47:39 PM,7/30/2025,
411,42.4,gf,1.580,mm,OK,--,6:47:39 PM,7/30/2025,
412,42.4,gf,1.580,mm,OK,--,6:47:39 PM,7/30/2025,
413,42.4,gf,1.580,mm,OK,--,6:47:40 PM,7/30/2025,
414,42.4,gf,1.585,mm,OK,--,6:47:40 PM,7/30/2025,
415,42.4,gf,1.585,mm,OK,--,6:47:40 PM,7/30/2025,
416,42.5,gf,1.590,mm,OK,--,6:47:40 PM,7/30/2025,
417,42.4,gf,1.590,mm,OK,--,6:47:40 PM,7/30/2025,
418,42.5,gf,1.595,mm,OK,--,6:47:40 PM,7/30/2025,
419,42.5,gf,1.595,mm,OK,--,6:47:40 PM,7/30/2025,
420,42.5,gf,1.600,mm,OK,--,6:47:40 PM,7/30/2025,
421,42.5,gf,1.600,mm,OK,--,6:47:40 PM,7/30/2025,
422,42.5,gf,1.605,mm,OK,--,6:47:40 PM,7/30/2025,
423,42.5,gf,1.605,mm,OK,--,6:47:41 PM,7/30/2025,
424,42.5,gf,1.605,mm,OK,--,6:47:41 PM,7/30/2025,
425,42.5,gf,1.610,mm,OK,--,6:47:41 PM,7/30/2025,
426,42.5,gf,1.610,mm,OK,--,6:47:41 PM,7/30/2025,
427,42.6,gf,1.615,mm,OK,--,6:47:41 PM,7/30/2025,
428,42.6,gf,1.620,mm,OK,--,6:47:41 PM,7/30/2025,
429,42.6,gf,1.620,mm,OK,--,6:47:41 PM,7/30/2025,
430,42.6,gf,1.625,mm,OK,--,6:47:41 PM,7/30/2025,
431,42.6,gf,1.625,mm,OK,--,6:47:41 PM,7/30/2025,
432,42.6,gf,1.630,mm,OK,--,6:47:41 PM,7/30/2025,
433,42.6,gf,1.630,mm,OK,--,6:47:42 PM,7/30/2025,
434,42.6,gf,1.635,mm,OK,--,6:47:42 PM,7/30/2025,
435,42.6,gf,1.635,mm,OK,--,6:47:42 PM,7/30/2025,
436,42.6,gf,1.640,mm,OK,--,6:47:42 PM,7/30/2025,
437,42.6,gf,1.640,mm,OK,--,6:47:42 PM,7/30/2025,
438,42.6,gf,1.645,mm,OK,--,6:47:42 PM,7/30/2025,
439,42.6,gf,1.645,mm,OK,--,6:47:42 PM,7/30/2025,
440,42.6,gf,1.650,mm,OK,--,6:47:42 PM,7/30/2025,
441,42.7,gf,1.650,mm,OK,--,6:47:42 PM,7/30/2025,
442,42.7,gf,1.655,mm,OK,--,6:47:42 PM,7/30/2025,
443,42.7,gf,1.655,mm,OK,--,6:47:43 PM,7/30/2025,
444,42.7,gf,1.655,mm,OK,--,6:47:43 PM,7/30/2025,
445,42.7,gf,1.660,mm,OK,--,6:47:43 PM,7/30/2025,
446,42.7,gf,1.660,mm,OK,--,6:47:43 PM,7/30/2025,
447,42.7,gf,1.665,mm,OK,--,6:47:43 PM,7/30/2025,
448,42.7,gf,1.665,mm,OK,--,6:47:43 PM,7/30/2025,
449,42.8,gf,1.665,mm,OK,--,6:47:43 PM,7/30/2025,
450,42.8,gf,1.670,mm,OK,--,6:47:43 PM,7/30/2025,
451,42.8,gf,1.670,mm,OK,--,6:47:43 PM,7/30/2025,
452,42.8,gf,1.675,mm,OK,--,6:47:43 PM,7/30/2025,
453,42.8,gf,1.675,mm,OK,--,6:47:44 PM,7/30/2025,
454,42.8,gf,1.675,mm,OK,--,6:47:44 PM,7/30/2025,
455,42.8,gf,1.680,mm,OK,--,6:47:44 PM,7/30/2025,
456,42.8,gf,1.680,mm,OK,--,6:47:44 PM,7/30/2025,
457,42.8,gf,1.680,mm,OK,--,6:47:44 PM,7/30/2025,
458,42.8,gf,1.685,mm,OK,--,6:47:44 PM,7/30/2025,
459,42.8,gf,1.685,mm,OK,--,6:47:44 PM,7/30/2025,
460,42.8,gf,1.685,mm,OK,--,6:47:44 PM,7/30/2025,
461,42.8,gf,1.690,mm,OK,--,6:47:44 PM,7/30/2025,
462,42.8,gf,1.690,mm,OK,--,6:47:44 PM,7/30/2025,
463,42.8,gf,1.695,mm,OK,--,6:47:45 PM,7/30/2025,
464,42.8,gf,1.695,mm,OK,--,6:47:45 PM,7/30/2025,
465,42.8,gf,1.700,mm,OK,--,6:47:45 PM,7/30/2025,
466,42.8,gf,1.700,mm,OK,--,6:47:45 PM,7/30/2025,
467,42.8,gf,1.705,mm,OK,--,6:47:45 PM,7/30/2025,
468,42.8,gf,1.705,mm,OK,--,6:47:45 PM,7/30/2025,
469,42.8,gf,1.705,mm,OK,--,6:47:45 PM,7/30/2025,
470,42.8,gf,1.710,mm,OK,--,6:47:45 PM,7/30/2025,
471,42.9,gf,1.710,mm,OK,--,6:47:45 PM,7/30/2025,
472,42.9,gf,1.715,mm,OK,--,6:47:45 PM,7/30/2025,
473,42.9,gf,1.715,mm,OK,--,6:47:46 PM,7/30/2025,
474,42.9,gf,1.720,mm,OK,--,6:47:46 PM,7/30/2025,
475,42.9,gf,1.720,mm,OK,--,6:47:46 PM,7/30/2025,
476,43.0,gf,1.725,mm,OK,--,6:47:46 PM,7/30/2025,
477,43.0,gf,1.730,mm,OK,--,6:47:46 PM,7/30/2025,
478,43.0,gf,1.730,mm,OK,--,6:47:46 PM,7/30/2025,
479,43.0,gf,1.735,mm,OK,--,6:47:46 PM,7/30/2025,
480,43.0,gf,1.735,mm,OK,--,6:47:46 PM,7/30/2025,
481,43.0,gf,1.735,mm,OK,--,6:47:46 PM,7/30/2025,
482,43.0,gf,1.735,mm,OK,--,6:47:46 PM,7/30/2025,
483,43.0,gf,1.740,mm,OK,--,6:47:47 PM,7/30/2025,
484,43.0,gf,1.740,mm,OK,--,6:47:47 PM,7/30/2025,
485,43.0,gf,1.740,mm,OK,--,6:47:47 PM,7/30/2025,
486,43.0,gf,1.740,mm,OK,--,6:47:47 PM,7/30/2025,
487,43.0,gf,1.745,mm,OK,--,6:47:47 PM,7/30/2025,
488,43.0,gf,1.745,mm,OK,--,6:47:47 PM,7/30/2025,
489,43.1,gf,1.750,mm,OK,--,6:47:47 PM,7/30/2025,
490,43.1,gf,1.750,mm,OK,--,6:47:47 PM,7/30/2025,
491,43.1,gf,1.755,mm,OK,--,6:47:47 PM,7/30/2025,
492,43.1,gf,1.760,mm,OK,--,6:47:47 PM,7/30/2025,
493,43.2,gf,1.765,mm,OK,--,6:47:48 PM,7/30/2025,
494,43.2,gf,1.770,mm,OK,--,6:47:48 PM,7/30/2025,
495,43.2,gf,1.770,mm,OK,--,6:47:48 PM,7/30/2025,
496,43.2,gf,1.780,mm,OK,--,6:47:48 PM,7/30/2025,
497,43.2,gf,1.780,mm,OK,--,6:47:48 PM,7/30/2025,
498,43.2,gf,1.785,mm,OK,--,6:47:48 PM,7/30/2025,
499,43.2,gf,1.790,mm,OK,--,6:47:48 PM,7/30/2025,
500,43.3,gf,1.790,mm,OK,--,6:47:48 PM,7/30/2025,
501,43.3,gf,1.800,mm,OK,--,6:47:48 PM,7/30/2025,
502,43.3,gf,1.810,mm,OK,--,6:47:48 PM,7/30/2025,
503,43.4,gf,1.820,mm,OK,--,6:47:49 PM,7/30/2025,
504,43.4,gf,1.830,mm,OK,--,6:47:49 PM,7/30/2025,
505,43.5,gf,1.845,mm,OK,--,6:47:49 PM,7/30/2025,
506,43.6,gf,1.855,mm,OK,--,6:47:49 PM,7/30/2025,
507,43.6,gf,1.865,mm,OK,--,6:47:49 PM,7/30/2025,
508,43.6,gf,1.870,mm,OK,--,6:47:49 PM,7/30/2025,
509,43.7,gf,1.880,mm,OK,--,6:47:49 PM,7/30/2025,
510,43.7,gf,1.890,mm,OK,--,6:47:49 PM,7/30/2025,
511,43.7,gf,1.895,mm,OK,--,6:47:49 PM,7/30/2025,
512,43.7,gf,1.905,mm,OK,--,6:47:49 PM,7/30/2025,
513,43.7,gf,1.915,mm,OK,--,6:47:50 PM,7/30/2025,
514,43.8,gf,1.920,mm,OK,--,6:47:50 PM,7/30/2025,
515,43.8,gf,1.925,mm,OK,--,6:47:50 PM,7/30/2025,
516,43.7,gf,1.935,mm,OK,--,6:47:50 PM,7/30/2025,
517,43.8,gf,1.940,mm,OK,--,6:47:50 PM,7/30/2025,
518,43.8,gf,1.945,mm,OK,--,6:47:50 PM,7/30/2025,
519,43.8,gf,1.950,mm,OK,--,6:47:50 PM,7/30/2025,
520,43.8,gf,1.955,mm,OK,--,6:47:50 PM,7/30/2025,
521,43.8,gf,1.955,mm,OK,--,6:47:50 PM,7/30/2025,
522,43.9,gf,1.960,mm,OK,--,6:47:50 PM,7/30/2025,
523,43.9,gf,1.965,mm,OK,--,6:47:51 PM,7/30/2025,
524,43.9,gf,1.965,mm,OK,--,6:47:51 PM,7/30/2025,
525,43.9,gf,1.970,mm,OK,--,6:47:51 PM,7/30/2025,
526,43.9,gf,1.975,mm,OK,--,6:47:51 PM,7/30/2025,
527,43.9,gf,1.975,mm,OK,--,6:47:51 PM,7/30/2025,
528,43.9,gf,1.980,mm,OK,--,6:47:51 PM,7/30/2025,
529,44.0,gf,1.980,mm,OK,--,6:47:51 PM,7/30/2025,
530,44.0,gf,1.985,mm,OK,--,6:47:51 PM,7/30/2025,
531,44.0,gf,1.990,mm,OK,--,6:47:51 PM,7/30/2025,
532,44.1,gf,1.990,mm,OK,--,6:47:51 PM,7/30/2025,
533,44.1,gf,1.995,mm,OK,--,6:47:52 PM,7/30/2025,
534,44.1,gf,2.000,mm,OK,--,6:47:52 PM,7/30/2025,
535,44.1,gf,2.005,mm,OK,--,6:47:52 PM,7/30/2025,
536,44.1,gf,2.010,mm,OK,--,6:47:52 PM,7/30/2025,
537,44.0,gf,2.015,mm,OK,--,6:47:52 PM,7/30/2025,
538,44.0,gf,2.015,mm,OK,--,6:47:52 PM,7/30/2025,
539,44.0,gf,2.020,mm,OK,--,6:47:52 PM,7/30/2025,
540,44.0,gf,2.025,mm,OK,--,6:47:52 PM,7/30/2025,
541,44.0,gf,2.030,mm,OK,--,6:47:52 PM,7/30/2025,
542,44.1,gf,2.030,mm,OK,--,6:47:52 PM,7/30/2025,
543,44.1,gf,2.035,mm,OK,--,6:47:53 PM,7/30/2025,
544,44.1,gf,2.035,mm,OK,--,6:47:53 PM,7/30/2025,
545,44.1,gf,2.040,mm,OK,--,6:47:53 PM,7/30/2025,
546,44.1,gf,2.040,mm,OK,--,6:47:53 PM,7/30/2025,
547,44.2,gf,2.045,mm,OK,--,6:47:53 PM,7/30/2025,
548,44.2,gf,2.050,mm,OK,--,6:47:53 PM,7/30/2025,
549,44.2,gf,2.050,mm,OK,--,6:47:53 PM,7/30/2025,
550,44.2,gf,2.055,mm,OK,--,6:47:53 PM,7/30/2025,
551,44.2,gf,2.055,mm,OK,--,6:47:53 PM,7/30/2025,
552,44.2,gf,2.060,mm,OK,--,6:47:53 PM,7/30/2025,
553,44.2,gf,2.060,mm,OK,--,6:47:54 PM,7/30/2025,
554,44.2,gf,2.065,mm,OK,--,6:47:54 PM,7/30/2025,
555,44.2,gf,2.070,mm,OK,--,6:47:54 PM,7/30/2025,
556,44.3,gf,2.070,mm,OK,--,6:47:54 PM,7/30/2025,
557,44.3,gf,2.075,mm,OK,--,6:47:54 PM,7/30/2025,
558,44.3,gf,2.075,mm,OK,--,6:47:54 PM,7/30/2025,
559,44.3,gf,2.080,mm,OK,--,6:47:54 PM,7/30/2025,
560,44.3,gf,2.085,mm,OK,--,6:47:54 PM,7/30/2025,
561,44.4,gf,2.085,mm,OK,--,6:47:54 PM,7/30/2025,
562,44.3,gf,2.090,mm,OK,--,6:47:54 PM,7/30/2025,
563,44.3,gf,2.095,mm,OK,--,6:47:55 PM,7/30/2025,
564,44.3,gf,2.095,mm,OK,--,6:47:55 PM,7/30/2025,
565,44.3,gf,2.100,mm,OK,--,6:47:55 PM,7/30/2025,
566,44.3,gf,2.100,mm,OK,--,6:47:55 PM,7/30/2025,
567,44.4,gf,2.105,mm,OK,--,6:47:55 PM,7/30/2025,
568,44.4,gf,2.105,mm,OK,--,6:47:55 PM,7/30/2025,
569,44.4,gf,2.110,mm,OK,--,6:47:55 PM,7/30/2025,
570,44.4,gf,2.115,mm,OK,--,6:47:55 PM,7/30/2025,
571,44.4,gf,2.120,mm,OK,--,6:47:55 PM,7/30/2025,
572,44.4,gf,2.125,mm,OK,--,6:47:55 PM,7/30/2025,
573,44.5,gf,2.130,mm,OK,--,6:47:56 PM,7/30/2025,
574,44.5,gf,2.135,mm,OK,--,6:47:56 PM,7/30/2025,
575,44.5,gf,2.140,mm,OK,--,6:47:56 PM,7/30/2025,
576,44.6,gf,2.145,mm,OK,--,6:47:56 PM,7/30/2025,
577,44.6,gf,2.155,mm,OK,--,6:47:56 PM,7/30/2025,
578,44.5,gf,2.160,mm,OK,--,6:47:56 PM,7/30/2025,
579,44.6,gf,2.165,mm,OK,--,6:47:56 PM,7/30/2025,
580,44.7,gf,2.170,mm,OK,--,6:47:56 PM,7/30/2025,
581,44.6,gf,2.170,mm,OK,--,6:47:56 PM,7/30/2025,
582,44.7,gf,2.175,mm,OK,--,6:47:56 PM,7/30/2025,
583,44.7,gf,2.180,mm,OK,--,6:47:57 PM,7/30/2025,
584,44.7,gf,2.180,mm,OK,--,6:47:57 PM,7/30/2025,
585,44.7,gf,2.185,mm,OK,--,6:47:57 PM,7/30/2025,
586,44.8,gf,2.190,mm,OK,--,6:47:57 PM,7/30/2025,
587,44.7,gf,2.190,mm,OK,--,6:47:57 PM,7/30/2025,
588,44.7,gf,2.195,mm,OK,--,6:47:57 PM,7/30/2025,
589,44.7,gf,2.195,mm,OK,--,6:47:57 PM,7/30/2025,
590,44.7,gf,2.200,mm,OK,--,6:47:57 PM,7/30/2025,
591,44.7,gf,2.200,mm,OK,--,6:47:57 PM,7/30/2025,
592,44.7,gf,2.205,mm,OK,--,6:47:57 PM,7/30/2025,
593,44.8,gf,2.205,mm,OK,--,6:47:58 PM,7/30/2025,
594,44.8,gf,2.210,mm,OK,--,6:47:58 PM,7/30/2025,
595,44.8,gf,2.215,mm,OK,--,6:47:58 PM,7/30/2025,
596,44.9,gf,2.220,mm,OK,--,6:47:58 PM,7/30/2025,
597,44.9,gf,2.225,mm,OK,--,6:47:58 PM,7/30/2025,
598,44.9,gf,2.230,mm,OK,--,6:47:58 PM,7/30/2025,
599,44.8,gf,2.230,mm,OK,--,6:47:58 PM,7/30/2025,
600,44.9,gf,2.235,mm,OK,--,6:47:58 PM,7/30/2025,
601,44.9,gf,2.235,mm,OK,--,6:47:58 PM,7/30/2025,
602,44.9,gf,2.240,mm,OK,--,6:47:58 PM,7/30/2025,
603,44.9,gf,2.240,mm,OK,--,6:47:59 PM,7/30/2025,
604,44.9,gf,2.245,mm,OK,--,6:47:59 PM,7/30/2025,
605,44.9,gf,2.250,mm,OK,--,6:47:59 PM,7/30/2025,
606,44.9,gf,2.250,mm,OK,--,6:47:59 PM,7/30/2025,
607,45.0,gf,2.255,mm,OK,--,6:47:59 PM,7/30/2025,
608,45.0,gf,2.255,mm,OK,--,6:47:59 PM,7/30/2025,
609,45.0,gf,2.260,mm,OK,--,6:47:59 PM,7/30/2025,
610,45.0,gf,2.260,mm,OK,--,6:47:59 PM,7/30/2025,
611,45.1,gf,2.265,mm,OK,--,6:47:59 PM,7/30/2025,
612,45.1,gf,2.270,mm,OK,--,6:47:59 PM,7/30/2025,
613,45.1,gf,2.270,mm,OK,--,6:48:00 PM,7/30/2025,
614,45.1,gf,2.275,mm,OK,--,6:48:00 PM,7/30/2025,
615,45.2,gf,2.280,mm,OK,--,6:48:00 PM,7/30/2025,
616,45.2,gf,2.285,mm,OK,--,6:48:00 PM,7/30/2025,
617,45.2,gf,2.290,mm,OK,--,6:48:00 PM,7/30/2025,
618,45.2,gf,2.295,mm,OK,--,6:48:00 PM,7/30/2025,
619,45.2,gf,2.300,mm,OK,--,6:48:00 PM,7/30/2025,
620,45.3,gf,2.305,mm,OK,--,6:48:00 PM,7/30/2025,
621,45.2,gf,2.310,mm,OK,--,6:48:00 PM,7/30/2025,
622,45.3,gf,2.310,mm,OK,--,6:48:00 PM,7/30/2025,
623,45.3,gf,2.315,mm,OK,--,6:48:01 PM,7/30/2025,
624,45.2,gf,2.320,mm,OK,--,6:48:01 PM,7/30/2025,
625,45.2,gf,2.320,mm,OK,--,6:48:01 PM,7/30/2025,
626,45.3,gf,2.325,mm,OK,--,6:48:01 PM,7/30/2025,
627,45.3,gf,2.325,mm,OK,--,6:48:01 PM,7/30/2025,
628,45.3,gf,2.330,mm,OK,--,6:48:01 PM,7/30/2025,
629,45.3,gf,2.335,mm,OK,--,6:48:01 PM,7/30/2025,
630,45.3,gf,2.335,mm,OK,--,6:48:01 PM,7/30/2025,
631,45.3,gf,2.340,mm,OK,--,6:48:01 PM,7/30/2025,
632,45.3,gf,2.340,mm,OK,--,6:48:01 PM,7/30/2025,
633,45.4,gf,2.345,mm,OK,--,6:48:02 PM,7/30/2025,
634,45.4,gf,2.345,mm,OK,--,6:48:02 PM,7/30/2025,
635,45.4,gf,2.350,mm,OK,--,6:48:02 PM,7/30/2025,
636,45.4,gf,2.355,mm,OK,--,6:48:02 PM,7/30/2025,
637,45.5,gf,2.355,mm,OK,--,6:48:02 PM,7/30/2025,
638,45.5,gf,2.360,mm,OK,--,6:48:02 PM,7/30/2025,
639,45.5,gf,2.365,mm,OK,--,6:48:02 PM,7/30/2025,
640,45.5,gf,2.370,mm,OK,--,6:48:02 PM,7/30/2025,
641,45.6,gf,2.375,mm,OK,--,6:48:02 PM,7/30/2025,
642,45.5,gf,2.375,mm,OK,--,6:48:02 PM,7/30/2025,
643,45.5,gf,2.380,mm,OK,--,6:48:03 PM,7/30/2025,
644,45.5,gf,2.385,mm,OK,--,6:48:03 PM,7/30/2025,
645,45.6,gf,2.395,mm,OK,--,6:48:03 PM,7/30/2025,
646,45.6,gf,2.400,mm,OK,--,6:48:03 PM,7/30/2025,
647,45.6,gf,2.405,mm,OK,--,6:48:03 PM,7/30/2025,
648,45.6,gf,2.410,mm,OK,--,6:48:03 PM,7/30/2025,
649,45.6,gf,2.415,mm,OK,--,6:48:03 PM,7/30/2025,
650,45.7,gf,2.420,mm,OK,--,6:48:03 PM,7/30/2025,
651,45.7,gf,2.425,mm,OK,--,6:48:03 PM,7/30/2025,
652,45.8,gf,2.430,mm,OK,--,6:48:03 PM,7/30/2025,
653,45.7,gf,2.435,mm,OK,--,6:48:04 PM,7/30/2025,
654,45.7,gf,2.435,mm,OK,--,6:48:04 PM,7/30/2025,
655,45.7,gf,2.440,mm,OK,--,6:48:04 PM,7/30/2025,
656,45.7,gf,2.445,mm,OK,--,6:48:04 PM,7/30/2025,
657,45.8,gf,2.445,mm,OK,--,6:48:04 PM,7/30/2025,
658,45.8,gf,2.450,mm,OK,--,6:48:04 PM,7/30/2025,
659,45.8,gf,2.455,mm,OK,--,6:48:04 PM,7/30/2025,
660,45.8,gf,2.460,mm,OK,--,6:48:04 PM,7/30/2025,
661,45.8,gf,2.460,mm,OK,--,6:48:04 PM,7/30/2025,
662,45.8,gf,2.465,mm,OK,--,6:48:04 PM,7/30/2025,
663,45.8,gf,2.470,mm,OK,--,6:48:05 PM,7/30/2025,
664,45.8,gf,2.470,mm,OK,--,6:48:05 PM,7/30/2025,
665,45.9,gf,2.475,mm,OK,--,6:48:05 PM,7/30/2025,
666,45.9,gf,2.480,mm,OK,--,6:48:05 PM,7/30/2025,
667,45.9,gf,2.480,mm,OK,--,6:48:05 PM,7/30/2025,
668,46.0,gf,2.485,mm,OK,--,6:48:05 PM,7/30/2025,
669,46.0,gf,2.490,mm,OK,--,6:48:05 PM,7/30/2025,
670,46.0,gf,2.495,mm,OK,--,6:48:05 PM,7/30/2025,
671,46.0,gf,2.500,mm,OK,--,6:48:05 PM,7/30/2025,
672,46.0,gf,2.505,mm,OK,--,6:48:05 PM,7/30/2025,
673,46.0,gf,2.505,mm,OK,--,6:48:06 PM,7/30/2025,
674,46.1,gf,2.510,mm,OK,--,6:48:06 PM,7/30/2025,
675,46.0,gf,2.515,mm,OK,--,6:48:06 PM,7/30/2025,
676,46.1,gf,2.520,mm,OK,--,6:48:06 PM,7/30/2025,
677,46.1,gf,2.520,mm,OK,--,6:48:06 PM,7/30/2025,
678,46.1,gf,2.525,mm,OK,--,6:48:06 PM,7/30/2025,
679,46.1,gf,2.530,mm,OK,--,6:48:06 PM,7/30/2025,
680,46.1,gf,2.530,mm,OK,--,6:48:06 PM,7/30/2025,
681,46.1,gf,2.535,mm,OK,--,6:48:06 PM,7/30/2025,
682,46.1,gf,2.535,mm,OK,--,6:48:06 PM,7/30/2025,
683,46.1,gf,2.535,mm,OK,--,6:48:07 PM,7/30/2025,
684,46.1,gf,2.540,mm,OK,--,6:48:07 PM,7/30/2025,
685,46.1,gf,2.540,mm,OK,--,6:48:07 PM,7/30/2025,
686,46.1,gf,2.540,mm,OK,--,6:48:07 PM,7/30/2025,
687,46.2,gf,2.545,mm,OK,--,6:48:07 PM,7/30/2025,
688,46.2,gf,2.545,mm,OK,--,6:48:07 PM,7/30/2025,
689,46.2,gf,2.550,mm,OK,--,6:48:07 PM,7/30/2025,
690,46.2,gf,2.550,mm,OK,--,6:48:07 PM,7/30/2025,
691,46.3,gf,2.555,mm,OK,--,6:48:07 PM,7/30/2025,
692,46.3,gf,2.560,mm,OK,--,6:48:07 PM,7/30/2025,
693,46.3,gf,2.560,mm,OK,--,6:48:08 PM,7/30/2025,
694,46.3,gf,2.565,mm,OK,--,6:48:08 PM,7/30/2025,
695,46.3,gf,2.570,mm,OK,--,6:48:08 PM,7/30/2025,
696,46.3,gf,2.575,mm,OK,--,6:48:08 PM,7/30/2025,
697,46.3,gf,2.575,mm,OK,--,6:48:08 PM,7/30/2025,
698,46.3,gf,2.580,mm,OK,--,6:48:08 PM,7/30/2025,
699,46.3,gf,2.580,mm,OK,--,6:48:08 PM,7/30/2025,
700,46.4,gf,2.585,mm,OK,--,6:48:08 PM,7/30/2025,
701,46.3,gf,2.590,mm,OK,--,6:48:08 PM,7/30/2025,
702,46.3,gf,2.595,mm,OK,--,6:48:08 PM,7/30/2025,
703,46.3,gf,2.595,mm,OK,--,6:48:09 PM,7/30/2025,
704,46.3,gf,2.600,mm,OK,--,6:48:09 PM,7/30/2025,
705,46.4,gf,2.600,mm,OK,--,6:48:09 PM,7/30/2025,
706,46.4,gf,2.605,mm,OK,--,6:48:09 PM,7/30/2025,
707,46.4,gf,2.605,mm,OK,--,6:48:09 PM,7/30/2025,
708,46.4,gf,2.610,mm,OK,--,6:48:09 PM,7/30/2025,
709,46.4,gf,2.615,mm,OK,--,6:48:09 PM,7/30/2025,
710,46.4,gf,2.620,mm,OK,--,6:48:09 PM,7/30/2025,
711,46.4,gf,2.620,mm,OK,--,6:48:09 PM,7/30/2025,
712,46.4,gf,2.625,mm,OK,--,6:48:09 PM,7/30/2025,
713,46.5,gf,2.630,mm,OK,--,6:48:10 PM,7/30/2025,
714,46.5,gf,2.635,mm,OK,--,6:48:10 PM,7/30/2025,
715,46.5,gf,2.640,mm,OK,--,6:48:10 PM,7/30/2025,
716,46.5,gf,2.640,mm,OK,--,6:48:10 PM,7/30/2025,
717,46.5,gf,2.645,mm,OK,--,6:48:10 PM,7/30/2025,
718,46.5,gf,2.650,mm,OK,--,6:48:10 PM,7/30/2025,
719,46.6,gf,2.655,mm,OK,--,6:48:10 PM,7/30/2025,
720,46.6,gf,2.655,mm,OK,--,6:48:10 PM,7/30/2025,
721,46.7,gf,2.660,mm,OK,--,6:48:10 PM,7/30/2025,
722,46.7,gf,2.665,mm,OK,--,6:48:10 PM,7/30/2025,
723,46.7,gf,2.665,mm,OK,--,6:48:11 PM,7/30/2025,
724,46.7,gf,2.670,mm,OK,--,6:48:11 PM,7/30/2025,
725,46.7,gf,2.675,mm,OK,--,6:48:11 PM,7/30/2025,
726,46.7,gf,2.675,mm,OK,--,6:48:11 PM,7/30/2025,
727,46.6,gf,2.680,mm,OK,--,6:48:11 PM,7/30/2025,
728,46.6,gf,2.685,mm,OK,--,6:48:11 PM,7/30/2025,
729,46.7,gf,2.690,mm,OK,--,6:48:11 PM,7/30/2025,
730,46.8,gf,2.700,mm,OK,--,6:48:11 PM,7/30/2025,
731,46.8,gf,2.705,mm,OK,--,6:48:11 PM,7/30/2025,
732,46.9,gf,2.710,mm,OK,--,6:48:11 PM,7/30/2025,
733,46.8,gf,2.720,mm,OK,--,6:48:12 PM,7/30/2025,
734,46.9,gf,2.725,mm,OK,--,6:48:12 PM,7/30/2025,
735,47.0,gf,2.730,mm,OK,--,6:48:12 PM,7/30/2025,
736,47.0,gf,2.735,mm,OK,--,6:48:12 PM,7/30/2025,
737,47.0,gf,2.740,mm,OK,--,6:48:12 PM,7/30/2025,
738,47.1,gf,2.745,mm,OK,--,6:48:12 PM,7/30/2025,
739,47.1,gf,2.755,mm,OK,--,6:48:12 PM,7/30/2025,
740,47.1,gf,2.760,mm,OK,--,6:48:12 PM,7/30/2025,
741,47.1,gf,2.765,mm,OK,--,6:48:12 PM,7/30/2025,
742,47.1,gf,2.770,mm,OK,--,6:48:12 PM,7/30/2025,
743,47.1,gf,2.775,mm,OK,--,6:48:13 PM,7/30/2025,
744,47.1,gf,2.780,mm,OK,--,6:48:13 PM,7/30/2025,
745,47.1,gf,2.785,mm,OK,--,6:48:13 PM,7/30/2025,
746,47.2,gf,2.785,mm,OK,--,6:48:13 PM,7/30/2025,
747,47.2,gf,2.790,mm,OK,--,6:48:13 PM,7/30/2025,
748,47.2,gf,2.795,mm,OK,--,6:48:13 PM,7/30/2025,
749,47.2,gf,2.800,mm,OK,--,6:48:13 PM,7/30/2025,
750,47.3,gf,2.805,mm,OK,--,6:48:13 PM,7/30/2025,
751,47.3,gf,2.810,mm,OK,--,6:48:13 PM,7/30/2025,
752,47.3,gf,2.815,mm,OK,--,6:48:13 PM,7/30/2025,
753,47.3,gf,2.815,mm,OK,--,6:48:14 PM,7/30/2025,
754,47.3,gf,2.820,mm,OK,--,6:48:14 PM,7/30/2025,
755,47.3,gf,2.825,mm,OK,--,6:48:14 PM,7/30/2025,
756,47.3,gf,2.825,mm,OK,--,6:48:14 PM,7/30/2025,
757,47.3,gf,2.830,mm,OK,--,6:48:14 PM,7/30/2025,
758,47.3,gf,2.830,mm,OK,--,6:48:14 PM,7/30/2025,
759,47.3,gf,2.835,mm,OK,--,6:48:14 PM,7/30/2025,
760,47.3,gf,2.840,mm,OK,--,6:48:14 PM,7/30/2025,
761,47.4,gf,2.840,mm,OK,--,6:48:14 PM,7/30/2025,
762,47.4,gf,2.845,mm,OK,--,6:48:14 PM,7/30/2025,
763,47.4,gf,2.850,mm,OK,--,6:48:15 PM,7/30/2025,
764,47.4,gf,2.855,mm,OK,--,6:48:15 PM,7/30/2025,
765,47.4,gf,2.865,mm,OK,--,6:48:15 PM,7/30/2025,
766,47.5,gf,2.875,mm,OK,--,6:48:15 PM,7/30/2025,
767,47.5,gf,2.880,mm,OK,--,6:48:15 PM,7/30/2025,
768,47.5,gf,2.885,mm,OK,--,6:48:15 PM,7/30/2025,
769,47.5,gf,2.890,mm,OK,--,6:48:15 PM,7/30/2025,
770,47.5,gf,2.900,mm,OK,--,6:48:15 PM,7/30/2025,
771,47.6,gf,2.905,mm,OK,--,6:48:15 PM,7/30/2025,
772,47.7,gf,2.910,mm,OK,--,6:48:15 PM,7/30/2025,
773,47.7,gf,2.915,mm,OK,--,6:48:16 PM,7/30/2025,
774,47.7,gf,2.920,mm,OK,--,6:48:16 PM,7/30/2025,
775,47.7,gf,2.920,mm,OK,--,6:48:16 PM,7/30/2025,
776,47.7,gf,2.925,mm,OK,--,6:48:16 PM,7/30/2025,
777,47.7,gf,2.930,mm,OK,--,6:48:16 PM,7/30/2025,
778,47.7,gf,2.935,mm,OK,--,6:48:16 PM,7/30/2025,
779,47.7,gf,2.935,mm,OK,--,6:48:16 PM,7/30/2025,
780,47.8,gf,2.940,mm,OK,--,6:48:16 PM,7/30/2025,
781,47.8,gf,2.945,mm,OK,--,6:48:16 PM,7/30/2025,
782,47.8,gf,2.950,mm,OK,--,6:48:16 PM,7/30/2025,
783,47.8,gf,2.955,mm,OK,--,6:48:17 PM,7/30/2025,
784,47.8,gf,2.955,mm,OK,--,6:48:17 PM,7/30/2025,
785,47.8,gf,2.960,mm,OK,--,6:48:17 PM,7/30/2025,
786,47.8,gf,2.960,mm,OK,--,6:48:17 PM,7/30/2025,
787,47.8,gf,2.965,mm,OK,--,6:48:17 PM,7/30/2025,
788,47.8,gf,2.965,mm,OK,--,6:48:17 PM,7/30/2025,
789,47.8,gf,2.970,mm,OK,--,6:48:17 PM,7/30/2025,
790,47.8,gf,2.970,mm,OK,--,6:48:17 PM,7/30/2025,
791,47.8,gf,2.970,mm,OK,--,6:48:17 PM,7/30/2025,
792,47.8,gf,2.975,mm,OK,--,6:48:17 PM,7/30/2025,
793,47.8,gf,2.975,mm,OK,--,6:48:18 PM,7/30/2025,
794,47.8,gf,2.975,mm,OK,--,6:48:18 PM,7/30/2025,
795,47.8,gf,2.980,mm,OK,--,6:48:18 PM,7/30/2025,
796,47.8,gf,2.980,mm,OK,--,6:48:18 PM,7/30/2025,
797,47.9,gf,2.985,mm,OK,--,6:48:18 PM,7/30/2025,
798,47.9,gf,2.990,mm,OK,--,6:48:18 PM,7/30/2025,
799,47.9,gf,2.995,mm,OK,--,6:48:18 PM,7/30/2025,
800,47.9,gf,3.000,mm,OK,--,6:48:18 PM,7/30/2025,
801,48.0,gf,3.000,mm,OK,--,6:48:18 PM,7/30/2025,
802,48.0,gf,3.005,mm,OK,--,6:48:18 PM,7/30/2025,
803,48.0,gf,3.010,mm,OK,--,6:48:19 PM,7/30/2025,
804,48.0,gf,3.015,mm,OK,--,6:48:19 PM,7/30/2025,
805,48.0,gf,3.015,mm,OK,--,6:48:19 PM,7/30/2025,
806,48.0,gf,3.020,mm,OK,--,6:48:19 PM,7/30/2025,
807,48.0,gf,3.020,mm,OK,--,6:48:19 PM,7/30/2025,
808,48.0,gf,3.025,mm,OK,--,6:48:19 PM,7/30/2025,
809,48.0,gf,3.030,mm,OK,--,6:48:19 PM,7/30/2025,
810,48.1,gf,3.030,mm,OK,--,6:48:19 PM,7/30/2025,
811,48.1,gf,3.035,mm,OK,--,6:48:19 PM,7/30/2025,
812,48.1,gf,3.035,mm,OK,--,6:48:19 PM,7/30/2025,
813,48.1,gf,3.040,mm,OK,--,6:48:20 PM,7/30/2025,
814,48.1,gf,3.040,mm,OK,--,6:48:20 PM,7/30/2025,
815,48.1,gf,3.045,mm,OK,--,6:48:20 PM,7/30/2025,
816,48.2,gf,3.045,mm,OK,--,6:48:20 PM,7/30/2025,
817,48.2,gf,3.045,mm,OK,--,6:48:20 PM,7/30/2025,
818,48.2,gf,3.050,mm,OK,--,6:48:20 PM,7/30/2025,
819,48.2,gf,3.050,mm,OK,--,6:48:20 PM,7/30/2025,
820,48.2,gf,3.055,mm,OK,--,6:48:20 PM,7/30/2025,
821,48.3,gf,3.060,mm,OK,--,6:48:20 PM,7/30/2025,
822,48.3,gf,3.060,mm,OK,--,6:48:20 PM,7/30/2025,
823,48.3,gf,3.065,mm,OK,--,6:48:21 PM,7/30/2025,
824,48.3,gf,3.070,mm,OK,--,6:48:21 PM,7/30/2025,
825,48.3,gf,3.075,mm,OK,--,6:48:21 PM,7/30/2025,
826,48.3,gf,3.075,mm,OK,--,6:48:21 PM,7/30/2025,
827,48.3,gf,3.080,mm,OK,--,6:48:21 PM,7/30/2025,
828,48.3,gf,3.080,mm,OK,--,6:48:21 PM,7/30/2025,
829,48.3,gf,3.085,mm,OK,--,6:48:21 PM,7/30/2025,
830,48.3,gf,3.085,mm,OK,--,6:48:21 PM,7/30/2025,
831,48.3,gf,3.090,mm,OK,--,6:48:21 PM,7/30/2025,
832,48.3,gf,3.090,mm,OK,--,6:48:21 PM,7/30/2025,
833,48.3,gf,3.095,mm,OK,--,6:48:22 PM,7/30/2025,
834,48.3,gf,3.095,mm,OK,--,6:48:22 PM,7/30/2025,
835,48.3,gf,3.100,mm,OK,--,6:48:22 PM,7/30/2025,
836,48.3,gf,3.100,mm,OK,--,6:48:22 PM,7/30/2025,
837,48.3,gf,3.100,mm,OK,--,6:48:22 PM,7/30/2025,
838,48.3,gf,3.105,mm,OK,--,6:48:22 PM,7/30/2025,
839,48.3,gf,3.105,mm,OK,--,6:48:22 PM,7/30/2025,
840,48.3,gf,3.110,mm,OK,--,6:48:22 PM,7/30/2025,
841,48.3,gf,3.110,mm,OK,--,6:48:22 PM,7/30/2025,
842,48.3,gf,3.115,mm,OK,--,6:48:22 PM,7/30/2025,
843,48.4,gf,3.115,mm,OK,--,6:48:23 PM,7/30/2025,
844,48.4,gf,3.120,mm,OK,--,6:48:23 PM,7/30/2025,
845,48.4,gf,3.120,mm,OK,--,6:48:23 PM,7/30/2025,
846,48.4,gf,3.125,mm,OK,--,6:48:23 PM,7/30/2025,
847,48.3,gf,3.125,mm,OK,--,6:48:23 PM,7/30/2025,
848,48.4,gf,3.130,mm,OK,--,6:48:23 PM,7/30/2025,
849,48.4,gf,3.130,mm,OK,--,6:48:23 PM,7/30/2025,
850,48.4,gf,3.135,mm,OK,--,6:48:23 PM,7/30/2025,
851,48.4,gf,3.135,mm,OK,--,6:48:23 PM,7/30/2025,
852,48.4,gf,3.140,mm,OK,--,6:48:23 PM,7/30/2025,
853,48.4,gf,3.140,mm,OK,--,6:48:24 PM,7/30/2025,
854,48.4,gf,3.145,mm,OK,--,6:48:24 PM,7/30/2025,
855,48.5,gf,3.145,mm,OK,--,6:48:24 PM,7/30/2025,
856,48.5,gf,3.150,mm,OK,--,6:48:24 PM,7/30/2025,
857,48.5,gf,3.155,mm,OK,--,6:48:24 PM,7/30/2025,
858,48.5,gf,3.160,mm,OK,--,6:48:24 PM,7/30/2025,
859,48.5,gf,3.165,mm,OK,--,6:48:24 PM,7/30/2025,
860,48.5,gf,3.170,mm,OK,--,6:48:24 PM,7/30/2025,
861,48.6,gf,3.170,mm,OK,--,6:48:24 PM,7/30/2025,
862,48.6,gf,3.175,mm,OK,--,6:48:24 PM,7/30/2025,
863,48.6,gf,3.180,mm,OK,--,6:48:25 PM,7/30/2025,
864,48.6,gf,3.180,mm,OK,--,6:48:25 PM,7/30/2025,
865,48.6,gf,3.185,mm,OK,--,6:48:25 PM,7/30/2025,
866,48.6,gf,3.185,mm,OK,--,6:48:25 PM,7/30/2025,
867,48.6,gf,3.190,mm,OK,--,6:48:25 PM,7/30/2025,
868,48.6,gf,3.190,mm,OK,--,6:48:25 PM,7/30/2025,
869,48.6,gf,3.190,mm,OK,--,6:48:25 PM,7/30/2025,
870,48.6,gf,3.195,mm,OK,--,6:48:25 PM,7/30/2025,
871,48.6,gf,3.195,mm,OK,--,6:48:25 PM,7/30/2025,
872,48.6,gf,3.200,mm,OK,--,6:48:25 PM,7/30/2025,
873,48.6,gf,3.200,mm,OK,--,6:48:26 PM,7/30/2025,
874,48.6,gf,3.200,mm,OK,--,6:48:26 PM,7/30/2025,
875,48.6,gf,3.205,mm,OK,--,6:48:26 PM,7/30/2025,
876,48.6,gf,3.205,mm,OK,--,6:48:26 PM,7/30/2025,
877,48.7,gf,3.205,mm,OK,--,6:48:26 PM,7/30/2025,
878,48.7,gf,3.210,mm,OK,--,6:48:26 PM,7/30/2025,
879,48.7,gf,3.210,mm,OK,--,6:48:26 PM,7/30/2025,
880,48.7,gf,3.210,mm,OK,--,6:48:26 PM,7/30/2025,
881,48.7,gf,3.215,mm,OK,--,6:48:26 PM,7/30/2025,
882,48.7,gf,3.215,mm,OK,--,6:48:26 PM,7/30/2025,
883,48.7,gf,3.215,mm,OK,--,6:48:27 PM,7/30/2025,
884,48.8,gf,3.220,mm,OK,--,6:48:27 PM,7/30/2025,
885,48.8,gf,3.220,mm,OK,--,6:48:27 PM,7/30/2025,
886,48.8,gf,3.220,mm,OK,--,6:48:27 PM,7/30/2025,
887,48.8,gf,3.225,mm,OK,--,6:48:27 PM,7/30/2025,
888,48.8,gf,3.230,mm,OK,--,6:48:27 PM,7/30/2025,
889,48.8,gf,3.230,mm,OK,--,6:48:27 PM,7/30/2025,
890,48.8,gf,3.235,mm,OK,--,6:48:27 PM,7/30/2025,
891,48.9,gf,3.235,mm,OK,--,6:48:27 PM,7/30/2025,
892,48.9,gf,3.240,mm,OK,--,6:48:27 PM,7/30/2025,
893,48.9,gf,3.240,mm,OK,--,6:48:28 PM,7/30/2025,
894,48.9,gf,3.245,mm,OK,--,6:48:28 PM,7/30/2025,
895,48.9,gf,3.245,mm,OK,--,6:48:28 PM,7/30/2025,
896,48.9,gf,3.245,mm,OK,--,6:48:28 PM,7/30/2025,
897,48.9,gf,3.250,mm,OK,--,6:48:28 PM,7/30/2025,
898,48.9,gf,3.250,mm,OK,--,6:48:28 PM,7/30/2025,
899,48.9,gf,3.255,mm,OK,--,6:48:28 PM,7/30/2025,
900,48.9,gf,3.260,mm,OK,--,6:48:28 PM,7/30/2025,
901,48.9,gf,3.260,mm,OK,--,6:48:28 PM,7/30/2025,
902,48.9,gf,3.265,mm,OK,--,6:48:28 PM,7/30/2025,
903,48.9,gf,3.265,mm,OK,--,6:48:29 PM,7/30/2025,
904,49.0,gf,3.270,mm,OK,--,6:48:29 PM,7/30/2025,
905,49.0,gf,3.275,mm,OK,--,6:48:29 PM,7/30/2025,
906,49.0,gf,3.280,mm,OK,--,6:48:29 PM,7/30/2025,
907,49.0,gf,3.280,mm,OK,--,6:48:29 PM,7/30/2025,
908,49.0,gf,3.285,mm,OK,--,6:48:29 PM,7/30/2025,
909,49.0,gf,3.290,mm,OK,--,6:48:29 PM,7/30/2025,
910,49.1,gf,3.290,mm,OK,--,6:48:29 PM,7/30/2025,
911,49.1,gf,3.295,mm,OK,--,6:48:29 PM,7/30/2025,
912,49.1,gf,3.295,mm,OK,--,6:48:29 PM,7/30/2025,
913,49.1,gf,3.300,mm,OK,--,6:48:30 PM,7/30/2025,
914,49.1,gf,3.300,mm,OK,--,6:48:30 PM,7/30/2025,
915,49.1,gf,3.300,mm,OK,--,6:48:30 PM,7/30/2025,
916,49.1,gf,3.305,mm,OK,--,6:48:30 PM,7/30/2025,
917,49.1,gf,3.305,mm,OK,--,6:48:30 PM,7/30/2025,
918,49.2,gf,3.310,mm,OK,--,6:48:30 PM,7/30/2025,
919,49.2,gf,3.315,mm,OK,--,6:48:30 PM,7/30/2025,
920,49.2,gf,3.315,mm,OK,--,6:48:30 PM,7/30/2025,
921,49.2,gf,3.320,mm,OK,--,6:48:30 PM,7/30/2025,
922,49.2,gf,3.325,mm,OK,--,6:48:30 PM,7/30/2025,
923,49.2,gf,3.325,mm,OK,--,6:48:31 PM,7/30/2025,
924,49.2,gf,3.330,mm,OK,--,6:48:31 PM,7/30/2025,
925,49.2,gf,3.335,mm,OK,--,6:48:31 PM,7/30/2025,
926,49.2,gf,3.340,mm,OK,--,6:48:31 PM,7/30/2025,
927,49.2,gf,3.345,mm,OK,--,6:48:31 PM,7/30/2025,
928,49.3,gf,3.350,mm,OK,--,6:48:31 PM,7/30/2025,
929,49.3,gf,3.355,mm,OK,--,6:48:31 PM,7/30/2025,
930,49.3,gf,3.360,mm,OK,--,6:48:31 PM,7/30/2025,
931,49.3,gf,3.365,mm,OK,--,6:48:31 PM,7/30/2025,
932,49.3,gf,3.365,mm,OK,--,6:48:31 PM,7/30/2025,
933,49.3,gf,3.370,mm,OK,--,6:48:32 PM,7/30/2025,
934,49.3,gf,3.375,mm,OK,--,6:48:32 PM,7/30/2025,
935,49.4,gf,3.375,mm,OK,--,6:48:32 PM,7/30/2025,
936,49.4,gf,3.380,mm,OK,--,6:48:32 PM,7/30/2025,
937,49.4,gf,3.380,mm,OK,--,6:48:32 PM,7/30/2025,
938,49.4,gf,3.385,mm,OK,--,6:48:32 PM,7/30/2025,
939,49.4,gf,3.385,mm,OK,--,6:48:32 PM,7/30/2025,
940,49.4,gf,3.385,mm,OK,--,6:48:32 PM,7/30/2025,
941,49.4,gf,3.390,mm,OK,--,6:48:32 PM,7/30/2025,
942,49.5,gf,3.390,mm,OK,--,6:48:32 PM,7/30/2025,
943,49.6,gf,3.395,mm,OK,--,6:48:33 PM,7/30/2025,
944,49.6,gf,3.395,mm,OK,--,6:48:33 PM,7/30/2025,
945,49.5,gf,3.400,mm,OK,--,6:48:33 PM,7/30/2025,
946,49.6,gf,3.405,mm,OK,--,6:48:33 PM,7/30/2025,
947,49.6,gf,3.405,mm,OK,--,6:48:33 PM,7/30/2025,
948,49.6,gf,3.410,mm,OK,--,6:48:33 PM,7/30/2025,
949,49.6,gf,3.410,mm,OK,--,6:48:33 PM,7/30/2025,
950,49.6,gf,3.415,mm,OK,--,6:48:33 PM,7/30/2025,
951,49.6,gf,3.420,mm,OK,--,6:48:33 PM,7/30/2025,
952,49.7,gf,3.425,mm,OK,--,6:48:33 PM,7/30/2025,
953,49.7,gf,3.430,mm,OK,--,6:48:34 PM,7/30/2025,
954,49.7,gf,3.430,mm,OK,--,6:48:34 PM,7/30/2025,
955,49.7,gf,3.435,mm,OK,--,6:48:34 PM,7/30/2025,
956,49.8,gf,3.440,mm,OK,--,6:48:34 PM,7/30/2025,
957,49.9,gf,3.445,mm,OK,--,6:48:34 PM,7/30/2025,
958,49.8,gf,3.455,mm,OK,--,6:48:34 PM,7/30/2025,
959,49.9,gf,3.460,mm,OK,--,6:48:34 PM,7/30/2025,
960,49.9,gf,3.465,mm,OK,--,6:48:34 PM,7/30/2025,
961,50.0,gf,3.480,mm,OK,--,6:48:34 PM,7/30/2025,
962,50.0,gf,3.485,mm,OK,--,6:48:34 PM,7/30/2025,
963,49.9,gf,3.495,mm,OK,--,6:48:35 PM,7/30/2025,
964,50.1,gf,3.500,mm,OK,--,6:48:35 PM,7/30/2025,
965,50.1,gf,3.505,mm,OK,--,6:48:35 PM,7/30/2025,
966,50.1,gf,3.515,mm,OK,--,6:48:35 PM,7/30/2025,
967,50.1,gf,3.520,mm,OK,--,6:48:35 PM,7/30/2025,
968,50.1,gf,3.525,mm,OK,--,6:48:35 PM,7/30/2025,
969,50.2,gf,3.530,mm,OK,--,6:48:35 PM,7/30/2025,
970,50.2,gf,3.540,mm,OK,--,6:48:35 PM,7/30/2025,
971,50.2,gf,3.545,mm,OK,--,6:48:35 PM,7/30/2025,
972,50.2,gf,3.550,mm,OK,--,6:48:35 PM,7/30/2025,
973,50.3,gf,3.560,mm,OK,--,6:48:36 PM,7/30/2025,
974,50.3,gf,3.565,mm,OK,--,6:48:36 PM,7/30/2025,
975,50.4,gf,3.570,mm,OK,--,6:48:36 PM,7/30/2025,
976,50.5,gf,3.580,mm,OK,--,6:48:36 PM,7/30/2025,
977,50.5,gf,3.590,mm,OK,--,6:48:36 PM,7/30/2025,
978,50.5,gf,3.600,mm,OK,--,6:48:36 PM,7/30/2025,
979,50.5,gf,3.605,mm,OK,--,6:48:36 PM,7/30/2025,
980,50.5,gf,3.615,mm,OK,--,6:48:36 PM,7/30/2025,
981,50.6,gf,3.620,mm,OK,--,6:48:36 PM,7/30/2025,
982,50.6,gf,3.625,mm,OK,--,6:48:36 PM,7/30/2025,
983,50.4,gf,3.630,mm,OK,--,6:48:37 PM,7/30/2025,
984,50.5,gf,3.635,mm,OK,--,6:48:37 PM,7/30/2025,
985,50.5,gf,3.640,mm,OK,--,6:48:37 PM,7/30/2025,
986,50.6,gf,3.645,mm,OK,--,6:48:37 PM,7/30/2025,
987,50.6,gf,3.650,mm,OK,--,6:48:37 PM,7/30/2025,
988,50.5,gf,3.655,mm,OK,--,6:48:37 PM,7/30/2025,
989,50.6,gf,3.660,mm,OK,--,6:48:37 PM,7/30/2025,
990,50.6,gf,3.670,mm,OK,--,6:48:37 PM,7/30/2025,
991,50.6,gf,3.675,mm,OK,--,6:48:37 PM,7/30/2025,
992,50.7,gf,3.680,mm,OK,--,6:48:37 PM,7/30/2025,
993,50.7,gf,3.680,mm,OK,--,6:48:38 PM,7/30/2025,
994,50.7,gf,3.685,mm,OK,--,6:48:38 PM,7/30/2025,
995,50.7,gf,3.690,mm,OK,--,6:48:38 PM,7/30/2025,
996,50.7,gf,3.695,mm,OK,--,6:48:38 PM,7/30/2025,
997,50.6,gf,3.700,mm,OK,--,6:48:38 PM,7/30/2025,
998,50.8,gf,3.700,mm,OK,--,6:48:38 PM,7/30/2025,
999,52.9,gf,3.705,mm,OK,--,6:48:38 PM,7/30/2025,
1000,55.7,gf,3.710,mm,OK,--,6:48:38 PM,7/30/2025,
1001,60.4,gf,3.715,mm,OK,--,6:48:38 PM,7/30/2025,
1002,63.7,gf,3.720,mm,OK,--,6:48:38 PM,7/30/2025,
1003,65.8,gf,3.720,mm,OK,--,6:48:39 PM,7/30/2025,
1004,67.4,gf,3.720,mm,OK,--,6:48:39 PM,7/30/2025,
1005,70.1,gf,3.725,mm,OK,--,6:48:39 PM,7/30/2025,
1006,74.9,gf,3.730,mm,OK,--,6:48:39 PM,7/30/2025,
1007,78.7,gf,3.735,mm,OK,--,6:48:39 PM,7/30/2025,
1008,82.4,gf,3.740,mm,OK,--,6:48:39 PM,7/30/2025,
1009,85.4,gf,3.740,mm,OK,--,6:48:39 PM,7/30/2025,
1010,87.7,gf,3.745,mm,OK,--,6:48:39 PM,7/30/2025,
1011,90.4,gf,3.750,mm,OK,--,6:48:39 PM,7/30/2025,
1012,92.4,gf,3.750,mm,OK,--,6:48:39 PM,7/30/2025,
1013,93.9,gf,3.750,mm,OK,--,6:48:40 PM,7/30/2025,
1014,95.9,gf,3.755,mm,OK,--,6:48:40 PM,7/30/2025,
1015,98.4,gf,3.755,mm,OK,--,6:48:40 PM,7/30/2025,
1016,102.1,gf,3.760,mm,OK,--,6:48:40 PM,7/30/2025,
1017,105.8,gf,3.765,mm,OK,--,6:48:40 PM,7/30/2025,
1018,108.5,gf,3.765,mm,OK,--,6:48:40 PM,7/30/2025,
1019,111.3,gf,3.770,mm,OK,--,6:48:40 PM,7/30/2025,
1020,115.6,gf,3.775,mm,OK,--,6:48:40 PM,7/30/2025,
1021,120.4,gf,3.780,mm,OK,--,6:48:40 PM,7/30/2025,
1022,125.6,gf,3.785,mm,OK,--,6:48:40 PM,7/30/2025,
1023,130.7,gf,3.790,mm,OK,--,6:48:41 PM,7/30/2025,
1024,134.4,gf,3.795,mm,OK,--,6:48:41 PM,7/30/2025,
1025,137.5,gf,3.795,mm,OK,--,6:48:41 PM,7/30/2025,
1026,140.7,gf,3.800,mm,OK,--,6:48:41 PM,7/30/2025,
1027,143.7,gf,3.805,mm,OK,--,6:48:41 PM,7/30/2025,
1028,146.4,gf,3.805,mm,OK,--,6:48:41 PM,7/30/2025,
1029,148.9,gf,3.810,mm,OK,--,6:48:41 PM,7/30/2025,
1030,151.4,gf,3.815,mm,OK,--,6:48:41 PM,7/30/2025,
1031,154.4,gf,3.815,mm,OK,--,6:48:41 PM,7/30/2025,
1032,157.4,gf,3.820,mm,OK,--,6:48:41 PM,7/30/2025,
1033,160.3,gf,3.820,mm,OK,--,6:48:42 PM,7/30/2025,
1034,163.1,gf,3.825,mm,OK,--,6:48:42 PM,7/30/2025,
1035,166.4,gf,3.830,mm,OK,--,6:48:42 PM,7/30/2025,
1036,169.4,gf,3.830,mm,OK,--,6:48:42 PM,7/30/2025,
1037,173.0,gf,3.835,mm,OK,--,6:48:42 PM,7/30/2025,
1038,176.5,gf,3.840,mm,OK,--,6:48:42 PM,7/30/2025,
1039,179.4,gf,3.840,mm,OK,--,6:48:42 PM,7/30/2025,
1040,182.0,gf,3.845,mm,OK,--,6:48:42 PM,7/30/2025,
1041,185.1,gf,3.850,mm,OK,--,6:48:42 PM,7/30/2025,
1042,187.6,gf,3.850,mm,OK,--,6:48:42 PM,7/30/2025,
1043,189.5,gf,3.855,mm,OK,--,6:48:43 PM,7/30/2025,
1044,191.4,gf,3.855,mm,OK,--,6:48:43 PM,7/30/2025,
1045,192.7,gf,3.855,mm,OK,--,6:48:43 PM,7/30/2025,
1046,193.2,gf,3.855,mm,OK,--,6:48:43 PM,7/30/2025,
1047,193.2,gf,3.855,mm,OK,--,6:48:43 PM,7/30/2025,
1048,193.3,gf,3.855,mm,OK,--,6:48:43 PM,7/30/2025,
1049,193.2,gf,3.855,mm,OK,--,6:48:43 PM,7/30/2025,
1050,193.1,gf,3.855,mm,OK,--,6:48:43 PM,7/30/2025,
1051,193.0,gf,3.855,mm,OK,--,6:48:43 PM,7/30/2025,
1052,193.0,gf,3.855,mm,OK,--,6:48:43 PM,7/30/2025,
1053,193.0,gf,3.855,mm,OK,--,6:48:44 PM,7/30/2025,
1054,192.9,gf,3.855,mm,OK,--,6:48:44 PM,7/30/2025,
1055,192.9,gf,3.855,mm,OK,--,6:48:44 PM,7/30/2025,
1056,192.8,gf,3.855,mm,OK,--,6:48:44 PM,7/30/2025,
1057,192.8,gf,3.855,mm,OK,--,6:48:44 PM,7/30/2025,
1058,192.9,gf,3.855,mm,OK,--,6:48:44 PM,7/30/2025,
1059,192.8,gf,3.855,mm,OK,--,6:48:44 PM,7/30/2025,
1060,192.7,gf,3.855,mm,OK,--,6:48:44 PM,7/30/2025,
1061,192.5,gf,3.855,mm,OK,--,6:48:44 PM,7/30/2025,
1062,192.3,gf,3.855,mm,OK,--,6:48:44 PM,7/30/2025,
1063,192.1,gf,3.855,mm,OK,--,6:48:45 PM,7/30/2025,
1064,191.8,gf,3.855,mm,OK,--,6:48:45 PM,7/30/2025,
1065,191.8,gf,3.855,mm,OK,--,6:48:45 PM,7/30/2025,
1066,191.8,gf,3.855,mm,OK,--,6:48:45 PM,7/30/2025,
1067,191.6,gf,3.855,mm,OK,--,6:48:45 PM,7/30/2025,
1068,190.9,gf,3.855,mm,OK,--,6:48:45 PM,7/30/2025,
1069,190.3,gf,3.855,mm,OK,--,6:48:45 PM,7/30/2025,
1070,190.1,gf,3.855,mm,OK,--,6:48:45 PM,7/30/2025,
1071,189.7,gf,3.855,mm,OK,--,6:48:45 PM,7/30/2025,
1072,188.7,gf,3.855,mm,OK,--,6:48:45 PM,7/30/2025,
1073,188.0,gf,3.855,mm,OK,--,6:48:46 PM,7/30/2025,
1074,187.5,gf,3.855,mm,OK,--,6:48:46 PM,7/30/2025,
1075,186.8,gf,3.855,mm,OK,--,6:48:46 PM,7/30/2025,
1076,185.9,gf,3.850,mm,OK,--,6:48:46 PM,7/30/2025,
1077,185.3,gf,3.850,mm,OK,--,6:48:46 PM,7/30/2025,
1078,184.6,gf,3.850,mm,OK,--,6:48:46 PM,7/30/2025,
1079,183.7,gf,3.850,mm,OK,--,6:48:46 PM,7/30/2025,
1080,182.8,gf,3.850,mm,OK,--,6:48:46 PM,7/30/2025,
1081,181.7,gf,3.850,mm,OK,--,6:48:46 PM,7/30/2025,
1082,180.6,gf,3.845,mm,OK,--,6:48:46 PM,7/30/2025,
1083,179.6,gf,3.845,mm,OK,--,6:48:47 PM,7/30/2025,
1084,178.0,gf,3.845,mm,OK,--,6:48:47 PM,7/30/2025,
1085,175.5,gf,3.840,mm,OK,--,6:48:47 PM,7/30/2025,
1086,174.1,gf,3.840,mm,OK,--,6:48:47 PM,7/30/2025,
1087,172.9,gf,3.840,mm,OK,--,6:48:47 PM,7/30/2025,
1088,171.7,gf,3.840,mm,OK,--,6:48:47 PM,7/30/2025,
1089,170.4,gf,3.835,mm,OK,--,6:48:47 PM,7/30/2025,
1090,168.3,gf,3.835,mm,OK,--,6:48:47 PM,7/30/2025,
1091,167.3,gf,3.835,mm,OK,--,6:48:47 PM,7/30/2025,
1092,166.8,gf,3.835,mm,OK,--,6:48:47 PM,7/30/2025,
1093,166.3,gf,3.835,mm,OK,--,6:48:48 PM,7/30/2025,
1094,166.3,gf,3.835,mm,OK,--,6:48:48 PM,7/30/2025,
1095,166.4,gf,3.835,mm,OK,--,6:48:48 PM,7/30/2025,
1096,166.3,gf,3.835,mm,OK,--,6:48:48 PM,7/30/2025,
1097,166.3,gf,3.835,mm,OK,--,6:48:48 PM,7/30/2025,
1098,165.6,gf,3.830,mm,OK,--,6:48:48 PM,7/30/2025,
1099,165.2,gf,3.830,mm,OK,--,6:48:48 PM,7/30/2025,
1100,164.8,gf,3.830,mm,OK,--,6:48:48 PM,7/30/2025,
1101,164.3,gf,3.830,mm,OK,--,6:48:48 PM,7/30/2025,
1102,163.8,gf,3.830,mm,OK,--,6:48:48 PM,7/30/2025,
1103,163.1,gf,3.830,mm,OK,--,6:48:49 PM,7/30/2025,
1104,162.8,gf,3.830,mm,OK,--,6:48:49 PM,7/30/2025,
1105,162.5,gf,3.830,mm,OK,--,6:48:49 PM,7/30/2025,
1106,162.3,gf,3.830,mm,OK,--,6:48:49 PM,7/30/2025,
1107,162.0,gf,3.830,mm,OK,--,6:48:49 PM,7/30/2025,
1108,161.8,gf,3.830,mm,OK,--,6:48:49 PM,7/30/2025,
1109,161.6,gf,3.830,mm,OK,--,6:48:49 PM,7/30/2025,
1110,161.1,gf,3.830,mm,OK,--,6:48:49 PM,7/30/2025,
1111,160.8,gf,3.830,mm,OK,--,6:48:49 PM,7/30/2025,
1112,160.0,gf,3.825,mm,OK,--,6:48:49 PM,7/30/2025,
1113,157.2,gf,3.825,mm,OK,--,6:48:50 PM,7/30/2025,
1114,155.3,gf,3.820,mm,OK,--,6:48:50 PM,7/30/2025,
1115,153.6,gf,3.820,mm,OK,--,6:48:50 PM,7/30/2025,
1116,151.8,gf,3.820,mm,OK,--,6:48:50 PM,7/30/2025,
1117,149.6,gf,3.815,mm,OK,--,6:48:50 PM,7/30/2025,
1118,147.9,gf,3.815,mm,OK,--,6:48:50 PM,7/30/2025,
1119,145.9,gf,3.815,mm,OK,--,6:48:50 PM,7/30/2025,
1120,143.9,gf,3.810,mm,OK,--,6:48:50 PM,7/30/2025,
1121,142.1,gf,3.810,mm,OK,--,6:48:50 PM,7/30/2025,
1122,140.4,gf,3.805,mm,OK,--,6:48:50 PM,7/30/2025,
1123,138.6,gf,3.805,mm,OK,--,6:48:51 PM,7/30/2025,
1124,137.3,gf,3.805,mm,OK,--,6:48:51 PM,7/30/2025,
1125,136.6,gf,3.805,mm,OK,--,6:48:51 PM,7/30/2025,
1126,135.8,gf,3.800,mm,OK,--,6:48:51 PM,7/30/2025,
1127,134.8,gf,3.800,mm,OK,--,6:48:51 PM,7/30/2025,
1128,133.4,gf,3.800,mm,OK,--,6:48:51 PM,7/30/2025,
1129,132.1,gf,3.800,mm,OK,--,6:48:51 PM,7/30/2025,
1130,130.7,gf,3.795,mm,OK,--,6:48:51 PM,7/30/2025,
1131,129.3,gf,3.795,mm,OK,--,6:48:51 PM,7/30/2025,
1132,128.4,gf,3.795,mm,OK,--,6:48:51 PM,7/30/2025,
1133,127.9,gf,3.795,mm,OK,--,6:48:52 PM,7/30/2025,
1134,127.5,gf,3.795,mm,OK,--,6:48:52 PM,7/30/2025,
1135,127.0,gf,3.795,mm,OK,--,6:48:52 PM,7/30/2025,
1136,126.4,gf,3.795,mm,OK,--,6:48:52 PM,7/30/2025,
1137,125.7,gf,3.790,mm,OK,--,6:48:52 PM,7/30/2025,
1138,124.8,gf,3.790,mm,OK,--,6:48:52 PM,7/30/2025,
1139,123.8,gf,3.790,mm,OK,--,6:48:52 PM,7/30/2025,
1140,122.8,gf,3.790,mm,OK,--,6:48:52 PM,7/30/2025,
1141,121.6,gf,3.790,mm,OK,--,6:48:52 PM,7/30/2025,
1142,120.6,gf,3.785,mm,OK,--,6:48:52 PM,7/30/2025,
1143,119.9,gf,3.785,mm,OK,--,6:48:53 PM,7/30/2025,
1144,119.1,gf,3.785,mm,OK,--,6:48:53 PM,7/30/2025,
1145,118.7,gf,3.785,mm,OK,--,6:48:53 PM,7/30/2025,
1146,118.4,gf,3.785,mm,OK,--,6:48:53 PM,7/30/2025,
1147,118.0,gf,3.785,mm,OK,--,6:48:53 PM,7/30/2025,
1148,117.7,gf,3.785,mm,OK,--,6:48:53 PM,7/30/2025,
1149,117.2,gf,3.785,mm,OK,--,6:48:53 PM,7/30/2025,
1150,116.5,gf,3.785,mm,OK,--,6:48:53 PM,7/30/2025,
1151,115.5,gf,3.780,mm,OK,--,6:48:53 PM,7/30/2025,
1152,114.5,gf,3.780,mm,OK,--,6:48:53 PM,7/30/2025,
1153,113.4,gf,3.780,mm,OK,--,6:48:54 PM,7/30/2025,
1154,112.4,gf,3.780,mm,OK,--,6:48:54 PM,7/30/2025,
1155,111.4,gf,3.780,mm,OK,--,6:48:54 PM,7/30/2025,
1156,110.5,gf,3.775,mm,OK,--,6:48:54 PM,7/30/2025,
1157,109.7,gf,3.775,mm,OK,--,6:48:54 PM,7/30/2025,
1158,108.9,gf,3.775,mm,OK,--,6:48:54 PM,7/30/2025,
1159,108.3,gf,3.775,mm,OK,--,6:48:54 PM,7/30/2025,
1160,107.5,gf,3.775,mm,OK,--,6:48:54 PM,7/30/2025,
1161,106.7,gf,3.775,mm,OK,--,6:48:54 PM,7/30/2025,
1162,105.7,gf,3.770,mm,OK,--,6:48:54 PM,7/30/2025,
1163,104.7,gf,3.770,mm,OK,--,6:48:55 PM,7/30/2025,
1164,103.8,gf,3.770,mm,OK,--,6:48:55 PM,7/30/2025,
1165,103.0,gf,3.770,mm,OK,--,6:48:55 PM,7/30/2025,
1166,102.1,gf,3.770,mm,OK,--,6:48:55 PM,7/30/2025,
1167,100.9,gf,3.765,mm,OK,--,6:48:55 PM,7/30/2025,
1168,99.4,gf,3.765,mm,OK,--,6:48:55 PM,7/30/2025,
1169,97.5,gf,3.765,mm,OK,--,6:48:55 PM,7/30/2025,
1170,95.6,gf,3.760,mm,OK,--,6:48:55 PM,7/30/2025,
1171,93.9,gf,3.760,mm,OK,--,6:48:55 PM,7/30/2025,
1172,92.6,gf,3.760,mm,OK,--,6:48:55 PM,7/30/2025,
1173,91.2,gf,3.755,mm,OK,--,6:48:56 PM,7/30/2025,
1174,89.8,gf,3.755,mm,OK,--,6:48:56 PM,7/30/2025,
1175,88.5,gf,3.755,mm,OK,--,6:48:56 PM,7/30/2025,
1176,87.1,gf,3.755,mm,OK,--,6:48:56 PM,7/30/2025,
1177,85.9,gf,3.750,mm,OK,--,6:48:56 PM,7/30/2025,
1178,84.8,gf,3.750,mm,OK,--,6:48:56 PM,7/30/2025,
1179,83.4,gf,3.750,mm,OK,--,6:48:56 PM,7/30/2025,
1180,82.3,gf,3.750,mm,OK,--,6:48:56 PM,7/30/2025,
1181,81.3,gf,3.745,mm,OK,--,6:48:56 PM,7/30/2025,
1182,80.3,gf,3.745,mm,OK,--,6:48:56 PM,7/30/2025,
1183,79.3,gf,3.745,mm,OK,--,6:48:57 PM,7/30/2025,
1184,78.2,gf,3.745,mm,OK,--,6:48:57 PM,7/30/2025,
1185,77.6,gf,3.745,mm,OK,--,6:48:57 PM,7/30/2025,
1186,76.5,gf,3.740,mm,OK,--,6:48:57 PM,7/30/2025,
1187,75.4,gf,3.740,mm,OK,--,6:48:57 PM,7/30/2025,
1188,74.3,gf,3.740,mm,OK,--,6:48:57 PM,7/30/2025,
1189,73.3,gf,3.740,mm,OK,--,6:48:57 PM,7/30/2025,
1190,72.7,gf,3.735,mm,OK,--,6:48:57 PM,7/30/2025,
1191,71.8,gf,3.735,mm,OK,--,6:48:57 PM,7/30/2025,
1192,70.2,gf,3.735,mm,OK,--,6:48:57 PM,7/30/2025,
1193,68.2,gf,3.735,mm,OK,--,6:48:58 PM,7/30/2025,
1194,67.1,gf,3.730,mm,OK,--,6:48:58 PM,7/30/2025,
1195,65.7,gf,3.730,mm,OK,--,6:48:58 PM,7/30/2025,
1196,63.4,gf,3.725,mm,OK,--,6:48:58 PM,7/30/2025,
1197,59.4,gf,3.725,mm,OK,--,6:48:58 PM,7/30/2025,
1198,56.1,gf,3.720,mm,OK,--,6:48:58 PM,7/30/2025,
1199,54.0,gf,3.715,mm,OK,--,6:48:58 PM,7/30/2025,
1200,52.2,gf,3.715,mm,OK,--,6:48:58 PM,7/30/2025,
1201,49.8,gf,3.710,mm,OK,--,6:48:58 PM,7/30/2025,
1202,49.3,gf,3.705,mm,OK,--,6:48:58 PM,7/30/2025,
1203,49.3,gf,3.705,mm,OK,--,6:48:59 PM,7/30/2025,
1204,49.2,gf,3.700,mm,OK,--,6:48:59 PM,7/30/2025,
1205,49.2,gf,3.695,mm,OK,--,6:48:59 PM,7/30/2025,
1206,49.1,gf,3.695,mm,OK,--,6:48:59 PM,7/30/2025,
1207,49.1,gf,3.690,mm,OK,--,6:48:59 PM,7/30/2025,
1208,49.0,gf,3.690,mm,OK,--,6:48:59 PM,7/30/2025,
1209,49.0,gf,3.685,mm,OK,--,6:48:59 PM,7/30/2025,
1210,49.0,gf,3.685,mm,OK,--,6:48:59 PM,7/30/2025,
1211,48.9,gf,3.680,mm,OK,--,6:48:59 PM,7/30/2025,
1212,48.9,gf,3.675,mm,OK,--,6:48:59 PM,7/30/2025,
1213,48.9,gf,3.670,mm,OK,--,6:49:00 PM,7/30/2025,
1214,48.9,gf,3.660,mm,OK,--,6:49:00 PM,7/30/2025,
1215,48.8,gf,3.650,mm,OK,--,6:49:00 PM,7/30/2025,
1216,48.8,gf,3.640,mm,OK,--,6:49:00 PM,7/30/2025,
1217,48.7,gf,3.630,mm,OK,--,6:49:00 PM,7/30/2025,
1218,48.7,gf,3.625,mm,OK,--,6:49:00 PM,7/30/2025,
1219,48.7,gf,3.620,mm,OK,--,6:49:00 PM,7/30/2025,
1220,48.6,gf,3.615,mm,OK,--,6:49:00 PM,7/30/2025,
1221,48.6,gf,3.610,mm,OK,--,6:49:00 PM,7/30/2025,
1222,48.6,gf,3.605,mm,OK,--,6:49:00 PM,7/30/2025,
1223,48.6,gf,3.605,mm,OK,--,6:49:01 PM,7/30/2025,
1224,48.6,gf,3.600,mm,OK,--,6:49:01 PM,7/30/2025,
1225,48.6,gf,3.600,mm,OK,--,6:49:01 PM,7/30/2025,
1226,48.6,gf,3.595,mm,OK,--,6:49:01 PM,7/30/2025,
1227,48.5,gf,3.595,mm,OK,--,6:49:01 PM,7/30/2025,
1228,48.5,gf,3.590,mm,OK,--,6:49:01 PM,7/30/2025,
1229,48.5,gf,3.590,mm,OK,--,6:49:01 PM,7/30/2025,
1230,48.5,gf,3.585,mm,OK,--,6:49:01 PM,7/30/2025,
1231,48.5,gf,3.585,mm,OK,--,6:49:01 PM,7/30/2025,
1232,48.5,gf,3.580,mm,OK,--,6:49:01 PM,7/30/2025,
1233,48.5,gf,3.580,mm,OK,--,6:49:02 PM,7/30/2025,
1234,48.5,gf,3.575,mm,OK,--,6:49:02 PM,7/30/2025,
1235,48.5,gf,3.575,mm,OK,--,6:49:02 PM,7/30/2025,
1236,48.5,gf,3.565,mm,OK,--,6:49:02 PM,7/30/2025,
1237,48.5,gf,3.550,mm,OK,--,6:49:02 PM,7/30/2025,
1238,48.4,gf,3.550,mm,OK,--,6:49:02 PM,7/30/2025,
1239,48.4,gf,3.545,mm,OK,--,6:49:02 PM,7/30/2025,
1240,48.3,gf,3.540,mm,OK,--,6:49:02 PM,7/30/2025,
1241,48.3,gf,3.530,mm,OK,--,6:49:02 PM,7/30/2025,
1242,48.2,gf,3.525,mm,OK,--,6:49:02 PM,7/30/2025,
1243,48.2,gf,3.520,mm,OK,--,6:49:03 PM,7/30/2025,
1244,48.2,gf,3.510,mm,OK,--,6:49:03 PM,7/30/2025,
1245,48.1,gf,3.500,mm,OK,--,6:49:03 PM,7/30/2025,
1246,48.1,gf,3.490,mm,OK,--,6:49:03 PM,7/30/2025,
1247,48.0,gf,3.475,mm,OK,--,6:49:03 PM,7/30/2025,
1248,47.9,gf,3.460,mm,OK,--,6:49:03 PM,7/30/2025,
1249,47.8,gf,3.445,mm,OK,--,6:49:03 PM,7/30/2025,
1250,47.7,gf,3.425,mm,OK,--,6:49:03 PM,7/30/2025,
1251,47.6,gf,3.410,mm,OK,--,6:49:03 PM,7/30/2025,
1252,47.6,gf,3.395,mm,OK,--,6:49:03 PM,7/30/2025,
1253,47.5,gf,3.375,mm,OK,--,6:49:04 PM,7/30/2025,
1254,47.4,gf,3.365,mm,OK,--,6:49:04 PM,7/30/2025,
1255,47.4,gf,3.355,mm,OK,--,6:49:04 PM,7/30/2025,
1256,47.3,gf,3.340,mm,OK,--,6:49:04 PM,7/30/2025,
1257,47.3,gf,3.330,mm,OK,--,6:49:04 PM,7/30/2025,
1258,47.3,gf,3.320,mm,OK,--,6:49:04 PM,7/30/2025,
1259,47.2,gf,3.310,mm,OK,--,6:49:04 PM,7/30/2025,
1260,47.2,gf,3.300,mm,OK,--,6:49:04 PM,7/30/2025,
1261,47.1,gf,3.295,mm,OK,--,6:49:04 PM,7/30/2025,
1262,47.1,gf,3.290,mm,OK,--,6:49:04 PM,7/30/2025,
1263,47.1,gf,3.280,mm,OK,--,6:49:05 PM,7/30/2025,
1264,47.1,gf,3.275,mm,OK,--,6:49:05 PM,7/30/2025,
1265,47.1,gf,3.265,mm,OK,--,6:49:05 PM,7/30/2025,
1266,47.1,gf,3.260,mm,OK,--,6:49:05 PM,7/30/2025,
1267,47.0,gf,3.255,mm,OK,--,6:49:05 PM,7/30/2025,
1268,47.0,gf,3.250,mm,OK,--,6:49:05 PM,7/30/2025,
1269,47.0,gf,3.245,mm,OK,--,6:49:05 PM,7/30/2025,
1270,47.0,gf,3.240,mm,OK,--,6:49:05 PM,7/30/2025,
1271,47.0,gf,3.235,mm,OK,--,6:49:05 PM,7/30/2025,
1272,46.9,gf,3.230,mm,OK,--,6:49:05 PM,7/30/2025,
1273,46.9,gf,3.230,mm,OK,--,6:49:06 PM,7/30/2025,
1274,46.9,gf,3.225,mm,OK,--,6:49:06 PM,7/30/2025,
1275,46.9,gf,3.220,mm,OK,--,6:49:06 PM,7/30/2025,
1276,46.9,gf,3.215,mm,OK,--,6:49:06 PM,7/30/2025,
1277,46.9,gf,3.210,mm,OK,--,6:49:06 PM,7/30/2025,
1278,46.8,gf,3.200,mm,OK,--,6:49:06 PM,7/30/2025,
1279,46.8,gf,3.195,mm,OK,--,6:49:06 PM,7/30/2025,
1280,46.8,gf,3.190,mm,OK,--,6:49:06 PM,7/30/2025,
1281,46.7,gf,3.185,mm,OK,--,6:49:06 PM,7/30/2025,
1282,46.7,gf,3.175,mm,OK,--,6:49:06 PM,7/30/2025,
1283,46.7,gf,3.170,mm,OK,--,6:49:07 PM,7/30/2025,
1284,46.6,gf,3.165,mm,OK,--,6:49:07 PM,7/30/2025,
1285,46.7,gf,3.160,mm,OK,--,6:49:07 PM,7/30/2025,
1286,46.6,gf,3.155,mm,OK,--,6:49:07 PM,7/30/2025,
1287,46.6,gf,3.145,mm,OK,--,6:49:07 PM,7/30/2025,
1288,46.6,gf,3.140,mm,OK,--,6:49:07 PM,7/30/2025,
1289,46.6,gf,3.135,mm,OK,--,6:49:07 PM,7/30/2025,
1290,46.6,gf,3.130,mm,OK,--,6:49:07 PM,7/30/2025,
1291,46.5,gf,3.125,mm,OK,--,6:49:07 PM,7/30/2025,
1292,46.5,gf,3.120,mm,OK,--,6:49:07 PM,7/30/2025,
1293,46.5,gf,3.115,mm,OK,--,6:49:08 PM,7/30/2025,
1294,46.5,gf,3.110,mm,OK,--,6:49:08 PM,7/30/2025,
1295,46.5,gf,3.105,mm,OK,--,6:49:08 PM,7/30/2025,
1296,46.5,gf,3.100,mm,OK,--,6:49:08 PM,7/30/2025,
1297,46.5,gf,3.095,mm,OK,--,6:49:08 PM,7/30/2025,
1298,46.5,gf,3.090,mm,OK,--,6:49:08 PM,7/30/2025,
1299,46.4,gf,3.085,mm,OK,--,6:49:08 PM,7/30/2025,
1300,46.4,gf,3.085,mm,OK,--,6:49:08 PM,7/30/2025,
1301,46.4,gf,3.080,mm,OK,--,6:49:08 PM,7/30/2025,
1302,46.4,gf,3.075,mm,OK,--,6:49:08 PM,7/30/2025,
1303,46.3,gf,3.075,mm,OK,--,6:49:09 PM,7/30/2025,
1304,46.3,gf,3.070,mm,OK,--,6:49:09 PM,7/30/2025,
1305,46.3,gf,3.065,mm,OK,--,6:49:09 PM,7/30/2025,
1306,46.2,gf,3.060,mm,OK,--,6:49:09 PM,7/30/2025,
1307,46.2,gf,3.060,mm,OK,--,6:49:09 PM,7/30/2025,
1308,46.2,gf,3.055,mm,OK,--,6:49:09 PM,7/30/2025,
1309,46.2,gf,3.045,mm,OK,--,6:49:09 PM,7/30/2025,
1310,46.2,gf,3.040,mm,OK,--,6:49:09 PM,7/30/2025,
1311,46.2,gf,3.030,mm,OK,--,6:49:09 PM,7/30/2025,
1312,46.2,gf,3.025,mm,OK,--,6:49:09 PM,7/30/2025,
1313,46.1,gf,3.015,mm,OK,--,6:49:10 PM,7/30/2025,
1314,46.1,gf,3.005,mm,OK,--,6:49:10 PM,7/30/2025,
1315,46.0,gf,3.000,mm,OK,--,6:49:10 PM,7/30/2025,
1316,46.0,gf,2.990,mm,OK,--,6:49:10 PM,7/30/2025,
1317,46.0,gf,2.985,mm,OK,--,6:49:10 PM,7/30/2025,
1318,46.0,gf,2.980,mm,OK,--,6:49:10 PM,7/30/2025,
1319,45.9,gf,2.975,mm,OK,--,6:49:10 PM,7/30/2025,
1320,45.9,gf,2.970,mm,OK,--,6:49:10 PM,7/30/2025,
1321,45.9,gf,2.965,mm,OK,--,6:49:10 PM,7/30/2025,
1322,45.9,gf,2.965,mm,OK,--,6:49:10 PM,7/30/2025,
1323,45.9,gf,2.960,mm,OK,--,6:49:11 PM,7/30/2025,
1324,45.9,gf,2.955,mm,OK,--,6:49:11 PM,7/30/2025,
1325,45.9,gf,2.955,mm,OK,--,6:49:11 PM,7/30/2025,
1326,45.8,gf,2.950,mm,OK,--,6:49:11 PM,7/30/2025,
1327,45.8,gf,2.945,mm,OK,--,6:49:11 PM,7/30/2025,
1328,45.8,gf,2.940,mm,OK,--,6:49:11 PM,7/30/2025,
1329,45.8,gf,2.935,mm,OK,--,6:49:11 PM,7/30/2025,
1330,45.8,gf,2.935,mm,OK,--,6:49:11 PM,7/30/2025,
1331,45.8,gf,2.930,mm,OK,--,6:49:11 PM,7/30/2025,
1332,45.8,gf,2.930,mm,OK,--,6:49:11 PM,7/30/2025,
1333,45.8,gf,2.925,mm,OK,--,6:49:12 PM,7/30/2025,
1334,45.8,gf,2.925,mm,OK,--,6:49:12 PM,7/30/2025,
1335,45.8,gf,2.920,mm,OK,--,6:49:12 PM,7/30/2025,
1336,45.7,gf,2.915,mm,OK,--,6:49:12 PM,7/30/2025,
1337,45.7,gf,2.910,mm,OK,--,6:49:12 PM,7/30/2025,
1338,45.7,gf,2.905,mm,OK,--,6:49:12 PM,7/30/2025,
1339,45.7,gf,2.900,mm,OK,--,6:49:12 PM,7/30/2025,
1340,45.7,gf,2.895,mm,OK,--,6:49:12 PM,7/30/2025,
1341,45.7,gf,2.890,mm,OK,--,6:49:12 PM,7/30/2025,
1342,45.7,gf,2.885,mm,OK,--,6:49:12 PM,7/30/2025,
1343,45.7,gf,2.880,mm,OK,--,6:49:13 PM,7/30/2025,
1344,45.7,gf,2.880,mm,OK,--,6:49:13 PM,7/30/2025,
1345,45.6,gf,2.875,mm,OK,--,6:49:13 PM,7/30/2025,
1346,45.5,gf,2.865,mm,OK,--,6:49:13 PM,7/30/2025,
1347,45.5,gf,2.860,mm,OK,--,6:49:13 PM,7/30/2025,
1348,45.5,gf,2.855,mm,OK,--,6:49:13 PM,7/30/2025,
1349,45.5,gf,2.850,mm,OK,--,6:49:13 PM,7/30/2025,
1350,45.5,gf,2.845,mm,OK,--,6:49:13 PM,7/30/2025,
1351,45.5,gf,2.840,mm,OK,--,6:49:13 PM,7/30/2025,
1352,45.4,gf,2.835,mm,OK,--,6:49:13 PM,7/30/2025,
1353,45.5,gf,2.830,mm,OK,--,6:49:14 PM,7/30/2025,
1354,45.5,gf,2.825,mm,OK,--,6:49:14 PM,7/30/2025,
1355,45.4,gf,2.820,mm,OK,--,6:49:14 PM,7/30/2025,
1356,45.4,gf,2.815,mm,OK,--,6:49:14 PM,7/30/2025,
1357,45.4,gf,2.810,mm,OK,--,6:49:14 PM,7/30/2025,
1358,45.3,gf,2.805,mm,OK,--,6:49:14 PM,7/30/2025,
1359,45.2,gf,2.795,mm,OK,--,6:49:14 PM,7/30/2025,
1360,45.3,gf,2.790,mm,OK,--,6:49:14 PM,7/30/2025,
1361,45.2,gf,2.785,mm,OK,--,6:49:14 PM,7/30/2025,
1362,45.2,gf,2.785,mm,OK,--,6:49:14 PM,7/30/2025,
1363,45.2,gf,2.780,mm,OK,--,6:49:15 PM,7/30/2025,
1364,45.2,gf,2.780,mm,OK,--,6:49:15 PM,7/30/2025,
1365,45.2,gf,2.775,mm,OK,--,6:49:15 PM,7/30/2025,
1366,45.1,gf,2.770,mm,OK,--,6:49:15 PM,7/30/2025,
1367,45.2,gf,2.765,mm,OK,--,6:49:15 PM,7/30/2025,
1368,45.2,gf,2.765,mm,OK,--,6:49:15 PM,7/30/2025,
1369,45.2,gf,2.760,mm,OK,--,6:49:15 PM,7/30/2025,
1370,45.1,gf,2.755,mm,OK,--,6:49:15 PM,7/30/2025,
1371,45.1,gf,2.750,mm,OK,--,6:49:15 PM,7/30/2025,
1372,45.1,gf,2.745,mm,OK,--,6:49:15 PM,7/30/2025,
1373,45.0,gf,2.745,mm,OK,--,6:49:16 PM,7/30/2025,
1374,45.1,gf,2.740,mm,OK,--,6:49:16 PM,7/30/2025,
1375,45.1,gf,2.735,mm,OK,--,6:49:16 PM,7/30/2025,
1376,45.0,gf,2.730,mm,OK,--,6:49:16 PM,7/30/2025,
1377,45.0,gf,2.730,mm,OK,--,6:49:16 PM,7/30/2025,
1378,45.0,gf,2.720,mm,OK,--,6:49:16 PM,7/30/2025,
1379,45.0,gf,2.720,mm,OK,--,6:49:16 PM,7/30/2025,
1380,45.0,gf,2.715,mm,OK,--,6:49:16 PM,7/30/2025,
1381,45.0,gf,2.710,mm,OK,--,6:49:16 PM,7/30/2025,
1382,45.0,gf,2.710,mm,OK,--,6:49:16 PM,7/30/2025,
1383,45.0,gf,2.705,mm,OK,--,6:49:17 PM,7/30/2025,
1384,44.9,gf,2.700,mm,OK,--,6:49:17 PM,7/30/2025,
1385,44.9,gf,2.695,mm,OK,--,6:49:17 PM,7/30/2025,
1386,44.9,gf,2.690,mm,OK,--,6:49:17 PM,7/30/2025,
1387,44.9,gf,2.685,mm,OK,--,6:49:17 PM,7/30/2025,
1388,44.9,gf,2.685,mm,OK,--,6:49:17 PM,7/30/2025,
1389,44.9,gf,2.680,mm,OK,--,6:49:17 PM,7/30/2025,
1390,44.8,gf,2.680,mm,OK,--,6:49:17 PM,7/30/2025,
1391,44.9,gf,2.680,mm,OK,--,6:49:17 PM,7/30/2025,
1392,44.8,gf,2.680,mm,OK,--,6:49:17 PM,7/30/2025,
1393,44.8,gf,2.675,mm,OK,--,6:49:18 PM,7/30/2025,
1394,44.8,gf,2.675,mm,OK,--,6:49:18 PM,7/30/2025,
1395,44.8,gf,2.670,mm,OK,--,6:49:18 PM,7/30/2025,
1396,44.8,gf,2.670,mm,OK,--,6:49:18 PM,7/30/2025,
1397,44.8,gf,2.670,mm,OK,--,6:49:18 PM,7/30/2025,
1398,44.8,gf,2.665,mm,OK,--,6:49:18 PM,7/30/2025,
1399,44.8,gf,2.665,mm,OK,--,6:49:18 PM,7/30/2025,
1400,44.8,gf,2.660,mm,OK,--,6:49:18 PM,7/30/2025,
1401,44.8,gf,2.655,mm,OK,--,6:49:18 PM,7/30/2025,
1402,44.8,gf,2.655,mm,OK,--,6:49:18 PM,7/30/2025,
1403,44.8,gf,2.650,mm,OK,--,6:49:19 PM,7/30/2025,
1404,44.8,gf,2.650,mm,OK,--,6:49:19 PM,7/30/2025,
1405,44.8,gf,2.645,mm,OK,--,6:49:19 PM,7/30/2025,
1406,44.7,gf,2.645,mm,OK,--,6:49:19 PM,7/30/2025,
1407,44.7,gf,2.640,mm,OK,--,6:49:19 PM,7/30/2025,
1408,44.7,gf,2.635,mm,OK,--,6:49:19 PM,7/30/2025,
1409,44.7,gf,2.635,mm,OK,--,6:49:19 PM,7/30/2025,
1410,44.7,gf,2.630,mm,OK,--,6:49:19 PM,7/30/2025,
1411,44.7,gf,2.625,mm,OK,--,6:49:19 PM,7/30/2025,
1412,44.7,gf,2.620,mm,OK,--,6:49:19 PM,7/30/2025,
1413,44.7,gf,2.615,mm,OK,--,6:49:20 PM,7/30/2025,
1414,44.7,gf,2.605,mm,OK,--,6:49:20 PM,7/30/2025,
1415,44.6,gf,2.595,mm,OK,--,6:49:20 PM,7/30/2025,
1416,44.5,gf,2.590,mm,OK,--,6:49:20 PM,7/30/2025,
1417,44.5,gf,2.585,mm,OK,--,6:49:20 PM,7/30/2025,
1418,44.5,gf,2.580,mm,OK,--,6:49:20 PM,7/30/2025,
1419,44.5,gf,2.575,mm,OK,--,6:49:20 PM,7/30/2025,
1420,44.4,gf,2.575,mm,OK,--,6:49:20 PM,7/30/2025,
1421,44.4,gf,2.570,mm,OK,--,6:49:20 PM,7/30/2025,
1422,44.4,gf,2.565,mm,OK,--,6:49:20 PM,7/30/2025,
1423,44.4,gf,2.565,mm,OK,--,6:49:21 PM,7/30/2025,
1424,44.4,gf,2.560,mm,OK,--,6:49:21 PM,7/30/2025,
1425,44.4,gf,2.555,mm,OK,--,6:49:21 PM,7/30/2025,
1426,44.4,gf,2.550,mm,OK,--,6:49:21 PM,7/30/2025,
1427,44.4,gf,2.550,mm,OK,--,6:49:21 PM,7/30/2025,
1428,44.4,gf,2.545,mm,OK,--,6:49:21 PM,7/30/2025,
1429,44.4,gf,2.540,mm,OK,--,6:49:21 PM,7/30/2025,
1430,44.3,gf,2.535,mm,OK,--,6:49:21 PM,7/30/2025,
1431,44.3,gf,2.530,mm,OK,--,6:49:21 PM,7/30/2025,
1432,44.2,gf,2.525,mm,OK,--,6:49:21 PM,7/30/2025,
1433,44.2,gf,2.520,mm,OK,--,6:49:22 PM,7/30/2025,
1434,44.2,gf,2.520,mm,OK,--,6:49:22 PM,7/30/2025,
1435,44.2,gf,2.515,mm,OK,--,6:49:22 PM,7/30/2025,
1436,44.2,gf,2.510,mm,OK,--,6:49:22 PM,7/30/2025,
1437,44.2,gf,2.500,mm,OK,--,6:49:22 PM,7/30/2025,
1438,44.2,gf,2.495,mm,OK,--,6:49:22 PM,7/30/2025,
1439,44.1,gf,2.490,mm,OK,--,6:49:22 PM,7/30/2025,
1440,44.1,gf,2.480,mm,OK,--,6:49:22 PM,7/30/2025,
1441,44.1,gf,2.470,mm,OK,--,6:49:22 PM,7/30/2025,
1442,44.0,gf,2.460,mm,OK,--,6:49:22 PM,7/30/2025,
1443,44.0,gf,2.455,mm,OK,--,6:49:23 PM,7/30/2025,
1444,43.9,gf,2.445,mm,OK,--,6:49:23 PM,7/30/2025,
1445,43.9,gf,2.440,mm,OK,--,6:49:23 PM,7/30/2025,
1446,43.9,gf,2.435,mm,OK,--,6:49:23 PM,7/30/2025,
1447,43.9,gf,2.435,mm,OK,--,6:49:23 PM,7/30/2025,
1448,43.9,gf,2.430,mm,OK,--,6:49:23 PM,7/30/2025,
1449,43.9,gf,2.430,mm,OK,--,6:49:23 PM,7/30/2025,
1450,43.9,gf,2.425,mm,OK,--,6:49:23 PM,7/30/2025,
1451,43.9,gf,2.425,mm,OK,--,6:49:23 PM,7/30/2025,
1452,43.9,gf,2.420,mm,OK,--,6:49:23 PM,7/30/2025,
1453,43.9,gf,2.415,mm,OK,--,6:49:24 PM,7/30/2025,
1454,43.9,gf,2.410,mm,OK,--,6:49:24 PM,7/30/2025,
1455,43.8,gf,2.410,mm,OK,--,6:49:24 PM,7/30/2025,
1456,43.8,gf,2.405,mm,OK,--,6:49:24 PM,7/30/2025,
1457,43.8,gf,2.405,mm,OK,--,6:49:24 PM,7/30/2025,
1458,43.8,gf,2.400,mm,OK,--,6:49:24 PM,7/30/2025,
1459,43.8,gf,2.395,mm,OK,--,6:49:24 PM,7/30/2025,
1460,43.8,gf,2.390,mm,OK,--,6:49:24 PM,7/30/2025,
1461,43.8,gf,2.385,mm,OK,--,6:49:24 PM,7/30/2025,
1462,43.8,gf,2.385,mm,OK,--,6:49:24 PM,7/30/2025,
1463,43.8,gf,2.380,mm,OK,--,6:49:25 PM,7/30/2025,
1464,43.7,gf,2.380,mm,OK,--,6:49:25 PM,7/30/2025,
1465,43.7,gf,2.375,mm,OK,--,6:49:25 PM,7/30/2025,
1466,43.7,gf,2.370,mm,OK,--,6:49:25 PM,7/30/2025,
1467,43.7,gf,2.365,mm,OK,--,6:49:25 PM,7/30/2025,
1468,43.6,gf,2.355,mm,OK,--,6:49:25 PM,7/30/2025,
1469,43.5,gf,2.345,mm,OK,--,6:49:25 PM,7/30/2025,
1470,43.5,gf,2.340,mm,OK,--,6:49:25 PM,7/30/2025,
1471,43.5,gf,2.330,mm,OK,--,6:49:25 PM,7/30/2025,
1472,43.5,gf,2.325,mm,OK,--,6:49:25 PM,7/30/2025,
1473,43.5,gf,2.315,mm,OK,--,6:49:26 PM,7/30/2025,
1474,43.5,gf,2.310,mm,OK,--,6:49:26 PM,7/30/2025,
1475,43.4,gf,2.305,mm,OK,--,6:49:26 PM,7/30/2025,
1476,43.4,gf,2.295,mm,OK,--,6:49:26 PM,7/30/2025,
1477,43.4,gf,2.290,mm,OK,--,6:49:26 PM,7/30/2025,
1478,43.4,gf,2.280,mm,OK,--,6:49:26 PM,7/30/2025,
1479,43.4,gf,2.270,mm,OK,--,6:49:26 PM,7/30/2025,
1480,43.3,gf,2.260,mm,OK,--,6:49:26 PM,7/30/2025,
1481,43.2,gf,2.255,mm,OK,--,6:49:26 PM,7/30/2025,
1482,43.2,gf,2.240,mm,OK,--,6:49:26 PM,7/30/2025,
1483,43.2,gf,2.230,mm,OK,--,6:49:27 PM,7/30/2025,
1484,43.1,gf,2.215,mm,OK,--,6:49:27 PM,7/30/2025,
1485,43.1,gf,2.210,mm,OK,--,6:49:27 PM,7/30/2025,
1486,43.1,gf,2.200,mm,OK,--,6:49:27 PM,7/30/2025,
1487,43.0,gf,2.190,mm,OK,--,6:49:27 PM,7/30/2025,
1488,42.9,gf,2.170,mm,OK,--,6:49:27 PM,7/30/2025,
1489,42.8,gf,2.145,mm,OK,--,6:49:27 PM,7/30/2025,
1490,42.8,gf,2.135,mm,OK,--,6:49:27 PM,7/30/2025,
1491,42.7,gf,2.120,mm,OK,--,6:49:27 PM,7/30/2025,
1492,42.7,gf,2.105,mm,OK,--,6:49:27 PM,7/30/2025,
1493,42.6,gf,2.090,mm,OK,--,6:49:28 PM,7/30/2025,
1494,42.6,gf,2.080,mm,OK,--,6:49:28 PM,7/30/2025,
1495,42.6,gf,2.070,mm,OK,--,6:49:28 PM,7/30/2025,
1496,42.6,gf,2.065,mm,OK,--,6:49:28 PM,7/30/2025,
1497,42.5,gf,2.055,mm,OK,--,6:49:28 PM,7/30/2025,
1498,42.5,gf,2.040,mm,OK,--,6:49:28 PM,7/30/2025,
1499,42.5,gf,2.025,mm,OK,--,6:49:28 PM,7/30/2025,
1500,42.4,gf,2.010,mm,OK,--,6:49:28 PM,7/30/2025,
1501,42.3,gf,2.000,mm,OK,--,6:49:28 PM,7/30/2025,
1502,42.2,gf,1.990,mm,OK,--,6:49:28 PM,7/30/2025,
1503,42.2,gf,1.980,mm,OK,--,6:49:29 PM,7/30/2025,
1504,42.2,gf,1.965,mm,OK,--,6:49:29 PM,7/30/2025,
1505,42.2,gf,1.950,mm,OK,--,6:49:29 PM,7/30/2025,
1506,42.1,gf,1.940,mm,OK,--,6:49:29 PM,7/30/2025,
1507,42.1,gf,1.930,mm,OK,--,6:49:29 PM,7/30/2025,
1508,42.0,gf,1.915,mm,OK,--,6:49:29 PM,7/30/2025,
1509,41.9,gf,1.905,mm,OK,--,6:49:29 PM,7/30/2025,
1510,41.9,gf,1.895,mm,OK,--,6:49:29 PM,7/30/2025,
1511,41.8,gf,1.880,mm,OK,--,6:49:29 PM,7/30/2025,
1512,41.8,gf,1.875,mm,OK,--,6:49:29 PM,7/30/2025,
1513,41.8,gf,1.870,mm,OK,--,6:49:30 PM,7/30/2025,
1514,41.8,gf,1.870,mm,OK,--,6:49:30 PM,7/30/2025,
1515,41.8,gf,1.865,mm,OK,--,6:49:30 PM,7/30/2025,
1516,41.8,gf,1.860,mm,OK,--,6:49:30 PM,7/30/2025,
1517,41.7,gf,1.855,mm,OK,--,6:49:30 PM,7/30/2025,
1518,41.8,gf,1.850,mm,OK,--,6:49:30 PM,7/30/2025,
1519,41.7,gf,1.850,mm,OK,--,6:49:30 PM,7/30/2025,
1520,41.7,gf,1.850,mm,OK,--,6:49:30 PM,7/30/2025,
1521,41.7,gf,1.845,mm,OK,--,6:49:30 PM,7/30/2025,
1522,41.7,gf,1.840,mm,OK,--,6:49:30 PM,7/30/2025,
1523,41.7,gf,1.830,mm,OK,--,6:49:31 PM,7/30/2025,
1524,41.7,gf,1.830,mm,OK,--,6:49:31 PM,7/30/2025,
1525,41.7,gf,1.825,mm,OK,--,6:49:31 PM,7/30/2025,
1526,41.7,gf,1.825,mm,OK,--,6:49:31 PM,7/30/2025,
1527,41.6,gf,1.820,mm,OK,--,6:49:31 PM,7/30/2025,
1528,41.6,gf,1.820,mm,OK,--,6:49:31 PM,7/30/2025,
1529,41.6,gf,1.820,mm,OK,--,6:49:31 PM,7/30/2025,
1530,41.6,gf,1.815,mm,OK,--,6:49:31 PM,7/30/2025,
1531,41.6,gf,1.815,mm,OK,--,6:49:31 PM,7/30/2025,
1532,41.6,gf,1.810,mm,OK,--,6:49:31 PM,7/30/2025,
1533,41.6,gf,1.805,mm,OK,--,6:49:32 PM,7/30/2025,
1534,41.6,gf,1.800,mm,OK,--,6:49:32 PM,7/30/2025,
1535,41.6,gf,1.800,mm,OK,--,6:49:32 PM,7/30/2025,
1536,41.5,gf,1.790,mm,OK,--,6:49:32 PM,7/30/2025,
1537,41.4,gf,1.760,mm,OK,--,6:49:32 PM,7/30/2025,
1538,41.4,gf,1.755,mm,OK,--,6:49:32 PM,7/30/2025,
1539,41.4,gf,1.750,mm,OK,--,6:49:32 PM,7/30/2025,
1540,41.3,gf,1.745,mm,OK,--,6:49:32 PM,7/30/2025,
1541,41.3,gf,1.735,mm,OK,--,6:49:32 PM,7/30/2025,
1542,41.3,gf,1.730,mm,OK,--,6:49:32 PM,7/30/2025,
1543,41.3,gf,1.725,mm,OK,--,6:49:33 PM,7/30/2025,
1544,41.3,gf,1.720,mm,OK,--,6:49:33 PM,7/30/2025,
1545,41.3,gf,1.720,mm,OK,--,6:49:33 PM,7/30/2025,
1546,41.3,gf,1.710,mm,OK,--,6:49:33 PM,7/30/2025,
1547,41.1,gf,1.690,mm,OK,--,6:49:33 PM,7/30/2025,
1548,41.1,gf,1.675,mm,OK,--,6:49:33 PM,7/30/2025,
1549,41.1,gf,1.665,mm,OK,--,6:49:33 PM,7/30/2025,
1550,41.0,gf,1.655,mm,OK,--,6:49:33 PM,7/30/2025,
1551,41.0,gf,1.640,mm,OK,--,6:49:33 PM,7/30/2025,
1552,40.9,gf,1.620,mm,OK,--,6:49:33 PM,7/30/2025,
1553,40.8,gf,1.600,mm,OK,--,6:49:34 PM,7/30/2025,
1554,40.7,gf,1.580,mm,OK,--,6:49:34 PM,7/30/2025,
1555,40.6,gf,1.560,mm,OK,--,6:49:34 PM,7/30/2025,
1556,40.6,gf,1.535,mm,OK,--,6:49:34 PM,7/30/2025,
1557,40.5,gf,1.520,mm,OK,--,6:49:34 PM,7/30/2025,
1558,40.4,gf,1.500,mm,OK,--,6:49:34 PM,7/30/2025,
1559,40.4,gf,1.480,mm,OK,--,6:49:34 PM,7/30/2025,
1560,40.3,gf,1.465,mm,OK,--,6:49:34 PM,7/30/2025,
1561,40.3,gf,1.450,mm,OK,--,6:49:34 PM,7/30/2025,
1562,40.2,gf,1.435,mm,OK,--,6:49:34 PM,7/30/2025,
1563,40.2,gf,1.425,mm,OK,--,6:49:35 PM,7/30/2025,
1564,40.2,gf,1.415,mm,OK,--,6:49:35 PM,7/30/2025,
1565,40.1,gf,1.405,mm,OK,--,6:49:35 PM,7/30/2025,
1566,40.1,gf,1.400,mm,OK,--,6:49:35 PM,7/30/2025,
1567,40.1,gf,1.390,mm,OK,--,6:49:35 PM,7/30/2025,
1568,40.0,gf,1.380,mm,OK,--,6:49:35 PM,7/30/2025,
1569,40.0,gf,1.375,mm,OK,--,6:49:35 PM,7/30/2025,
1570,40.0,gf,1.365,mm,OK,--,6:49:35 PM,7/30/2025,
1571,39.9,gf,1.360,mm,OK,--,6:49:35 PM,7/30/2025,
1572,39.9,gf,1.350,mm,OK,--,6:49:35 PM,7/30/2025,
1573,39.9,gf,1.340,mm,OK,--,6:49:36 PM,7/30/2025,
1574,39.8,gf,1.335,mm,OK,--,6:49:36 PM,7/30/2025,
1575,39.8,gf,1.325,mm,OK,--,6:49:36 PM,7/30/2025,
1576,39.8,gf,1.320,mm,OK,--,6:49:36 PM,7/30/2025,
1577,39.8,gf,1.305,mm,OK,--,6:49:36 PM,7/30/2025,
1578,39.7,gf,1.300,mm,OK,--,6:49:36 PM,7/30/2025,
1579,39.7,gf,1.290,mm,OK,--,6:49:36 PM,7/30/2025,
1580,39.7,gf,1.290,mm,OK,--,6:49:36 PM,7/30/2025,
1581,39.7,gf,1.285,mm,OK,--,6:49:36 PM,7/30/2025,
1582,39.7,gf,1.280,mm,OK,--,6:49:36 PM,7/30/2025,
1583,39.6,gf,1.280,mm,OK,--,6:49:37 PM,7/30/2025,
1584,39.6,gf,1.275,mm,OK,--,6:49:37 PM,7/30/2025,
1585,39.6,gf,1.270,mm,OK,--,6:49:37 PM,7/30/2025,
1586,39.6,gf,1.265,mm,OK,--,6:49:37 PM,7/30/2025,
1587,39.6,gf,1.265,mm,OK,--,6:49:37 PM,7/30/2025,
1588,39.6,gf,1.260,mm,OK,--,6:49:37 PM,7/30/2025,
1589,39.6,gf,1.260,mm,OK,--,6:49:37 PM,7/30/2025,
1590,39.6,gf,1.255,mm,OK,--,6:49:37 PM,7/30/2025,
1591,39.6,gf,1.250,mm,OK,--,6:49:37 PM,7/30/2025,
1592,39.6,gf,1.250,mm,OK,--,6:49:37 PM,7/30/2025,
1593,39.5,gf,1.245,mm,OK,--,6:49:38 PM,7/30/2025,
1594,39.5,gf,1.240,mm,OK,--,6:49:38 PM,7/30/2025,
1595,39.5,gf,1.235,mm,OK,--,6:49:38 PM,7/30/2025,
1596,39.5,gf,1.235,mm,OK,--,6:49:38 PM,7/30/2025,
1597,39.5,gf,1.230,mm,OK,--,6:49:38 PM,7/30/2025,
1598,39.5,gf,1.230,mm,OK,--,6:49:38 PM,7/30/2025,
1599,39.5,gf,1.225,mm,OK,--,6:49:38 PM,7/30/2025,
1600,39.5,gf,1.220,mm,OK,--,6:49:38 PM,7/30/2025,
1601,39.5,gf,1.215,mm,OK,--,6:49:38 PM,7/30/2025,
1602,39.4,gf,1.205,mm,OK,--,6:49:38 PM,7/30/2025,
1603,39.4,gf,1.200,mm,OK,--,6:49:39 PM,7/30/2025,
1604,39.4,gf,1.195,mm,OK,--,6:49:39 PM,7/30/2025,
1605,39.4,gf,1.195,mm,OK,--,6:49:39 PM,7/30/2025,
1606,39.4,gf,1.190,mm,OK,--,6:49:39 PM,7/30/2025,
1607,39.4,gf,1.185,mm,OK,--,6:49:39 PM,7/30/2025,
1608,39.4,gf,1.180,mm,OK,--,6:49:39 PM,7/30/2025,
1609,39.3,gf,1.180,mm,OK,--,6:49:39 PM,7/30/2025,
1610,39.3,gf,1.175,mm,OK,--,6:49:39 PM,7/30/2025,
1611,39.3,gf,1.175,mm,OK,--,6:49:39 PM,7/30/2025,
1612,39.3,gf,1.170,mm,OK,--,6:49:39 PM,7/30/2025,
1613,39.3,gf,1.170,mm,OK,--,6:49:40 PM,7/30/2025,
1614,39.2,gf,1.170,mm,OK,--,6:49:40 PM,7/30/2025,
1615,39.2,gf,1.165,mm,OK,--,6:49:40 PM,7/30/2025,
1616,39.2,gf,1.160,mm,OK,--,6:49:40 PM,7/30/2025,
1617,39.2,gf,1.160,mm,OK,--,6:49:40 PM,7/30/2025,
1618,39.2,gf,1.155,mm,OK,--,6:49:40 PM,7/30/2025,
1619,39.2,gf,1.150,mm,OK,--,6:49:40 PM,7/30/2025,
1620,39.2,gf,1.150,mm,OK,--,6:49:40 PM,7/30/2025,
1621,39.2,gf,1.145,mm,OK,--,6:49:40 PM,7/30/2025,
1622,39.2,gf,1.145,mm,OK,--,6:49:40 PM,7/30/2025,
1623,39.1,gf,1.140,mm,OK,--,6:49:41 PM,7/30/2025,
1624,39.1,gf,1.135,mm,OK,--,6:49:41 PM,7/30/2025,
1625,39.1,gf,1.130,mm,OK,--,6:49:41 PM,7/30/2025,
1626,39.1,gf,1.120,mm,OK,--,6:49:41 PM,7/30/2025,
1627,39.1,gf,1.110,mm,OK,--,6:49:41 PM,7/30/2025,
1628,39.0,gf,1.100,mm,OK,--,6:49:41 PM,7/30/2025,
1629,38.9,gf,1.095,mm,OK,--,6:49:41 PM,7/30/2025,
1630,39.0,gf,1.085,mm,OK,--,6:49:41 PM,7/30/2025,
1631,38.9,gf,1.080,mm,OK,--,6:49:41 PM,7/30/2025,
1632,38.9,gf,1.075,mm,OK,--,6:49:41 PM,7/30/2025,
1633,38.9,gf,1.070,mm,OK,--,6:49:42 PM,7/30/2025,
1634,38.9,gf,1.065,mm,OK,--,6:49:42 PM,7/30/2025,
1635,38.9,gf,1.060,mm,OK,--,6:49:42 PM,7/30/2025,
1636,38.9,gf,1.055,mm,OK,--,6:49:42 PM,7/30/2025,
1637,38.9,gf,1.055,mm,OK,--,6:49:42 PM,7/30/2025,
1638,38.9,gf,1.050,mm,OK,--,6:49:42 PM,7/30/2025,
1639,38.8,gf,1.045,mm,OK,--,6:49:42 PM,7/30/2025,
1640,38.8,gf,1.035,mm,OK,--,6:49:42 PM,7/30/2025,
1641,38.7,gf,1.025,mm,OK,--,6:49:42 PM,7/30/2025,
1642,38.7,gf,1.015,mm,OK,--,6:49:42 PM,7/30/2025,
1643,38.7,gf,1.015,mm,OK,--,6:49:43 PM,7/30/2025,
1644,38.7,gf,1.005,mm,OK,--,6:49:43 PM,7/30/2025,
1645,38.6,gf,0.995,mm,OK,--,6:49:43 PM,7/30/2025,
1646,38.6,gf,0.985,mm,OK,--,6:49:43 PM,7/30/2025,
1647,38.6,gf,0.980,mm,OK,--,6:49:43 PM,7/30/2025,
1648,38.6,gf,0.975,mm,OK,--,6:49:43 PM,7/30/2025,
1649,38.6,gf,0.975,mm,OK,--,6:49:43 PM,7/30/2025,
1650,38.6,gf,0.970,mm,OK,--,6:49:43 PM,7/30/2025,
1651,38.5,gf,0.965,mm,OK,--,6:49:43 PM,7/30/2025,
1652,38.5,gf,0.960,mm,OK,--,6:49:43 PM,7/30/2025,
1653,38.5,gf,0.955,mm,OK,--,6:49:44 PM,7/30/2025,
1654,38.4,gf,0.945,mm,OK,--,6:49:44 PM,7/30/2025,
1655,38.4,gf,0.940,mm,OK,--,6:49:44 PM,7/30/2025,
1656,38.4,gf,0.935,mm,OK,--,6:49:44 PM,7/30/2025,
1657,38.4,gf,0.925,mm,OK,--,6:49:44 PM,7/30/2025,
1658,38.4,gf,0.925,mm,OK,--,6:49:44 PM,7/30/2025,
1659,38.3,gf,0.920,mm,OK,--,6:49:44 PM,7/30/2025,
1660,38.3,gf,0.915,mm,OK,--,6:49:44 PM,7/30/2025,
1661,38.3,gf,0.910,mm,OK,--,6:49:44 PM,7/30/2025,
1662,38.2,gf,0.905,mm,OK,--,6:49:44 PM,7/30/2025,
1663,38.1,gf,0.900,mm,OK,--,6:49:45 PM,7/30/2025,
1664,38.2,gf,0.900,mm,OK,--,6:49:45 PM,7/30/2025,
1665,38.2,gf,0.895,mm,OK,--,6:49:45 PM,7/30/2025,
1666,38.2,gf,0.890,mm,OK,--,6:49:45 PM,7/30/2025,
1667,38.2,gf,0.890,mm,OK,--,6:49:45 PM,7/30/2025,
1668,38.2,gf,0.885,mm,OK,--,6:49:45 PM,7/30/2025,
1669,38.2,gf,0.885,mm,OK,--,6:49:45 PM,7/30/2025,
1670,38.1,gf,0.880,mm,OK,--,6:49:45 PM,7/30/2025,
1671,38.1,gf,0.880,mm,OK,--,6:49:45 PM,7/30/2025,
1672,38.1,gf,0.875,mm,OK,--,6:49:45 PM,7/30/2025,
1673,38.1,gf,0.870,mm,OK,--,6:49:46 PM,7/30/2025,
1674,38.1,gf,0.860,mm,OK,--,6:49:46 PM,7/30/2025,
1675,38.0,gf,0.855,mm,OK,--,6:49:46 PM,7/30/2025,
1676,38.0,gf,0.850,mm,OK,--,6:49:46 PM,7/30/2025,
1677,38.0,gf,0.845,mm,OK,--,6:49:46 PM,7/30/2025,
1678,38.0,gf,0.840,mm,OK,--,6:49:46 PM,7/30/2025,
1679,38.0,gf,0.835,mm,OK,--,6:49:46 PM,7/30/2025,
1680,38.0,gf,0.830,mm,OK,--,6:49:46 PM,7/30/2025,
1681,38.0,gf,0.830,mm,OK,--,6:49:46 PM,7/30/2025,
1682,37.9,gf,0.825,mm,OK,--,6:49:46 PM,7/30/2025,
1683,37.9,gf,0.825,mm,OK,--,6:49:47 PM,7/30/2025,
1684,37.9,gf,0.820,mm,OK,--,6:49:47 PM,7/30/2025,
1685,37.9,gf,0.815,mm,OK,--,6:49:47 PM,7/30/2025,
1686,37.9,gf,0.810,mm,OK,--,6:49:47 PM,7/30/2025,
1687,37.9,gf,0.810,mm,OK,--,6:49:47 PM,7/30/2025,
1688,37.9,gf,0.805,mm,OK,--,6:49:47 PM,7/30/2025,
1689,37.9,gf,0.800,mm,OK,--,6:49:47 PM,7/30/2025,
1690,37.9,gf,0.800,mm,OK,--,6:49:47 PM,7/30/2025,
1691,37.9,gf,0.795,mm,OK,--,6:49:47 PM,7/30/2025,
1692,37.8,gf,0.785,mm,OK,--,6:49:47 PM,7/30/2025,
1693,37.8,gf,0.780,mm,OK,--,6:49:48 PM,7/30/2025,
1694,37.7,gf,0.775,mm,OK,--,6:49:48 PM,7/30/2025,
1695,37.6,gf,0.765,mm,OK,--,6:49:48 PM,7/30/2025,
1696,37.6,gf,0.750,mm,OK,--,6:49:48 PM,7/30/2025,
1697,37.6,gf,0.740,mm,OK,--,6:49:48 PM,7/30/2025,
1698,37.5,gf,0.735,mm,OK,--,6:49:48 PM,7/30/2025,
1699,37.6,gf,0.730,mm,OK,--,6:49:48 PM,7/30/2025,
1700,37.6,gf,0.725,mm,OK,--,6:49:48 PM,7/30/2025,
1701,37.5,gf,0.720,mm,OK,--,6:49:48 PM,7/30/2025,
1702,37.5,gf,0.715,mm,OK,--,6:49:48 PM,7/30/2025,
1703,37.5,gf,0.710,mm,OK,--,6:49:49 PM,7/30/2025,
1704,37.4,gf,0.705,mm,OK,--,6:49:49 PM,7/30/2025,
1705,37.4,gf,0.695,mm,OK,--,6:49:49 PM,7/30/2025,
1706,37.3,gf,0.680,mm,OK,--,6:49:49 PM,7/30/2025,
1707,37.3,gf,0.670,mm,OK,--,6:49:49 PM,7/30/2025,
1708,37.3,gf,0.665,mm,OK,--,6:49:49 PM,7/30/2025,
1709,37.2,gf,0.655,mm,OK,--,6:49:49 PM,7/30/2025,
1710,37.2,gf,0.650,mm,OK,--,6:49:49 PM,7/30/2025,
1711,37.2,gf,0.645,mm,OK,--,6:49:49 PM,7/30/2025,
1712,37.2,gf,0.635,mm,OK,--,6:49:49 PM,7/30/2025,
1713,37.2,gf,0.630,mm,OK,--,6:49:50 PM,7/30/2025,
1714,37.2,gf,0.625,mm,OK,--,6:49:50 PM,7/30/2025,
1715,37.2,gf,0.620,mm,OK,--,6:49:50 PM,7/30/2025,
1716,37.1,gf,0.615,mm,OK,--,6:49:50 PM,7/30/2025,
1717,37.1,gf,0.610,mm,OK,--,6:49:50 PM,7/30/2025,
1718,37.1,gf,0.605,mm,OK,--,6:49:50 PM,7/30/2025,
1719,37.1,gf,0.595,mm,OK,--,6:49:50 PM,7/30/2025,
1720,37.0,gf,0.590,mm,OK,--,6:49:50 PM,7/30/2025,
1721,37.0,gf,0.580,mm,OK,--,6:49:50 PM,7/30/2025,
1722,37.0,gf,0.575,mm,OK,--,6:49:50 PM,7/30/2025,
1723,37.0,gf,0.570,mm,OK,--,6:49:51 PM,7/30/2025,
1724,36.9,gf,0.570,mm,OK,--,6:49:51 PM,7/30/2025,
1725,36.9,gf,0.565,mm,OK,--,6:49:51 PM,7/30/2025,
1726,36.9,gf,0.565,mm,OK,--,6:49:51 PM,7/30/2025,
1727,36.9,gf,0.565,mm,OK,--,6:49:51 PM,7/30/2025,
1728,36.9,gf,0.560,mm,OK,--,6:49:51 PM,7/30/2025,
1729,36.9,gf,0.560,mm,OK,--,6:49:51 PM,7/30/2025,
1730,36.9,gf,0.555,mm,OK,--,6:49:51 PM,7/30/2025,
1731,36.9,gf,0.550,mm,OK,--,6:49:51 PM,7/30/2025,
1732,36.9,gf,0.550,mm,OK,--,6:49:51 PM,7/30/2025,
1733,36.8,gf,0.545,mm,OK,--,6:49:52 PM,7/30/2025,
1734,36.8,gf,0.545,mm,OK,--,6:49:52 PM,7/30/2025,
1735,36.8,gf,0.540,mm,OK,--,6:49:52 PM,7/30/2025,
1736,36.8,gf,0.540,mm,OK,--,6:49:52 PM,7/30/2025,
1737,36.8,gf,0.535,mm,OK,--,6:49:52 PM,7/30/2025,
1738,36.8,gf,0.535,mm,OK,--,6:49:52 PM,7/30/2025,
1739,36.8,gf,0.535,mm,OK,--,6:49:52 PM,7/30/2025,
1740,36.8,gf,0.530,mm,OK,--,6:49:52 PM,7/30/2025,
1741,36.8,gf,0.530,mm,OK,--,6:49:52 PM,7/30/2025,
1742,36.8,gf,0.530,mm,OK,--,6:49:52 PM,7/30/2025,
1743,36.8,gf,0.530,mm,OK,--,6:49:53 PM,7/30/2025,
1744,36.8,gf,0.525,mm,OK,--,6:49:53 PM,7/30/2025,
1745,36.8,gf,0.525,mm,OK,--,6:49:53 PM,7/30/2025,
1746,36.8,gf,0.525,mm,OK,--,6:49:53 PM,7/30/2025,
1747,36.7,gf,0.520,mm,OK,--,6:49:53 PM,7/30/2025,
1748,36.7,gf,0.520,mm,OK,--,6:49:53 PM,7/30/2025,
1749,36.7,gf,0.510,mm,OK,--,6:49:53 PM,7/30/2025,
1750,36.6,gf,0.485,mm,OK,--,6:49:53 PM,7/30/2025,
1751,36.6,gf,0.475,mm,OK,--,6:49:53 PM,7/30/2025,
1752,36.6,gf,0.470,mm,OK,--,6:49:53 PM,7/30/2025,
1753,36.5,gf,0.465,mm,OK,--,6:49:54 PM,7/30/2025,
1754,36.5,gf,0.460,mm,OK,--,6:49:54 PM,7/30/2025,
1755,36.5,gf,0.460,mm,OK,--,6:49:54 PM,7/30/2025,
1756,36.5,gf,0.455,mm,OK,--,6:49:54 PM,7/30/2025,
1757,36.5,gf,0.450,mm,OK,--,6:49:54 PM,7/30/2025,
1758,36.4,gf,0.450,mm,OK,--,6:49:54 PM,7/30/2025,
1759,36.5,gf,0.445,mm,OK,--,6:49:54 PM,7/30/2025,
1760,36.5,gf,0.440,mm,OK,--,6:49:54 PM,7/30/2025,
1761,36.4,gf,0.435,mm,OK,--,6:49:54 PM,7/30/2025,
1762,36.4,gf,0.430,mm,OK,--,6:49:54 PM,7/30/2025,
1763,36.4,gf,0.425,mm,OK,--,6:49:55 PM,7/30/2025,
1764,36.3,gf,0.420,mm,OK,--,6:49:55 PM,7/30/2025,
1765,36.3,gf,0.410,mm,OK,--,6:49:55 PM,7/30/2025,
1766,36.2,gf,0.400,mm,OK,--,6:49:55 PM,7/30/2025,
1767,36.3,gf,0.390,mm,OK,--,6:49:55 PM,7/30/2025,
1768,36.2,gf,0.380,mm,OK,--,6:49:55 PM,7/30/2025,
1769,36.2,gf,0.375,mm,OK,--,6:49:55 PM,7/30/2025,
1770,36.2,gf,0.365,mm,OK,--,6:49:55 PM,7/30/2025,
1771,36.2,gf,0.360,mm,OK,--,6:49:55 PM,7/30/2025,
1772,36.2,gf,0.360,mm,OK,--,6:49:55 PM,7/30/2025,
1773,36.2,gf,0.355,mm,OK,--,6:49:56 PM,7/30/2025,
1774,36.1,gf,0.350,mm,OK,--,6:49:56 PM,7/30/2025,
1775,36.1,gf,0.350,mm,OK,--,6:49:56 PM,7/30/2025,
1776,36.1,gf,0.345,mm,OK,--,6:49:56 PM,7/30/2025,
1777,36.1,gf,0.340,mm,OK,--,6:49:56 PM,7/30/2025,
1778,36.0,gf,0.335,mm,OK,--,6:49:56 PM,7/30/2025,
1779,36.0,gf,0.330,mm,OK,--,6:49:56 PM,7/30/2025,
1780,36.0,gf,0.325,mm,OK,--,6:49:56 PM,7/30/2025,
1781,36.0,gf,0.320,mm,OK,--,6:49:56 PM,7/30/2025,
1782,36.0,gf,0.315,mm,OK,--,6:49:56 PM,7/30/2025,
1783,36.0,gf,0.315,mm,OK,--,6:49:57 PM,7/30/2025,
1784,36.0,gf,0.310,mm,OK,--,6:49:57 PM,7/30/2025,
1785,36.0,gf,0.305,mm,OK,--,6:49:57 PM,7/30/2025,
1786,36.0,gf,0.305,mm,OK,--,6:49:57 PM,7/30/2025,
1787,36.0,gf,0.300,mm,OK,--,6:49:57 PM,7/30/2025,
1788,36.0,gf,0.300,mm,OK,--,6:49:57 PM,7/30/2025,
1789,35.4,gf,0.295,mm,OK,--,6:49:57 PM,7/30/2025,
1790,35.0,gf,0.295,mm,OK,--,6:49:57 PM,7/30/2025,
1791,34.4,gf,0.295,mm,OK,--,6:49:57 PM,7/30/2025,
1792,34.2,gf,0.290,mm,OK,--,6:49:57 PM,7/30/2025,
1793,34.0,gf,0.290,mm,OK,--,6:49:58 PM,7/30/2025,
1794,33.7,gf,0.290,mm,OK,--,6:49:58 PM,7/30/2025,
1795,33.3,gf,0.285,mm,OK,--,6:49:58 PM,7/30/2025,
1796,32.9,gf,0.285,mm,OK,--,6:49:58 PM,7/30/2025,
1797,32.7,gf,0.285,mm,OK,--,6:49:58 PM,7/30/2025,
1798,32.5,gf,0.280,mm,OK,--,6:49:58 PM,7/30/2025,
1799,32.1,gf,0.280,mm,OK,--,6:49:58 PM,7/30/2025,
1800,31.0,gf,0.280,mm,OK,--,6:49:58 PM,7/30/2025,
1801,27.8,gf,0.275,mm,OK,--,6:49:58 PM,7/30/2025,
1802,24.5,gf,0.270,mm,OK,--,6:49:58 PM,7/30/2025,
1803,22.6,gf,0.270,mm,OK,--,6:49:59 PM,7/30/2025,
1804,20.8,gf,0.265,mm,OK,--,6:49:59 PM,7/30/2025,
1805,19.4,gf,0.265,mm,OK,--,6:49:59 PM,7/30/2025,
1806,18.5,gf,0.265,mm,OK,--,6:49:59 PM,7/30/2025,
1807,17.4,gf,0.265,mm,OK,--,6:49:59 PM,7/30/2025,
1808,15.9,gf,0.260,mm,OK,--,6:49:59 PM,7/30/2025,
1809,14.7,gf,0.260,mm,OK,--,6:49:59 PM,7/30/2025,
1810,13.9,gf,0.260,mm,OK,--,6:49:59 PM,7/30/2025,
1811,13.3,gf,0.260,mm,OK,--,6:49:59 PM,7/30/2025,
1812,12.8,gf,0.260,mm,OK,--,6:49:59 PM,7/30/2025,
1813,12.0,gf,0.255,mm,OK,--,6:50:00 PM,7/30/2025,
1814,10.7,gf,0.255,mm,OK,--,6:50:00 PM,7/30/2025,
1815,7.2,gf,0.250,mm,OK,--,6:50:00 PM,7/30/2025,
1816,4.2,gf,0.250,mm,OK,--,6:50:00 PM,7/30/2025,
1817,2.1,gf,0.245,mm,OK,--,6:50:00 PM,7/30/2025,
1818,1.8,gf,0.240,mm,OK,--,6:50:00 PM,7/30/2025,
1819,0.1,gf,0.230,mm,OK,--,6:50:00 PM,7/30/2025,
1820,0.0,gf,0.220,mm,OK,--,6:50:00 PM,7/30/2025,
1821,0.0,gf,0.205,mm,OK,--,6:50:00 PM,7/30/2025,
1822,0.0,gf,0.190,mm,OK,--,6:50:00 PM,7/30/2025,
1823,0.0,gf,0.175,mm,OK,--,6:50:01 PM,7/30/2025,
1824,0.0,gf,0.165,mm,OK,--,6:50:01 PM,7/30/2025,
1825,0.0,gf,0.145,mm,OK,--,6:50:01 PM,7/30/2025,
1826,0.0,gf,0.130,mm,OK,--,6:50:01 PM,7/30/2025,
1827,0.1,gf,0.110,mm,OK,--,6:50:01 PM,7/30/2025,
1828,0.0,gf,0.080,mm,OK,--,6:50:01 PM,7/30/2025,
1829,0.0,gf,0.050,mm,OK,--,6:50:01 PM,7/30/2025,
1830,0.0,gf,0.035,mm,OK,--,6:50:01 PM,7/30/2025,
1831,0.0,gf,0.020,mm,OK,--,6:50:01 PM,7/30/2025,
1832,0.0,gf,0.010,mm,OK,--,6:50:01 PM,7/30/2025,
1833,0.0,gf,0.000,mm,OK,--,6:50:02 PM,7/30/2025,
1834,0.0,gf,-0.010,mm,OK,--,6:50:02 PM,7/30/2025,
1835,0.0,gf,-0.010,mm,OK,--,6:50:02 PM,7/30/2025,
1836,0.0,gf,-0.015,mm,OK,--,6:50:02 PM,7/30/2025,
1837,0.0,gf,-0.015,mm,OK,--,6:50:02 PM,7/30/2025,
1838,-0.1,gf,-0.015,mm,OK,--,6:50:02 PM,7/30/2025,
1839,-0.1,gf,-0.020,mm,OK,--,6:50:02 PM,7/30/2025,
1840,0.0,gf,-0.020,mm,OK,--,6:50:02 PM,7/30/2025,
1841,0.0,gf,-0.020,mm,OK,--,6:50:02 PM,7/30/2025,
1842,0.0,gf,-0.020,mm,OK,--,6:50:02 PM,7/30/2025,
1843,0.0,gf,-0.020,mm,OK,--,6:50:03 PM,7/30/2025,
1844,0.0,gf,-0.020,mm,OK,--,6:50:03 PM,7/30/2025,
1845,-0.1,gf,-0.015,mm,OK,--,6:50:03 PM,7/30/2025,
1846,0.0,gf,-0.010,mm,OK,--,6:50:03 PM,7/30/2025,
1847,0.0,gf,-0.010,mm,OK,--,6:50:03 PM,7/30/2025,
1848,0.0,gf,-0.010,mm,OK,--,6:50:03 PM,7/30/2025,
1849,0.0,gf,-0.005,mm,OK,--,6:50:03 PM,7/30/2025,
1850,0.0,gf,-0.005,mm,OK,--,6:50:03 PM,7/30/2025,
1851,0.0,gf,-0.005,mm,OK,--,6:50:03 PM,7/30/2025,
1852,0.0,gf,-0.005,mm,OK,--,6:50:03 PM,7/30/2025,
1853,0.0,gf,-0.005,mm,OK,--,6:50:04 PM,7/30/2025,
1854,-0.1,gf,-0.005,mm,OK,--,6:50:04 PM,7/30/2025,
1855,0.0,gf,-0.005,mm,OK,--,6:50:04 PM,7/30/2025,
1856,0.0,gf,0.000,mm,OK,--,6:50:04 PM,7/30/2025,
1857,0.0,gf,0.000,mm,OK,--,6:50:04 PM,7/30/2025,
1858,0.1,gf,0.000,mm,OK,--,6:50:04 PM,7/30/2025,
1859,0.0,gf,0.000,mm,OK,--,6:50:04 PM,7/30/2025,
1860,0.0,gf,0.000,mm,OK,--,6:50:04 PM,7/30/2025,
1861,0.0,gf,0.000,mm,OK,--,6:50:04 PM,7/30/2025,
1862,0.0,gf,0.000,mm,OK,--,6:50:04 PM,7/30/2025,
1863,0.0,gf,0.000,mm,OK,--,6:50:05 PM,7/30/2025,
