Maximum,191.5,@,No.953,,,,,,
Minimum,-0.2,@,No.2,,,,,,
Average,48.11,,,,,,,,
Data Quantity,1888,,,,,,,,
Number of NG,0,,,,,,,,
No.,Force,Unit,Displacement,Unit,Judge,Position,Time,Date,
1,-0.1,gf,0.000,mm,OK,--,6:15:41 PM,1/26/2026,
2,-0.2,gf,0.000,mm,OK,--,6:15:41 PM,1/26/2026,
3,0.0,gf,0.000,mm,OK,--,6:15:41 PM,1/26/2026,
4,0.0,gf,0.000,mm,OK,--,6:15:41 PM,1/26/2026,
5,0.0,gf,0.005,mm,OK,--,6:15:41 PM,1/26/2026,
6,0.0,gf,0.005,mm,OK,--,6:15:41 PM,1/26/2026,
7,0.0,gf,0.005,mm,OK,--,6:15:41 PM,1/26/2026,
8,0.0,gf,0.005,mm,OK,--,6:15:41 PM,1/26/2026,
9,0.0,gf,0.005,mm,OK,--,6:15:41 PM,1/26/2026,
10,0.0,gf,0.005,mm,OK,--,6:15:41 PM,1/26/2026,
11,0.0,gf,0.005,mm,OK,--,6:15:42 PM,1/26/2026,
12,0.0,gf,0.005,mm,OK,--,6:15:42 PM,1/26/2026,
13,0.0,gf,0.005,mm,OK,--,6:15:42 PM,1/26/2026,
14,0.0,gf,0.005,mm,OK,--,6:15:42 PM,1/26/2026,
15,0.0,gf,0.010,mm,OK,--,6:15:42 PM,1/26/2026,
16,0.0,gf,0.010,mm,OK,--,6:15:42 PM,1/26/2026,
17,0.0,gf,0.010,mm,OK,--,6:15:42 PM,1/26/2026,
18,-0.1,gf,0.015,mm,OK,--,6:15:42 PM,1/26/2026,
19,0.0,gf,0.015,mm,OK,--,6:15:42 PM,1/26/2026,
20,0.0,gf,0.015,mm,OK,--,6:15:42 PM,1/26/2026,
21,0.0,gf,0.020,mm,OK,--,6:15:43 PM,1/26/2026,
22,0.0,gf,0.020,mm,OK,--,6:15:43 PM,1/26/2026,
23,0.0,gf,0.020,mm,OK,--,6:15:43 PM,1/26/2026,
24,0.0,gf,0.025,mm,OK,--,6:15:43 PM,1/26/2026,
25,0.0,gf,0.025,mm,OK,--,6:15:43 PM,1/26/2026,
26,0.0,gf,0.025,mm,OK,--,6:15:43 PM,1/26/2026,
27,0.0,gf,0.025,mm,OK,--,6:15:43 PM,1/26/2026,
28,0.0,gf,0.025,mm,OK,--,6:15:43 PM,1/26/2026,
29,0.0,gf,0.030,mm,OK,--,6:15:43 PM,1/26/2026,
30,0.0,gf,0.030,mm,OK,--,6:15:43 PM,1/26/2026,
31,0.0,gf,0.035,mm,OK,--,6:15:44 PM,1/26/2026,
32,0.0,gf,0.035,mm,OK,--,6:15:44 PM,1/26/2026,
33,0.0,gf,0.040,mm,OK,--,6:15:44 PM,1/26/2026,
34,0.0,gf,0.040,mm,OK,--,6:15:44 PM,1/26/2026,
35,0.0,gf,0.045,mm,OK,--,6:15:44 PM,1/26/2026,
36,0.0,gf,0.045,mm,OK,--,6:15:44 PM,1/26/2026,
37,0.0,gf,0.050,mm,OK,--,6:15:44 PM,1/26/2026,
38,0.0,gf,0.050,mm,OK,--,6:15:44 PM,1/26/2026,
39,0.0,gf,0.055,mm,OK,--,6:15:44 PM,1/26/2026,
40,0.0,gf,0.055,mm,OK,--,6:15:44 PM,1/26/2026,
41,0.0,gf,0.060,mm,OK,--,6:15:45 PM,1/26/2026,
42,0.0,gf,0.060,mm,OK,--,6:15:45 PM,1/26/2026,
43,0.0,gf,0.060,mm,OK,--,6:15:45 PM,1/26/2026,
44,0.0,gf,0.065,mm,OK,--,6:15:45 PM,1/26/2026,
45,0.0,gf,0.065,mm,OK,--,6:15:45 PM,1/26/2026,
46,-0.1,gf,0.065,mm,OK,--,6:15:45 PM,1/26/2026,
47,0.1,gf,0.070,mm,OK,--,6:15:45 PM,1/26/2026,
48,0.0,gf,0.070,mm,OK,--,6:15:45 PM,1/26/2026,
49,0.0,gf,0.075,mm,OK,--,6:15:45 PM,1/26/2026,
50,0.0,gf,0.075,mm,OK,--,6:15:45 PM,1/26/2026,
51,0.0,gf,0.080,mm,OK,--,6:15:46 PM,1/26/2026,
52,0.0,gf,0.080,mm,OK,--,6:15:46 PM,1/26/2026,
53,0.0,gf,0.080,mm,OK,--,6:15:46 PM,1/26/2026,
54,0.0,gf,0.085,mm,OK,--,6:15:46 PM,1/26/2026,
55,0.0,gf,0.085,mm,OK,--,6:15:46 PM,1/26/2026,
56,0.0,gf,0.085,mm,OK,--,6:15:46 PM,1/26/2026,
57,0.0,gf,0.090,mm,OK,--,6:15:46 PM,1/26/2026,
58,0.0,gf,0.095,mm,OK,--,6:15:46 PM,1/26/2026,
59,0.0,gf,0.100,mm,OK,--,6:15:46 PM,1/26/2026,
60,0.0,gf,0.100,mm,OK,--,6:15:46 PM,1/26/2026,
61,0.0,gf,0.105,mm,OK,--,6:15:47 PM,1/26/2026,
62,0.0,gf,0.110,mm,OK,--,6:15:47 PM,1/26/2026,
63,0.9,gf,0.110,mm,OK,--,6:15:47 PM,1/26/2026,
64,4.0,gf,0.115,mm,OK,--,6:15:47 PM,1/26/2026,
65,7.7,gf,0.120,mm,OK,--,6:15:47 PM,1/26/2026,
66,10.0,gf,0.120,mm,OK,--,6:15:47 PM,1/26/2026,
67,11.4,gf,0.120,mm,OK,--,6:15:47 PM,1/26/2026,
68,13.0,gf,0.125,mm,OK,--,6:15:47 PM,1/26/2026,
69,14.7,gf,0.125,mm,OK,--,6:15:47 PM,1/26/2026,
70,15.5,gf,0.125,mm,OK,--,6:15:47 PM,1/26/2026,
71,16.5,gf,0.130,mm,OK,--,6:15:48 PM,1/26/2026,
72,18.8,gf,0.130,mm,OK,--,6:15:48 PM,1/26/2026,
73,21.3,gf,0.135,mm,OK,--,6:15:48 PM,1/26/2026,
74,22.5,gf,0.135,mm,OK,--,6:15:48 PM,1/26/2026,
75,23.8,gf,0.135,mm,OK,--,6:15:48 PM,1/26/2026,
76,25.4,gf,0.135,mm,OK,--,6:15:48 PM,1/26/2026,
77,26.8,gf,0.140,mm,OK,--,6:15:48 PM,1/26/2026,
78,28.3,gf,0.140,mm,OK,--,6:15:48 PM,1/26/2026,
79,30.3,gf,0.145,mm,OK,--,6:15:48 PM,1/26/2026,
80,31.5,gf,0.145,mm,OK,--,6:15:48 PM,1/26/2026,
81,32.5,gf,0.145,mm,OK,--,6:15:49 PM,1/26/2026,
82,33.5,gf,0.150,mm,OK,--,6:15:49 PM,1/26/2026,
83,33.3,gf,0.150,mm,OK,--,6:15:49 PM,1/26/2026,
84,33.0,gf,0.150,mm,OK,--,6:15:49 PM,1/26/2026,
85,33.0,gf,0.155,mm,OK,--,6:15:49 PM,1/26/2026,
86,33.0,gf,0.155,mm,OK,--,6:15:49 PM,1/26/2026,
87,32.9,gf,0.155,mm,OK,--,6:15:49 PM,1/26/2026,
88,33.0,gf,0.160,mm,OK,--,6:15:49 PM,1/26/2026,
89,33.0,gf,0.160,mm,OK,--,6:15:49 PM,1/26/2026,
90,33.2,gf,0.165,mm,OK,--,6:15:49 PM,1/26/2026,
91,33.1,gf,0.170,mm,OK,--,6:15:50 PM,1/26/2026,
92,33.5,gf,0.180,mm,OK,--,6:15:50 PM,1/26/2026,
93,33.5,gf,0.185,mm,OK,--,6:15:50 PM,1/26/2026,
94,33.5,gf,0.195,mm,OK,--,6:15:50 PM,1/26/2026,
95,33.5,gf,0.200,mm,OK,--,6:15:50 PM,1/26/2026,
96,33.5,gf,0.200,mm,OK,--,6:15:50 PM,1/26/2026,
97,33.5,gf,0.205,mm,OK,--,6:15:50 PM,1/26/2026,
98,33.3,gf,0.205,mm,OK,--,6:15:50 PM,1/26/2026,
99,33.4,gf,0.210,mm,OK,--,6:15:50 PM,1/26/2026,
100,33.6,gf,0.215,mm,OK,--,6:15:50 PM,1/26/2026,
101,33.3,gf,0.215,mm,OK,--,6:15:51 PM,1/26/2026,
102,33.3,gf,0.220,mm,OK,--,6:15:51 PM,1/26/2026,
103,33.3,gf,0.220,mm,OK,--,6:15:51 PM,1/26/2026,
104,33.3,gf,0.225,mm,OK,--,6:15:51 PM,1/26/2026,
105,33.2,gf,0.225,mm,OK,--,6:15:51 PM,1/26/2026,
106,33.3,gf,0.230,mm,OK,--,6:15:51 PM,1/26/2026,
107,33.5,gf,0.235,mm,OK,--,6:15:51 PM,1/26/2026,
108,33.6,gf,0.240,mm,OK,--,6:15:51 PM,1/26/2026,
109,33.6,gf,0.245,mm,OK,--,6:15:51 PM,1/26/2026,
110,33.5,gf,0.250,mm,OK,--,6:15:51 PM,1/26/2026,
111,33.5,gf,0.255,mm,OK,--,6:15:52 PM,1/26/2026,
112,33.5,gf,0.260,mm,OK,--,6:15:52 PM,1/26/2026,
113,33.7,gf,0.270,mm,OK,--,6:15:52 PM,1/26/2026,
114,33.6,gf,0.275,mm,OK,--,6:15:52 PM,1/26/2026,
115,33.7,gf,0.280,mm,OK,--,6:15:52 PM,1/26/2026,
116,33.7,gf,0.285,mm,OK,--,6:15:52 PM,1/26/2026,
117,33.7,gf,0.290,mm,OK,--,6:15:52 PM,1/26/2026,
118,33.6,gf,0.295,mm,OK,--,6:15:52 PM,1/26/2026,
119,33.6,gf,0.300,mm,OK,--,6:15:52 PM,1/26/2026,
120,33.8,gf,0.310,mm,OK,--,6:15:52 PM,1/26/2026,
121,33.8,gf,0.315,mm,OK,--,6:15:53 PM,1/26/2026,
122,33.6,gf,0.320,mm,OK,--,6:15:53 PM,1/26/2026,
123,33.8,gf,0.325,mm,OK,--,6:15:53 PM,1/26/2026,
124,33.8,gf,0.330,mm,OK,--,6:15:53 PM,1/26/2026,
125,33.9,gf,0.335,mm,OK,--,6:15:53 PM,1/26/2026,
126,33.8,gf,0.345,mm,OK,--,6:15:53 PM,1/26/2026,
127,33.7,gf,0.350,mm,OK,--,6:15:53 PM,1/26/2026,
128,33.6,gf,0.350,mm,OK,--,6:15:53 PM,1/26/2026,
129,33.7,gf,0.355,mm,OK,--,6:15:53 PM,1/26/2026,
130,33.8,gf,0.360,mm,OK,--,6:15:53 PM,1/26/2026,
131,33.8,gf,0.360,mm,OK,--,6:15:54 PM,1/26/2026,
132,33.8,gf,0.365,mm,OK,--,6:15:54 PM,1/26/2026,
133,33.8,gf,0.370,mm,OK,--,6:15:54 PM,1/26/2026,
134,33.8,gf,0.370,mm,OK,--,6:15:54 PM,1/26/2026,
135,33.9,gf,0.375,mm,OK,--,6:15:54 PM,1/26/2026,
136,33.9,gf,0.380,mm,OK,--,6:15:54 PM,1/26/2026,
137,34.0,gf,0.380,mm,OK,--,6:15:54 PM,1/26/2026,
138,34.2,gf,0.390,mm,OK,--,6:15:54 PM,1/26/2026,
139,34.1,gf,0.395,mm,OK,--,6:15:54 PM,1/26/2026,
140,34.2,gf,0.400,mm,OK,--,6:15:54 PM,1/26/2026,
141,34.2,gf,0.405,mm,OK,--,6:15:55 PM,1/26/2026,
142,34.2,gf,0.410,mm,OK,--,6:15:55 PM,1/26/2026,
143,34.1,gf,0.415,mm,OK,--,6:15:55 PM,1/26/2026,
144,34.0,gf,0.420,mm,OK,--,6:15:55 PM,1/26/2026,
145,34.1,gf,0.425,mm,OK,--,6:15:55 PM,1/26/2026,
146,34.2,gf,0.425,mm,OK,--,6:15:55 PM,1/26/2026,
147,34.2,gf,0.430,mm,OK,--,6:15:55 PM,1/26/2026,
148,34.3,gf,0.435,mm,OK,--,6:15:55 PM,1/26/2026,
149,34.3,gf,0.440,mm,OK,--,6:15:55 PM,1/26/2026,
150,34.2,gf,0.445,mm,OK,--,6:15:55 PM,1/26/2026,
151,34.1,gf,0.445,mm,OK,--,6:15:56 PM,1/26/2026,
152,34.2,gf,0.450,mm,OK,--,6:15:56 PM,1/26/2026,
153,34.2,gf,0.455,mm,OK,--,6:15:56 PM,1/26/2026,
154,34.3,gf,0.455,mm,OK,--,6:15:56 PM,1/26/2026,
155,34.3,gf,0.460,mm,OK,--,6:15:56 PM,1/26/2026,
156,34.2,gf,0.465,mm,OK,--,6:15:56 PM,1/26/2026,
157,34.2,gf,0.470,mm,OK,--,6:15:56 PM,1/26/2026,
158,34.3,gf,0.475,mm,OK,--,6:15:56 PM,1/26/2026,
159,34.3,gf,0.480,mm,OK,--,6:15:56 PM,1/26/2026,
160,34.2,gf,0.480,mm,OK,--,6:15:56 PM,1/26/2026,
161,34.3,gf,0.485,mm,OK,--,6:15:57 PM,1/26/2026,
162,34.3,gf,0.490,mm,OK,--,6:15:57 PM,1/26/2026,
163,34.3,gf,0.495,mm,OK,--,6:15:57 PM,1/26/2026,
164,34.4,gf,0.500,mm,OK,--,6:15:57 PM,1/26/2026,
165,34.3,gf,0.505,mm,OK,--,6:15:57 PM,1/26/2026,
166,34.3,gf,0.510,mm,OK,--,6:15:57 PM,1/26/2026,
167,34.2,gf,0.515,mm,OK,--,6:15:57 PM,1/26/2026,
168,34.3,gf,0.515,mm,OK,--,6:15:57 PM,1/26/2026,
169,34.3,gf,0.520,mm,OK,--,6:15:57 PM,1/26/2026,
170,34.4,gf,0.525,mm,OK,--,6:15:57 PM,1/26/2026,
171,34.3,gf,0.535,mm,OK,--,6:15:58 PM,1/26/2026,
172,34.3,gf,0.540,mm,OK,--,6:15:58 PM,1/26/2026,
173,34.4,gf,0.540,mm,OK,--,6:15:58 PM,1/26/2026,
174,34.6,gf,0.550,mm,OK,--,6:15:58 PM,1/26/2026,
175,34.6,gf,0.555,mm,OK,--,6:15:58 PM,1/26/2026,
176,34.6,gf,0.565,mm,OK,--,6:15:58 PM,1/26/2026,
177,34.8,gf,0.570,mm,OK,--,6:15:58 PM,1/26/2026,
178,34.7,gf,0.585,mm,OK,--,6:15:58 PM,1/26/2026,
179,34.7,gf,0.590,mm,OK,--,6:15:58 PM,1/26/2026,
180,34.7,gf,0.600,mm,OK,--,6:15:58 PM,1/26/2026,
181,34.5,gf,0.605,mm,OK,--,6:15:59 PM,1/26/2026,
182,34.5,gf,0.610,mm,OK,--,6:15:59 PM,1/26/2026,
183,34.4,gf,0.615,mm,OK,--,6:15:59 PM,1/26/2026,
184,34.4,gf,0.615,mm,OK,--,6:15:59 PM,1/26/2026,
185,34.3,gf,0.620,mm,OK,--,6:15:59 PM,1/26/2026,
186,34.4,gf,0.620,mm,OK,--,6:15:59 PM,1/26/2026,
187,34.5,gf,0.625,mm,OK,--,6:15:59 PM,1/26/2026,
188,34.5,gf,0.630,mm,OK,--,6:15:59 PM,1/26/2026,
189,34.6,gf,0.630,mm,OK,--,6:15:59 PM,1/26/2026,
190,34.7,gf,0.635,mm,OK,--,6:15:59 PM,1/26/2026,
191,34.6,gf,0.640,mm,OK,--,6:16:00 PM,1/26/2026,
192,34.5,gf,0.645,mm,OK,--,6:16:00 PM,1/26/2026,
193,34.6,gf,0.645,mm,OK,--,6:16:00 PM,1/26/2026,
194,34.8,gf,0.650,mm,OK,--,6:16:00 PM,1/26/2026,
195,34.8,gf,0.655,mm,OK,--,6:16:00 PM,1/26/2026,
196,34.7,gf,0.660,mm,OK,--,6:16:00 PM,1/26/2026,
197,34.7,gf,0.660,mm,OK,--,6:16:00 PM,1/26/2026,
198,34.7,gf,0.665,mm,OK,--,6:16:00 PM,1/26/2026,
199,34.9,gf,0.670,mm,OK,--,6:16:00 PM,1/26/2026,
200,34.9,gf,0.675,mm,OK,--,6:16:00 PM,1/26/2026,
201,34.9,gf,0.680,mm,OK,--,6:16:01 PM,1/26/2026,
202,34.8,gf,0.680,mm,OK,--,6:16:01 PM,1/26/2026,
203,34.8,gf,0.685,mm,OK,--,6:16:01 PM,1/26/2026,
204,34.9,gf,0.690,mm,OK,--,6:16:01 PM,1/26/2026,
205,34.9,gf,0.695,mm,OK,--,6:16:01 PM,1/26/2026,
206,34.9,gf,0.695,mm,OK,--,6:16:01 PM,1/26/2026,
207,34.8,gf,0.700,mm,OK,--,6:16:01 PM,1/26/2026,
208,34.9,gf,0.700,mm,OK,--,6:16:01 PM,1/26/2026,
209,34.9,gf,0.705,mm,OK,--,6:16:01 PM,1/26/2026,
210,34.9,gf,0.705,mm,OK,--,6:16:01 PM,1/26/2026,
211,34.9,gf,0.710,mm,OK,--,6:16:02 PM,1/26/2026,
212,34.9,gf,0.710,mm,OK,--,6:16:02 PM,1/26/2026,
213,34.8,gf,0.715,mm,OK,--,6:16:02 PM,1/26/2026,
214,34.9,gf,0.715,mm,OK,--,6:16:02 PM,1/26/2026,
215,35.0,gf,0.720,mm,OK,--,6:16:02 PM,1/26/2026,
216,34.9,gf,0.720,mm,OK,--,6:16:02 PM,1/26/2026,
217,34.9,gf,0.725,mm,OK,--,6:16:02 PM,1/26/2026,
218,34.8,gf,0.725,mm,OK,--,6:16:02 PM,1/26/2026,
219,34.8,gf,0.730,mm,OK,--,6:16:02 PM,1/26/2026,
220,35.1,gf,0.735,mm,OK,--,6:16:02 PM,1/26/2026,
221,35.2,gf,0.740,mm,OK,--,6:16:03 PM,1/26/2026,
222,35.1,gf,0.745,mm,OK,--,6:16:03 PM,1/26/2026,
223,35.0,gf,0.750,mm,OK,--,6:16:03 PM,1/26/2026,
224,35.3,gf,0.750,mm,OK,--,6:16:03 PM,1/26/2026,
225,35.4,gf,0.760,mm,OK,--,6:16:03 PM,1/26/2026,
226,35.5,gf,0.770,mm,OK,--,6:16:03 PM,1/26/2026,
227,35.7,gf,0.780,mm,OK,--,6:16:03 PM,1/26/2026,
228,35.6,gf,0.790,mm,OK,--,6:16:03 PM,1/26/2026,
229,35.7,gf,0.795,mm,OK,--,6:16:03 PM,1/26/2026,
230,35.7,gf,0.805,mm,OK,--,6:16:03 PM,1/26/2026,
231,35.9,gf,0.815,mm,OK,--,6:16:04 PM,1/26/2026,
232,35.7,gf,0.830,mm,OK,--,6:16:04 PM,1/26/2026,
233,35.5,gf,0.835,mm,OK,--,6:16:04 PM,1/26/2026,
234,35.6,gf,0.840,mm,OK,--,6:16:04 PM,1/26/2026,
235,35.3,gf,0.840,mm,OK,--,6:16:04 PM,1/26/2026,
236,35.3,gf,0.840,mm,OK,--,6:16:04 PM,1/26/2026,
237,35.3,gf,0.845,mm,OK,--,6:16:04 PM,1/26/2026,
238,35.5,gf,0.845,mm,OK,--,6:16:04 PM,1/26/2026,
239,35.7,gf,0.850,mm,OK,--,6:16:04 PM,1/26/2026,
240,35.4,gf,0.850,mm,OK,--,6:16:04 PM,1/26/2026,
241,35.8,gf,0.855,mm,OK,--,6:16:05 PM,1/26/2026,
242,35.5,gf,0.860,mm,OK,--,6:16:05 PM,1/26/2026,
243,35.5,gf,0.860,mm,OK,--,6:16:05 PM,1/26/2026,
244,35.7,gf,0.865,mm,OK,--,6:16:05 PM,1/26/2026,
245,35.8,gf,0.870,mm,OK,--,6:16:05 PM,1/26/2026,
246,35.7,gf,0.875,mm,OK,--,6:16:05 PM,1/26/2026,
247,35.6,gf,0.875,mm,OK,--,6:16:05 PM,1/26/2026,
248,35.8,gf,0.880,mm,OK,--,6:16:05 PM,1/26/2026,
249,35.8,gf,0.885,mm,OK,--,6:16:05 PM,1/26/2026,
250,35.9,gf,0.890,mm,OK,--,6:16:05 PM,1/26/2026,
251,35.8,gf,0.900,mm,OK,--,6:16:06 PM,1/26/2026,
252,35.8,gf,0.900,mm,OK,--,6:16:06 PM,1/26/2026,
253,35.8,gf,0.905,mm,OK,--,6:16:06 PM,1/26/2026,
254,35.8,gf,0.910,mm,OK,--,6:16:06 PM,1/26/2026,
255,35.8,gf,0.915,mm,OK,--,6:16:06 PM,1/26/2026,
256,35.6,gf,0.920,mm,OK,--,6:16:06 PM,1/26/2026,
257,35.6,gf,0.925,mm,OK,--,6:16:06 PM,1/26/2026,
258,35.7,gf,0.925,mm,OK,--,6:16:06 PM,1/26/2026,
259,35.7,gf,0.930,mm,OK,--,6:16:06 PM,1/26/2026,
260,35.6,gf,0.935,mm,OK,--,6:16:06 PM,1/26/2026,
261,35.6,gf,0.935,mm,OK,--,6:16:07 PM,1/26/2026,
262,35.7,gf,0.940,mm,OK,--,6:16:07 PM,1/26/2026,
263,35.7,gf,0.940,mm,OK,--,6:16:07 PM,1/26/2026,
264,35.7,gf,0.940,mm,OK,--,6:16:07 PM,1/26/2026,
265,35.6,gf,0.945,mm,OK,--,6:16:07 PM,1/26/2026,
266,35.7,gf,0.945,mm,OK,--,6:16:07 PM,1/26/2026,
267,35.9,gf,0.950,mm,OK,--,6:16:07 PM,1/26/2026,
268,35.9,gf,0.950,mm,OK,--,6:16:07 PM,1/26/2026,
269,36.0,gf,0.955,mm,OK,--,6:16:07 PM,1/26/2026,
270,35.9,gf,0.960,mm,OK,--,6:16:07 PM,1/26/2026,
271,35.8,gf,0.965,mm,OK,--,6:16:08 PM,1/26/2026,
272,35.9,gf,0.965,mm,OK,--,6:16:08 PM,1/26/2026,
273,35.9,gf,0.970,mm,OK,--,6:16:08 PM,1/26/2026,
274,35.9,gf,0.970,mm,OK,--,6:16:08 PM,1/26/2026,
275,35.9,gf,0.975,mm,OK,--,6:16:08 PM,1/26/2026,
276,35.9,gf,0.975,mm,OK,--,6:16:08 PM,1/26/2026,
277,35.8,gf,0.975,mm,OK,--,6:16:08 PM,1/26/2026,
278,36.0,gf,0.980,mm,OK,--,6:16:08 PM,1/26/2026,
279,36.2,gf,0.980,mm,OK,--,6:16:08 PM,1/26/2026,
280,36.2,gf,0.985,mm,OK,--,6:16:08 PM,1/26/2026,
281,36.2,gf,0.985,mm,OK,--,6:16:09 PM,1/26/2026,
282,36.1,gf,0.990,mm,OK,--,6:16:09 PM,1/26/2026,
283,36.0,gf,0.990,mm,OK,--,6:16:09 PM,1/26/2026,
284,36.0,gf,0.995,mm,OK,--,6:16:09 PM,1/26/2026,
285,36.1,gf,0.995,mm,OK,--,6:16:09 PM,1/26/2026,
286,36.1,gf,1.000,mm,OK,--,6:16:09 PM,1/26/2026,
287,36.2,gf,1.000,mm,OK,--,6:16:09 PM,1/26/2026,
288,36.2,gf,1.005,mm,OK,--,6:16:09 PM,1/26/2026,
289,36.1,gf,1.010,mm,OK,--,6:16:09 PM,1/26/2026,
290,36.2,gf,1.010,mm,OK,--,6:16:09 PM,1/26/2026,
291,36.2,gf,1.015,mm,OK,--,6:16:10 PM,1/26/2026,
292,36.2,gf,1.020,mm,OK,--,6:16:10 PM,1/26/2026,
293,36.1,gf,1.020,mm,OK,--,6:16:10 PM,1/26/2026,
294,36.1,gf,1.025,mm,OK,--,6:16:10 PM,1/26/2026,
295,36.1,gf,1.030,mm,OK,--,6:16:10 PM,1/26/2026,
296,36.2,gf,1.035,mm,OK,--,6:16:10 PM,1/26/2026,
297,36.2,gf,1.040,mm,OK,--,6:16:10 PM,1/26/2026,
298,36.1,gf,1.040,mm,OK,--,6:16:10 PM,1/26/2026,
299,36.2,gf,1.045,mm,OK,--,6:16:10 PM,1/26/2026,
300,36.1,gf,1.050,mm,OK,--,6:16:10 PM,1/26/2026,
301,36.1,gf,1.055,mm,OK,--,6:16:11 PM,1/26/2026,
302,36.1,gf,1.060,mm,OK,--,6:16:11 PM,1/26/2026,
303,36.2,gf,1.065,mm,OK,--,6:16:11 PM,1/26/2026,
304,36.2,gf,1.070,mm,OK,--,6:16:11 PM,1/26/2026,
305,36.2,gf,1.075,mm,OK,--,6:16:11 PM,1/26/2026,
306,36.2,gf,1.080,mm,OK,--,6:16:11 PM,1/26/2026,
307,36.2,gf,1.085,mm,OK,--,6:16:11 PM,1/26/2026,
308,36.2,gf,1.090,mm,OK,--,6:16:11 PM,1/26/2026,
309,36.3,gf,1.095,mm,OK,--,6:16:11 PM,1/26/2026,
310,36.3,gf,1.100,mm,OK,--,6:16:11 PM,1/26/2026,
311,36.4,gf,1.105,mm,OK,--,6:16:12 PM,1/26/2026,
312,36.4,gf,1.110,mm,OK,--,6:16:12 PM,1/26/2026,
313,36.5,gf,1.115,mm,OK,--,6:16:12 PM,1/26/2026,
314,36.5,gf,1.120,mm,OK,--,6:16:12 PM,1/26/2026,
315,36.4,gf,1.125,mm,OK,--,6:16:12 PM,1/26/2026,
316,36.4,gf,1.130,mm,OK,--,6:16:12 PM,1/26/2026,
317,36.4,gf,1.140,mm,OK,--,6:16:12 PM,1/26/2026,
318,36.4,gf,1.140,mm,OK,--,6:16:12 PM,1/26/2026,
319,36.3,gf,1.145,mm,OK,--,6:16:12 PM,1/26/2026,
320,36.4,gf,1.150,mm,OK,--,6:16:12 PM,1/26/2026,
321,36.5,gf,1.155,mm,OK,--,6:16:13 PM,1/26/2026,
322,36.4,gf,1.165,mm,OK,--,6:16:13 PM,1/26/2026,
323,36.5,gf,1.165,mm,OK,--,6:16:13 PM,1/26/2026,
324,36.5,gf,1.170,mm,OK,--,6:16:13 PM,1/26/2026,
325,36.6,gf,1.175,mm,OK,--,6:16:13 PM,1/26/2026,
326,36.5,gf,1.180,mm,OK,--,6:16:13 PM,1/26/2026,
327,36.4,gf,1.185,mm,OK,--,6:16:13 PM,1/26/2026,
328,36.5,gf,1.185,mm,OK,--,6:16:13 PM,1/26/2026,
329,36.5,gf,1.190,mm,OK,--,6:16:13 PM,1/26/2026,
330,36.4,gf,1.190,mm,OK,--,6:16:13 PM,1/26/2026,
331,36.4,gf,1.195,mm,OK,--,6:16:14 PM,1/26/2026,
332,36.4,gf,1.200,mm,OK,--,6:16:14 PM,1/26/2026,
333,36.6,gf,1.200,mm,OK,--,6:16:14 PM,1/26/2026,
334,36.7,gf,1.205,mm,OK,--,6:16:14 PM,1/26/2026,
335,36.6,gf,1.215,mm,OK,--,6:16:14 PM,1/26/2026,
336,36.8,gf,1.220,mm,OK,--,6:16:14 PM,1/26/2026,
337,36.7,gf,1.225,mm,OK,--,6:16:14 PM,1/26/2026,
338,36.6,gf,1.230,mm,OK,--,6:16:14 PM,1/26/2026,
339,36.6,gf,1.235,mm,OK,--,6:16:14 PM,1/26/2026,
340,36.5,gf,1.240,mm,OK,--,6:16:14 PM,1/26/2026,
341,36.3,gf,1.240,mm,OK,--,6:16:15 PM,1/26/2026,
342,36.5,gf,1.240,mm,OK,--,6:16:15 PM,1/26/2026,
343,36.3,gf,1.245,mm,OK,--,6:16:15 PM,1/26/2026,
344,36.0,gf,1.245,mm,OK,--,6:16:15 PM,1/26/2026,
345,36.2,gf,1.245,mm,OK,--,6:16:15 PM,1/26/2026,
346,36.3,gf,1.245,mm,OK,--,6:16:15 PM,1/26/2026,
347,36.3,gf,1.245,mm,OK,--,6:16:15 PM,1/26/2026,
348,36.4,gf,1.250,mm,OK,--,6:16:15 PM,1/26/2026,
349,36.4,gf,1.250,mm,OK,--,6:16:15 PM,1/26/2026,
350,36.4,gf,1.250,mm,OK,--,6:16:15 PM,1/26/2026,
351,36.3,gf,1.255,mm,OK,--,6:16:16 PM,1/26/2026,
352,36.3,gf,1.255,mm,OK,--,6:16:16 PM,1/26/2026,
353,36.4,gf,1.255,mm,OK,--,6:16:16 PM,1/26/2026,
354,36.3,gf,1.260,mm,OK,--,6:16:16 PM,1/26/2026,
355,36.2,gf,1.260,mm,OK,--,6:16:16 PM,1/26/2026,
356,36.3,gf,1.260,mm,OK,--,6:16:16 PM,1/26/2026,
357,36.3,gf,1.260,mm,OK,--,6:16:16 PM,1/26/2026,
358,36.3,gf,1.265,mm,OK,--,6:16:16 PM,1/26/2026,
359,36.4,gf,1.265,mm,OK,--,6:16:16 PM,1/26/2026,
360,36.5,gf,1.265,mm,OK,--,6:16:16 PM,1/26/2026,
361,36.6,gf,1.270,mm,OK,--,6:16:17 PM,1/26/2026,
362,36.6,gf,1.275,mm,OK,--,6:16:17 PM,1/26/2026,
363,36.5,gf,1.280,mm,OK,--,6:16:17 PM,1/26/2026,
364,36.5,gf,1.280,mm,OK,--,6:16:17 PM,1/26/2026,
365,36.5,gf,1.285,mm,OK,--,6:16:17 PM,1/26/2026,
366,36.6,gf,1.285,mm,OK,--,6:16:17 PM,1/26/2026,
367,36.7,gf,1.290,mm,OK,--,6:16:17 PM,1/26/2026,
368,36.8,gf,1.295,mm,OK,--,6:16:17 PM,1/26/2026,
369,36.8,gf,1.300,mm,OK,--,6:16:17 PM,1/26/2026,
370,36.7,gf,1.305,mm,OK,--,6:16:17 PM,1/26/2026,
371,37.0,gf,1.305,mm,OK,--,6:16:18 PM,1/26/2026,
372,36.9,gf,1.315,mm,OK,--,6:16:18 PM,1/26/2026,
373,37.0,gf,1.320,mm,OK,--,6:16:18 PM,1/26/2026,
374,37.1,gf,1.330,mm,OK,--,6:16:18 PM,1/26/2026,
375,37.2,gf,1.335,mm,OK,--,6:16:18 PM,1/26/2026,
376,37.3,gf,1.345,mm,OK,--,6:16:18 PM,1/26/2026,
377,37.3,gf,1.360,mm,OK,--,6:16:18 PM,1/26/2026,
378,37.3,gf,1.370,mm,OK,--,6:16:18 PM,1/26/2026,
379,37.3,gf,1.375,mm,OK,--,6:16:18 PM,1/26/2026,
380,37.3,gf,1.385,mm,OK,--,6:16:18 PM,1/26/2026,
381,37.3,gf,1.395,mm,OK,--,6:16:19 PM,1/26/2026,
382,37.3,gf,1.400,mm,OK,--,6:16:19 PM,1/26/2026,
383,37.4,gf,1.410,mm,OK,--,6:16:19 PM,1/26/2026,
384,37.3,gf,1.415,mm,OK,--,6:16:19 PM,1/26/2026,
385,37.3,gf,1.420,mm,OK,--,6:16:19 PM,1/26/2026,
386,37.4,gf,1.425,mm,OK,--,6:16:19 PM,1/26/2026,
387,37.3,gf,1.430,mm,OK,--,6:16:19 PM,1/26/2026,
388,37.4,gf,1.440,mm,OK,--,6:16:19 PM,1/26/2026,
389,37.4,gf,1.440,mm,OK,--,6:16:19 PM,1/26/2026,
390,37.4,gf,1.445,mm,OK,--,6:16:19 PM,1/26/2026,
391,37.4,gf,1.450,mm,OK,--,6:16:20 PM,1/26/2026,
392,37.4,gf,1.455,mm,OK,--,6:16:20 PM,1/26/2026,
393,37.3,gf,1.460,mm,OK,--,6:16:20 PM,1/26/2026,
394,37.3,gf,1.460,mm,OK,--,6:16:20 PM,1/26/2026,
395,37.2,gf,1.465,mm,OK,--,6:16:20 PM,1/26/2026,
396,37.3,gf,1.470,mm,OK,--,6:16:20 PM,1/26/2026,
397,37.2,gf,1.475,mm,OK,--,6:16:20 PM,1/26/2026,
398,37.2,gf,1.475,mm,OK,--,6:16:20 PM,1/26/2026,
399,37.2,gf,1.480,mm,OK,--,6:16:20 PM,1/26/2026,
400,37.2,gf,1.485,mm,OK,--,6:16:20 PM,1/26/2026,
401,37.3,gf,1.485,mm,OK,--,6:16:21 PM,1/26/2026,
402,37.3,gf,1.490,mm,OK,--,6:16:21 PM,1/26/2026,
403,37.3,gf,1.495,mm,OK,--,6:16:21 PM,1/26/2026,
404,37.4,gf,1.495,mm,OK,--,6:16:21 PM,1/26/2026,
405,37.4,gf,1.500,mm,OK,--,6:16:21 PM,1/26/2026,
406,37.4,gf,1.500,mm,OK,--,6:16:21 PM,1/26/2026,
407,37.5,gf,1.505,mm,OK,--,6:16:21 PM,1/26/2026,
408,37.6,gf,1.505,mm,OK,--,6:16:21 PM,1/26/2026,
409,37.6,gf,1.510,mm,OK,--,6:16:21 PM,1/26/2026,
410,37.6,gf,1.515,mm,OK,--,6:16:21 PM,1/26/2026,
411,37.6,gf,1.520,mm,OK,--,6:16:22 PM,1/26/2026,
412,37.7,gf,1.520,mm,OK,--,6:16:22 PM,1/26/2026,
413,37.7,gf,1.525,mm,OK,--,6:16:22 PM,1/26/2026,
414,37.7,gf,1.530,mm,OK,--,6:16:22 PM,1/26/2026,
415,37.7,gf,1.530,mm,OK,--,6:16:22 PM,1/26/2026,
416,37.7,gf,1.535,mm,OK,--,6:16:22 PM,1/26/2026,
417,37.8,gf,1.540,mm,OK,--,6:16:22 PM,1/26/2026,
418,37.8,gf,1.545,mm,OK,--,6:16:22 PM,1/26/2026,
419,37.9,gf,1.550,mm,OK,--,6:16:22 PM,1/26/2026,
420,38.0,gf,1.555,mm,OK,--,6:16:22 PM,1/26/2026,
421,37.9,gf,1.560,mm,OK,--,6:16:23 PM,1/26/2026,
422,38.0,gf,1.565,mm,OK,--,6:16:23 PM,1/26/2026,
423,37.9,gf,1.570,mm,OK,--,6:16:23 PM,1/26/2026,
424,38.0,gf,1.570,mm,OK,--,6:16:23 PM,1/26/2026,
425,38.0,gf,1.575,mm,OK,--,6:16:23 PM,1/26/2026,
426,37.9,gf,1.580,mm,OK,--,6:16:23 PM,1/26/2026,
427,37.9,gf,1.580,mm,OK,--,6:16:23 PM,1/26/2026,
428,37.8,gf,1.585,mm,OK,--,6:16:23 PM,1/26/2026,
429,37.8,gf,1.590,mm,OK,--,6:16:23 PM,1/26/2026,
430,37.9,gf,1.590,mm,OK,--,6:16:23 PM,1/26/2026,
431,37.8,gf,1.595,mm,OK,--,6:16:24 PM,1/26/2026,
432,37.8,gf,1.595,mm,OK,--,6:16:24 PM,1/26/2026,
433,37.8,gf,1.595,mm,OK,--,6:16:24 PM,1/26/2026,
434,37.8,gf,1.600,mm,OK,--,6:16:24 PM,1/26/2026,
435,37.8,gf,1.600,mm,OK,--,6:16:24 PM,1/26/2026,
436,37.9,gf,1.605,mm,OK,--,6:16:24 PM,1/26/2026,
437,37.9,gf,1.605,mm,OK,--,6:16:24 PM,1/26/2026,
438,37.9,gf,1.610,mm,OK,--,6:16:24 PM,1/26/2026,
439,37.9,gf,1.615,mm,OK,--,6:16:24 PM,1/26/2026,
440,38.0,gf,1.615,mm,OK,--,6:16:24 PM,1/26/2026,
441,37.9,gf,1.620,mm,OK,--,6:16:25 PM,1/26/2026,
442,38.0,gf,1.625,mm,OK,--,6:16:25 PM,1/26/2026,
443,38.0,gf,1.630,mm,OK,--,6:16:25 PM,1/26/2026,
444,38.0,gf,1.635,mm,OK,--,6:16:25 PM,1/26/2026,
445,37.9,gf,1.640,mm,OK,--,6:16:25 PM,1/26/2026,
446,38.0,gf,1.640,mm,OK,--,6:16:25 PM,1/26/2026,
447,38.1,gf,1.645,mm,OK,--,6:16:25 PM,1/26/2026,
448,38.1,gf,1.650,mm,OK,--,6:16:25 PM,1/26/2026,
449,38.1,gf,1.655,mm,OK,--,6:16:25 PM,1/26/2026,
450,38.2,gf,1.660,mm,OK,--,6:16:25 PM,1/26/2026,
451,38.2,gf,1.660,mm,OK,--,6:16:26 PM,1/26/2026,
452,38.2,gf,1.665,mm,OK,--,6:16:26 PM,1/26/2026,
453,38.0,gf,1.670,mm,OK,--,6:16:26 PM,1/26/2026,
454,38.1,gf,1.670,mm,OK,--,6:16:26 PM,1/26/2026,
455,38.0,gf,1.670,mm,OK,--,6:16:26 PM,1/26/2026,
456,38.0,gf,1.675,mm,OK,--,6:16:26 PM,1/26/2026,
457,38.0,gf,1.675,mm,OK,--,6:16:26 PM,1/26/2026,
458,38.0,gf,1.675,mm,OK,--,6:16:26 PM,1/26/2026,
459,38.1,gf,1.675,mm,OK,--,6:16:26 PM,1/26/2026,
460,38.3,gf,1.680,mm,OK,--,6:16:26 PM,1/26/2026,
461,38.3,gf,1.685,mm,OK,--,6:16:27 PM,1/26/2026,
462,38.3,gf,1.685,mm,OK,--,6:16:27 PM,1/26/2026,
463,38.3,gf,1.690,mm,OK,--,6:16:27 PM,1/26/2026,
464,38.3,gf,1.695,mm,OK,--,6:16:27 PM,1/26/2026,
465,38.3,gf,1.700,mm,OK,--,6:16:27 PM,1/26/2026,
466,38.3,gf,1.700,mm,OK,--,6:16:27 PM,1/26/2026,
467,38.3,gf,1.705,mm,OK,--,6:16:27 PM,1/26/2026,
468,38.2,gf,1.710,mm,OK,--,6:16:27 PM,1/26/2026,
469,38.2,gf,1.710,mm,OK,--,6:16:27 PM,1/26/2026,
470,38.2,gf,1.710,mm,OK,--,6:16:27 PM,1/26/2026,
471,38.2,gf,1.715,mm,OK,--,6:16:28 PM,1/26/2026,
472,38.3,gf,1.715,mm,OK,--,6:16:28 PM,1/26/2026,
473,38.4,gf,1.720,mm,OK,--,6:16:28 PM,1/26/2026,
474,38.5,gf,1.720,mm,OK,--,6:16:28 PM,1/26/2026,
475,38.5,gf,1.725,mm,OK,--,6:16:28 PM,1/26/2026,
476,38.3,gf,1.730,mm,OK,--,6:16:28 PM,1/26/2026,
477,38.3,gf,1.730,mm,OK,--,6:16:28 PM,1/26/2026,
478,38.3,gf,1.735,mm,OK,--,6:16:28 PM,1/26/2026,
479,38.2,gf,1.735,mm,OK,--,6:16:28 PM,1/26/2026,
480,38.4,gf,1.735,mm,OK,--,6:16:28 PM,1/26/2026,
481,38.4,gf,1.740,mm,OK,--,6:16:29 PM,1/26/2026,
482,38.5,gf,1.740,mm,OK,--,6:16:29 PM,1/26/2026,
483,38.7,gf,1.745,mm,OK,--,6:16:29 PM,1/26/2026,
484,38.6,gf,1.750,mm,OK,--,6:16:29 PM,1/26/2026,
485,38.7,gf,1.755,mm,OK,--,6:16:29 PM,1/26/2026,
486,38.7,gf,1.760,mm,OK,--,6:16:29 PM,1/26/2026,
487,38.7,gf,1.765,mm,OK,--,6:16:29 PM,1/26/2026,
488,38.8,gf,1.770,mm,OK,--,6:16:29 PM,1/26/2026,
489,38.8,gf,1.780,mm,OK,--,6:16:29 PM,1/26/2026,
490,38.8,gf,1.785,mm,OK,--,6:16:29 PM,1/26/2026,
491,38.8,gf,1.790,mm,OK,--,6:16:30 PM,1/26/2026,
492,38.9,gf,1.795,mm,OK,--,6:16:30 PM,1/26/2026,
493,39.1,gf,1.805,mm,OK,--,6:16:30 PM,1/26/2026,
494,39.0,gf,1.815,mm,OK,--,6:16:30 PM,1/26/2026,
495,38.8,gf,1.820,mm,OK,--,6:16:30 PM,1/26/2026,
496,39.0,gf,1.825,mm,OK,--,6:16:30 PM,1/26/2026,
497,39.0,gf,1.830,mm,OK,--,6:16:30 PM,1/26/2026,
498,39.2,gf,1.840,mm,OK,--,6:16:30 PM,1/26/2026,
499,39.3,gf,1.850,mm,OK,--,6:16:30 PM,1/26/2026,
500,39.3,gf,1.865,mm,OK,--,6:16:30 PM,1/26/2026,
501,39.2,gf,1.880,mm,OK,--,6:16:31 PM,1/26/2026,
502,39.1,gf,1.885,mm,OK,--,6:16:31 PM,1/26/2026,
503,39.0,gf,1.890,mm,OK,--,6:16:31 PM,1/26/2026,
504,39.1,gf,1.895,mm,OK,--,6:16:31 PM,1/26/2026,
505,39.1,gf,1.905,mm,OK,--,6:16:31 PM,1/26/2026,
506,39.1,gf,1.905,mm,OK,--,6:16:31 PM,1/26/2026,
507,39.0,gf,1.910,mm,OK,--,6:16:31 PM,1/26/2026,
508,39.4,gf,1.915,mm,OK,--,6:16:31 PM,1/26/2026,
509,39.3,gf,1.925,mm,OK,--,6:16:31 PM,1/26/2026,
510,39.1,gf,1.930,mm,OK,--,6:16:31 PM,1/26/2026,
511,39.1,gf,1.935,mm,OK,--,6:16:32 PM,1/26/2026,
512,39.2,gf,1.940,mm,OK,--,6:16:32 PM,1/26/2026,
513,39.2,gf,1.940,mm,OK,--,6:16:32 PM,1/26/2026,
514,39.3,gf,1.945,mm,OK,--,6:16:32 PM,1/26/2026,
515,39.3,gf,1.950,mm,OK,--,6:16:32 PM,1/26/2026,
516,39.2,gf,1.955,mm,OK,--,6:16:32 PM,1/26/2026,
517,39.5,gf,1.960,mm,OK,--,6:16:32 PM,1/26/2026,
518,39.5,gf,1.970,mm,OK,--,6:16:32 PM,1/26/2026,
519,39.5,gf,1.975,mm,OK,--,6:16:32 PM,1/26/2026,
520,39.5,gf,1.985,mm,OK,--,6:16:32 PM,1/26/2026,
521,39.4,gf,1.990,mm,OK,--,6:16:33 PM,1/26/2026,
522,39.4,gf,2.000,mm,OK,--,6:16:33 PM,1/26/2026,
523,39.4,gf,2.005,mm,OK,--,6:16:33 PM,1/26/2026,
524,39.4,gf,2.010,mm,OK,--,6:16:33 PM,1/26/2026,
525,39.4,gf,2.015,mm,OK,--,6:16:33 PM,1/26/2026,
526,39.4,gf,2.020,mm,OK,--,6:16:33 PM,1/26/2026,
527,39.4,gf,2.025,mm,OK,--,6:16:33 PM,1/26/2026,
528,39.4,gf,2.030,mm,OK,--,6:16:33 PM,1/26/2026,
529,39.4,gf,2.030,mm,OK,--,6:16:33 PM,1/26/2026,
530,39.4,gf,2.035,mm,OK,--,6:16:33 PM,1/26/2026,
531,39.5,gf,2.040,mm,OK,--,6:16:34 PM,1/26/2026,
532,39.4,gf,2.045,mm,OK,--,6:16:34 PM,1/26/2026,
533,39.4,gf,2.050,mm,OK,--,6:16:34 PM,1/26/2026,
534,39.4,gf,2.055,mm,OK,--,6:16:34 PM,1/26/2026,
535,39.4,gf,2.055,mm,OK,--,6:16:34 PM,1/26/2026,
536,39.5,gf,2.060,mm,OK,--,6:16:34 PM,1/26/2026,
537,39.5,gf,2.065,mm,OK,--,6:16:34 PM,1/26/2026,
538,39.5,gf,2.065,mm,OK,--,6:16:34 PM,1/26/2026,
539,39.4,gf,2.070,mm,OK,--,6:16:34 PM,1/26/2026,
540,39.4,gf,2.075,mm,OK,--,6:16:34 PM,1/26/2026,
541,39.5,gf,2.080,mm,OK,--,6:16:35 PM,1/26/2026,
542,39.4,gf,2.080,mm,OK,--,6:16:35 PM,1/26/2026,
543,39.5,gf,2.085,mm,OK,--,6:16:35 PM,1/26/2026,
544,39.4,gf,2.085,mm,OK,--,6:16:35 PM,1/26/2026,
545,39.4,gf,2.090,mm,OK,--,6:16:35 PM,1/26/2026,
546,39.2,gf,2.090,mm,OK,--,6:16:35 PM,1/26/2026,
547,39.2,gf,2.090,mm,OK,--,6:16:35 PM,1/26/2026,
548,39.3,gf,2.095,mm,OK,--,6:16:35 PM,1/26/2026,
549,39.3,gf,2.095,mm,OK,--,6:16:35 PM,1/26/2026,
550,39.4,gf,2.095,mm,OK,--,6:16:35 PM,1/26/2026,
551,39.4,gf,2.100,mm,OK,--,6:16:36 PM,1/26/2026,
552,39.5,gf,2.100,mm,OK,--,6:16:36 PM,1/26/2026,
553,39.6,gf,2.105,mm,OK,--,6:16:36 PM,1/26/2026,
554,39.6,gf,2.110,mm,OK,--,6:16:36 PM,1/26/2026,
555,39.6,gf,2.115,mm,OK,--,6:16:36 PM,1/26/2026,
556,39.6,gf,2.115,mm,OK,--,6:16:36 PM,1/26/2026,
557,39.7,gf,2.120,mm,OK,--,6:16:36 PM,1/26/2026,
558,39.8,gf,2.125,mm,OK,--,6:16:36 PM,1/26/2026,
559,39.7,gf,2.130,mm,OK,--,6:16:36 PM,1/26/2026,
560,39.8,gf,2.135,mm,OK,--,6:16:36 PM,1/26/2026,
561,39.7,gf,2.140,mm,OK,--,6:16:37 PM,1/26/2026,
562,39.7,gf,2.145,mm,OK,--,6:16:37 PM,1/26/2026,
563,39.7,gf,2.150,mm,OK,--,6:16:37 PM,1/26/2026,
564,39.7,gf,2.155,mm,OK,--,6:16:37 PM,1/26/2026,
565,39.7,gf,2.155,mm,OK,--,6:16:37 PM,1/26/2026,
566,39.8,gf,2.160,mm,OK,--,6:16:37 PM,1/26/2026,
567,39.8,gf,2.165,mm,OK,--,6:16:37 PM,1/26/2026,
568,39.8,gf,2.165,mm,OK,--,6:16:37 PM,1/26/2026,
569,39.7,gf,2.170,mm,OK,--,6:16:37 PM,1/26/2026,
570,39.8,gf,2.170,mm,OK,--,6:16:37 PM,1/26/2026,
571,39.8,gf,2.170,mm,OK,--,6:16:38 PM,1/26/2026,
572,39.8,gf,2.175,mm,OK,--,6:16:38 PM,1/26/2026,
573,39.7,gf,2.175,mm,OK,--,6:16:38 PM,1/26/2026,
574,39.6,gf,2.175,mm,OK,--,6:16:38 PM,1/26/2026,
575,39.6,gf,2.175,mm,OK,--,6:16:38 PM,1/26/2026,
576,39.8,gf,2.175,mm,OK,--,6:16:38 PM,1/26/2026,
577,39.8,gf,2.180,mm,OK,--,6:16:38 PM,1/26/2026,
578,39.9,gf,2.180,mm,OK,--,6:16:38 PM,1/26/2026,
579,39.8,gf,2.180,mm,OK,--,6:16:38 PM,1/26/2026,
580,39.7,gf,2.185,mm,OK,--,6:16:38 PM,1/26/2026,
581,39.6,gf,2.185,mm,OK,--,6:16:39 PM,1/26/2026,
582,39.8,gf,2.185,mm,OK,--,6:16:39 PM,1/26/2026,
583,39.7,gf,2.185,mm,OK,--,6:16:39 PM,1/26/2026,
584,39.8,gf,2.185,mm,OK,--,6:16:39 PM,1/26/2026,
585,39.9,gf,2.190,mm,OK,--,6:16:39 PM,1/26/2026,
586,40.0,gf,2.195,mm,OK,--,6:16:39 PM,1/26/2026,
587,40.0,gf,2.195,mm,OK,--,6:16:39 PM,1/26/2026,
588,40.1,gf,2.200,mm,OK,--,6:16:39 PM,1/26/2026,
589,40.1,gf,2.205,mm,OK,--,6:16:39 PM,1/26/2026,
590,40.1,gf,2.215,mm,OK,--,6:16:39 PM,1/26/2026,
591,40.1,gf,2.220,mm,OK,--,6:16:40 PM,1/26/2026,
592,40.2,gf,2.225,mm,OK,--,6:16:40 PM,1/26/2026,
593,40.1,gf,2.225,mm,OK,--,6:16:40 PM,1/26/2026,
594,40.1,gf,2.230,mm,OK,--,6:16:40 PM,1/26/2026,
595,40.0,gf,2.230,mm,OK,--,6:16:40 PM,1/26/2026,
596,40.0,gf,2.235,mm,OK,--,6:16:40 PM,1/26/2026,
597,40.0,gf,2.235,mm,OK,--,6:16:40 PM,1/26/2026,
598,39.9,gf,2.240,mm,OK,--,6:16:40 PM,1/26/2026,
599,40.0,gf,2.240,mm,OK,--,6:16:40 PM,1/26/2026,
600,40.0,gf,2.240,mm,OK,--,6:16:40 PM,1/26/2026,
601,39.9,gf,2.240,mm,OK,--,6:16:41 PM,1/26/2026,
602,39.8,gf,2.240,mm,OK,--,6:16:41 PM,1/26/2026,
603,39.8,gf,2.245,mm,OK,--,6:16:41 PM,1/26/2026,
604,39.8,gf,2.245,mm,OK,--,6:16:41 PM,1/26/2026,
605,39.8,gf,2.245,mm,OK,--,6:16:41 PM,1/26/2026,
606,40.0,gf,2.245,mm,OK,--,6:16:41 PM,1/26/2026,
607,39.9,gf,2.245,mm,OK,--,6:16:41 PM,1/26/2026,
608,39.9,gf,2.245,mm,OK,--,6:16:41 PM,1/26/2026,
609,40.0,gf,2.250,mm,OK,--,6:16:41 PM,1/26/2026,
610,40.0,gf,2.250,mm,OK,--,6:16:41 PM,1/26/2026,
611,40.0,gf,2.250,mm,OK,--,6:16:42 PM,1/26/2026,
612,40.0,gf,2.250,mm,OK,--,6:16:42 PM,1/26/2026,
613,40.1,gf,2.255,mm,OK,--,6:16:42 PM,1/26/2026,
614,40.1,gf,2.255,mm,OK,--,6:16:42 PM,1/26/2026,
615,40.1,gf,2.255,mm,OK,--,6:16:42 PM,1/26/2026,
616,40.1,gf,2.260,mm,OK,--,6:16:42 PM,1/26/2026,
617,40.1,gf,2.260,mm,OK,--,6:16:42 PM,1/26/2026,
618,40.2,gf,2.265,mm,OK,--,6:16:42 PM,1/26/2026,
619,40.2,gf,2.270,mm,OK,--,6:16:42 PM,1/26/2026,
620,40.2,gf,2.270,mm,OK,--,6:16:42 PM,1/26/2026,
621,40.2,gf,2.275,mm,OK,--,6:16:43 PM,1/26/2026,
622,40.3,gf,2.275,mm,OK,--,6:16:43 PM,1/26/2026,
623,40.3,gf,2.280,mm,OK,--,6:16:43 PM,1/26/2026,
624,40.3,gf,2.285,mm,OK,--,6:16:43 PM,1/26/2026,
625,40.3,gf,2.290,mm,OK,--,6:16:43 PM,1/26/2026,
626,40.2,gf,2.290,mm,OK,--,6:16:43 PM,1/26/2026,
627,40.3,gf,2.295,mm,OK,--,6:16:43 PM,1/26/2026,
628,40.4,gf,2.300,mm,OK,--,6:16:43 PM,1/26/2026,
629,40.4,gf,2.305,mm,OK,--,6:16:43 PM,1/26/2026,
630,40.5,gf,2.310,mm,OK,--,6:16:43 PM,1/26/2026,
631,40.4,gf,2.315,mm,OK,--,6:16:44 PM,1/26/2026,
632,40.5,gf,2.325,mm,OK,--,6:16:44 PM,1/26/2026,
633,40.5,gf,2.335,mm,OK,--,6:16:44 PM,1/26/2026,
634,40.5,gf,2.345,mm,OK,--,6:16:44 PM,1/26/2026,
635,40.4,gf,2.350,mm,OK,--,6:16:44 PM,1/26/2026,
636,40.4,gf,2.355,mm,OK,--,6:16:44 PM,1/26/2026,
637,40.5,gf,2.360,mm,OK,--,6:16:44 PM,1/26/2026,
638,40.5,gf,2.365,mm,OK,--,6:16:44 PM,1/26/2026,
639,40.5,gf,2.370,mm,OK,--,6:16:44 PM,1/26/2026,
640,40.4,gf,2.375,mm,OK,--,6:16:44 PM,1/26/2026,
641,40.4,gf,2.375,mm,OK,--,6:16:45 PM,1/26/2026,
642,40.4,gf,2.380,mm,OK,--,6:16:45 PM,1/26/2026,
643,40.4,gf,2.380,mm,OK,--,6:16:45 PM,1/26/2026,
644,40.5,gf,2.385,mm,OK,--,6:16:45 PM,1/26/2026,
645,40.5,gf,2.390,mm,OK,--,6:16:45 PM,1/26/2026,
646,40.6,gf,2.395,mm,OK,--,6:16:45 PM,1/26/2026,
647,40.6,gf,2.400,mm,OK,--,6:16:45 PM,1/26/2026,
648,40.6,gf,2.405,mm,OK,--,6:16:45 PM,1/26/2026,
649,40.6,gf,2.410,mm,OK,--,6:16:45 PM,1/26/2026,
650,40.6,gf,2.415,mm,OK,--,6:16:45 PM,1/26/2026,
651,40.5,gf,2.420,mm,OK,--,6:16:46 PM,1/26/2026,
652,40.5,gf,2.425,mm,OK,--,6:16:46 PM,1/26/2026,
653,40.6,gf,2.430,mm,OK,--,6:16:46 PM,1/26/2026,
654,40.6,gf,2.435,mm,OK,--,6:16:46 PM,1/26/2026,
655,40.6,gf,2.435,mm,OK,--,6:16:46 PM,1/26/2026,
656,40.6,gf,2.440,mm,OK,--,6:16:46 PM,1/26/2026,
657,40.7,gf,2.445,mm,OK,--,6:16:46 PM,1/26/2026,
658,40.7,gf,2.450,mm,OK,--,6:16:46 PM,1/26/2026,
659,40.7,gf,2.455,mm,OK,--,6:16:46 PM,1/26/2026,
660,40.6,gf,2.460,mm,OK,--,6:16:46 PM,1/26/2026,
661,40.6,gf,2.460,mm,OK,--,6:16:47 PM,1/26/2026,
662,40.6,gf,2.460,mm,OK,--,6:16:47 PM,1/26/2026,
663,40.6,gf,2.465,mm,OK,--,6:16:47 PM,1/26/2026,
664,40.6,gf,2.465,mm,OK,--,6:16:47 PM,1/26/2026,
665,40.6,gf,2.470,mm,OK,--,6:16:47 PM,1/26/2026,
666,40.6,gf,2.470,mm,OK,--,6:16:47 PM,1/26/2026,
667,40.6,gf,2.470,mm,OK,--,6:16:47 PM,1/26/2026,
668,40.5,gf,2.475,mm,OK,--,6:16:47 PM,1/26/2026,
669,40.5,gf,2.475,mm,OK,--,6:16:47 PM,1/26/2026,
670,40.5,gf,2.475,mm,OK,--,6:16:47 PM,1/26/2026,
671,40.6,gf,2.475,mm,OK,--,6:16:48 PM,1/26/2026,
672,40.6,gf,2.475,mm,OK,--,6:16:48 PM,1/26/2026,
673,40.4,gf,2.475,mm,OK,--,6:16:48 PM,1/26/2026,
674,40.5,gf,2.480,mm,OK,--,6:16:48 PM,1/26/2026,
675,40.5,gf,2.480,mm,OK,--,6:16:48 PM,1/26/2026,
676,40.5,gf,2.480,mm,OK,--,6:16:48 PM,1/26/2026,
677,40.6,gf,2.480,mm,OK,--,6:16:48 PM,1/26/2026,
678,40.6,gf,2.480,mm,OK,--,6:16:48 PM,1/26/2026,
679,40.5,gf,2.480,mm,OK,--,6:16:48 PM,1/26/2026,
680,40.5,gf,2.480,mm,OK,--,6:16:48 PM,1/26/2026,
681,40.6,gf,2.485,mm,OK,--,6:16:49 PM,1/26/2026,
682,40.6,gf,2.485,mm,OK,--,6:16:49 PM,1/26/2026,
683,40.7,gf,2.485,mm,OK,--,6:16:49 PM,1/26/2026,
684,40.8,gf,2.490,mm,OK,--,6:16:49 PM,1/26/2026,
685,40.9,gf,2.500,mm,OK,--,6:16:49 PM,1/26/2026,
686,40.9,gf,2.505,mm,OK,--,6:16:49 PM,1/26/2026,
687,40.9,gf,2.515,mm,OK,--,6:16:49 PM,1/26/2026,
688,40.9,gf,2.520,mm,OK,--,6:16:49 PM,1/26/2026,
689,40.9,gf,2.525,mm,OK,--,6:16:49 PM,1/26/2026,
690,40.9,gf,2.535,mm,OK,--,6:16:49 PM,1/26/2026,
691,40.9,gf,2.540,mm,OK,--,6:16:50 PM,1/26/2026,
692,40.9,gf,2.545,mm,OK,--,6:16:50 PM,1/26/2026,
693,41.0,gf,2.555,mm,OK,--,6:16:50 PM,1/26/2026,
694,40.9,gf,2.560,mm,OK,--,6:16:50 PM,1/26/2026,
695,40.9,gf,2.565,mm,OK,--,6:16:50 PM,1/26/2026,
696,40.9,gf,2.570,mm,OK,--,6:16:50 PM,1/26/2026,
697,40.8,gf,2.575,mm,OK,--,6:16:50 PM,1/26/2026,
698,40.9,gf,2.575,mm,OK,--,6:16:50 PM,1/26/2026,
699,40.9,gf,2.580,mm,OK,--,6:16:50 PM,1/26/2026,
700,40.9,gf,2.585,mm,OK,--,6:16:50 PM,1/26/2026,
701,41.0,gf,2.590,mm,OK,--,6:16:51 PM,1/26/2026,
702,41.1,gf,2.600,mm,OK,--,6:16:51 PM,1/26/2026,
703,41.1,gf,2.605,mm,OK,--,6:16:51 PM,1/26/2026,
704,41.1,gf,2.615,mm,OK,--,6:16:51 PM,1/26/2026,
705,41.1,gf,2.620,mm,OK,--,6:16:51 PM,1/26/2026,
706,41.1,gf,2.630,mm,OK,--,6:16:51 PM,1/26/2026,
707,41.1,gf,2.635,mm,OK,--,6:16:51 PM,1/26/2026,
708,41.1,gf,2.640,mm,OK,--,6:16:51 PM,1/26/2026,
709,41.1,gf,2.645,mm,OK,--,6:16:51 PM,1/26/2026,
710,41.1,gf,2.650,mm,OK,--,6:16:51 PM,1/26/2026,
711,41.1,gf,2.660,mm,OK,--,6:16:52 PM,1/26/2026,
712,41.2,gf,2.660,mm,OK,--,6:16:52 PM,1/26/2026,
713,41.1,gf,2.670,mm,OK,--,6:16:52 PM,1/26/2026,
714,41.2,gf,2.675,mm,OK,--,6:16:52 PM,1/26/2026,
715,41.3,gf,2.685,mm,OK,--,6:16:52 PM,1/26/2026,
716,41.3,gf,2.695,mm,OK,--,6:16:52 PM,1/26/2026,
717,41.3,gf,2.700,mm,OK,--,6:16:52 PM,1/26/2026,
718,41.3,gf,2.710,mm,OK,--,6:16:52 PM,1/26/2026,
719,41.3,gf,2.715,mm,OK,--,6:16:52 PM,1/26/2026,
720,41.3,gf,2.720,mm,OK,--,6:16:52 PM,1/26/2026,
721,41.3,gf,2.725,mm,OK,--,6:16:53 PM,1/26/2026,
722,41.3,gf,2.730,mm,OK,--,6:16:53 PM,1/26/2026,
723,41.4,gf,2.735,mm,OK,--,6:16:53 PM,1/26/2026,
724,41.4,gf,2.740,mm,OK,--,6:16:53 PM,1/26/2026,
725,41.3,gf,2.745,mm,OK,--,6:16:53 PM,1/26/2026,
726,41.3,gf,2.745,mm,OK,--,6:16:53 PM,1/26/2026,
727,41.4,gf,2.750,mm,OK,--,6:16:53 PM,1/26/2026,
728,41.4,gf,2.750,mm,OK,--,6:16:53 PM,1/26/2026,
729,41.4,gf,2.755,mm,OK,--,6:16:53 PM,1/26/2026,
730,41.4,gf,2.760,mm,OK,--,6:16:53 PM,1/26/2026,
731,41.4,gf,2.760,mm,OK,--,6:16:54 PM,1/26/2026,
732,41.4,gf,2.765,mm,OK,--,6:16:54 PM,1/26/2026,
733,41.5,gf,2.770,mm,OK,--,6:16:54 PM,1/26/2026,
734,41.5,gf,2.775,mm,OK,--,6:16:54 PM,1/26/2026,
735,41.5,gf,2.780,mm,OK,--,6:16:54 PM,1/26/2026,
736,41.6,gf,2.785,mm,OK,--,6:16:54 PM,1/26/2026,
737,41.6,gf,2.790,mm,OK,--,6:16:54 PM,1/26/2026,
738,41.6,gf,2.795,mm,OK,--,6:16:54 PM,1/26/2026,
739,41.6,gf,2.800,mm,OK,--,6:16:54 PM,1/26/2026,
740,41.6,gf,2.805,mm,OK,--,6:16:54 PM,1/26/2026,
741,41.6,gf,2.810,mm,OK,--,6:16:55 PM,1/26/2026,
742,41.7,gf,2.815,mm,OK,--,6:16:55 PM,1/26/2026,
743,41.7,gf,2.825,mm,OK,--,6:16:55 PM,1/26/2026,
744,41.7,gf,2.830,mm,OK,--,6:16:55 PM,1/26/2026,
745,41.8,gf,2.840,mm,OK,--,6:16:55 PM,1/26/2026,
746,41.8,gf,2.845,mm,OK,--,6:16:55 PM,1/26/2026,
747,41.8,gf,2.850,mm,OK,--,6:16:55 PM,1/26/2026,
748,41.8,gf,2.855,mm,OK,--,6:16:55 PM,1/26/2026,
749,41.8,gf,2.860,mm,OK,--,6:16:55 PM,1/26/2026,
750,41.8,gf,2.870,mm,OK,--,6:16:55 PM,1/26/2026,
751,41.8,gf,2.875,mm,OK,--,6:16:56 PM,1/26/2026,
752,41.8,gf,2.880,mm,OK,--,6:16:56 PM,1/26/2026,
753,41.8,gf,2.885,mm,OK,--,6:16:56 PM,1/26/2026,
754,41.8,gf,2.890,mm,OK,--,6:16:56 PM,1/26/2026,
755,41.9,gf,2.900,mm,OK,--,6:16:56 PM,1/26/2026,
756,41.9,gf,2.905,mm,OK,--,6:16:56 PM,1/26/2026,
757,41.9,gf,2.910,mm,OK,--,6:16:56 PM,1/26/2026,
758,41.9,gf,2.915,mm,OK,--,6:16:56 PM,1/26/2026,
759,41.9,gf,2.920,mm,OK,--,6:16:56 PM,1/26/2026,
760,42.0,gf,2.925,mm,OK,--,6:16:56 PM,1/26/2026,
761,42.0,gf,2.935,mm,OK,--,6:16:57 PM,1/26/2026,
762,41.9,gf,2.940,mm,OK,--,6:16:57 PM,1/26/2026,
763,41.9,gf,2.940,mm,OK,--,6:16:57 PM,1/26/2026,
764,41.8,gf,2.940,mm,OK,--,6:16:57 PM,1/26/2026,
765,41.9,gf,2.945,mm,OK,--,6:16:57 PM,1/26/2026,
766,41.8,gf,2.945,mm,OK,--,6:16:57 PM,1/26/2026,
767,41.9,gf,2.945,mm,OK,--,6:16:57 PM,1/26/2026,
768,42.0,gf,2.950,mm,OK,--,6:16:57 PM,1/26/2026,
769,41.9,gf,2.950,mm,OK,--,6:16:57 PM,1/26/2026,
770,41.9,gf,2.955,mm,OK,--,6:16:57 PM,1/26/2026,
771,42.0,gf,2.955,mm,OK,--,6:16:58 PM,1/26/2026,
772,42.1,gf,2.960,mm,OK,--,6:16:58 PM,1/26/2026,
773,42.0,gf,2.965,mm,OK,--,6:16:58 PM,1/26/2026,
774,42.0,gf,2.970,mm,OK,--,6:16:58 PM,1/26/2026,
775,42.0,gf,2.975,mm,OK,--,6:16:58 PM,1/26/2026,
776,42.1,gf,2.980,mm,OK,--,6:16:58 PM,1/26/2026,
777,42.1,gf,2.985,mm,OK,--,6:16:58 PM,1/26/2026,
778,42.2,gf,2.990,mm,OK,--,6:16:58 PM,1/26/2026,
779,42.2,gf,3.000,mm,OK,--,6:16:58 PM,1/26/2026,
780,42.3,gf,3.005,mm,OK,--,6:16:58 PM,1/26/2026,
781,42.1,gf,3.010,mm,OK,--,6:16:59 PM,1/26/2026,
782,42.2,gf,3.010,mm,OK,--,6:16:59 PM,1/26/2026,
783,42.2,gf,3.015,mm,OK,--,6:16:59 PM,1/26/2026,
784,42.2,gf,3.020,mm,OK,--,6:16:59 PM,1/26/2026,
785,42.2,gf,3.020,mm,OK,--,6:16:59 PM,1/26/2026,
786,42.2,gf,3.025,mm,OK,--,6:16:59 PM,1/26/2026,
787,42.2,gf,3.025,mm,OK,--,6:16:59 PM,1/26/2026,
788,42.2,gf,3.030,mm,OK,--,6:16:59 PM,1/26/2026,
789,42.2,gf,3.030,mm,OK,--,6:16:59 PM,1/26/2026,
790,42.2,gf,3.035,mm,OK,--,6:16:59 PM,1/26/2026,
791,42.3,gf,3.040,mm,OK,--,6:17:00 PM,1/26/2026,
792,42.3,gf,3.045,mm,OK,--,6:17:00 PM,1/26/2026,
793,42.3,gf,3.050,mm,OK,--,6:17:00 PM,1/26/2026,
794,42.3,gf,3.055,mm,OK,--,6:17:00 PM,1/26/2026,
795,42.3,gf,3.060,mm,OK,--,6:17:00 PM,1/26/2026,
796,42.3,gf,3.060,mm,OK,--,6:17:00 PM,1/26/2026,
797,42.3,gf,3.070,mm,OK,--,6:17:00 PM,1/26/2026,
798,42.4,gf,3.075,mm,OK,--,6:17:00 PM,1/26/2026,
799,42.5,gf,3.080,mm,OK,--,6:17:00 PM,1/26/2026,
800,42.5,gf,3.090,mm,OK,--,6:17:00 PM,1/26/2026,
801,42.6,gf,3.100,mm,OK,--,6:17:01 PM,1/26/2026,
802,42.6,gf,3.105,mm,OK,--,6:17:01 PM,1/26/2026,
803,42.6,gf,3.110,mm,OK,--,6:17:01 PM,1/26/2026,
804,42.6,gf,3.115,mm,OK,--,6:17:01 PM,1/26/2026,
805,42.6,gf,3.120,mm,OK,--,6:17:01 PM,1/26/2026,
806,42.5,gf,3.125,mm,OK,--,6:17:01 PM,1/26/2026,
807,42.5,gf,3.130,mm,OK,--,6:17:01 PM,1/26/2026,
808,42.6,gf,3.140,mm,OK,--,6:17:01 PM,1/26/2026,
809,42.6,gf,3.140,mm,OK,--,6:17:01 PM,1/26/2026,
810,42.6,gf,3.145,mm,OK,--,6:17:01 PM,1/26/2026,
811,42.6,gf,3.150,mm,OK,--,6:17:02 PM,1/26/2026,
812,42.6,gf,3.155,mm,OK,--,6:17:02 PM,1/26/2026,
813,42.6,gf,3.160,mm,OK,--,6:17:02 PM,1/26/2026,
814,42.6,gf,3.165,mm,OK,--,6:17:02 PM,1/26/2026,
815,42.6,gf,3.170,mm,OK,--,6:17:02 PM,1/26/2026,
816,42.7,gf,3.175,mm,OK,--,6:17:02 PM,1/26/2026,
817,42.7,gf,3.180,mm,OK,--,6:17:02 PM,1/26/2026,
818,42.8,gf,3.185,mm,OK,--,6:17:02 PM,1/26/2026,
819,42.8,gf,3.190,mm,OK,--,6:17:02 PM,1/26/2026,
820,42.8,gf,3.195,mm,OK,--,6:17:02 PM,1/26/2026,
821,42.8,gf,3.200,mm,OK,--,6:17:03 PM,1/26/2026,
822,42.8,gf,3.205,mm,OK,--,6:17:03 PM,1/26/2026,
823,42.9,gf,3.210,mm,OK,--,6:17:03 PM,1/26/2026,
824,42.9,gf,3.215,mm,OK,--,6:17:03 PM,1/26/2026,
825,43.0,gf,3.220,mm,OK,--,6:17:03 PM,1/26/2026,
826,43.0,gf,3.225,mm,OK,--,6:17:03 PM,1/26/2026,
827,43.0,gf,3.235,mm,OK,--,6:17:03 PM,1/26/2026,
828,43.0,gf,3.240,mm,OK,--,6:17:03 PM,1/26/2026,
829,43.0,gf,3.245,mm,OK,--,6:17:03 PM,1/26/2026,
830,43.0,gf,3.250,mm,OK,--,6:17:03 PM,1/26/2026,
831,43.0,gf,3.255,mm,OK,--,6:17:04 PM,1/26/2026,
832,43.0,gf,3.260,mm,OK,--,6:17:04 PM,1/26/2026,
833,43.0,gf,3.265,mm,OK,--,6:17:04 PM,1/26/2026,
834,43.1,gf,3.270,mm,OK,--,6:17:04 PM,1/26/2026,
835,43.2,gf,3.275,mm,OK,--,6:17:04 PM,1/26/2026,
836,43.2,gf,3.285,mm,OK,--,6:17:04 PM,1/26/2026,
837,43.2,gf,3.290,mm,OK,--,6:17:04 PM,1/26/2026,
838,43.2,gf,3.295,mm,OK,--,6:17:04 PM,1/26/2026,
839,43.3,gf,3.300,mm,OK,--,6:17:04 PM,1/26/2026,
840,43.2,gf,3.305,mm,OK,--,6:17:04 PM,1/26/2026,
841,43.3,gf,3.315,mm,OK,--,6:17:05 PM,1/26/2026,
842,43.3,gf,3.320,mm,OK,--,6:17:05 PM,1/26/2026,
843,43.3,gf,3.325,mm,OK,--,6:17:05 PM,1/26/2026,
844,43.3,gf,3.330,mm,OK,--,6:17:05 PM,1/26/2026,
845,43.3,gf,3.335,mm,OK,--,6:17:05 PM,1/26/2026,
846,43.3,gf,3.340,mm,OK,--,6:17:05 PM,1/26/2026,
847,43.3,gf,3.340,mm,OK,--,6:17:05 PM,1/26/2026,
848,43.3,gf,3.345,mm,OK,--,6:17:05 PM,1/26/2026,
849,43.3,gf,3.350,mm,OK,--,6:17:05 PM,1/26/2026,
850,43.3,gf,3.350,mm,OK,--,6:17:05 PM,1/26/2026,
851,43.3,gf,3.355,mm,OK,--,6:17:06 PM,1/26/2026,
852,43.4,gf,3.360,mm,OK,--,6:17:06 PM,1/26/2026,
853,43.4,gf,3.365,mm,OK,--,6:17:06 PM,1/26/2026,
854,43.4,gf,3.365,mm,OK,--,6:17:06 PM,1/26/2026,
855,43.4,gf,3.370,mm,OK,--,6:17:06 PM,1/26/2026,
856,43.3,gf,3.370,mm,OK,--,6:17:06 PM,1/26/2026,
857,43.4,gf,3.375,mm,OK,--,6:17:06 PM,1/26/2026,
858,43.4,gf,3.375,mm,OK,--,6:17:06 PM,1/26/2026,
859,43.5,gf,3.380,mm,OK,--,6:17:06 PM,1/26/2026,
860,43.4,gf,3.380,mm,OK,--,6:17:06 PM,1/26/2026,
861,43.4,gf,3.385,mm,OK,--,6:17:07 PM,1/26/2026,
862,43.5,gf,3.385,mm,OK,--,6:17:07 PM,1/26/2026,
863,43.5,gf,3.390,mm,OK,--,6:17:07 PM,1/26/2026,
864,43.5,gf,3.395,mm,OK,--,6:17:07 PM,1/26/2026,
865,43.5,gf,3.400,mm,OK,--,6:17:07 PM,1/26/2026,
866,43.6,gf,3.405,mm,OK,--,6:17:07 PM,1/26/2026,
867,43.6,gf,3.410,mm,OK,--,6:17:07 PM,1/26/2026,
868,43.7,gf,3.415,mm,OK,--,6:17:07 PM,1/26/2026,
869,43.7,gf,3.425,mm,OK,--,6:17:07 PM,1/26/2026,
870,43.7,gf,3.430,mm,OK,--,6:17:07 PM,1/26/2026,
871,43.7,gf,3.435,mm,OK,--,6:17:08 PM,1/26/2026,
872,43.9,gf,3.445,mm,OK,--,6:17:08 PM,1/26/2026,
873,43.8,gf,3.450,mm,OK,--,6:17:08 PM,1/26/2026,
874,43.9,gf,3.460,mm,OK,--,6:17:08 PM,1/26/2026,
875,43.9,gf,3.465,mm,OK,--,6:17:08 PM,1/26/2026,
876,46.1,gf,3.470,mm,OK,--,6:17:08 PM,1/26/2026,
877,52.1,gf,3.480,mm,OK,--,6:17:08 PM,1/26/2026,
878,58.7,gf,3.485,mm,OK,--,6:17:08 PM,1/26/2026,
879,65.8,gf,3.495,mm,OK,--,6:17:08 PM,1/26/2026,
880,72.8,gf,3.500,mm,OK,--,6:17:08 PM,1/26/2026,
881,78.0,gf,3.505,mm,OK,--,6:17:09 PM,1/26/2026,
882,80.8,gf,3.505,mm,OK,--,6:17:09 PM,1/26/2026,
883,82.6,gf,3.510,mm,OK,--,6:17:09 PM,1/26/2026,
884,84.1,gf,3.510,mm,OK,--,6:17:09 PM,1/26/2026,
885,85.0,gf,3.510,mm,OK,--,6:17:09 PM,1/26/2026,
886,86.2,gf,3.510,mm,OK,--,6:17:09 PM,1/26/2026,
887,87.7,gf,3.515,mm,OK,--,6:17:09 PM,1/26/2026,
888,89.6,gf,3.515,mm,OK,--,6:17:09 PM,1/26/2026,
889,91.4,gf,3.520,mm,OK,--,6:17:09 PM,1/26/2026,
890,93.4,gf,3.520,mm,OK,--,6:17:09 PM,1/26/2026,
891,95.3,gf,3.520,mm,OK,--,6:17:10 PM,1/26/2026,
892,97.0,gf,3.525,mm,OK,--,6:17:10 PM,1/26/2026,
893,98.3,gf,3.525,mm,OK,--,6:17:10 PM,1/26/2026,
894,99.7,gf,3.525,mm,OK,--,6:17:10 PM,1/26/2026,
895,101.0,gf,3.525,mm,OK,--,6:17:10 PM,1/26/2026,
896,102.5,gf,3.530,mm,OK,--,6:17:10 PM,1/26/2026,
897,103.7,gf,3.530,mm,OK,--,6:17:10 PM,1/26/2026,
898,105.5,gf,3.530,mm,OK,--,6:17:10 PM,1/26/2026,
899,106.9,gf,3.535,mm,OK,--,6:17:10 PM,1/26/2026,
900,108.0,gf,3.535,mm,OK,--,6:17:10 PM,1/26/2026,
901,109.4,gf,3.535,mm,OK,--,6:17:11 PM,1/26/2026,
902,111.1,gf,3.535,mm,OK,--,6:17:11 PM,1/26/2026,
903,113.2,gf,3.540,mm,OK,--,6:17:11 PM,1/26/2026,
904,114.7,gf,3.540,mm,OK,--,6:17:11 PM,1/26/2026,
905,116.2,gf,3.540,mm,OK,--,6:17:11 PM,1/26/2026,
906,117.8,gf,3.545,mm,OK,--,6:17:11 PM,1/26/2026,
907,119.9,gf,3.545,mm,OK,--,6:17:11 PM,1/26/2026,
908,121.9,gf,3.550,mm,OK,--,6:17:11 PM,1/26/2026,
909,123.5,gf,3.550,mm,OK,--,6:17:11 PM,1/26/2026,
910,125.0,gf,3.550,mm,OK,--,6:17:11 PM,1/26/2026,
911,126.7,gf,3.555,mm,OK,--,6:17:12 PM,1/26/2026,
912,128.4,gf,3.555,mm,OK,--,6:17:12 PM,1/26/2026,
913,130.3,gf,3.555,mm,OK,--,6:17:12 PM,1/26/2026,
914,132.0,gf,3.560,mm,OK,--,6:17:12 PM,1/26/2026,
915,133.4,gf,3.560,mm,OK,--,6:17:12 PM,1/26/2026,
916,135.0,gf,3.560,mm,OK,--,6:17:12 PM,1/26/2026,
917,136.3,gf,3.560,mm,OK,--,6:17:12 PM,1/26/2026,
918,137.7,gf,3.565,mm,OK,--,6:17:12 PM,1/26/2026,
919,139.0,gf,3.565,mm,OK,--,6:17:12 PM,1/26/2026,
920,140.4,gf,3.565,mm,OK,--,6:17:12 PM,1/26/2026,
921,142.2,gf,3.570,mm,OK,--,6:17:13 PM,1/26/2026,
922,144.1,gf,3.570,mm,OK,--,6:17:13 PM,1/26/2026,
923,145.5,gf,3.570,mm,OK,--,6:17:13 PM,1/26/2026,
924,147.5,gf,3.575,mm,OK,--,6:17:13 PM,1/26/2026,
925,149.5,gf,3.575,mm,OK,--,6:17:13 PM,1/26/2026,
926,151.3,gf,3.575,mm,OK,--,6:17:13 PM,1/26/2026,
927,153.0,gf,3.580,mm,OK,--,6:17:13 PM,1/26/2026,
928,154.8,gf,3.580,mm,OK,--,6:17:13 PM,1/26/2026,
929,156.5,gf,3.580,mm,OK,--,6:17:13 PM,1/26/2026,
930,158.2,gf,3.585,mm,OK,--,6:17:13 PM,1/26/2026,
931,159.8,gf,3.585,mm,OK,--,6:17:14 PM,1/26/2026,
932,161.1,gf,3.585,mm,OK,--,6:17:14 PM,1/26/2026,
933,162.4,gf,3.585,mm,OK,--,6:17:14 PM,1/26/2026,
934,164.1,gf,3.590,mm,OK,--,6:17:14 PM,1/26/2026,
935,166.0,gf,3.590,mm,OK,--,6:17:14 PM,1/26/2026,
936,167.8,gf,3.590,mm,OK,--,6:17:14 PM,1/26/2026,
937,169.6,gf,3.595,mm,OK,--,6:17:14 PM,1/26/2026,
938,171.0,gf,3.595,mm,OK,--,6:17:14 PM,1/26/2026,
939,172.7,gf,3.595,mm,OK,--,6:17:14 PM,1/26/2026,
940,174.1,gf,3.600,mm,OK,--,6:17:14 PM,1/26/2026,
941,175.8,gf,3.600,mm,OK,--,6:17:15 PM,1/26/2026,
942,177.5,gf,3.600,mm,OK,--,6:17:15 PM,1/26/2026,
943,179.0,gf,3.605,mm,OK,--,6:17:15 PM,1/26/2026,
944,180.5,gf,3.605,mm,OK,--,6:17:15 PM,1/26/2026,
945,182.0,gf,3.605,mm,OK,--,6:17:15 PM,1/26/2026,
946,183.4,gf,3.605,mm,OK,--,6:17:15 PM,1/26/2026,
947,184.7,gf,3.610,mm,OK,--,6:17:15 PM,1/26/2026,
948,186.0,gf,3.610,mm,OK,--,6:17:15 PM,1/26/2026,
949,187.4,gf,3.610,mm,OK,--,6:17:15 PM,1/26/2026,
950,189.0,gf,3.615,mm,OK,--,6:17:15 PM,1/26/2026,
951,190.4,gf,3.615,mm,OK,--,6:17:16 PM,1/26/2026,
952,191.1,gf,3.615,mm,OK,--,6:17:16 PM,1/26/2026,
953,191.5,gf,3.615,mm,OK,--,6:17:16 PM,1/26/2026,
954,191.4,gf,3.615,mm,OK,--,6:17:16 PM,1/26/2026,
955,191.5,gf,3.615,mm,OK,--,6:17:16 PM,1/26/2026,
956,191.5,gf,3.615,mm,OK,--,6:17:16 PM,1/26/2026,
957,191.4,gf,3.615,mm,OK,--,6:17:16 PM,1/26/2026,
958,191.4,gf,3.615,mm,OK,--,6:17:16 PM,1/26/2026,
959,191.4,gf,3.615,mm,OK,--,6:17:16 PM,1/26/2026,
960,191.3,gf,3.615,mm,OK,--,6:17:16 PM,1/26/2026,
961,191.3,gf,3.615,mm,OK,--,6:17:17 PM,1/26/2026,
962,191.3,gf,3.615,mm,OK,--,6:17:17 PM,1/26/2026,
963,191.3,gf,3.615,mm,OK,--,6:17:17 PM,1/26/2026,
964,191.2,gf,3.615,mm,OK,--,6:17:17 PM,1/26/2026,
965,191.3,gf,3.615,mm,OK,--,6:17:17 PM,1/26/2026,
966,191.2,gf,3.615,mm,OK,--,6:17:17 PM,1/26/2026,
967,191.2,gf,3.615,mm,OK,--,6:17:17 PM,1/26/2026,
968,191.2,gf,3.615,mm,OK,--,6:17:17 PM,1/26/2026,
969,191.2,gf,3.615,mm,OK,--,6:17:17 PM,1/26/2026,
970,191.1,gf,3.615,mm,OK,--,6:17:17 PM,1/26/2026,
971,191.1,gf,3.615,mm,OK,--,6:17:18 PM,1/26/2026,
972,190.8,gf,3.615,mm,OK,--,6:17:18 PM,1/26/2026,
973,190.8,gf,3.615,mm,OK,--,6:17:18 PM,1/26/2026,
974,190.7,gf,3.615,mm,OK,--,6:17:18 PM,1/26/2026,
975,190.7,gf,3.615,mm,OK,--,6:17:18 PM,1/26/2026,
976,190.8,gf,3.615,mm,OK,--,6:17:18 PM,1/26/2026,
977,190.6,gf,3.615,mm,OK,--,6:17:18 PM,1/26/2026,
978,190.4,gf,3.615,mm,OK,--,6:17:18 PM,1/26/2026,
979,190.3,gf,3.615,mm,OK,--,6:17:18 PM,1/26/2026,
980,189.9,gf,3.615,mm,OK,--,6:17:18 PM,1/26/2026,
981,189.5,gf,3.615,mm,OK,--,6:17:19 PM,1/26/2026,
982,188.7,gf,3.615,mm,OK,--,6:17:19 PM,1/26/2026,
983,187.9,gf,3.615,mm,OK,--,6:17:19 PM,1/26/2026,
984,187.1,gf,3.615,mm,OK,--,6:17:19 PM,1/26/2026,
985,186.3,gf,3.610,mm,OK,--,6:17:19 PM,1/26/2026,
986,185.8,gf,3.610,mm,OK,--,6:17:19 PM,1/26/2026,
987,185.3,gf,3.610,mm,OK,--,6:17:19 PM,1/26/2026,
988,184.6,gf,3.610,mm,OK,--,6:17:19 PM,1/26/2026,
989,183.5,gf,3.610,mm,OK,--,6:17:19 PM,1/26/2026,
990,182.1,gf,3.610,mm,OK,--,6:17:19 PM,1/26/2026,
991,181.0,gf,3.605,mm,OK,--,6:17:20 PM,1/26/2026,
992,179.9,gf,3.605,mm,OK,--,6:17:20 PM,1/26/2026,
993,178.9,gf,3.605,mm,OK,--,6:17:20 PM,1/26/2026,
994,177.4,gf,3.605,mm,OK,--,6:17:20 PM,1/26/2026,
995,175.7,gf,3.605,mm,OK,--,6:17:20 PM,1/26/2026,
996,174.2,gf,3.600,mm,OK,--,6:17:20 PM,1/26/2026,
997,173.2,gf,3.600,mm,OK,--,6:17:20 PM,1/26/2026,
998,172.5,gf,3.600,mm,OK,--,6:17:20 PM,1/26/2026,
999,171.9,gf,3.600,mm,OK,--,6:17:20 PM,1/26/2026,
1000,171.5,gf,3.600,mm,OK,--,6:17:20 PM,1/26/2026,
1001,171.2,gf,3.600,mm,OK,--,6:17:21 PM,1/26/2026,
1002,170.8,gf,3.600,mm,OK,--,6:17:21 PM,1/26/2026,
1003,170.6,gf,3.600,mm,OK,--,6:17:21 PM,1/26/2026,
1004,170.2,gf,3.595,mm,OK,--,6:17:21 PM,1/26/2026,
1005,169.8,gf,3.595,mm,OK,--,6:17:21 PM,1/26/2026,
1006,169.5,gf,3.595,mm,OK,--,6:17:21 PM,1/26/2026,
1007,169.2,gf,3.595,mm,OK,--,6:17:21 PM,1/26/2026,
1008,169.2,gf,3.595,mm,OK,--,6:17:21 PM,1/26/2026,
1009,169.2,gf,3.595,mm,OK,--,6:17:21 PM,1/26/2026,
1010,169.2,gf,3.595,mm,OK,--,6:17:21 PM,1/26/2026,
1011,169.2,gf,3.595,mm,OK,--,6:17:22 PM,1/26/2026,
1012,169.1,gf,3.595,mm,OK,--,6:17:22 PM,1/26/2026,
1013,169.2,gf,3.595,mm,OK,--,6:17:22 PM,1/26/2026,
1014,169.2,gf,3.595,mm,OK,--,6:17:22 PM,1/26/2026,
1015,169.2,gf,3.595,mm,OK,--,6:17:22 PM,1/26/2026,
1016,169.1,gf,3.595,mm,OK,--,6:17:22 PM,1/26/2026,
1017,169.1,gf,3.595,mm,OK,--,6:17:22 PM,1/26/2026,
1018,169.1,gf,3.595,mm,OK,--,6:17:22 PM,1/26/2026,
1019,169.1,gf,3.595,mm,OK,--,6:17:22 PM,1/26/2026,
1020,169.1,gf,3.595,mm,OK,--,6:17:22 PM,1/26/2026,
1021,169.1,gf,3.595,mm,OK,--,6:17:23 PM,1/26/2026,
1022,169.1,gf,3.595,mm,OK,--,6:17:23 PM,1/26/2026,
1023,169.1,gf,3.595,mm,OK,--,6:17:23 PM,1/26/2026,
1024,169.1,gf,3.595,mm,OK,--,6:17:23 PM,1/26/2026,
1025,169.1,gf,3.595,mm,OK,--,6:17:23 PM,1/26/2026,
1026,169.0,gf,3.595,mm,OK,--,6:17:23 PM,1/26/2026,
1027,168.8,gf,3.595,mm,OK,--,6:17:23 PM,1/26/2026,
1028,168.6,gf,3.595,mm,OK,--,6:17:23 PM,1/26/2026,
1029,168.4,gf,3.595,mm,OK,--,6:17:23 PM,1/26/2026,
1030,168.1,gf,3.595,mm,OK,--,6:17:23 PM,1/26/2026,
1031,167.8,gf,3.595,mm,OK,--,6:17:24 PM,1/26/2026,
1032,167.2,gf,3.595,mm,OK,--,6:17:24 PM,1/26/2026,
1033,166.0,gf,3.595,mm,OK,--,6:17:24 PM,1/26/2026,
1034,165.1,gf,3.595,mm,OK,--,6:17:24 PM,1/26/2026,
1035,164.5,gf,3.590,mm,OK,--,6:17:24 PM,1/26/2026,
1036,164.2,gf,3.590,mm,OK,--,6:17:24 PM,1/26/2026,
1037,163.9,gf,3.590,mm,OK,--,6:17:24 PM,1/26/2026,
1038,163.6,gf,3.590,mm,OK,--,6:17:24 PM,1/26/2026,
1039,163.2,gf,3.590,mm,OK,--,6:17:24 PM,1/26/2026,
1040,162.3,gf,3.590,mm,OK,--,6:17:24 PM,1/26/2026,
1041,161.2,gf,3.590,mm,OK,--,6:17:25 PM,1/26/2026,
1042,160.7,gf,3.590,mm,OK,--,6:17:25 PM,1/26/2026,
1043,160.5,gf,3.590,mm,OK,--,6:17:25 PM,1/26/2026,
1044,160.5,gf,3.590,mm,OK,--,6:17:25 PM,1/26/2026,
1045,160.4,gf,3.590,mm,OK,--,6:17:25 PM,1/26/2026,
1046,160.0,gf,3.590,mm,OK,--,6:17:25 PM,1/26/2026,
1047,159.3,gf,3.585,mm,OK,--,6:17:25 PM,1/26/2026,
1048,158.5,gf,3.585,mm,OK,--,6:17:25 PM,1/26/2026,
1049,157.6,gf,3.585,mm,OK,--,6:17:25 PM,1/26/2026,
1050,156.9,gf,3.585,mm,OK,--,6:17:25 PM,1/26/2026,
1051,156.1,gf,3.585,mm,OK,--,6:17:26 PM,1/26/2026,
1052,155.8,gf,3.585,mm,OK,--,6:17:26 PM,1/26/2026,
1053,155.7,gf,3.585,mm,OK,--,6:17:26 PM,1/26/2026,
1054,155.4,gf,3.585,mm,OK,--,6:17:26 PM,1/26/2026,
1055,154.9,gf,3.585,mm,OK,--,6:17:26 PM,1/26/2026,
1056,154.4,gf,3.585,mm,OK,--,6:17:26 PM,1/26/2026,
1057,153.8,gf,3.580,mm,OK,--,6:17:26 PM,1/26/2026,
1058,153.2,gf,3.580,mm,OK,--,6:17:26 PM,1/26/2026,
1059,152.7,gf,3.580,mm,OK,--,6:17:26 PM,1/26/2026,
1060,152.1,gf,3.580,mm,OK,--,6:17:26 PM,1/26/2026,
1061,151.5,gf,3.580,mm,OK,--,6:17:27 PM,1/26/2026,
1062,150.9,gf,3.580,mm,OK,--,6:17:27 PM,1/26/2026,
1063,150.3,gf,3.580,mm,OK,--,6:17:27 PM,1/26/2026,
1064,149.7,gf,3.580,mm,OK,--,6:17:27 PM,1/26/2026,
1065,149.0,gf,3.580,mm,OK,--,6:17:27 PM,1/26/2026,
1066,148.2,gf,3.575,mm,OK,--,6:17:27 PM,1/26/2026,
1067,147.8,gf,3.575,mm,OK,--,6:17:27 PM,1/26/2026,
1068,147.7,gf,3.575,mm,OK,--,6:17:27 PM,1/26/2026,
1069,147.5,gf,3.575,mm,OK,--,6:17:27 PM,1/26/2026,
1070,147.3,gf,3.575,mm,OK,--,6:17:27 PM,1/26/2026,
1071,146.7,gf,3.575,mm,OK,--,6:17:28 PM,1/26/2026,
1072,146.5,gf,3.575,mm,OK,--,6:17:28 PM,1/26/2026,
1073,146.0,gf,3.575,mm,OK,--,6:17:28 PM,1/26/2026,
1074,145.9,gf,3.575,mm,OK,--,6:17:28 PM,1/26/2026,
1075,145.7,gf,3.575,mm,OK,--,6:17:28 PM,1/26/2026,
1076,145.4,gf,3.575,mm,OK,--,6:17:28 PM,1/26/2026,
1077,144.9,gf,3.575,mm,OK,--,6:17:28 PM,1/26/2026,
1078,144.6,gf,3.575,mm,OK,--,6:17:28 PM,1/26/2026,
1079,144.2,gf,3.575,mm,OK,--,6:17:28 PM,1/26/2026,
1080,143.8,gf,3.575,mm,OK,--,6:17:28 PM,1/26/2026,
1081,143.4,gf,3.575,mm,OK,--,6:17:29 PM,1/26/2026,
1082,142.9,gf,3.570,mm,OK,--,6:17:29 PM,1/26/2026,
1083,142.6,gf,3.570,mm,OK,--,6:17:29 PM,1/26/2026,
1084,142.2,gf,3.570,mm,OK,--,6:17:29 PM,1/26/2026,
1085,142.1,gf,3.570,mm,OK,--,6:17:29 PM,1/26/2026,
1086,142.0,gf,3.570,mm,OK,--,6:17:29 PM,1/26/2026,
1087,141.8,gf,3.570,mm,OK,--,6:17:29 PM,1/26/2026,
1088,141.5,gf,3.570,mm,OK,--,6:17:29 PM,1/26/2026,
1089,141.2,gf,3.570,mm,OK,--,6:17:29 PM,1/26/2026,
1090,140.8,gf,3.570,mm,OK,--,6:17:29 PM,1/26/2026,
1091,140.5,gf,3.570,mm,OK,--,6:17:30 PM,1/26/2026,
1092,140.1,gf,3.570,mm,OK,--,6:17:30 PM,1/26/2026,
1093,139.5,gf,3.570,mm,OK,--,6:17:30 PM,1/26/2026,
1094,139.0,gf,3.570,mm,OK,--,6:17:30 PM,1/26/2026,
1095,138.3,gf,3.570,mm,OK,--,6:17:30 PM,1/26/2026,
1096,137.8,gf,3.570,mm,OK,--,6:17:30 PM,1/26/2026,
1097,137.4,gf,3.565,mm,OK,--,6:17:30 PM,1/26/2026,
1098,136.9,gf,3.565,mm,OK,--,6:17:30 PM,1/26/2026,
1099,136.3,gf,3.565,mm,OK,--,6:17:30 PM,1/26/2026,
1100,135.7,gf,3.565,mm,OK,--,6:17:30 PM,1/26/2026,
1101,134.9,gf,3.565,mm,OK,--,6:17:31 PM,1/26/2026,
1102,133.8,gf,3.565,mm,OK,--,6:17:31 PM,1/26/2026,
1103,132.7,gf,3.565,mm,OK,--,6:17:31 PM,1/26/2026,
1104,131.0,gf,3.560,mm,OK,--,6:17:31 PM,1/26/2026,
1105,129.0,gf,3.560,mm,OK,--,6:17:31 PM,1/26/2026,
1106,126.6,gf,3.555,mm,OK,--,6:17:31 PM,1/26/2026,
1107,123.3,gf,3.555,mm,OK,--,6:17:31 PM,1/26/2026,
1108,119.2,gf,3.550,mm,OK,--,6:17:31 PM,1/26/2026,
1109,112.7,gf,3.545,mm,OK,--,6:17:31 PM,1/26/2026,
1110,105.2,gf,3.535,mm,OK,--,6:17:31 PM,1/26/2026,
1111,97.3,gf,3.530,mm,OK,--,6:17:32 PM,1/26/2026,
1112,88.2,gf,3.520,mm,OK,--,6:17:32 PM,1/26/2026,
1113,79.0,gf,3.510,mm,OK,--,6:17:32 PM,1/26/2026,
1114,69.6,gf,3.500,mm,OK,--,6:17:32 PM,1/26/2026,
1115,59.7,gf,3.490,mm,OK,--,6:17:32 PM,1/26/2026,
1116,50.2,gf,3.480,mm,OK,--,6:17:32 PM,1/26/2026,
1117,42.1,gf,3.470,mm,OK,--,6:17:32 PM,1/26/2026,
1118,42.1,gf,3.460,mm,OK,--,6:17:32 PM,1/26/2026,
1119,42.1,gf,3.450,mm,OK,--,6:17:32 PM,1/26/2026,
1120,42.1,gf,3.445,mm,OK,--,6:17:32 PM,1/26/2026,
1121,42.2,gf,3.440,mm,OK,--,6:17:32 PM,1/26/2026,
1122,42.2,gf,3.435,mm,OK,--,6:17:33 PM,1/26/2026,
1123,42.1,gf,3.435,mm,OK,--,6:17:33 PM,1/26/2026,
1124,42.1,gf,3.430,mm,OK,--,6:17:33 PM,1/26/2026,
1125,42.1,gf,3.425,mm,OK,--,6:17:33 PM,1/26/2026,
1126,42.2,gf,3.420,mm,OK,--,6:17:33 PM,1/26/2026,
1127,42.1,gf,3.420,mm,OK,--,6:17:33 PM,1/26/2026,
1128,42.0,gf,3.415,mm,OK,--,6:17:33 PM,1/26/2026,
1129,42.0,gf,3.405,mm,OK,--,6:17:33 PM,1/26/2026,
1130,42.0,gf,3.405,mm,OK,--,6:17:33 PM,1/26/2026,
1131,42.0,gf,3.400,mm,OK,--,6:17:34 PM,1/26/2026,
1132,42.0,gf,3.395,mm,OK,--,6:17:34 PM,1/26/2026,
1133,42.0,gf,3.390,mm,OK,--,6:17:34 PM,1/26/2026,
1134,42.0,gf,3.385,mm,OK,--,6:17:34 PM,1/26/2026,
1135,42.0,gf,3.380,mm,OK,--,6:17:34 PM,1/26/2026,
1136,42.0,gf,3.380,mm,OK,--,6:17:34 PM,1/26/2026,
1137,42.0,gf,3.375,mm,OK,--,6:17:34 PM,1/26/2026,
1138,42.0,gf,3.370,mm,OK,--,6:17:34 PM,1/26/2026,
1139,42.0,gf,3.365,mm,OK,--,6:17:34 PM,1/26/2026,
1140,41.9,gf,3.360,mm,OK,--,6:17:34 PM,1/26/2026,
1141,41.9,gf,3.355,mm,OK,--,6:17:35 PM,1/26/2026,
1142,41.9,gf,3.355,mm,OK,--,6:17:35 PM,1/26/2026,
1143,41.7,gf,3.345,mm,OK,--,6:17:35 PM,1/26/2026,
1144,41.7,gf,3.335,mm,OK,--,6:17:35 PM,1/26/2026,
1145,41.7,gf,3.325,mm,OK,--,6:17:35 PM,1/26/2026,
1146,41.7,gf,3.320,mm,OK,--,6:17:35 PM,1/26/2026,
1147,41.7,gf,3.315,mm,OK,--,6:17:35 PM,1/26/2026,
1148,41.7,gf,3.305,mm,OK,--,6:17:35 PM,1/26/2026,
1149,41.7,gf,3.300,mm,OK,--,6:17:35 PM,1/26/2026,
1150,41.7,gf,3.295,mm,OK,--,6:17:35 PM,1/26/2026,
1151,41.6,gf,3.290,mm,OK,--,6:17:36 PM,1/26/2026,
1152,41.6,gf,3.285,mm,OK,--,6:17:36 PM,1/26/2026,
1153,41.6,gf,3.275,mm,OK,--,6:17:36 PM,1/26/2026,
1154,41.5,gf,3.270,mm,OK,--,6:17:36 PM,1/26/2026,
1155,41.4,gf,3.260,mm,OK,--,6:17:36 PM,1/26/2026,
1156,41.4,gf,3.250,mm,OK,--,6:17:36 PM,1/26/2026,
1157,41.5,gf,3.245,mm,OK,--,6:17:36 PM,1/26/2026,
1158,41.5,gf,3.235,mm,OK,--,6:17:36 PM,1/26/2026,
1159,41.5,gf,3.230,mm,OK,--,6:17:36 PM,1/26/2026,
1160,41.5,gf,3.225,mm,OK,--,6:17:36 PM,1/26/2026,
1161,41.4,gf,3.220,mm,OK,--,6:17:36 PM,1/26/2026,
1162,41.4,gf,3.215,mm,OK,--,6:17:37 PM,1/26/2026,
1163,41.4,gf,3.210,mm,OK,--,6:17:37 PM,1/26/2026,
1164,41.4,gf,3.200,mm,OK,--,6:17:37 PM,1/26/2026,
1165,41.4,gf,3.195,mm,OK,--,6:17:37 PM,1/26/2026,
1166,41.4,gf,3.190,mm,OK,--,6:17:37 PM,1/26/2026,
1167,41.4,gf,3.185,mm,OK,--,6:17:37 PM,1/26/2026,
1168,41.3,gf,3.180,mm,OK,--,6:17:37 PM,1/26/2026,
1169,41.4,gf,3.170,mm,OK,--,6:17:37 PM,1/26/2026,
1170,41.3,gf,3.165,mm,OK,--,6:17:37 PM,1/26/2026,
1171,41.3,gf,3.160,mm,OK,--,6:17:38 PM,1/26/2026,
1172,41.3,gf,3.155,mm,OK,--,6:17:38 PM,1/26/2026,
1173,41.3,gf,3.150,mm,OK,--,6:17:38 PM,1/26/2026,
1174,41.3,gf,3.140,mm,OK,--,6:17:38 PM,1/26/2026,
1175,41.2,gf,3.135,mm,OK,--,6:17:38 PM,1/26/2026,
1176,41.2,gf,3.130,mm,OK,--,6:17:38 PM,1/26/2026,
1177,41.2,gf,3.125,mm,OK,--,6:17:38 PM,1/26/2026,
1178,41.2,gf,3.120,mm,OK,--,6:17:38 PM,1/26/2026,
1179,41.1,gf,3.115,mm,OK,--,6:17:38 PM,1/26/2026,
1180,41.1,gf,3.105,mm,OK,--,6:17:38 PM,1/26/2026,
1181,41.0,gf,3.100,mm,OK,--,6:17:38 PM,1/26/2026,
1182,41.1,gf,3.095,mm,OK,--,6:17:39 PM,1/26/2026,
1183,41.1,gf,3.090,mm,OK,--,6:17:39 PM,1/26/2026,
1184,41.0,gf,3.085,mm,OK,--,6:17:39 PM,1/26/2026,
1185,41.0,gf,3.075,mm,OK,--,6:17:39 PM,1/26/2026,
1186,41.0,gf,3.070,mm,OK,--,6:17:39 PM,1/26/2026,
1187,41.0,gf,3.065,mm,OK,--,6:17:39 PM,1/26/2026,
1188,41.0,gf,3.060,mm,OK,--,6:17:39 PM,1/26/2026,
1189,41.1,gf,3.060,mm,OK,--,6:17:39 PM,1/26/2026,
1190,41.0,gf,3.055,mm,OK,--,6:17:39 PM,1/26/2026,
1191,40.9,gf,3.045,mm,OK,--,6:17:39 PM,1/26/2026,
1192,40.9,gf,3.040,mm,OK,--,6:17:40 PM,1/26/2026,
1193,40.9,gf,3.035,mm,OK,--,6:17:40 PM,1/26/2026,
1194,40.9,gf,3.030,mm,OK,--,6:17:40 PM,1/26/2026,
1195,40.9,gf,3.025,mm,OK,--,6:17:40 PM,1/26/2026,
1196,40.9,gf,3.025,mm,OK,--,6:17:40 PM,1/26/2026,
1197,41.0,gf,3.025,mm,OK,--,6:17:40 PM,1/26/2026,
1198,41.0,gf,3.020,mm,OK,--,6:17:40 PM,1/26/2026,
1199,40.9,gf,3.020,mm,OK,--,6:17:40 PM,1/26/2026,
1200,40.9,gf,3.020,mm,OK,--,6:17:40 PM,1/26/2026,
1201,40.9,gf,3.015,mm,OK,--,6:17:40 PM,1/26/2026,
1202,40.9,gf,3.015,mm,OK,--,6:17:41 PM,1/26/2026,
1203,40.9,gf,3.015,mm,OK,--,6:17:41 PM,1/26/2026,
1204,40.9,gf,3.010,mm,OK,--,6:17:41 PM,1/26/2026,
1205,40.9,gf,3.010,mm,OK,--,6:17:41 PM,1/26/2026,
1206,40.7,gf,3.005,mm,OK,--,6:17:41 PM,1/26/2026,
1207,40.8,gf,3.000,mm,OK,--,6:17:41 PM,1/26/2026,
1208,40.8,gf,2.995,mm,OK,--,6:17:41 PM,1/26/2026,
1209,40.8,gf,2.995,mm,OK,--,6:17:41 PM,1/26/2026,
1210,40.8,gf,2.990,mm,OK,--,6:17:41 PM,1/26/2026,
1211,40.8,gf,2.985,mm,OK,--,6:17:41 PM,1/26/2026,
1212,40.8,gf,2.985,mm,OK,--,6:17:42 PM,1/26/2026,
1213,40.8,gf,2.980,mm,OK,--,6:17:42 PM,1/26/2026,
1214,40.7,gf,2.980,mm,OK,--,6:17:42 PM,1/26/2026,
1215,40.8,gf,2.975,mm,OK,--,6:17:42 PM,1/26/2026,
1216,40.8,gf,2.975,mm,OK,--,6:17:42 PM,1/26/2026,
1217,40.6,gf,2.970,mm,OK,--,6:17:42 PM,1/26/2026,
1218,40.6,gf,2.965,mm,OK,--,6:17:42 PM,1/26/2026,
1219,40.6,gf,2.960,mm,OK,--,6:17:42 PM,1/26/2026,
1220,40.6,gf,2.955,mm,OK,--,6:17:42 PM,1/26/2026,
1221,40.7,gf,2.950,mm,OK,--,6:17:42 PM,1/26/2026,
1222,40.7,gf,2.950,mm,OK,--,6:17:43 PM,1/26/2026,
1223,40.6,gf,2.945,mm,OK,--,6:17:43 PM,1/26/2026,
1224,40.7,gf,2.945,mm,OK,--,6:17:43 PM,1/26/2026,
1225,40.7,gf,2.940,mm,OK,--,6:17:43 PM,1/26/2026,
1226,40.6,gf,2.935,mm,OK,--,6:17:43 PM,1/26/2026,
1227,40.5,gf,2.930,mm,OK,--,6:17:43 PM,1/26/2026,
1228,40.5,gf,2.925,mm,OK,--,6:17:43 PM,1/26/2026,
1229,40.5,gf,2.915,mm,OK,--,6:17:43 PM,1/26/2026,
1230,40.4,gf,2.905,mm,OK,--,6:17:43 PM,1/26/2026,
1231,40.4,gf,2.900,mm,OK,--,6:17:44 PM,1/26/2026,
1232,40.4,gf,2.890,mm,OK,--,6:17:44 PM,1/26/2026,
1233,40.3,gf,2.880,mm,OK,--,6:17:44 PM,1/26/2026,
1234,40.4,gf,2.870,mm,OK,--,6:17:44 PM,1/26/2026,
1235,40.4,gf,2.865,mm,OK,--,6:17:44 PM,1/26/2026,
1236,40.4,gf,2.860,mm,OK,--,6:17:44 PM,1/26/2026,
1237,40.3,gf,2.855,mm,OK,--,6:17:44 PM,1/26/2026,
1238,40.3,gf,2.850,mm,OK,--,6:17:44 PM,1/26/2026,
1239,40.3,gf,2.845,mm,OK,--,6:17:44 PM,1/26/2026,
1240,40.3,gf,2.840,mm,OK,--,6:17:44 PM,1/26/2026,
1241,40.3,gf,2.835,mm,OK,--,6:17:44 PM,1/26/2026,
1242,40.3,gf,2.830,mm,OK,--,6:17:45 PM,1/26/2026,
1243,40.3,gf,2.825,mm,OK,--,6:17:45 PM,1/26/2026,
1244,40.2,gf,2.820,mm,OK,--,6:17:45 PM,1/26/2026,
1245,40.1,gf,2.810,mm,OK,--,6:17:45 PM,1/26/2026,
1246,40.1,gf,2.805,mm,OK,--,6:17:45 PM,1/26/2026,
1247,40.2,gf,2.800,mm,OK,--,6:17:45 PM,1/26/2026,
1248,40.2,gf,2.795,mm,OK,--,6:17:45 PM,1/26/2026,
1249,40.2,gf,2.790,mm,OK,--,6:17:45 PM,1/26/2026,
1250,40.2,gf,2.785,mm,OK,--,6:17:45 PM,1/26/2026,
1251,40.2,gf,2.780,mm,OK,--,6:17:45 PM,1/26/2026,
1252,40.3,gf,2.775,mm,OK,--,6:17:46 PM,1/26/2026,
1253,40.2,gf,2.770,mm,OK,--,6:17:46 PM,1/26/2026,
1254,40.2,gf,2.765,mm,OK,--,6:17:46 PM,1/26/2026,
1255,40.2,gf,2.760,mm,OK,--,6:17:46 PM,1/26/2026,
1256,40.2,gf,2.760,mm,OK,--,6:17:46 PM,1/26/2026,
1257,40.2,gf,2.755,mm,OK,--,6:17:46 PM,1/26/2026,
1258,40.2,gf,2.755,mm,OK,--,6:17:46 PM,1/26/2026,
1259,40.2,gf,2.750,mm,OK,--,6:17:46 PM,1/26/2026,
1260,40.2,gf,2.750,mm,OK,--,6:17:46 PM,1/26/2026,
1261,40.1,gf,2.745,mm,OK,--,6:17:46 PM,1/26/2026,
1262,40.1,gf,2.745,mm,OK,--,6:17:47 PM,1/26/2026,
1263,40.1,gf,2.740,mm,OK,--,6:17:47 PM,1/26/2026,
1264,40.1,gf,2.740,mm,OK,--,6:17:47 PM,1/26/2026,
1265,40.0,gf,2.735,mm,OK,--,6:17:47 PM,1/26/2026,
1266,40.0,gf,2.735,mm,OK,--,6:17:47 PM,1/26/2026,
1267,40.1,gf,2.735,mm,OK,--,6:17:47 PM,1/26/2026,
1268,40.1,gf,2.730,mm,OK,--,6:17:47 PM,1/26/2026,
1269,40.1,gf,2.730,mm,OK,--,6:17:47 PM,1/26/2026,
1270,40.1,gf,2.730,mm,OK,--,6:17:47 PM,1/26/2026,
1271,40.1,gf,2.730,mm,OK,--,6:17:47 PM,1/26/2026,
1272,40.1,gf,2.730,mm,OK,--,6:17:48 PM,1/26/2026,
1273,40.1,gf,2.730,mm,OK,--,6:17:48 PM,1/26/2026,
1274,40.1,gf,2.730,mm,OK,--,6:17:48 PM,1/26/2026,
1275,40.1,gf,2.725,mm,OK,--,6:17:48 PM,1/26/2026,
1276,40.1,gf,2.725,mm,OK,--,6:17:48 PM,1/26/2026,
1277,40.0,gf,2.725,mm,OK,--,6:17:48 PM,1/26/2026,
1278,40.0,gf,2.720,mm,OK,--,6:17:48 PM,1/26/2026,
1279,40.0,gf,2.720,mm,OK,--,6:17:48 PM,1/26/2026,
1280,40.0,gf,2.720,mm,OK,--,6:17:48 PM,1/26/2026,
1281,40.0,gf,2.715,mm,OK,--,6:17:48 PM,1/26/2026,
1282,39.9,gf,2.715,mm,OK,--,6:17:49 PM,1/26/2026,
1283,40.0,gf,2.710,mm,OK,--,6:17:49 PM,1/26/2026,
1284,39.9,gf,2.710,mm,OK,--,6:17:49 PM,1/26/2026,
1285,39.9,gf,2.705,mm,OK,--,6:17:49 PM,1/26/2026,
1286,39.9,gf,2.705,mm,OK,--,6:17:49 PM,1/26/2026,
1287,39.8,gf,2.705,mm,OK,--,6:17:49 PM,1/26/2026,
1288,39.6,gf,2.695,mm,OK,--,6:17:49 PM,1/26/2026,
1289,39.7,gf,2.685,mm,OK,--,6:17:49 PM,1/26/2026,
1290,39.7,gf,2.680,mm,OK,--,6:17:49 PM,1/26/2026,
1291,39.7,gf,2.675,mm,OK,--,6:17:49 PM,1/26/2026,
1292,39.6,gf,2.665,mm,OK,--,6:17:50 PM,1/26/2026,
1293,39.5,gf,2.660,mm,OK,--,6:17:50 PM,1/26/2026,
1294,39.5,gf,2.650,mm,OK,--,6:17:50 PM,1/26/2026,
1295,39.6,gf,2.645,mm,OK,--,6:17:50 PM,1/26/2026,
1296,39.5,gf,2.640,mm,OK,--,6:17:50 PM,1/26/2026,
1297,39.6,gf,2.640,mm,OK,--,6:17:50 PM,1/26/2026,
1298,39.6,gf,2.635,mm,OK,--,6:17:50 PM,1/26/2026,
1299,39.5,gf,2.630,mm,OK,--,6:17:50 PM,1/26/2026,
1300,39.5,gf,2.630,mm,OK,--,6:17:50 PM,1/26/2026,
1301,39.5,gf,2.625,mm,OK,--,6:17:50 PM,1/26/2026,
1302,39.5,gf,2.625,mm,OK,--,6:17:51 PM,1/26/2026,
1303,39.5,gf,2.625,mm,OK,--,6:17:51 PM,1/26/2026,
1304,39.5,gf,2.625,mm,OK,--,6:17:51 PM,1/26/2026,
1305,39.6,gf,2.620,mm,OK,--,6:17:51 PM,1/26/2026,
1306,39.5,gf,2.620,mm,OK,--,6:17:51 PM,1/26/2026,
1307,39.5,gf,2.620,mm,OK,--,6:17:51 PM,1/26/2026,
1308,39.4,gf,2.615,mm,OK,--,6:17:51 PM,1/26/2026,
1309,39.2,gf,2.605,mm,OK,--,6:17:51 PM,1/26/2026,
1310,39.2,gf,2.600,mm,OK,--,6:17:51 PM,1/26/2026,
1311,39.2,gf,2.595,mm,OK,--,6:17:51 PM,1/26/2026,
1312,39.2,gf,2.585,mm,OK,--,6:17:52 PM,1/26/2026,
1313,39.2,gf,2.580,mm,OK,--,6:17:52 PM,1/26/2026,
1314,39.3,gf,2.580,mm,OK,--,6:17:52 PM,1/26/2026,
1315,39.3,gf,2.575,mm,OK,--,6:17:52 PM,1/26/2026,
1316,39.3,gf,2.575,mm,OK,--,6:17:52 PM,1/26/2026,
1317,39.2,gf,2.575,mm,OK,--,6:17:52 PM,1/26/2026,
1318,39.2,gf,2.570,mm,OK,--,6:17:52 PM,1/26/2026,
1319,39.1,gf,2.570,mm,OK,--,6:17:52 PM,1/26/2026,
1320,39.1,gf,2.570,mm,OK,--,6:17:52 PM,1/26/2026,
1321,39.1,gf,2.565,mm,OK,--,6:17:52 PM,1/26/2026,
1322,39.1,gf,2.565,mm,OK,--,6:17:53 PM,1/26/2026,
1323,39.1,gf,2.565,mm,OK,--,6:17:53 PM,1/26/2026,
1324,39.1,gf,2.565,mm,OK,--,6:17:53 PM,1/26/2026,
1325,38.9,gf,2.560,mm,OK,--,6:17:53 PM,1/26/2026,
1326,38.8,gf,2.560,mm,OK,--,6:17:53 PM,1/26/2026,
1327,38.6,gf,2.550,mm,OK,--,6:17:53 PM,1/26/2026,
1328,38.5,gf,2.545,mm,OK,--,6:17:53 PM,1/26/2026,
1329,38.4,gf,2.540,mm,OK,--,6:17:53 PM,1/26/2026,
1330,38.0,gf,2.530,mm,OK,--,6:17:53 PM,1/26/2026,
1331,37.8,gf,2.520,mm,OK,--,6:17:53 PM,1/26/2026,
1332,37.8,gf,2.515,mm,OK,--,6:17:54 PM,1/26/2026,
1333,37.7,gf,2.510,mm,OK,--,6:17:54 PM,1/26/2026,
1334,37.5,gf,2.505,mm,OK,--,6:17:54 PM,1/26/2026,
1335,37.5,gf,2.500,mm,OK,--,6:17:54 PM,1/26/2026,
1336,37.4,gf,2.495,mm,OK,--,6:17:54 PM,1/26/2026,
1337,37.2,gf,2.490,mm,OK,--,6:17:54 PM,1/26/2026,
1338,36.9,gf,2.480,mm,OK,--,6:17:54 PM,1/26/2026,
1339,36.8,gf,2.475,mm,OK,--,6:17:54 PM,1/26/2026,
1340,36.7,gf,2.465,mm,OK,--,6:17:54 PM,1/26/2026,
1341,36.4,gf,2.455,mm,OK,--,6:17:54 PM,1/26/2026,
1342,36.2,gf,2.445,mm,OK,--,6:17:55 PM,1/26/2026,
1343,36.2,gf,2.435,mm,OK,--,6:17:55 PM,1/26/2026,
1344,36.0,gf,2.430,mm,OK,--,6:17:55 PM,1/26/2026,
1345,36.0,gf,2.425,mm,OK,--,6:17:55 PM,1/26/2026,
1346,36.0,gf,2.420,mm,OK,--,6:17:55 PM,1/26/2026,
1347,35.9,gf,2.420,mm,OK,--,6:17:55 PM,1/26/2026,
1348,35.8,gf,2.415,mm,OK,--,6:17:55 PM,1/26/2026,
1349,35.7,gf,2.410,mm,OK,--,6:17:55 PM,1/26/2026,
1350,35.8,gf,2.410,mm,OK,--,6:17:55 PM,1/26/2026,
1351,35.5,gf,2.405,mm,OK,--,6:17:55 PM,1/26/2026,
1352,35.7,gf,2.400,mm,OK,--,6:17:56 PM,1/26/2026,
1353,35.7,gf,2.400,mm,OK,--,6:17:56 PM,1/26/2026,
1354,35.5,gf,2.395,mm,OK,--,6:17:56 PM,1/26/2026,
1355,35.4,gf,2.395,mm,OK,--,6:17:56 PM,1/26/2026,
1356,35.4,gf,2.390,mm,OK,--,6:17:56 PM,1/26/2026,
1357,35.2,gf,2.385,mm,OK,--,6:17:56 PM,1/26/2026,
1358,35.2,gf,2.380,mm,OK,--,6:17:56 PM,1/26/2026,
1359,35.1,gf,2.375,mm,OK,--,6:17:56 PM,1/26/2026,
1360,34.9,gf,2.365,mm,OK,--,6:17:56 PM,1/26/2026,
1361,34.9,gf,2.360,mm,OK,--,6:17:56 PM,1/26/2026,
1362,34.9,gf,2.355,mm,OK,--,6:17:57 PM,1/26/2026,
1363,34.9,gf,2.350,mm,OK,--,6:17:57 PM,1/26/2026,
1364,34.7,gf,2.345,mm,OK,--,6:17:57 PM,1/26/2026,
1365,34.7,gf,2.340,mm,OK,--,6:17:57 PM,1/26/2026,
1366,34.6,gf,2.335,mm,OK,--,6:17:57 PM,1/26/2026,
1367,34.5,gf,2.330,mm,OK,--,6:17:57 PM,1/26/2026,
1368,34.3,gf,2.325,mm,OK,--,6:17:57 PM,1/26/2026,
1369,34.4,gf,2.320,mm,OK,--,6:17:57 PM,1/26/2026,
1370,34.5,gf,2.315,mm,OK,--,6:17:57 PM,1/26/2026,
1371,34.3,gf,2.315,mm,OK,--,6:17:57 PM,1/26/2026,
1372,34.3,gf,2.305,mm,OK,--,6:17:58 PM,1/26/2026,
1373,34.3,gf,2.300,mm,OK,--,6:17:58 PM,1/26/2026,
1374,34.2,gf,2.295,mm,OK,--,6:17:58 PM,1/26/2026,
1375,34.2,gf,2.290,mm,OK,--,6:17:58 PM,1/26/2026,
1376,34.1,gf,2.285,mm,OK,--,6:17:58 PM,1/26/2026,
1377,34.1,gf,2.275,mm,OK,--,6:17:58 PM,1/26/2026,
1378,34.2,gf,2.270,mm,OK,--,6:17:58 PM,1/26/2026,
1379,34.2,gf,2.260,mm,OK,--,6:17:58 PM,1/26/2026,
1380,33.9,gf,2.255,mm,OK,--,6:17:58 PM,1/26/2026,
1381,33.7,gf,2.245,mm,OK,--,6:17:58 PM,1/26/2026,
1382,33.7,gf,2.240,mm,OK,--,6:17:59 PM,1/26/2026,
1383,33.6,gf,2.230,mm,OK,--,6:17:59 PM,1/26/2026,
1384,33.8,gf,2.225,mm,OK,--,6:17:59 PM,1/26/2026,
1385,33.7,gf,2.220,mm,OK,--,6:17:59 PM,1/26/2026,
1386,33.8,gf,2.215,mm,OK,--,6:17:59 PM,1/26/2026,
1387,33.9,gf,2.215,mm,OK,--,6:17:59 PM,1/26/2026,
1388,33.9,gf,2.210,mm,OK,--,6:17:59 PM,1/26/2026,
1389,33.8,gf,2.210,mm,OK,--,6:17:59 PM,1/26/2026,
1390,33.9,gf,2.205,mm,OK,--,6:17:59 PM,1/26/2026,
1391,33.8,gf,2.200,mm,OK,--,6:17:59 PM,1/26/2026,
1392,33.7,gf,2.195,mm,OK,--,6:18:00 PM,1/26/2026,
1393,33.8,gf,2.190,mm,OK,--,6:18:00 PM,1/26/2026,
1394,33.6,gf,2.185,mm,OK,--,6:18:00 PM,1/26/2026,
1395,33.5,gf,2.180,mm,OK,--,6:18:00 PM,1/26/2026,
1396,33.6,gf,2.175,mm,OK,--,6:18:00 PM,1/26/2026,
1397,33.5,gf,2.170,mm,OK,--,6:18:00 PM,1/26/2026,
1398,33.5,gf,2.165,mm,OK,--,6:18:00 PM,1/26/2026,
1399,33.6,gf,2.160,mm,OK,--,6:18:00 PM,1/26/2026,
1400,33.5,gf,2.155,mm,OK,--,6:18:00 PM,1/26/2026,
1401,33.4,gf,2.150,mm,OK,--,6:18:00 PM,1/26/2026,
1402,33.1,gf,2.140,mm,OK,--,6:18:01 PM,1/26/2026,
1403,33.1,gf,2.135,mm,OK,--,6:18:01 PM,1/26/2026,
1404,33.1,gf,2.125,mm,OK,--,6:18:01 PM,1/26/2026,
1405,33.1,gf,2.120,mm,OK,--,6:18:01 PM,1/26/2026,
1406,33.1,gf,2.110,mm,OK,--,6:18:01 PM,1/26/2026,
1407,33.0,gf,2.105,mm,OK,--,6:18:01 PM,1/26/2026,
1408,33.0,gf,2.100,mm,OK,--,6:18:01 PM,1/26/2026,
1409,32.7,gf,2.085,mm,OK,--,6:18:01 PM,1/26/2026,
1410,32.8,gf,2.075,mm,OK,--,6:18:01 PM,1/26/2026,
1411,33.0,gf,2.070,mm,OK,--,6:18:01 PM,1/26/2026,
1412,33.0,gf,2.065,mm,OK,--,6:18:02 PM,1/26/2026,
1413,33.0,gf,2.060,mm,OK,--,6:18:02 PM,1/26/2026,
1414,33.0,gf,2.060,mm,OK,--,6:18:02 PM,1/26/2026,
1415,32.9,gf,2.055,mm,OK,--,6:18:02 PM,1/26/2026,
1416,32.9,gf,2.055,mm,OK,--,6:18:02 PM,1/26/2026,
1417,32.8,gf,2.050,mm,OK,--,6:18:02 PM,1/26/2026,
1418,32.9,gf,2.045,mm,OK,--,6:18:02 PM,1/26/2026,
1419,32.9,gf,2.045,mm,OK,--,6:18:02 PM,1/26/2026,
1420,32.9,gf,2.040,mm,OK,--,6:18:02 PM,1/26/2026,
1421,32.9,gf,2.040,mm,OK,--,6:18:02 PM,1/26/2026,
1422,32.9,gf,2.035,mm,OK,--,6:18:03 PM,1/26/2026,
1423,32.9,gf,2.030,mm,OK,--,6:18:03 PM,1/26/2026,
1424,32.9,gf,2.030,mm,OK,--,6:18:03 PM,1/26/2026,
1425,33.0,gf,2.025,mm,OK,--,6:18:03 PM,1/26/2026,
1426,32.9,gf,2.025,mm,OK,--,6:18:03 PM,1/26/2026,
1427,32.8,gf,2.020,mm,OK,--,6:18:03 PM,1/26/2026,
1428,32.8,gf,2.020,mm,OK,--,6:18:03 PM,1/26/2026,
1429,32.9,gf,2.015,mm,OK,--,6:18:03 PM,1/26/2026,
1430,32.8,gf,2.015,mm,OK,--,6:18:03 PM,1/26/2026,
1431,32.6,gf,2.010,mm,OK,--,6:18:03 PM,1/26/2026,
1432,32.6,gf,2.005,mm,OK,--,6:18:04 PM,1/26/2026,
1433,32.6,gf,2.000,mm,OK,--,6:18:04 PM,1/26/2026,
1434,32.7,gf,1.995,mm,OK,--,6:18:04 PM,1/26/2026,
1435,32.7,gf,1.990,mm,OK,--,6:18:04 PM,1/26/2026,
1436,32.6,gf,1.985,mm,OK,--,6:18:04 PM,1/26/2026,
1437,32.5,gf,1.980,mm,OK,--,6:18:04 PM,1/26/2026,
1438,32.4,gf,1.975,mm,OK,--,6:18:04 PM,1/26/2026,
1439,32.3,gf,1.965,mm,OK,--,6:18:04 PM,1/26/2026,
1440,32.2,gf,1.960,mm,OK,--,6:18:04 PM,1/26/2026,
1441,32.2,gf,1.950,mm,OK,--,6:18:04 PM,1/26/2026,
1442,32.2,gf,1.940,mm,OK,--,6:18:05 PM,1/26/2026,
1443,32.3,gf,1.930,mm,OK,--,6:18:05 PM,1/26/2026,
1444,32.2,gf,1.925,mm,OK,--,6:18:05 PM,1/26/2026,
1445,32.2,gf,1.915,mm,OK,--,6:18:05 PM,1/26/2026,
1446,32.0,gf,1.910,mm,OK,--,6:18:05 PM,1/26/2026,
1447,32.1,gf,1.900,mm,OK,--,6:18:05 PM,1/26/2026,
1448,32.1,gf,1.895,mm,OK,--,6:18:05 PM,1/26/2026,
1449,32.2,gf,1.890,mm,OK,--,6:18:05 PM,1/26/2026,
1450,32.3,gf,1.890,mm,OK,--,6:18:05 PM,1/26/2026,
1451,32.1,gf,1.885,mm,OK,--,6:18:05 PM,1/26/2026,
1452,32.0,gf,1.880,mm,OK,--,6:18:06 PM,1/26/2026,
1453,32.1,gf,1.875,mm,OK,--,6:18:06 PM,1/26/2026,
1454,32.2,gf,1.870,mm,OK,--,6:18:06 PM,1/26/2026,
1455,32.2,gf,1.865,mm,OK,--,6:18:06 PM,1/26/2026,
1456,32.3,gf,1.865,mm,OK,--,6:18:06 PM,1/26/2026,
1457,32.2,gf,1.860,mm,OK,--,6:18:06 PM,1/26/2026,
1458,32.2,gf,1.860,mm,OK,--,6:18:06 PM,1/26/2026,
1459,32.3,gf,1.855,mm,OK,--,6:18:06 PM,1/26/2026,
1460,32.2,gf,1.855,mm,OK,--,6:18:06 PM,1/26/2026,
1461,32.4,gf,1.850,mm,OK,--,6:18:06 PM,1/26/2026,
1462,32.4,gf,1.850,mm,OK,--,6:18:07 PM,1/26/2026,
1463,32.3,gf,1.850,mm,OK,--,6:18:07 PM,1/26/2026,
1464,32.3,gf,1.850,mm,OK,--,6:18:07 PM,1/26/2026,
1465,32.2,gf,1.845,mm,OK,--,6:18:07 PM,1/26/2026,
1466,32.1,gf,1.845,mm,OK,--,6:18:07 PM,1/26/2026,
1467,32.0,gf,1.840,mm,OK,--,6:18:07 PM,1/26/2026,
1468,32.0,gf,1.835,mm,OK,--,6:18:07 PM,1/26/2026,
1469,32.0,gf,1.830,mm,OK,--,6:18:07 PM,1/26/2026,
1470,31.9,gf,1.825,mm,OK,--,6:18:07 PM,1/26/2026,
1471,31.8,gf,1.820,mm,OK,--,6:18:07 PM,1/26/2026,
1472,31.8,gf,1.815,mm,OK,--,6:18:08 PM,1/26/2026,
1473,31.8,gf,1.810,mm,OK,--,6:18:08 PM,1/26/2026,
1474,31.5,gf,1.805,mm,OK,--,6:18:08 PM,1/26/2026,
1475,31.6,gf,1.800,mm,OK,--,6:18:08 PM,1/26/2026,
1476,31.5,gf,1.790,mm,OK,--,6:18:08 PM,1/26/2026,
1477,31.5,gf,1.785,mm,OK,--,6:18:08 PM,1/26/2026,
1478,31.5,gf,1.775,mm,OK,--,6:18:08 PM,1/26/2026,
1479,31.4,gf,1.770,mm,OK,--,6:18:08 PM,1/26/2026,
1480,31.3,gf,1.765,mm,OK,--,6:18:08 PM,1/26/2026,
1481,31.3,gf,1.755,mm,OK,--,6:18:08 PM,1/26/2026,
1482,31.2,gf,1.750,mm,OK,--,6:18:09 PM,1/26/2026,
1483,31.2,gf,1.745,mm,OK,--,6:18:09 PM,1/26/2026,
1484,31.1,gf,1.740,mm,OK,--,6:18:09 PM,1/26/2026,
1485,31.2,gf,1.735,mm,OK,--,6:18:09 PM,1/26/2026,
1486,31.1,gf,1.725,mm,OK,--,6:18:09 PM,1/26/2026,
1487,31.0,gf,1.720,mm,OK,--,6:18:09 PM,1/26/2026,
1488,31.0,gf,1.710,mm,OK,--,6:18:09 PM,1/26/2026,
1489,31.1,gf,1.705,mm,OK,--,6:18:09 PM,1/26/2026,
1490,30.9,gf,1.695,mm,OK,--,6:18:09 PM,1/26/2026,
1491,30.9,gf,1.690,mm,OK,--,6:18:09 PM,1/26/2026,
1492,30.7,gf,1.680,mm,OK,--,6:18:10 PM,1/26/2026,
1493,30.7,gf,1.665,mm,OK,--,6:18:10 PM,1/26/2026,
1494,30.7,gf,1.660,mm,OK,--,6:18:10 PM,1/26/2026,
1495,30.7,gf,1.650,mm,OK,--,6:18:10 PM,1/26/2026,
1496,30.8,gf,1.640,mm,OK,--,6:18:10 PM,1/26/2026,
1497,30.7,gf,1.630,mm,OK,--,6:18:10 PM,1/26/2026,
1498,30.8,gf,1.625,mm,OK,--,6:18:10 PM,1/26/2026,
1499,30.8,gf,1.615,mm,OK,--,6:18:10 PM,1/26/2026,
1500,30.9,gf,1.610,mm,OK,--,6:18:10 PM,1/26/2026,
1501,30.7,gf,1.605,mm,OK,--,6:18:10 PM,1/26/2026,
1502,30.8,gf,1.595,mm,OK,--,6:18:11 PM,1/26/2026,
1503,30.8,gf,1.590,mm,OK,--,6:18:11 PM,1/26/2026,
1504,30.8,gf,1.585,mm,OK,--,6:18:11 PM,1/26/2026,
1505,30.9,gf,1.580,mm,OK,--,6:18:11 PM,1/26/2026,
1506,30.9,gf,1.575,mm,OK,--,6:18:11 PM,1/26/2026,
1507,31.0,gf,1.575,mm,OK,--,6:18:11 PM,1/26/2026,
1508,30.9,gf,1.570,mm,OK,--,6:18:11 PM,1/26/2026,
1509,30.9,gf,1.560,mm,OK,--,6:18:11 PM,1/26/2026,
1510,30.9,gf,1.555,mm,OK,--,6:18:11 PM,1/26/2026,
1511,30.9,gf,1.550,mm,OK,--,6:18:11 PM,1/26/2026,
1512,30.8,gf,1.545,mm,OK,--,6:18:12 PM,1/26/2026,
1513,30.9,gf,1.540,mm,OK,--,6:18:12 PM,1/26/2026,
1514,30.9,gf,1.540,mm,OK,--,6:18:12 PM,1/26/2026,
1515,30.8,gf,1.535,mm,OK,--,6:18:12 PM,1/26/2026,
1516,30.8,gf,1.530,mm,OK,--,6:18:12 PM,1/26/2026,
1517,30.7,gf,1.525,mm,OK,--,6:18:12 PM,1/26/2026,
1518,30.6,gf,1.525,mm,OK,--,6:18:12 PM,1/26/2026,
1519,30.5,gf,1.515,mm,OK,--,6:18:12 PM,1/26/2026,
1520,30.5,gf,1.510,mm,OK,--,6:18:12 PM,1/26/2026,
1521,30.5,gf,1.505,mm,OK,--,6:18:12 PM,1/26/2026,
1522,30.4,gf,1.500,mm,OK,--,6:18:13 PM,1/26/2026,
1523,30.3,gf,1.495,mm,OK,--,6:18:13 PM,1/26/2026,
1524,30.3,gf,1.495,mm,OK,--,6:18:13 PM,1/26/2026,
1525,30.3,gf,1.490,mm,OK,--,6:18:13 PM,1/26/2026,
1526,30.1,gf,1.485,mm,OK,--,6:18:13 PM,1/26/2026,
1527,29.9,gf,1.475,mm,OK,--,6:18:13 PM,1/26/2026,
1528,30.0,gf,1.470,mm,OK,--,6:18:13 PM,1/26/2026,
1529,29.8,gf,1.460,mm,OK,--,6:18:13 PM,1/26/2026,
1530,29.9,gf,1.450,mm,OK,--,6:18:13 PM,1/26/2026,
1531,29.8,gf,1.440,mm,OK,--,6:18:13 PM,1/26/2026,
1532,30.0,gf,1.430,mm,OK,--,6:18:14 PM,1/26/2026,
1533,30.0,gf,1.420,mm,OK,--,6:18:14 PM,1/26/2026,
1534,30.1,gf,1.410,mm,OK,--,6:18:14 PM,1/26/2026,
1535,30.1,gf,1.405,mm,OK,--,6:18:14 PM,1/26/2026,
1536,30.1,gf,1.400,mm,OK,--,6:18:14 PM,1/26/2026,
1537,30.1,gf,1.395,mm,OK,--,6:18:14 PM,1/26/2026,
1538,29.9,gf,1.390,mm,OK,--,6:18:14 PM,1/26/2026,
1539,29.8,gf,1.380,mm,OK,--,6:18:14 PM,1/26/2026,
1540,29.9,gf,1.370,mm,OK,--,6:18:14 PM,1/26/2026,
1541,30.0,gf,1.365,mm,OK,--,6:18:14 PM,1/26/2026,
1542,30.1,gf,1.360,mm,OK,--,6:18:15 PM,1/26/2026,
1543,30.2,gf,1.360,mm,OK,--,6:18:15 PM,1/26/2026,
1544,30.2,gf,1.355,mm,OK,--,6:18:15 PM,1/26/2026,
1545,30.1,gf,1.350,mm,OK,--,6:18:15 PM,1/26/2026,
1546,30.1,gf,1.345,mm,OK,--,6:18:15 PM,1/26/2026,
1547,30.2,gf,1.345,mm,OK,--,6:18:15 PM,1/26/2026,
1548,30.2,gf,1.340,mm,OK,--,6:18:15 PM,1/26/2026,
1549,30.2,gf,1.335,mm,OK,--,6:18:15 PM,1/26/2026,
1550,30.2,gf,1.335,mm,OK,--,6:18:15 PM,1/26/2026,
1551,30.2,gf,1.330,mm,OK,--,6:18:15 PM,1/26/2026,
1552,30.2,gf,1.325,mm,OK,--,6:18:16 PM,1/26/2026,
1553,30.2,gf,1.320,mm,OK,--,6:18:16 PM,1/26/2026,
1554,30.2,gf,1.315,mm,OK,--,6:18:16 PM,1/26/2026,
1555,30.2,gf,1.310,mm,OK,--,6:18:16 PM,1/26/2026,
1556,30.0,gf,1.305,mm,OK,--,6:18:16 PM,1/26/2026,
1557,30.0,gf,1.300,mm,OK,--,6:18:16 PM,1/26/2026,
1558,30.1,gf,1.295,mm,OK,--,6:18:16 PM,1/26/2026,
1559,30.1,gf,1.290,mm,OK,--,6:18:16 PM,1/26/2026,
1560,30.0,gf,1.285,mm,OK,--,6:18:16 PM,1/26/2026,
1561,30.0,gf,1.280,mm,OK,--,6:18:16 PM,1/26/2026,
1562,30.1,gf,1.275,mm,OK,--,6:18:17 PM,1/26/2026,
1563,29.9,gf,1.270,mm,OK,--,6:18:17 PM,1/26/2026,
1564,29.9,gf,1.270,mm,OK,--,6:18:17 PM,1/26/2026,
1565,29.9,gf,1.265,mm,OK,--,6:18:17 PM,1/26/2026,
1566,30.0,gf,1.260,mm,OK,--,6:18:17 PM,1/26/2026,
1567,29.9,gf,1.255,mm,OK,--,6:18:17 PM,1/26/2026,
1568,30.0,gf,1.250,mm,OK,--,6:18:17 PM,1/26/2026,
1569,30.0,gf,1.250,mm,OK,--,6:18:17 PM,1/26/2026,
1570,30.1,gf,1.245,mm,OK,--,6:18:17 PM,1/26/2026,
1571,29.9,gf,1.240,mm,OK,--,6:18:17 PM,1/26/2026,
1572,30.0,gf,1.240,mm,OK,--,6:18:18 PM,1/26/2026,
1573,30.0,gf,1.235,mm,OK,--,6:18:18 PM,1/26/2026,
1574,29.8,gf,1.230,mm,OK,--,6:18:18 PM,1/26/2026,
1575,29.9,gf,1.225,mm,OK,--,6:18:18 PM,1/26/2026,
1576,29.9,gf,1.220,mm,OK,--,6:18:18 PM,1/26/2026,
1577,29.7,gf,1.215,mm,OK,--,6:18:18 PM,1/26/2026,
1578,29.7,gf,1.210,mm,OK,--,6:18:18 PM,1/26/2026,
1579,29.6,gf,1.205,mm,OK,--,6:18:18 PM,1/26/2026,
1580,29.6,gf,1.195,mm,OK,--,6:18:18 PM,1/26/2026,
1581,29.7,gf,1.190,mm,OK,--,6:18:18 PM,1/26/2026,
1582,29.8,gf,1.180,mm,OK,--,6:18:19 PM,1/26/2026,
1583,29.8,gf,1.175,mm,OK,--,6:18:19 PM,1/26/2026,
1584,29.7,gf,1.175,mm,OK,--,6:18:19 PM,1/26/2026,
1585,29.8,gf,1.170,mm,OK,--,6:18:19 PM,1/26/2026,
1586,29.5,gf,1.165,mm,OK,--,6:18:19 PM,1/26/2026,
1587,29.4,gf,1.155,mm,OK,--,6:18:19 PM,1/26/2026,
1588,29.6,gf,1.150,mm,OK,--,6:18:19 PM,1/26/2026,
1589,29.5,gf,1.145,mm,OK,--,6:18:19 PM,1/26/2026,
1590,29.5,gf,1.140,mm,OK,--,6:18:19 PM,1/26/2026,
1591,29.5,gf,1.135,mm,OK,--,6:18:19 PM,1/26/2026,
1592,29.6,gf,1.135,mm,OK,--,6:18:20 PM,1/26/2026,
1593,29.5,gf,1.130,mm,OK,--,6:18:20 PM,1/26/2026,
1594,29.3,gf,1.125,mm,OK,--,6:18:20 PM,1/26/2026,
1595,29.3,gf,1.120,mm,OK,--,6:18:20 PM,1/26/2026,
1596,29.3,gf,1.115,mm,OK,--,6:18:20 PM,1/26/2026,
1597,29.3,gf,1.110,mm,OK,--,6:18:20 PM,1/26/2026,
1598,29.2,gf,1.105,mm,OK,--,6:18:20 PM,1/26/2026,
1599,29.1,gf,1.100,mm,OK,--,6:18:20 PM,1/26/2026,
1600,29.0,gf,1.095,mm,OK,--,6:18:20 PM,1/26/2026,
1601,29.2,gf,1.095,mm,OK,--,6:18:20 PM,1/26/2026,
1602,29.2,gf,1.090,mm,OK,--,6:18:21 PM,1/26/2026,
1603,29.0,gf,1.085,mm,OK,--,6:18:21 PM,1/26/2026,
1604,28.9,gf,1.085,mm,OK,--,6:18:21 PM,1/26/2026,
1605,29.0,gf,1.080,mm,OK,--,6:18:21 PM,1/26/2026,
1606,28.9,gf,1.075,mm,OK,--,6:18:21 PM,1/26/2026,
1607,29.0,gf,1.070,mm,OK,--,6:18:21 PM,1/26/2026,
1608,29.0,gf,1.065,mm,OK,--,6:18:21 PM,1/26/2026,
1609,29.0,gf,1.060,mm,OK,--,6:18:21 PM,1/26/2026,
1610,28.9,gf,1.055,mm,OK,--,6:18:21 PM,1/26/2026,
1611,29.0,gf,1.055,mm,OK,--,6:18:21 PM,1/26/2026,
1612,28.9,gf,1.050,mm,OK,--,6:18:22 PM,1/26/2026,
1613,28.8,gf,1.045,mm,OK,--,6:18:22 PM,1/26/2026,
1614,28.8,gf,1.040,mm,OK,--,6:18:22 PM,1/26/2026,
1615,28.9,gf,1.035,mm,OK,--,6:18:22 PM,1/26/2026,
1616,28.9,gf,1.030,mm,OK,--,6:18:22 PM,1/26/2026,
1617,28.9,gf,1.025,mm,OK,--,6:18:22 PM,1/26/2026,
1618,28.9,gf,1.025,mm,OK,--,6:18:22 PM,1/26/2026,
1619,28.9,gf,1.020,mm,OK,--,6:18:22 PM,1/26/2026,
1620,28.8,gf,1.015,mm,OK,--,6:18:22 PM,1/26/2026,
1621,28.7,gf,1.010,mm,OK,--,6:18:22 PM,1/26/2026,
1622,28.8,gf,1.005,mm,OK,--,6:18:23 PM,1/26/2026,
1623,28.8,gf,1.005,mm,OK,--,6:18:23 PM,1/26/2026,
1624,28.7,gf,1.000,mm,OK,--,6:18:23 PM,1/26/2026,
1625,28.7,gf,0.995,mm,OK,--,6:18:23 PM,1/26/2026,
1626,28.8,gf,0.995,mm,OK,--,6:18:23 PM,1/26/2026,
1627,28.8,gf,0.990,mm,OK,--,6:18:23 PM,1/26/2026,
1628,28.6,gf,0.985,mm,OK,--,6:18:23 PM,1/26/2026,
1629,28.5,gf,0.980,mm,OK,--,6:18:23 PM,1/26/2026,
1630,28.6,gf,0.980,mm,OK,--,6:18:23 PM,1/26/2026,
1631,28.5,gf,0.970,mm,OK,--,6:18:23 PM,1/26/2026,
1632,28.5,gf,0.965,mm,OK,--,6:18:24 PM,1/26/2026,
1633,28.6,gf,0.960,mm,OK,--,6:18:24 PM,1/26/2026,
1634,28.6,gf,0.960,mm,OK,--,6:18:24 PM,1/26/2026,
1635,28.5,gf,0.955,mm,OK,--,6:18:24 PM,1/26/2026,
1636,28.5,gf,0.950,mm,OK,--,6:18:24 PM,1/26/2026,
1637,28.6,gf,0.950,mm,OK,--,6:18:24 PM,1/26/2026,
1638,28.7,gf,0.945,mm,OK,--,6:18:24 PM,1/26/2026,
1639,28.5,gf,0.940,mm,OK,--,6:18:24 PM,1/26/2026,
1640,28.5,gf,0.935,mm,OK,--,6:18:24 PM,1/26/2026,
1641,28.6,gf,0.930,mm,OK,--,6:18:24 PM,1/26/2026,
1642,28.6,gf,0.925,mm,OK,--,6:18:25 PM,1/26/2026,
1643,28.4,gf,0.920,mm,OK,--,6:18:25 PM,1/26/2026,
1644,28.4,gf,0.915,mm,OK,--,6:18:25 PM,1/26/2026,
1645,28.5,gf,0.915,mm,OK,--,6:18:25 PM,1/26/2026,
1646,28.5,gf,0.910,mm,OK,--,6:18:25 PM,1/26/2026,
1647,28.5,gf,0.910,mm,OK,--,6:18:25 PM,1/26/2026,
1648,28.5,gf,0.905,mm,OK,--,6:18:25 PM,1/26/2026,
1649,28.5,gf,0.905,mm,OK,--,6:18:25 PM,1/26/2026,
1650,28.5,gf,0.900,mm,OK,--,6:18:25 PM,1/26/2026,
1651,28.4,gf,0.895,mm,OK,--,6:18:25 PM,1/26/2026,
1652,28.6,gf,0.890,mm,OK,--,6:18:26 PM,1/26/2026,
1653,28.4,gf,0.890,mm,OK,--,6:18:26 PM,1/26/2026,
1654,28.4,gf,0.885,mm,OK,--,6:18:26 PM,1/26/2026,
1655,28.4,gf,0.880,mm,OK,--,6:18:26 PM,1/26/2026,
1656,28.4,gf,0.870,mm,OK,--,6:18:26 PM,1/26/2026,
1657,28.5,gf,0.870,mm,OK,--,6:18:26 PM,1/26/2026,
1658,28.5,gf,0.860,mm,OK,--,6:18:26 PM,1/26/2026,
1659,28.5,gf,0.855,mm,OK,--,6:18:26 PM,1/26/2026,
1660,28.1,gf,0.845,mm,OK,--,6:18:26 PM,1/26/2026,
1661,28.0,gf,0.830,mm,OK,--,6:18:26 PM,1/26/2026,
1662,28.3,gf,0.815,mm,OK,--,6:18:27 PM,1/26/2026,
1663,28.3,gf,0.810,mm,OK,--,6:18:27 PM,1/26/2026,
1664,28.3,gf,0.805,mm,OK,--,6:18:27 PM,1/26/2026,
1665,28.2,gf,0.800,mm,OK,--,6:18:27 PM,1/26/2026,
1666,28.3,gf,0.795,mm,OK,--,6:18:27 PM,1/26/2026,
1667,28.3,gf,0.790,mm,OK,--,6:18:27 PM,1/26/2026,
1668,28.4,gf,0.785,mm,OK,--,6:18:27 PM,1/26/2026,
1669,28.4,gf,0.785,mm,OK,--,6:18:27 PM,1/26/2026,
1670,28.4,gf,0.780,mm,OK,--,6:18:27 PM,1/26/2026,
1671,28.3,gf,0.780,mm,OK,--,6:18:27 PM,1/26/2026,
1672,28.4,gf,0.775,mm,OK,--,6:18:28 PM,1/26/2026,
1673,28.3,gf,0.775,mm,OK,--,6:18:28 PM,1/26/2026,
1674,28.0,gf,0.770,mm,OK,--,6:18:28 PM,1/26/2026,
1675,28.0,gf,0.765,mm,OK,--,6:18:28 PM,1/26/2026,
1676,27.8,gf,0.760,mm,OK,--,6:18:28 PM,1/26/2026,
1677,27.7,gf,0.755,mm,OK,--,6:18:28 PM,1/26/2026,
1678,27.8,gf,0.755,mm,OK,--,6:18:28 PM,1/26/2026,
1679,27.8,gf,0.750,mm,OK,--,6:18:28 PM,1/26/2026,
1680,27.9,gf,0.745,mm,OK,--,6:18:28 PM,1/26/2026,
1681,27.9,gf,0.745,mm,OK,--,6:18:28 PM,1/26/2026,
1682,27.7,gf,0.740,mm,OK,--,6:18:29 PM,1/26/2026,
1683,27.8,gf,0.735,mm,OK,--,6:18:29 PM,1/26/2026,
1684,27.9,gf,0.730,mm,OK,--,6:18:29 PM,1/26/2026,
1685,27.8,gf,0.725,mm,OK,--,6:18:29 PM,1/26/2026,
1686,27.9,gf,0.720,mm,OK,--,6:18:29 PM,1/26/2026,
1687,27.8,gf,0.710,mm,OK,--,6:18:29 PM,1/26/2026,
1688,27.9,gf,0.705,mm,OK,--,6:18:29 PM,1/26/2026,
1689,27.9,gf,0.700,mm,OK,--,6:18:29 PM,1/26/2026,
1690,27.6,gf,0.695,mm,OK,--,6:18:29 PM,1/26/2026,
1691,27.6,gf,0.685,mm,OK,--,6:18:29 PM,1/26/2026,
1692,27.7,gf,0.680,mm,OK,--,6:18:30 PM,1/26/2026,
1693,27.8,gf,0.675,mm,OK,--,6:18:30 PM,1/26/2026,
1694,27.7,gf,0.670,mm,OK,--,6:18:30 PM,1/26/2026,
1695,27.7,gf,0.665,mm,OK,--,6:18:30 PM,1/26/2026,
1696,27.9,gf,0.665,mm,OK,--,6:18:30 PM,1/26/2026,
1697,27.8,gf,0.660,mm,OK,--,6:18:30 PM,1/26/2026,
1698,27.7,gf,0.655,mm,OK,--,6:18:30 PM,1/26/2026,
1699,27.7,gf,0.655,mm,OK,--,6:18:30 PM,1/26/2026,
1700,27.7,gf,0.650,mm,OK,--,6:18:30 PM,1/26/2026,
1701,27.7,gf,0.645,mm,OK,--,6:18:30 PM,1/26/2026,
1702,27.6,gf,0.645,mm,OK,--,6:18:31 PM,1/26/2026,
1703,27.5,gf,0.640,mm,OK,--,6:18:31 PM,1/26/2026,
1704,27.5,gf,0.635,mm,OK,--,6:18:31 PM,1/26/2026,
1705,27.4,gf,0.630,mm,OK,--,6:18:31 PM,1/26/2026,
1706,27.4,gf,0.625,mm,OK,--,6:18:31 PM,1/26/2026,
1707,27.4,gf,0.620,mm,OK,--,6:18:31 PM,1/26/2026,
1708,27.3,gf,0.615,mm,OK,--,6:18:31 PM,1/26/2026,
1709,27.3,gf,0.610,mm,OK,--,6:18:31 PM,1/26/2026,
1710,27.4,gf,0.605,mm,OK,--,6:18:31 PM,1/26/2026,
1711,27.5,gf,0.600,mm,OK,--,6:18:31 PM,1/26/2026,
1712,27.5,gf,0.600,mm,OK,--,6:18:32 PM,1/26/2026,
1713,27.4,gf,0.595,mm,OK,--,6:18:32 PM,1/26/2026,
1714,27.4,gf,0.595,mm,OK,--,6:18:32 PM,1/26/2026,
1715,27.4,gf,0.590,mm,OK,--,6:18:32 PM,1/26/2026,
1716,27.4,gf,0.585,mm,OK,--,6:18:32 PM,1/26/2026,
1717,27.4,gf,0.580,mm,OK,--,6:18:32 PM,1/26/2026,
1718,27.6,gf,0.580,mm,OK,--,6:18:32 PM,1/26/2026,
1719,27.3,gf,0.575,mm,OK,--,6:18:32 PM,1/26/2026,
1720,27.3,gf,0.570,mm,OK,--,6:18:32 PM,1/26/2026,
1721,27.4,gf,0.570,mm,OK,--,6:18:32 PM,1/26/2026,
1722,27.5,gf,0.565,mm,OK,--,6:18:33 PM,1/26/2026,
1723,27.5,gf,0.565,mm,OK,--,6:18:33 PM,1/26/2026,
1724,27.3,gf,0.560,mm,OK,--,6:18:33 PM,1/26/2026,
1725,27.3,gf,0.560,mm,OK,--,6:18:33 PM,1/26/2026,
1726,27.4,gf,0.555,mm,OK,--,6:18:33 PM,1/26/2026,
1727,27.4,gf,0.555,mm,OK,--,6:18:33 PM,1/26/2026,
1728,27.3,gf,0.550,mm,OK,--,6:18:33 PM,1/26/2026,
1729,27.4,gf,0.545,mm,OK,--,6:18:33 PM,1/26/2026,
1730,27.4,gf,0.545,mm,OK,--,6:18:33 PM,1/26/2026,
1731,27.5,gf,0.545,mm,OK,--,6:18:33 PM,1/26/2026,
1732,27.4,gf,0.540,mm,OK,--,6:18:34 PM,1/26/2026,
1733,27.3,gf,0.535,mm,OK,--,6:18:34 PM,1/26/2026,
1734,27.3,gf,0.535,mm,OK,--,6:18:34 PM,1/26/2026,
1735,27.3,gf,0.530,mm,OK,--,6:18:34 PM,1/26/2026,
1736,26.8,gf,0.525,mm,OK,--,6:18:34 PM,1/26/2026,
1737,27.0,gf,0.515,mm,OK,--,6:18:34 PM,1/26/2026,
1738,27.3,gf,0.510,mm,OK,--,6:18:34 PM,1/26/2026,
1739,27.4,gf,0.510,mm,OK,--,6:18:34 PM,1/26/2026,
1740,27.3,gf,0.505,mm,OK,--,6:18:34 PM,1/26/2026,
1741,27.2,gf,0.500,mm,OK,--,6:18:34 PM,1/26/2026,
1742,27.3,gf,0.500,mm,OK,--,6:18:35 PM,1/26/2026,
1743,27.4,gf,0.495,mm,OK,--,6:18:35 PM,1/26/2026,
1744,27.4,gf,0.495,mm,OK,--,6:18:35 PM,1/26/2026,
1745,27.4,gf,0.495,mm,OK,--,6:18:35 PM,1/26/2026,
1746,27.5,gf,0.495,mm,OK,--,6:18:35 PM,1/26/2026,
1747,27.5,gf,0.490,mm,OK,--,6:18:35 PM,1/26/2026,
1748,27.4,gf,0.490,mm,OK,--,6:18:35 PM,1/26/2026,
1749,27.1,gf,0.490,mm,OK,--,6:18:35 PM,1/26/2026,
1750,27.2,gf,0.485,mm,OK,--,6:18:35 PM,1/26/2026,
1751,27.2,gf,0.485,mm,OK,--,6:18:35 PM,1/26/2026,
1752,27.2,gf,0.480,mm,OK,--,6:18:36 PM,1/26/2026,
1753,27.2,gf,0.480,mm,OK,--,6:18:36 PM,1/26/2026,
1754,27.1,gf,0.475,mm,OK,--,6:18:36 PM,1/26/2026,
1755,27.0,gf,0.470,mm,OK,--,6:18:36 PM,1/26/2026,
1756,26.9,gf,0.465,mm,OK,--,6:18:36 PM,1/26/2026,
1757,26.7,gf,0.460,mm,OK,--,6:18:36 PM,1/26/2026,
1758,26.8,gf,0.450,mm,OK,--,6:18:36 PM,1/26/2026,
1759,26.9,gf,0.445,mm,OK,--,6:18:36 PM,1/26/2026,
1760,26.9,gf,0.440,mm,OK,--,6:18:36 PM,1/26/2026,
1761,27.0,gf,0.435,mm,OK,--,6:18:36 PM,1/26/2026,
1762,27.0,gf,0.430,mm,OK,--,6:18:37 PM,1/26/2026,
1763,27.0,gf,0.425,mm,OK,--,6:18:37 PM,1/26/2026,
1764,27.1,gf,0.425,mm,OK,--,6:18:37 PM,1/26/2026,
1765,27.1,gf,0.420,mm,OK,--,6:18:37 PM,1/26/2026,
1766,26.9,gf,0.415,mm,OK,--,6:18:37 PM,1/26/2026,
1767,26.9,gf,0.410,mm,OK,--,6:18:37 PM,1/26/2026,
1768,27.0,gf,0.410,mm,OK,--,6:18:37 PM,1/26/2026,
1769,27.0,gf,0.405,mm,OK,--,6:18:37 PM,1/26/2026,
1770,27.0,gf,0.405,mm,OK,--,6:18:38 PM,1/26/2026,
1771,27.0,gf,0.400,mm,OK,--,6:18:38 PM,1/26/2026,
1772,27.2,gf,0.400,mm,OK,--,6:18:38 PM,1/26/2026,
1773,27.2,gf,0.400,mm,OK,--,6:18:38 PM,1/26/2026,
1774,27.0,gf,0.395,mm,OK,--,6:18:38 PM,1/26/2026,
1775,26.8,gf,0.395,mm,OK,--,6:18:38 PM,1/26/2026,
1776,26.8,gf,0.390,mm,OK,--,6:18:38 PM,1/26/2026,
1777,26.7,gf,0.385,mm,OK,--,6:18:38 PM,1/26/2026,
1778,26.7,gf,0.380,mm,OK,--,6:18:38 PM,1/26/2026,
1779,26.7,gf,0.380,mm,OK,--,6:18:38 PM,1/26/2026,
1780,26.8,gf,0.375,mm,OK,--,6:18:38 PM,1/26/2026,
1781,26.8,gf,0.370,mm,OK,--,6:18:38 PM,1/26/2026,
1782,26.8,gf,0.370,mm,OK,--,6:18:39 PM,1/26/2026,
1783,26.7,gf,0.365,mm,OK,--,6:18:39 PM,1/26/2026,
1784,26.5,gf,0.365,mm,OK,--,6:18:39 PM,1/26/2026,
1785,26.7,gf,0.360,mm,OK,--,6:18:39 PM,1/26/2026,
1786,26.6,gf,0.355,mm,OK,--,6:18:39 PM,1/26/2026,
1787,26.5,gf,0.355,mm,OK,--,6:18:39 PM,1/26/2026,
1788,26.6,gf,0.350,mm,OK,--,6:18:39 PM,1/26/2026,
1789,27.0,gf,0.345,mm,OK,--,6:18:39 PM,1/26/2026,
1790,26.9,gf,0.345,mm,OK,--,6:18:39 PM,1/26/2026,
1791,26.6,gf,0.345,mm,OK,--,6:18:39 PM,1/26/2026,
1792,26.4,gf,0.340,mm,OK,--,6:18:40 PM,1/26/2026,
1793,26.4,gf,0.335,mm,OK,--,6:18:40 PM,1/26/2026,
1794,26.4,gf,0.330,mm,OK,--,6:18:40 PM,1/26/2026,
1795,26.4,gf,0.325,mm,OK,--,6:18:40 PM,1/26/2026,
1796,26.5,gf,0.320,mm,OK,--,6:18:40 PM,1/26/2026,
1797,26.4,gf,0.315,mm,OK,--,6:18:40 PM,1/26/2026,
1798,26.3,gf,0.310,mm,OK,--,6:18:40 PM,1/26/2026,
1799,26.3,gf,0.305,mm,OK,--,6:18:40 PM,1/26/2026,
1800,26.2,gf,0.295,mm,OK,--,6:18:40 PM,1/26/2026,
1801,26.0,gf,0.285,mm,OK,--,6:18:40 PM,1/26/2026,
1802,26.2,gf,0.270,mm,OK,--,6:18:41 PM,1/26/2026,
1803,26.1,gf,0.260,mm,OK,--,6:18:41 PM,1/26/2026,
1804,26.2,gf,0.255,mm,OK,--,6:18:41 PM,1/26/2026,
1805,26.2,gf,0.250,mm,OK,--,6:18:41 PM,1/26/2026,
1806,26.4,gf,0.240,mm,OK,--,6:18:41 PM,1/26/2026,
1807,26.4,gf,0.240,mm,OK,--,6:18:41 PM,1/26/2026,
1808,26.4,gf,0.235,mm,OK,--,6:18:41 PM,1/26/2026,
1809,26.4,gf,0.230,mm,OK,--,6:18:41 PM,1/26/2026,
1810,26.4,gf,0.225,mm,OK,--,6:18:41 PM,1/26/2026,
1811,26.2,gf,0.225,mm,OK,--,6:18:41 PM,1/26/2026,
1812,26.3,gf,0.220,mm,OK,--,6:18:42 PM,1/26/2026,
1813,26.1,gf,0.215,mm,OK,--,6:18:42 PM,1/26/2026,
1814,25.9,gf,0.210,mm,OK,--,6:18:42 PM,1/26/2026,
1815,26.0,gf,0.205,mm,OK,--,6:18:42 PM,1/26/2026,
1816,26.0,gf,0.200,mm,OK,--,6:18:42 PM,1/26/2026,
1817,25.9,gf,0.195,mm,OK,--,6:18:42 PM,1/26/2026,
1818,25.8,gf,0.195,mm,OK,--,6:18:42 PM,1/26/2026,
1819,25.5,gf,0.190,mm,OK,--,6:18:42 PM,1/26/2026,
1820,24.9,gf,0.185,mm,OK,--,6:18:42 PM,1/26/2026,
1821,24.5,gf,0.175,mm,OK,--,6:18:42 PM,1/26/2026,
1822,24.2,gf,0.165,mm,OK,--,6:18:43 PM,1/26/2026,
1823,23.8,gf,0.160,mm,OK,--,6:18:43 PM,1/26/2026,
1824,23.5,gf,0.155,mm,OK,--,6:18:43 PM,1/26/2026,
1825,23.1,gf,0.155,mm,OK,--,6:18:43 PM,1/26/2026,
1826,22.6,gf,0.150,mm,OK,--,6:18:43 PM,1/26/2026,
1827,21.4,gf,0.145,mm,OK,--,6:18:43 PM,1/26/2026,
1828,18.9,gf,0.140,mm,OK,--,6:18:43 PM,1/26/2026,
1829,13.6,gf,0.135,mm,OK,--,6:18:43 PM,1/26/2026,
1830,9.1,gf,0.130,mm,OK,--,6:18:43 PM,1/26/2026,
1831,5.7,gf,0.125,mm,OK,--,6:18:43 PM,1/26/2026,
1832,2.8,gf,0.120,mm,OK,--,6:18:44 PM,1/26/2026,
1833,0.2,gf,0.115,mm,OK,--,6:18:44 PM,1/26/2026,
1834,0.0,gf,0.115,mm,OK,--,6:18:44 PM,1/26/2026,
1835,0.0,gf,0.110,mm,OK,--,6:18:44 PM,1/26/2026,
1836,0.0,gf,0.110,mm,OK,--,6:18:44 PM,1/26/2026,
1837,0.1,gf,0.105,mm,OK,--,6:18:44 PM,1/26/2026,
1838,0.0,gf,0.105,mm,OK,--,6:18:44 PM,1/26/2026,
1839,0.0,gf,0.105,mm,OK,--,6:18:44 PM,1/26/2026,
1840,0.0,gf,0.100,mm,OK,--,6:18:44 PM,1/26/2026,
1841,0.0,gf,0.100,mm,OK,--,6:18:44 PM,1/26/2026,
1842,0.0,gf,0.100,mm,OK,--,6:18:45 PM,1/26/2026,
1843,0.0,gf,0.100,mm,OK,--,6:18:45 PM,1/26/2026,
1844,0.0,gf,0.095,mm,OK,--,6:18:45 PM,1/26/2026,
1845,0.0,gf,0.090,mm,OK,--,6:18:45 PM,1/26/2026,
1846,0.0,gf,0.085,mm,OK,--,6:18:45 PM,1/26/2026,
1847,0.1,gf,0.085,mm,OK,--,6:18:45 PM,1/26/2026,
1848,0.0,gf,0.080,mm,OK,--,6:18:45 PM,1/26/2026,
1849,0.0,gf,0.080,mm,OK,--,6:18:45 PM,1/26/2026,
1850,0.0,gf,0.075,mm,OK,--,6:18:45 PM,1/26/2026,
1851,0.0,gf,0.070,mm,OK,--,6:18:45 PM,1/26/2026,
1852,0.1,gf,0.060,mm,OK,--,6:18:46 PM,1/26/2026,
1853,0.0,gf,0.045,mm,OK,--,6:18:46 PM,1/26/2026,
1854,-0.1,gf,0.030,mm,OK,--,6:18:46 PM,1/26/2026,
1855,0.1,gf,0.005,mm,OK,--,6:18:46 PM,1/26/2026,
1856,0.1,gf,-0.005,mm,OK,--,6:18:46 PM,1/26/2026,
1857,0.0,gf,-0.015,mm,OK,--,6:18:46 PM,1/26/2026,
1858,0.0,gf,-0.020,mm,OK,--,6:18:46 PM,1/26/2026,
1859,0.0,gf,-0.020,mm,OK,--,6:18:46 PM,1/26/2026,
1860,0.1,gf,-0.020,mm,OK,--,6:18:46 PM,1/26/2026,
1861,0.0,gf,-0.020,mm,OK,--,6:18:46 PM,1/26/2026,
1862,0.1,gf,-0.020,mm,OK,--,6:18:47 PM,1/26/2026,
1863,0.0,gf,-0.020,mm,OK,--,6:18:47 PM,1/26/2026,
1864,0.1,gf,-0.020,mm,OK,--,6:18:47 PM,1/26/2026,
1865,0.0,gf,-0.020,mm,OK,--,6:18:47 PM,1/26/2026,
1866,0.1,gf,-0.020,mm,OK,--,6:18:47 PM,1/26/2026,
1867,0.0,gf,-0.020,mm,OK,--,6:18:47 PM,1/26/2026,
1868,0.0,gf,-0.020,mm,OK,--,6:18:47 PM,1/26/2026,
1869,0.0,gf,-0.020,mm,OK,--,6:18:47 PM,1/26/2026,
1870,0.1,gf,-0.015,mm,OK,--,6:18:47 PM,1/26/2026,
1871,0.0,gf,-0.015,mm,OK,--,6:18:47 PM,1/26/2026,
1872,0.0,gf,-0.015,mm,OK,--,6:18:48 PM,1/26/2026,
1873,0.0,gf,-0.010,mm,OK,--,6:18:48 PM,1/26/2026,
1874,0.0,gf,-0.010,mm,OK,--,6:18:48 PM,1/26/2026,
1875,0.0,gf,-0.005,mm,OK,--,6:18:48 PM,1/26/2026,
1876,0.0,gf,0.000,mm,OK,--,6:18:48 PM,1/26/2026,
1877,0.0,gf,0.000,mm,OK,--,6:18:48 PM,1/26/2026,
1878,0.1,gf,0.005,mm,OK,--,6:18:48 PM,1/26/2026,
1879,0.0,gf,0.005,mm,OK,--,6:18:48 PM,1/26/2026,
1880,0.0,gf,0.010,mm,OK,--,6:18:48 PM,1/26/2026,
1881,0.0,gf,0.010,mm,OK,--,6:18:48 PM,1/26/2026,
1882,0.0,gf,0.015,mm,OK,--,6:18:49 PM,1/26/2026,
1883,0.1,gf,0.015,mm,OK,--,6:18:49 PM,1/26/2026,
1884,0.0,gf,0.020,mm,OK,--,6:18:49 PM,1/26/2026,
1885,0.0,gf,0.020,mm,OK,--,6:18:49 PM,1/26/2026,
1886,0.0,gf,0.025,mm,OK,--,6:18:49 PM,1/26/2026,
1887,0.0,gf,0.025,mm,OK,--,6:18:49 PM,1/26/2026,
1888,-0.1,gf,0.030,mm,OK,--,6:18:49 PM,1/26/2026,
